filename,class_label,group_id,ai_probability,manipulationProbability,aiRegionalStd,meanDifference,maxDifference,standardDeviation,edgeDensity,noiseMean,noiseStd,blurScore,sharpnessScore,blockSharpnessAverage,blockSharpnessStd
authentic\39406.jpg,Authentic,,0.0,0.1633,0.0,1.23,18,1.38,17.31,8.52,10.47,2306.63,98.0,2353.32,1214.34
authentic\39446.jpg,Authentic,,0.0,0.2362,0.0,1.12,33,1.85,9.25,4.1,6.96,843.51,56.66,950.58,918.18
authentic\39450.jpg,Authentic,,0.0001,0.2144,0.0001,0.78,17,1.39,10.83,6.08,11.99,2428.58,69.07,2442.11,2000.11
authentic\39460.jpg,Authentic,,0.0016,0.3236,0.0008,0.61,15,1.08,5.91,2.79,6.48,561.43,44.76,590.61,587.08
authentic\39553.jpg,Authentic,,0.0209,0.1655,0.0003,0.87,16,1.02,6.62,2.97,3.99,245.79,55.96,256.27,189.01
authentic\39563.jpg,Authentic,,0.0002,0.1251,0.0,0.67,12,0.88,4.6,2.23,3.1,146.48,40.36,143.23,93.59
authentic\39579.jpg,Authentic,,0.0001,0.0927,0.0,1.19,17,1.25,15.7,7.97,9.72,1931.13,97.77,1969.26,1040.53
authentic\39602.jpg,Authentic,,0.0006,0.098,0.0001,1.36,11,1.26,27.3,13.16,12.88,4039.29,145.63,4100.99,1925.29
authentic\39635.jpg,Authentic,,0.0,0.1414,0.0,0.81,12,1.01,7.42,3.07,4.05,258.66,51.68,267.48,146.05
authentic\39637.jpg,Authentic,,0.0175,0.2336,0.0006,0.45,9,0.73,5.16,2.52,4.43,282.72,47.01,292.34,333.72
authentic\39657.jpg,Authentic,,0.0,0.3355,0.0006,0.67,15,1.17,6.04,4.53,10.38,1862.31,52.76,1701.18,3366.1
authentic\39658.jpg,Authentic,,0.0047,0.122,0.0001,1.46,15,1.44,25.48,11.14,11.44,3622.98,127.79,3544.84,1720.97
authentic\39683.jpg,Authentic,,0.0,0.3571,0.0001,0.56,13,0.95,4.26,1.99,3.75,192.61,32.77,200.96,176.28
authentic\39691.jpg,Authentic,,0.0,0.3007,0.0,0.52,11,0.79,4.04,2.18,3.89,242.03,35.54,227.24,207.85
authentic\39693.jpg,Authentic,,0.0007,0.3271,0.0003,0.41,10,0.73,3.23,1.85,4.22,236.33,35.99,238.07,290.53
authentic\39732.jpg,Authentic,,0.0182,0.2932,0.0068,0.75,12,1.1,4.67,2.28,4.11,202.15,42.67,209.86,188.71
authentic\39770.jpg,Authentic,,0.0,0.3474,0.0,0.44,10,0.7,3.27,2.16,3.67,220.35,34.65,227.25,289.56
authentic\39777.jpg,Authentic,,0.0006,0.2683,0.0001,0.52,10,0.84,4.38,2.29,4.59,273.92,38.58,250.05,322.75
authentic\39796.jpg,Authentic,,0.0119,0.4452,0.0,0.86,11,1.21,13.9,5.61,8.81,1576.41,67.73,1572.26,1746.81
authentic\39827.jpg,Authentic,,0.0106,0.1629,0.0005,0.38,35,1.1,2.49,2.21,8.5,799.18,38.87,730.52,1545.69
authentic\39840.jpg,Authentic,,0.0,0.3017,0.0,0.57,12,1.01,5.88,5.18,11.71,1738.97,68.84,1727.08,1431.31
authentic\39855.jpg,Authentic,,0.0,0.3986,0.0008,0.58,13,0.92,6.62,4.59,10.03,1299.0,57.35,1234.5,1454.28
authentic\39866.jpg,Authentic,,0.0,0.1577,0.0,1.24,18,1.38,17.99,9.23,11.26,2531.87,106.49,2575.62,1601.46
authentic\39883.jpg,Authentic,,0.0,0.218,0.0,0.43,12,0.79,4.94,2.08,4.43,267.26,33.3,272.53,439.6
authentic\39886.jpg,Authentic,,0.0001,0.1827,0.0,0.44,6,0.65,2.22,1.86,2.6,98.33,30.57,98.54,69.59
authentic\39890.jpg,Authentic,,0.0,0.5334,0.0,0.81,15,1.29,8.5,6.16,12.54,2207.24,75.37,2012.58,2650.4
authentic\39896.jpg,Authentic,,0.0002,0.2041,0.0,0.71,10,0.93,3.99,2.95,5.13,396.74,41.6,408.29,540.82
authentic\39898.jpg,Authentic,,0.0005,0.2747,0.0004,0.5,10,0.81,3.76,2.01,4.66,218.85,43.56,224.42,288.98
authentic\39922.jpg,Authentic,,0.0004,0.4066,0.0,1.06,19,1.41,13.56,7.23,10.31,2336.76,75.79,2105.02,2010.76
authentic\39943.jpg,Authentic,,0.0005,0.3543,0.0,0.78,25,1.21,8.59,4.65,9.17,1269.61,66.31,1157.87,1135.17
authentic\39955.jpg,Authentic,,0.0,0.1939,0.0,1.46,24,1.79,16.38,8.78,12.11,3270.44,93.58,3247.52,2475.66
authentic\39956.jpg,Authentic,,0.002,0.1217,0.0,0.57,12,0.91,6.08,3.52,6.27,660.56,44.27,651.96,416.65
authentic\39969.jpg,Authentic,,0.0,0.2866,0.0,0.99,23,1.2,13.38,6.71,8.87,1576.04,80.68,1639.89,1177.92
authentic\39970.jpg,Authentic,,0.0,0.206,0.0001,0.55,8,0.8,6.3,3.0,4.43,330.0,45.6,355.12,277.83
authentic\39972.jpg,Authentic,,0.0001,0.2174,0.0,0.8,13,1.17,6.57,6.38,12.34,2115.82,83.31,2217.06,1000.81
authentic\39976.jpg,Authentic,,0.0,0.2465,0.0,0.64,32,1.15,5.19,3.54,8.82,1138.2,44.49,1172.71,1622.54
authentic\39985.jpg,Authentic,,0.0002,0.2456,0.0,0.76,15,1.03,11.9,6.49,10.15,1470.96,82.88,1479.36,1295.22
authentic\39996.jpg,Authentic,,0.0001,0.3009,0.0001,0.59,22,1.05,3.37,2.0,4.71,318.76,31.51,299.22,448.24
authentic\40021.jpg,Authentic,,0.0089,0.1907,0.0001,1.04,12,1.21,18.52,8.3,10.01,2229.07,96.49,2260.88,2278.48
authentic\40022.jpg,Authentic,,0.0008,0.2416,0.0005,0.5,11,0.86,5.09,2.58,6.08,511.57,44.96,472.03,618.88
authentic\40034.jpg,Authentic,,0.0001,0.1306,0.0,0.69,12,0.9,6.6,3.56,6.2,532.02,51.98,500.18,643.68
authentic\40038.jpg,Authentic,,0.0,0.245,0.0,0.99,19,1.32,9.63,5.02,8.3,1099.1,64.39,1131.78,1063.82
authentic\40056.jpg,Authentic,,0.0,0.3962,0.0002,0.67,15,1.14,8.12,2.98,5.75,461.49,47.67,476.15,617.79
authentic\40077.jpg,Authentic,,0.0028,0.1475,0.0007,0.28,6,0.54,1.25,1.05,2.03,38.26,23.02,44.2,25.12
authentic\40079.jpg,Authentic,,0.0001,0.2062,0.0001,0.51,9,0.76,5.54,2.18,3.47,174.42,39.77,179.74,169.45
authentic\40083.jpg,Authentic,,0.0,0.3,0.0,0.69,16,1.1,6.08,3.27,6.05,532.57,48.34,549.46,700.84
authentic\40117.jpg,Authentic,,0.0016,0.2666,0.0001,0.3,7,0.58,3.06,1.99,4.36,236.91,30.88,241.19,351.18
authentic\40148.jpg,Authentic,,0.0,0.3972,0.0003,0.43,9,0.73,4.1,1.8,3.35,150.26,34.15,151.93,176.26
authentic\40162.jpg,Authentic,,0.0001,0.2955,0.0002,0.4,10,0.68,3.58,1.99,3.7,180.76,33.78,185.54,254.8
authentic\40197.jpg,Authentic,,0.0,0.1608,0.0,1.1,13,1.21,17.06,8.64,10.4,2381.5,96.49,2413.21,854.85
authentic\40201.jpg,Authentic,,0.0001,0.3045,0.0,0.55,15,1.01,5.85,3.42,8.16,959.67,45.85,868.19,1279.32
authentic\40208.jpg,Authentic,,0.0003,0.3199,0.0,0.71,14,1.02,5.32,3.37,5.68,437.62,52.07,449.82,332.91
authentic\40218.jpg,Authentic,,0.0007,0.4058,0.0001,0.81,15,1.19,7.55,4.41,8.43,1091.86,58.52,1119.45,1122.69
authentic\40226.jpg,Authentic,,0.0,0.3174,0.0,0.72,16,1.19,6.98,3.27,6.72,673.69,50.26,595.66,809.02
authentic\40252.jpg,Authentic,,0.0,0.2038,0.0007,0.96,14,1.14,11.33,4.15,6.39,810.3,65.23,761.77,1058.65
authentic\40266.jpg,Authentic,,0.0001,0.4476,0.0,1.27,25,1.6,15.54,8.61,12.83,2603.79,109.7,2649.27,1737.63
authentic\40269.jpg,Authentic,,0.0,0.2871,0.0001,0.52,7,0.79,4.63,1.93,3.47,152.73,38.81,150.06,208.63
authentic\40304.jpg,Authentic,,0.0,0.2054,0.0,1.02,13,1.21,12.26,6.05,8.66,1593.01,71.69,1622.58,1370.47
authentic\40323.jpg,Authentic,,0.0008,0.4338,0.0028,1.12,36,2.24,6.91,6.44,13.62,2459.17,82.19,2535.1,2710.5
authentic\40356.jpg,Authentic,,0.0154,0.178,0.0002,0.66,11,0.9,8.07,4.45,8.13,881.14,72.89,839.08,903.36
authentic\40366.jpg,Authentic,,0.0,0.235,0.0,0.74,10,0.96,11.52,4.4,6.26,714.21,58.38,731.64,662.71
authentic\40378.jpg,Authentic,,0.0004,0.1029,0.0,2.07,15,1.83,31.61,16.66,15.08,8092.94,161.73,8192.97,2375.67
authentic\40468.jpg,Authentic,,0.0,0.4376,0.1641,0.95,16,1.53,11.86,6.75,12.1,3721.27,59.37,3502.96,5340.22
authentic\40469.jpg,Authentic,,0.0,0.2777,0.0003,0.58,8,0.76,4.41,2.55,3.55,207.33,39.45,215.99,131.5
authentic\40487.jpg,Authentic,,0.0002,0.2676,0.0,0.98,29,1.65,10.3,6.97,12.77,2415.32,83.87,2470.67,2749.58
authentic\40489.jpg,Authentic,,0.0,0.3763,0.0,0.5,10,0.78,4.57,2.29,4.52,261.52,42.19,251.88,252.38
authentic\40496.jpg,Authentic,,0.0,0.3081,0.0,0.76,20,1.14,8.61,4.74,8.83,1216.83,60.95,1285.68,1726.87
authentic\40516.jpg,Authentic,,0.0022,0.3424,0.0,0.51,10,0.84,5.15,2.28,4.48,248.62,40.16,241.83,287.1
authentic\40521.jpg,Authentic,,0.0002,0.2865,0.0001,0.69,9,0.92,6.53,3.11,5.11,432.13,50.73,385.34,396.47
authentic\40531.jpg,Authentic,,0.0,0.1116,0.0,1.41,25,1.47,20.58,11.25,12.46,3470.89,124.63,3541.49,1585.67
authentic\40566.jpg,Authentic,,0.0001,0.363,0.0001,0.4,13,0.77,3.21,1.94,4.82,266.75,33.03,276.92,379.07
authentic\40567.jpg,Authentic,,0.134,0.1537,0.0,0.89,18,1.08,11.77,4.28,5.66,462.81,72.99,485.13,394.81
authentic\40574.jpg,Authentic,,0.0,0.4125,0.0001,0.57,16,0.91,5.94,4.16,7.63,643.25,64.35,664.07,745.11
authentic\40587.jpg,Authentic,,0.9424,0.3367,0.0086,0.52,11,0.79,1.8,2.22,3.83,244.12,30.36,249.25,272.28
authentic\40594.jpg,Authentic,,0.0,0.1706,0.0001,0.42,9,0.75,4.1,1.9,4.02,205.27,36.95,183.6,263.38
authentic\40602.jpg,Authentic,,0.0002,0.1382,0.0,0.75,11,0.96,12.23,6.07,8.66,1362.57,76.16,1379.0,936.72
authentic\40608.jpg,Authentic,,0.0637,0.3188,0.0002,0.54,13,0.88,6.62,2.77,5.49,431.44,43.79,377.37,446.99
authentic\40615.jpg,Authentic,,0.0014,0.3363,0.0004,0.45,11,0.81,3.61,2.09,5.07,323.54,36.5,350.38,407.78
authentic\40618.jpg,Authentic,,0.0002,0.6102,0.0002,1.26,19,1.81,13.84,6.35,9.83,1764.64,74.02,1724.26,1617.29
authentic\40659.jpg,Authentic,,0.0201,0.2321,0.0007,0.86,18,1.42,8.86,5.29,10.75,1688.53,59.66,1380.92,1338.85
authentic\40660.jpg,Authentic,,0.0,0.3764,0.0005,0.52,12,0.86,4.12,2.89,6.78,531.49,52.94,477.95,496.85
authentic\40666.jpg,Authentic,,0.0,0.3193,0.0,0.9,18,1.32,7.75,3.54,5.73,492.69,56.2,476.33,364.83
authentic\40691.jpg,Authentic,,0.0,0.3276,0.0,0.96,19,1.24,16.24,10.78,14.25,3628.26,112.08,3627.68,2600.8
authentic\40705.jpg,Authentic,,0.0002,0.3048,0.0,0.42,7,0.69,3.48,1.72,3.48,135.43,31.37,125.03,171.43
authentic\40709.jpg,Authentic,,0.0155,0.1586,0.0144,0.63,15,0.75,2.74,3.8,4.44,431.75,42.92,411.01,409.35
authentic\40716.jpg,Authentic,,0.0001,0.315,0.0,0.86,24,1.23,7.25,3.52,6.48,634.12,55.3,667.02,653.26
authentic\40722.jpg,Authentic,,0.0,0.2825,0.0,1.45,17,1.53,19.99,10.63,12.93,3508.76,120.22,3560.21,2420.4
authentic\40736.jpg,Authentic,,0.0,0.1981,0.0,0.48,13,0.8,5.66,2.37,4.78,346.69,41.65,352.35,499.25
authentic\40740.jpg,Authentic,,0.0013,0.3685,0.0001,0.94,20,1.23,7.9,3.38,5.98,523.36,55.74,529.32,632.02
authentic\40894.jpg,Authentic,,0.0,0.2645,0.0001,0.6,14,0.98,5.89,3.23,6.38,863.46,45.67,816.32,1674.51
authentic\40922.jpg,Authentic,,0.0,0.1218,0.0,1.32,18,1.43,18.14,10.16,12.4,3508.12,109.73,3491.94,2291.23
authentic\40923.jpg,Authentic,,0.0,0.1627,0.0002,0.88,14,1.03,9.94,5.03,7.11,806.0,69.52,749.43,537.41
authentic\41008.jpg,Authentic,,0.0251,0.3653,0.0,0.67,30,1.36,4.77,3.0,7.09,610.09,39.96,577.02,753.83
authentic\41012.jpg,Authentic,,0.0001,0.3829,0.0,0.81,27,1.28,6.25,4.59,9.7,1515.48,58.67,1502.57,1105.96
authentic\41021.jpg,Authentic,,0.0001,0.2791,0.0,1.08,22,1.32,17.0,7.7,10.33,2149.06,93.34,2235.1,1769.42
authentic\41030.jpg,Authentic,,0.0006,0.3376,0.0012,0.68,18,1.17,7.62,4.15,8.17,1204.59,45.94,1218.59,1449.94
authentic\41032.jpg,Authentic,,0.0,0.2393,0.0,0.65,12,0.89,8.02,4.04,6.44,558.2,63.84,587.81,511.78
authentic\41041.jpg,Authentic,,0.0,0.2889,0.0,1.09,13,1.3,16.71,8.32,11.08,2451.71,96.99,2523.6,1392.59
authentic\41042.jpg,Authentic,,0.9996,0.0582,0.0022,1.18,17,1.13,16.55,5.23,5.25,528.93,81.79,536.27,532.04
authentic\41051.jpg,Authentic,,0.0,0.1578,0.0005,0.37,11,0.7,3.01,1.61,3.62,196.66,24.45,202.4,339.23
authentic\41063.jpg,Authentic,,0.0001,0.3495,0.0,0.77,28,1.3,4.93,2.69,5.12,403.79,37.21,411.61,399.1
authentic\41076.jpg,Authentic,,0.0002,0.3148,0.0097,0.61,26,1.01,5.15,2.29,4.75,276.29,41.1,272.75,350.49
authentic\41093.jpg,Authentic,,0.0044,0.1602,0.0,0.65,9,0.84,6.27,3.18,4.53,398.37,37.49,400.99,270.34
authentic\41101.jpg,Authentic,,0.0,0.2592,0.0,1.01,25,1.5,6.95,3.97,8.38,1088.27,55.24,1112.98,1544.16
authentic\41129.jpg,Authentic,,0.0001,0.2359,0.0004,0.97,15,1.29,12.32,7.13,9.66,2327.64,77.98,2280.5,2776.89
authentic\41145.jpg,Authentic,,0.0,0.2886,0.0001,0.36,7,0.67,2.45,1.44,2.88,95.76,25.46,98.81,91.66
authentic\41150.jpg,Authentic,,0.0,0.1701,0.0,0.8,11,0.94,11.07,4.29,5.92,532.88,68.69,576.09,407.09
authentic\41158.jpg,Authentic,,0.0001,0.398,0.0001,0.83,25,1.43,5.98,4.11,9.19,1413.1,58.05,1452.98,2740.18
authentic\41178.jpg,Authentic,,0.0,0.1655,0.0,1.62,28,1.85,20.41,11.13,12.96,3521.33,130.81,3585.18,1872.79
authentic\41225.jpg,Authentic,,0.0,0.1991,0.0222,0.32,24,0.81,2.86,1.65,5.34,357.55,21.85,323.49,664.33
authentic\41261.jpg,Authentic,,0.0087,0.3644,0.0379,0.47,16,0.82,2.34,1.45,3.11,127.09,27.03,129.9,155.6
authentic\41267.jpg,Authentic,,0.0007,0.4022,0.0,0.87,18,1.27,5.74,5.28,10.56,1533.05,72.45,1474.18,1407.5
authentic\41281.jpg,Authentic,,0.0001,0.2882,0.0,0.52,12,0.85,7.17,3.88,7.1,676.2,52.9,684.28,663.99
authentic\41284.jpg,Authentic,,0.0,0.411,0.0971,1.13,22,1.66,6.62,3.56,8.14,877.63,56.57,898.35,1075.5
authentic\41286.jpg,Authentic,,0.6754,0.2431,0.0175,0.64,18,1.02,3.19,1.73,3.54,155.27,38.43,137.46,172.2
authentic\41315.jpg,Authentic,,0.0,0.3301,0.0,0.97,15,1.27,6.74,4.76,9.48,1489.36,56.57,1516.61,2643.71
authentic\41328.jpg,Authentic,,0.0002,0.1905,0.0,1.09,17,1.44,16.22,7.08,10.95,2309.46,95.53,2099.58,2704.94
authentic\41336.jpg,Authentic,,0.4814,0.3802,0.0001,0.51,12,0.91,5.36,3.63,8.06,868.67,52.75,901.63,1109.83
authentic\41339.jpg,Authentic,,0.0003,0.3808,0.0042,0.75,16,1.17,3.57,2.08,4.86,225.52,42.95,225.01,333.76
authentic\41344.jpg,Authentic,,0.0002,0.28,0.0008,0.56,14,0.92,4.9,2.41,5.04,307.71,39.33,308.76,451.54
authentic\41349.jpg,Authentic,,0.0001,0.3034,0.0002,0.38,12,0.81,2.81,2.5,7.23,602.13,36.87,651.52,597.07
authentic\41363.jpg,Authentic,,0.0008,0.2024,0.0,0.54,8,0.77,8.51,3.94,5.52,589.34,41.11,598.07,366.43
authentic\41370.jpg,Authentic,,0.0013,0.2147,0.0,0.66,15,1.04,7.9,4.5,8.88,1292.23,48.84,1319.46,1711.83
authentic\41438.jpg,Authentic,,0.0643,0.0,0.0091,0.19,10,0.58,1.15,0.79,3.45,138.33,12.08,148.17,301.91
authentic\41444.jpg,Authentic,,0.0001,0.3232,0.0003,0.92,20,1.42,7.21,4.75,9.62,1422.49,73.2,1462.26,2011.95
authentic\41447.jpg,Authentic,,0.0001,0.4044,0.0,1.42,32,2.01,9.75,8.71,14.42,2898.69,106.43,2970.1,2245.42
authentic\41487.jpg,Authentic,,0.0007,0.4407,0.0876,0.43,13,0.81,3.23,1.7,4.8,279.48,29.88,272.38,428.71
authentic\41489.jpg,Authentic,,0.0,0.1293,0.0,1.32,20,1.58,16.63,9.75,12.88,3233.23,109.91,3304.56,2151.94
authentic\41491.jpg,Authentic,,0.0001,0.2803,0.0058,0.62,12,0.93,7.39,2.69,5.13,369.3,52.96,348.94,545.26
authentic\41517.jpg,Authentic,,0.001,0.3129,0.0,0.57,17,0.87,3.04,2.89,5.29,396.8,37.81,394.8,341.15
authentic\41524.jpg,Authentic,,0.5432,0.5167,0.0009,0.38,20,0.95,3.45,2.4,7.4,615.13,34.49,622.85,827.09
authentic\41568.jpg,Authentic,,0.0053,0.2035,0.0,1.0,19,1.28,14.28,6.38,7.82,1275.75,77.6,1269.04,732.38
authentic\41587.jpg,Authentic,,0.0006,0.0907,0.0,1.28,13,1.25,23.09,12.47,12.93,3256.13,160.33,3448.26,1182.77
authentic\41594.jpg,Authentic,,0.0,0.2426,0.0,0.63,11,0.94,8.18,3.66,6.74,707.82,51.72,657.33,781.15
authentic\41607.jpg,Authentic,,0.0042,0.2171,0.0,1.05,16,1.34,15.89,7.55,9.99,2104.15,86.8,1984.14,1555.4
authentic\41619.jpg,Authentic,,0.0011,0.1908,0.0,0.52,11,0.83,6.15,4.48,9.14,971.82,60.86,976.38,764.53
authentic\41629.jpg,Authentic,,0.0002,0.4989,0.1051,0.72,23,1.26,7.26,4.95,10.71,1782.03,59.29,1822.99,2318.41
authentic\41638.jpg,Authentic,,0.0003,0.4219,0.0003,0.55,13,1.01,7.46,4.17,9.09,1030.08,57.92,1049.67,1019.2
authentic\41645.jpg,Authentic,,0.0005,0.187,0.0,0.64,13,0.85,7.62,3.33,5.25,353.06,65.45,341.42,551.66
authentic\41655.jpg,Authentic,,0.0001,0.258,0.0,0.36,9,0.65,2.41,1.36,2.54,75.16,26.3,80.25,63.88
authentic\41668.jpg,Authentic,,0.0432,0.2497,0.0001,0.98,12,1.36,11.83,10.91,17.27,4366.73,135.82,4564.49,2385.35
authentic\41683.jpg,Authentic,,0.0001,0.1966,0.0,0.92,18,1.2,11.43,4.79,8.35,923.46,70.51,944.85,675.54
authentic\41711.jpg,Authentic,,0.0002,0.1787,0.0,0.79,13,1.07,6.19,3.33,6.66,582.9,60.11,596.64,514.88
authentic\41713.jpg,Authentic,,0.0535,0.2679,0.0001,0.64,12,0.87,8.89,4.9,7.21,801.79,62.19,817.72,688.41
authentic\41731.jpg,Authentic,,0.0002,0.4452,0.0,0.49,13,0.87,5.54,3.59,8.38,910.04,50.48,859.02,1029.65
authentic\41734.jpg,Authentic,,0.1394,0.1957,0.0001,1.53,21,1.47,20.88,17.14,19.31,6376.37,191.41,6473.8,3289.42
authentic\41759.jpg,Authentic,,0.0001,0.1281,0.0,1.65,17,1.59,27.62,11.49,11.16,3279.37,146.58,3342.17,1693.85
authentic\41772.jpg,Authentic,,0.0858,0.1006,0.0103,0.36,9,0.66,2.41,2.27,4.33,229.12,33.21,214.75,448.08
authentic\41788.jpg,Authentic,,0.0002,0.2963,0.0,0.48,8,0.77,3.92,2.04,3.85,215.58,32.55,219.69,217.55
authentic\41842.jpg,Authentic,,0.0004,0.26,0.0,0.67,12,0.99,3.89,1.51,2.45,72.65,34.12,78.44,62.51
authentic\41854.jpg,Authentic,,0.0001,0.1972,0.0,0.96,12,1.11,17.26,9.01,11.14,2161.45,110.07,2221.56,1551.53
authentic\41859.jpg,Authentic,,0.0,0.3071,0.003,0.51,12,0.88,5.47,2.93,6.22,543.32,44.62,534.48,505.68
authentic\41893.jpg,Authentic,,0.0002,0.3176,0.0005,0.49,17,0.88,4.94,2.62,5.37,407.65,36.88,419.52,498.31
authentic\41908.jpg,Authentic,,0.0001,0.2375,0.0,1.17,21,1.47,12.8,8.02,12.47,2442.19,97.32,2379.22,1940.01
authentic\41918.jpg,Authentic,,0.0046,0.1824,0.0,2.09,22,1.99,30.05,17.2,17.1,8894.78,188.93,9021.87,5620.98
authentic\41932.jpg,Authentic,,0.0005,0.2286,0.0,0.67,13,0.94,5.65,2.88,5.24,356.01,45.19,318.58,340.65
authentic\41947.jpg,Authentic,,0.0,0.2133,0.0001,1.03,13,1.19,13.61,6.83,9.18,1515.02,84.49,1543.69,1300.24
authentic\41956.jpg,Authentic,,0.0001,0.384,0.0001,0.85,17,1.44,7.23,5.51,11.68,1734.43,71.48,1693.34,1878.27
authentic\41958.jpg,Authentic,,0.0,0.212,0.0,1.38,24,1.57,20.8,11.19,14.33,4171.78,120.37,4216.54,2502.09
authentic\41960.jpg,Authentic,,0.0005,0.3347,0.0017,0.64,15,1.03,5.48,2.76,6.65,577.64,51.07,599.24,870.51
authentic\41963.jpg,Authentic,,0.0005,0.4148,0.0029,0.66,16,1.13,7.53,4.11,9.07,1325.64,50.26,1190.54,2425.12
authentic\41979.jpg,Authentic,,0.0005,0.3171,0.0,1.15,22,1.38,11.69,5.27,8.48,1239.28,80.5,1145.95,1186.41
authentic\41993.jpg,Authentic,,0.0001,0.2738,0.0,0.61,15,0.95,6.83,3.73,6.98,683.28,53.78,733.76,572.73
authentic\41994.jpg,Authentic,,0.0021,0.4634,0.0,0.39,8,0.71,3.37,1.59,3.14,121.33,28.07,125.38,120.34
authentic\42005.jpg,Authentic,,0.0,0.2829,0.0005,0.56,11,0.88,4.25,2.6,6.66,504.57,46.19,512.5,1403.54
authentic\42013.jpg,Authentic,,0.0029,0.1768,0.0,0.63,15,0.97,4.57,2.69,5.1,319.21,50.42,300.24,425.27
authentic\42014.jpg,Authentic,,0.0011,0.1234,0.0583,0.46,12,0.71,1.46,1.43,2.38,75.61,25.42,70.55,99.18
authentic\42038.jpg,Authentic,,0.0,0.2598,0.0,0.67,14,1.02,6.62,3.97,7.84,1120.73,52.28,1138.16,1231.47
authentic\42057.jpg,Authentic,,0.0001,0.3254,0.0004,1.06,15,1.31,15.7,8.22,11.08,2500.94,98.79,2464.52,1864.52
authentic\42074.jpg,Authentic,,0.0056,0.0914,0.0001,1.19,16,1.22,15.58,7.3,8.5,1584.96,82.88,1611.84,709.46
authentic\42082.jpg,Authentic,,0.0,0.2158,0.0,0.75,12,1.03,8.37,4.29,7.18,776.57,58.97,807.16,881.4
authentic\42149.jpg,Authentic,,0.0001,0.264,0.0001,0.53,9,0.82,6.16,3.45,6.82,733.72,44.66,739.94,1541.01
authentic\42152.jpg,Authentic,,0.0001,0.1935,0.0,1.34,21,1.49,13.52,7.64,9.28,1775.1,90.66,1800.89,1039.96
authentic\42165.jpg,Authentic,,0.0003,0.1198,0.0,0.76,21,1.11,10.21,4.37,5.94,704.08,57.63,648.87,990.59
authentic\42183.jpg,Authentic,,0.0,0.3301,0.0001,0.51,11,0.84,4.66,2.77,5.54,477.34,42.3,501.15,530.9
authentic\42206.jpg,Authentic,,0.0,0.3302,0.0,0.8,15,1.16,7.64,5.45,10.29,1441.44,66.66,1468.65,1003.06
authentic\42241.jpg,Authentic,,0.0136,0.2685,0.0,1.04,21,1.44,11.91,5.48,9.01,1527.43,73.6,1436.7,1209.83
authentic\42255.jpg,Authentic,,0.0019,0.2469,0.0001,0.86,16,1.06,7.83,3.29,5.54,437.3,67.3,449.53,616.12
authentic\42299.jpg,Authentic,,0.0001,0.1757,0.0,1.18,24,1.5,11.8,6.61,8.95,1863.02,68.8,1884.98,1972.78
authentic\42307.jpg,Authentic,,0.0,0.223,0.0,1.4,17,1.54,22.58,9.87,11.19,3110.39,114.03,2790.91,2208.88
authentic\42336.jpg,Authentic,,0.0208,0.1734,0.0,1.52,15,1.46,21.55,10.17,9.81,3106.46,101.36,3310.68,2010.8
authentic\42362.jpg,Authentic,,0.0,0.3289,0.0,0.72,11,0.98,7.47,3.45,5.77,528.97,53.98,538.39,530.92
authentic\42368.jpg,Authentic,,0.2109,0.3474,0.0045,0.41,9,0.72,2.35,1.69,3.45,170.34,27.57,176.76,222.12
authentic\42401.jpg,Authentic,,0.0,0.1591,0.0,1.58,20,1.58,18.2,8.83,10.75,2318.84,106.88,2355.83,1317.37
authentic\42407.jpg,Authentic,,0.0016,0.2093,0.0008,0.52,12,0.87,5.3,3.34,6.39,735.81,39.6,703.08,1036.06
authentic\42436.jpg,Authentic,,0.0,0.3906,0.0,0.44,14,0.78,4.13,2.24,4.87,348.91,35.15,356.88,466.55
authentic\42444.jpg,Authentic,,0.0001,0.3813,0.0003,0.55,21,1.06,4.0,2.44,6.74,662.75,36.62,676.52,758.48
authentic\42445.jpg,Authentic,,0.0,0.2139,0.0,0.53,11,0.96,6.03,3.96,9.23,1187.73,47.35,1210.94,1204.96
authentic\42464.jpg,Authentic,,0.0,0.2901,0.0,0.93,18,1.36,7.06,6.15,12.56,2136.74,80.27,2101.15,1323.82
authentic\42493.jpg,Authentic,,0.0002,0.3315,0.0015,0.42,14,0.96,3.0,2.76,8.3,1255.96,33.46,1148.26,1782.77
authentic\42496.jpg,Authentic,,0.0002,0.1284,0.0032,0.5,17,1.11,4.7,2.25,5.65,393.93,35.94,361.88,679.61
authentic\42505.jpg,Authentic,,0.0,0.1933,0.0,1.44,26,1.63,19.64,10.47,11.99,3225.14,115.9,3269.14,1649.31
authentic\42512.jpg,Authentic,,0.0002,0.3894,0.0003,0.57,23,1.06,4.52,2.72,6.95,602.75,39.69,618.97,586.24
authentic\42517.jpg,Authentic,,0.995,0.1417,0.0014,0.98,11,1.02,21.37,7.12,6.88,1308.33,83.91,1326.51,844.9
authentic\42518.jpg,Authentic,,0.0102,0.2693,0.0,0.52,16,0.92,4.17,2.16,4.81,302.12,42.34,265.67,396.83
authentic\42563.jpg,Authentic,,0.0003,0.0862,0.0108,0.29,13,0.68,1.69,1.06,3.58,189.83,17.76,191.56,368.4
authentic\42607.jpg,Authentic,,0.0,0.4831,0.0005,0.8,19,1.37,6.66,4.12,9.2,1277.9,57.02,1186.56,1561.97
authentic\42611.jpg,Authentic,,0.0,0.452,0.0,0.7,13,1.01,8.92,5.69,9.88,1359.55,71.45,1369.24,1245.84
authentic\42620.jpg,Authentic,,0.0,0.354,0.0,0.46,14,0.89,4.62,3.11,7.49,887.17,40.22,876.17,1282.87
authentic\42625.jpg,Authentic,,0.0004,0.3487,0.0013,0.48,10,0.77,3.51,2.0,3.65,206.57,32.95,205.75,228.68
authentic\42666.jpg,Authentic,,0.0053,0.2526,0.0,0.93,34,1.39,9.51,5.7,9.96,2006.4,69.77,2024.46,3126.66
authentic\42703.jpg,Authentic,,0.0,0.3257,0.0004,0.42,8,0.71,3.41,1.74,3.58,152.68,35.94,155.19,144.21
authentic\42724.jpg,Authentic,,0.0,0.2588,0.0,0.69,17,0.96,7.09,3.83,6.48,739.98,47.14,673.01,767.45
authentic\42779.jpg,Authentic,,0.0001,0.213,0.0,0.48,7,0.67,2.12,2.38,3.71,173.78,37.06,159.1,106.69
authentic\42796.jpg,Authentic,,0.0083,0.306,0.0012,0.7,16,1.12,6.6,3.31,6.82,688.11,49.78,701.67,687.96
authentic\42801.jpg,Authentic,,0.0001,0.2737,0.0001,0.34,9,0.67,1.99,1.09,3.14,107.07,22.41,109.15,208.91
authentic\42802.jpg,Authentic,,0.0002,0.4224,0.012,0.74,25,1.2,5.3,3.02,7.38,798.41,45.24,773.89,1518.96
authentic\42821.jpg,Authentic,,0.0001,0.1841,0.0001,0.78,17,1.0,9.99,4.54,6.55,730.78,65.67,741.26,714.9
authentic\42835.jpg,Authentic,,0.0002,0.1937,0.0,0.66,16,0.93,4.57,2.49,4.46,257.17,44.91,270.46,253.65
authentic\42837.jpg,Authentic,,0.0001,0.2094,0.0,1.25,26,1.57,17.59,10.74,15.55,4091.15,122.7,4124.8,4258.86
authentic\42842.jpg,Authentic,,0.0002,0.2909,0.0001,0.65,14,0.96,4.22,2.66,5.38,502.22,33.15,508.97,425.07
authentic\42860.jpg,Authentic,,0.0,0.1701,0.0,0.87,18,1.27,9.73,4.43,7.66,929.9,58.38,941.42,821.31
authentic\42873.jpg,Authentic,,0.0,0.2007,0.0012,0.58,9,0.83,4.49,2.84,5.47,364.52,46.14,371.2,387.9
authentic\42887.jpg,Authentic,,0.0,0.2928,0.0001,0.6,13,0.99,5.67,3.84,8.23,1130.87,47.33,1124.65,1248.75
authentic\42888.jpg,Authentic,,0.0,0.3166,0.0,0.44,8,0.74,4.96,2.15,3.77,210.38,36.06,216.68,231.12
authentic\42911.jpg,Authentic,,0.0003,0.4936,0.0014,0.43,13,0.81,4.68,2.7,6.4,530.32,39.13,541.34,524.33
authentic\42935.jpg,Authentic,,0.0,0.2655,0.0,0.67,12,0.93,7.57,3.34,5.12,469.07,49.14,430.76,305.04
authentic\42953.jpg,Authentic,,0.0,0.2199,0.0003,0.56,13,0.84,6.54,3.25,5.17,500.36,41.46,476.6,641.88
authentic\42984.jpg,Authentic,,0.0058,0.2396,0.0001,0.7,11,0.95,5.56,3.1,5.92,466.56,56.22,478.95,543.89
authentic\43003.jpg,Authentic,,0.001,0.4536,0.0001,1.03,20,1.46,11.85,6.93,10.52,2036.93,72.61,2032.19,1777.49
authentic\43007.jpg,Authentic,,0.0001,0.2806,0.0047,0.76,13,0.96,9.67,5.19,9.61,1211.12,85.84,1250.64,1809.46
authentic\43011.jpg,Authentic,,0.0001,0.2562,0.0,1.36,16,1.63,19.7,8.26,10.43,2238.88,110.98,2290.8,1262.49
authentic\43021.jpg,Authentic,,0.0,0.191,0.0,1.09,27,1.59,7.98,4.85,7.77,1045.38,59.3,1056.41,950.13
authentic\43029.jpg,Authentic,,0.0,0.1927,0.001,0.39,9,0.71,3.5,1.83,3.78,200.63,29.7,180.65,240.66
authentic\43036.jpg,Authentic,,0.0,0.1601,0.0,1.08,22,1.32,15.8,7.01,8.25,1295.02,91.79,1183.75,693.98
authentic\43058.jpg,Authentic,,0.0,0.1407,0.0,0.77,56,1.68,5.41,4.27,9.62,1187.56,60.99,1308.16,2274.52
authentic\43070.jpg,Authentic,,0.0001,0.2814,0.0001,0.67,15,0.97,3.44,2.54,4.5,312.29,35.99,316.6,460.34
authentic\43072.jpg,Authentic,,0.0001,0.2065,0.0,1.16,19,1.43,15.07,6.13,8.5,1454.02,85.44,1483.38,1523.96
authentic\43088.jpg,Authentic,,0.0004,0.313,0.0001,0.67,15,1.01,5.88,2.96,6.7,758.02,52.17,771.53,1674.08
authentic\43093.jpg,Authentic,,0.0,0.152,0.0004,0.48,9,0.7,2.38,1.83,2.77,98.51,32.41,101.65,77.43
authentic\43130.jpg,Authentic,,0.0,0.343,0.0,0.83,23,1.23,9.0,5.86,9.67,1564.39,66.57,1583.85,1909.34
authentic\43132.jpg,Authentic,,0.0,0.3221,0.0,1.43,39,1.89,14.19,7.14,11.01,2291.85,90.92,2202.39,1821.97
authentic\43133.jpg,Authentic,,0.0003,0.126,0.0001,0.87,18,1.14,10.17,4.43,6.86,788.31,66.54,791.71,687.0
authentic\43137.jpg,Authentic,,0.0,0.3376,0.0,1.32,22,1.42,21.54,10.98,12.29,3594.09,125.97,3431.23,2163.22
authentic\43259.jpg,Authentic,,0.0,0.2533,0.0,1.05,14,1.22,16.86,7.74,9.46,2066.09,85.05,2072.12,1632.49
authentic\43261.jpg,Authentic,,0.0001,0.3458,0.0183,0.44,13,0.76,3.66,2.19,5.33,396.43,36.37,367.82,628.79
authentic\43306.jpg,Authentic,,0.0082,0.2484,0.0001,0.41,7,0.64,2.57,2.12,3.48,185.79,29.63,192.43,178.98
authentic\43325.jpg,Authentic,,0.0,0.2429,0.0,0.76,18,1.24,5.38,2.94,5.76,481.59,45.92,483.62,467.1
authentic\43331.jpg,Authentic,,0.0001,0.322,0.0,0.55,12,0.89,7.28,3.55,6.53,533.38,59.57,548.8,628.57
authentic\43359.jpg,Authentic,,0.0003,0.2327,0.2005,0.39,8,0.7,1.81,1.11,2.63,76.84,20.71,86.04,108.83
authentic\43363.jpg,Authentic,,0.0,0.2427,0.0,0.69,12,1.0,8.36,3.64,6.63,779.86,54.55,805.51,1022.17
authentic\43366.jpg,Authentic,,0.0011,0.2564,0.0096,0.67,18,0.93,9.81,4.27,6.16,700.31,56.01,713.26,864.89
authentic\43382.jpg,Authentic,,0.0013,0.1949,0.0163,0.99,19,1.27,11.42,4.51,6.67,652.09,75.5,679.2,460.34
authentic\43416.jpg,Authentic,,0.0003,0.2206,0.0005,0.36,8,0.69,3.14,1.68,4.64,236.31,32.75,246.43,532.42
authentic\43428.jpg,Authentic,,0.0001,0.2611,0.0004,0.38,7,0.62,1.3,1.64,2.57,97.6,27.79,100.62,102.8
authentic\43509.jpg,Authentic,,0.0003,0.3103,0.0001,0.62,15,0.87,4.1,2.16,4.06,215.55,42.2,194.98,239.33
authentic\43511.jpg,Authentic,,0.0,0.2646,0.0002,0.47,8,0.76,3.84,2.93,6.17,415.37,44.03,414.03,441.5
authentic\43513.jpg,Authentic,,0.0001,0.2251,0.0,1.01,23,1.34,12.08,5.64,8.78,1162.03,81.07,1203.32,1121.36
authentic\43526.jpg,Authentic,,0.0,0.2742,0.0,0.5,11,0.82,4.0,2.09,4.29,246.12,37.34,215.34,233.03
authentic\43545.jpg,Authentic,,0.0029,0.3366,0.001,0.86,18,1.22,10.6,5.9,9.56,1665.43,69.1,1683.72,2015.6
authentic\43560.jpg,Authentic,,0.0,0.3234,0.0005,0.62,12,0.97,6.51,3.52,6.67,835.2,53.62,735.14,1416.38
authentic\43572.jpg,Authentic,,0.0018,0.2257,0.0537,0.38,11,0.73,1.2,1.45,3.57,165.99,20.4,167.18,342.6
authentic\43582.jpg,Authentic,,0.0,0.0889,0.0098,0.36,10,0.72,2.9,1.68,4.72,229.79,27.82,210.24,568.02
authentic\43605.jpg,Authentic,,0.0006,0.1034,0.0001,0.81,20,1.26,5.68,3.2,5.52,440.19,51.85,453.99,330.0
authentic\43656.jpg,Authentic,,0.0,0.1421,0.0001,0.67,9,0.88,4.85,2.91,5.07,373.23,46.91,410.36,301.4
authentic\43680.jpg,Authentic,,0.0,0.2838,0.0,1.27,30,1.68,14.61,9.15,12.88,2951.99,105.77,2897.36,2246.76
authentic\43686.jpg,Authentic,,0.001,0.2528,0.0004,0.73,12,0.99,4.14,3.34,4.62,494.36,37.55,494.85,590.76
authentic\43691.jpg,Authentic,,0.0001,0.277,0.0109,0.49,11,0.78,2.79,2.79,5.18,381.42,35.63,352.6,534.13
authentic\43701.jpg,Authentic,,0.0,0.3062,0.0,1.33,28,1.74,16.12,8.24,11.91,2541.27,96.67,2332.64,2183.93
authentic\43712.jpg,Authentic,,0.0001,0.2204,0.0,0.57,9,0.82,8.04,3.39,5.07,414.61,53.58,418.89,372.03
authentic\43731.jpg,Authentic,,0.0,0.2228,0.0001,0.56,10,0.82,5.76,2.72,4.87,287.66,53.06,296.86,280.47
authentic\43734.jpg,Authentic,,0.0,0.2192,0.0,0.83,20,1.28,9.29,5.32,9.42,1500.54,64.42,1510.92,1772.88
authentic\43757.jpg,Authentic,,0.0014,0.1942,0.0003,0.44,9,0.66,5.46,3.62,6.93,549.05,58.61,635.69,591.22
authentic\43781.jpg,Authentic,,0.0002,0.2748,0.0,0.63,17,1.07,7.78,4.5,8.86,1221.35,61.98,1252.08,954.57
authentic\43802.jpg,Authentic,,0.0,0.1734,0.0008,3.03,21,2.51,36.62,34.74,26.34,37240.6,277.73,34367.62,11715.99
authentic\43806.jpg,Authentic,,0.0008,0.4415,0.0005,0.58,13,0.96,2.84,3.66,9.5,1270.8,50.26,1253.03,1452.97
authentic\43818.jpg,Authentic,,0.0,0.392,0.0001,0.71,13,1.28,7.7,5.75,12.92,2802.86,65.76,2850.24,3619.81
authentic\43827.jpg,Authentic,,0.0008,0.2381,0.0002,0.54,11,0.82,4.73,2.2,4.15,229.57,43.27,241.67,297.83
authentic\43842.jpg,Authentic,,0.0001,0.1646,0.0001,0.33,10,0.58,2.73,2.02,3.67,199.74,25.18,204.89,176.44
authentic\43859.jpg,Authentic,,0.0003,0.3055,0.0028,0.59,14,1.0,7.74,3.72,7.14,1035.7,50.5,1052.2,1842.55
authentic\43860.jpg,Authentic,,0.0001,0.4412,0.0005,0.67,17,1.1,5.23,2.46,5.08,382.27,38.19,373.63,478.78
authentic\43879.jpg,Authentic,,0.3465,0.1935,0.0701,0.28,3,0.47,7.49,2.79,3.62,118.75,74.34,120.37,93.98
authentic\43891.jpg,Authentic,,0.0152,0.1173,0.0001,1.0,16,1.09,14.26,6.95,8.24,1517.61,84.61,1559.68,1174.17
authentic\43901.jpg,Authentic,,0.0007,0.2443,0.0005,0.54,10,0.82,6.63,2.72,5.09,350.8,48.76,329.98,383.78
authentic\43925.jpg,Authentic,,0.0,0.2708,0.0,0.39,9,0.69,3.14,2.06,4.96,247.56,35.12,246.73,501.26
authentic\43942.jpg,Authentic,,0.0738,0.159,0.001,0.27,9,0.57,1.9,1.42,3.59,128.58,26.42,135.06,227.52
authentic\43952.jpg,Authentic,,0.0001,0.2613,0.0,1.22,18,1.49,11.98,7.78,12.22,2480.1,93.57,2383.81,2272.8
authentic\43979.jpg,Authentic,,0.0,0.272,0.0,0.75,13,1.07,7.9,3.83,7.24,762.41,60.78,780.02,760.97
authentic\43994.jpg,Authentic,,0.0,0.1237,0.0,1.86,16,1.71,30.83,12.93,11.92,4481.11,135.18,4282.91,1800.55
authentic\44037.jpg,Authentic,,0.0009,0.4498,0.0002,0.49,14,1.08,6.61,2.64,6.57,634.63,36.3,654.5,895.43
authentic\44043.jpg,Authentic,,0.0001,0.3649,0.0,0.45,8,0.74,3.19,1.91,3.79,185.08,34.8,181.14,202.17
authentic\44054.jpg,Authentic,,0.0002,0.313,0.0,0.68,15,0.96,5.8,2.89,5.81,429.4,55.32,417.99,407.5
authentic\44063.jpg,Authentic,,0.0003,0.2488,0.0,0.5,9,0.77,6.07,2.61,3.82,234.82,44.33,245.71,217.69
authentic\44080.jpg,Authentic,,0.0001,0.1853,0.0,0.84,14,1.05,8.25,3.7,5.98,553.33,71.12,489.86,558.81
authentic\44081.jpg,Authentic,,0.0001,0.3657,0.0135,0.4,15,0.75,3.24,1.93,4.22,273.11,27.28,244.53,328.14
authentic\44107.jpg,Authentic,,0.0024,0.1089,0.0078,0.41,13,0.74,3.0,2.42,5.74,477.87,35.18,462.35,685.8
authentic\44110.jpg,Authentic,,0.0,0.2946,0.0,0.99,31,1.6,8.28,5.69,9.39,1252.04,74.97,1293.11,1243.08
authentic\44117.jpg,Authentic,,0.0001,0.2901,0.0001,0.75,21,1.12,9.81,5.34,9.03,1273.28,69.15,1302.0,1260.39
authentic\44120.jpg,Authentic,,0.0,0.3098,0.0001,0.55,13,0.9,4.63,2.35,5.27,370.88,41.11,378.26,491.52
authentic\44154.jpg,Authentic,,0.0002,0.223,0.0001,0.43,9,0.73,3.02,1.63,3.47,138.9,31.79,136.07,140.79
authentic\44171.jpg,Authentic,,0.0001,0.378,0.0,1.33,21,1.61,17.19,9.94,14.28,3768.59,106.59,3726.73,3151.95
authentic\44184.jpg,Authentic,,0.0002,0.211,0.0,1.65,28,1.95,21.77,7.83,8.4,1694.64,100.46,1724.91,1428.1
authentic\44228.jpg,Authentic,,0.0002,0.3662,0.0002,0.63,13,1.02,4.8,3.89,8.72,1112.18,51.12,1104.63,1432.47
authentic\44236.jpg,Authentic,,0.0002,0.4085,0.0002,1.39,21,1.57,19.17,8.93,11.35,3196.45,100.27,3238.59,2623.77
authentic\44240.jpg,Authentic,,0.0029,0.2793,0.0,0.53,10,0.88,9.59,3.66,6.16,645.68,48.28,636.51,507.22
authentic\44253.jpg,Authentic,,0.0,0.2496,0.0009,0.72,16,0.94,8.1,4.75,7.19,847.79,62.15,845.81,947.19
authentic\44269.jpg,Authentic,,0.0016,0.2508,0.0001,1.35,17,1.56,18.82,11.79,15.28,4972.3,135.83,4884.97,3317.11
authentic\44275.jpg,Authentic,,0.0083,0.1164,0.0015,0.27,11,0.68,2.37,1.22,3.6,271.24,15.82,275.07,425.23
authentic\44324.jpg,Authentic,,0.0257,0.237,0.0004,0.58,9,0.78,5.06,3.28,4.63,326.49,46.28,312.26,327.15
authentic\44362.jpg,Authentic,,0.0002,0.1355,0.0,2.13,36,2.15,32.06,19.65,16.94,8017.28,234.23,8181.98,1166.74
authentic\44363.jpg,Authentic,,0.0001,0.2861,0.0,1.12,16,1.44,16.55,9.02,12.61,3237.39,99.78,3263.32,2420.69
authentic\44370.jpg,Authentic,,0.0061,0.2441,0.0,0.47,6,0.71,3.11,1.94,3.06,136.28,34.19,132.37,140.33
authentic\44399.jpg,Authentic,,0.0005,0.3978,0.0034,0.78,14,1.21,8.53,5.71,11.13,2119.76,71.43,2185.76,2536.74
authentic\44406.jpg,Authentic,,0.0,0.2091,0.0,0.73,19,1.08,6.72,3.6,6.51,634.25,58.78,687.72,676.42
authentic\44440.jpg,Authentic,,0.0,0.2214,0.0,1.18,14,1.32,14.99,8.34,10.79,2511.9,88.55,2538.98,1150.02
authentic\44447.jpg,Authentic,,0.0001,0.2294,0.001,0.55,23,1.06,4.38,2.75,7.59,661.55,40.91,588.67,899.01
authentic\44463.jpg,Authentic,,0.0001,0.2748,0.0111,0.74,46,1.99,4.67,2.31,6.42,494.82,36.05,516.28,683.49
authentic\44492.jpg,Authentic,,0.0001,0.1836,0.0,1.3,12,1.3,21.7,9.75,10.31,2249.45,124.1,2308.39,1435.53
authentic\44505.jpg,Authentic,,0.001,0.1685,0.0,1.44,13,1.41,20.37,9.2,9.92,2772.97,92.14,2577.92,951.67
authentic\44510.jpg,Authentic,,0.0033,0.1543,0.0,0.97,14,1.15,14.11,7.87,11.07,2018.94,95.85,2061.4,1086.56
authentic\44528.jpg,Authentic,,0.0,0.2881,0.0,1.1,23,1.42,14.3,7.33,11.1,2322.83,85.23,2327.79,1381.66
authentic\44529.jpg,Authentic,,0.0,0.2337,0.0,0.54,17,0.97,5.75,2.84,6.31,616.61,43.49,625.57,843.85
authentic\44535.jpg,Authentic,,0.0,0.4608,0.0809,0.52,16,0.97,5.16,2.43,5.22,358.49,36.84,366.53,445.12
authentic\44546.jpg,Authentic,,0.0,0.2194,0.0001,0.34,8,0.6,1.39,1.51,3.02,100.31,25.94,106.74,113.08
authentic\44601.jpg,Authentic,,0.0013,0.2322,0.0002,0.64,15,0.91,7.25,4.15,6.78,659.74,53.93,711.66,642.53
authentic\44608.jpg,Authentic,,0.0698,0.1783,0.0013,0.44,28,1.16,3.41,2.52,9.06,1128.34,35.95,1019.7,2028.29
authentic\44610.jpg,Authentic,,0.0016,0.3045,0.0004,0.76,18,1.12,7.54,4.9,9.09,1301.83,62.63,1268.75,1227.44
authentic\44665.jpg,Authentic,,0.0,0.4365,0.0,0.92,15,1.3,10.78,8.72,16.23,3128.61,114.34,3706.04,3885.84
authentic\44666.jpg,Authentic,,0.0006,0.2109,0.0,1.62,17,1.66,16.59,15.97,18.38,8507.2,137.5,8381.88,4413.0
authentic\44671.jpg,Authentic,,0.0436,0.2586,0.0001,1.1,21,1.65,8.77,4.89,7.52,710.95,76.63,800.52,611.29
authentic\44682.jpg,Authentic,,0.0003,0.157,0.0,0.99,20,1.3,9.52,4.97,7.81,968.14,66.06,1007.25,759.43
authentic\44699.jpg,Authentic,,0.0234,0.2746,0.004,0.3,6,0.59,1.31,1.17,2.6,85.53,17.45,88.93,117.23
authentic\44724.jpg,Authentic,,0.0646,0.1729,0.0883,0.43,14,0.84,3.49,2.65,6.29,681.55,32.87,614.38,1125.02
authentic\44727.jpg,Authentic,,0.0003,0.2708,0.0002,0.69,12,0.9,4.82,2.58,3.71,234.05,42.16,238.04,215.63
authentic\44747.jpg,Authentic,,0.0004,0.1635,0.0001,0.96,12,1.09,13.35,6.59,8.78,1456.09,83.55,1481.34,1561.76
authentic\44758.jpg,Authentic,,0.0005,0.2884,0.0,0.71,17,1.08,7.88,4.81,8.79,1106.81,62.98,1208.64,929.28
authentic\44761.jpg,Authentic,,0.0007,0.2364,0.0,0.53,13,0.89,3.95,2.39,4.97,376.91,33.08,393.6,366.59
authentic\44764.jpg,Authentic,,0.0,0.4034,0.0,0.92,18,1.42,6.35,4.46,9.36,1462.37,58.12,1505.12,1701.1
authentic\44773.jpg,Authentic,,0.0078,0.3947,0.0059,0.5,12,0.84,4.14,1.95,4.27,237.95,34.73,249.68,247.42
authentic\44785.jpg,Authentic,,0.0,0.4372,0.0001,0.62,16,1.12,5.83,3.71,8.36,1097.47,46.4,1139.82,1610.15
authentic\44789.jpg,Authentic,,0.0008,0.1368,0.0,0.62,8,0.83,10.07,4.5,6.29,594.32,64.81,635.93,324.93
authentic\44792.jpg,Authentic,,0.0011,0.2698,0.0015,0.52,10,0.77,8.85,4.24,7.03,755.78,69.05,676.48,781.03
authentic\44795.jpg,Authentic,,0.0004,0.0942,0.0,1.59,16,1.57,23.98,11.86,12.92,4580.23,134.08,4629.61,2499.06
authentic\44837.jpg,Authentic,,0.0003,0.2124,0.0001,0.41,8,0.71,3.84,1.69,2.98,108.78,33.21,101.29,123.89
authentic\44851.jpg,Authentic,,0.0,0.1531,0.0002,0.5,7,0.74,2.93,1.81,3.03,117.22,29.39,122.42,104.39
authentic\44859.jpg,Authentic,,0.0,0.3721,0.0003,0.48,12,0.86,4.94,2.48,5.85,433.97,39.81,404.59,496.38
authentic\44881.jpg,Authentic,,0.0002,0.1867,0.0005,0.53,20,1.05,0.93,1.48,2.98,143.35,17.99,143.84,110.9
authentic\44885.jpg,Authentic,,0.0002,0.551,0.0294,0.65,12,0.99,7.81,3.64,6.57,643.94,46.4,603.07,641.14
authentic\44899.jpg,Authentic,,0.0,0.3201,0.0023,0.55,10,0.79,7.45,2.91,4.56,291.88,46.97,290.53,289.88
authentic\44917.jpg,Authentic,,0.1249,0.1835,0.0001,0.91,17,1.1,8.54,4.64,6.64,747.71,69.16,723.12,429.3
authentic\44944.jpg,Authentic,,0.0,0.076,0.0,1.97,24,1.84,24.54,12.06,13.13,5021.95,124.97,5092.28,2712.94
authentic\44996.jpg,Authentic,,0.0002,0.2358,0.0,0.8,18,1.31,6.07,3.38,6.16,561.65,46.98,615.35,477.45
authentic\45015.jpg,Authentic,,0.0004,0.2017,0.0,0.45,8,0.72,4.72,2.44,4.47,256.63,40.61,273.54,155.43
authentic\45055.jpg,Authentic,,0.0034,0.1422,0.0,0.85,16,1.16,4.95,3.39,6.68,772.26,46.2,703.66,1100.73
authentic\45062.jpg,Authentic,,0.0001,0.2716,0.0,0.38,8,0.67,2.31,1.57,3.33,129.1,33.53,134.08,151.63
authentic\45104.jpg,Authentic,,0.0005,0.1076,0.0,0.68,11,0.83,8.22,3.59,4.15,313.65,60.68,321.36,240.6
authentic\45105.jpg,Authentic,,0.0089,0.2212,0.0001,0.61,11,0.85,3.78,3.0,5.26,405.52,39.93,409.12,447.85
authentic\45108.jpg,Authentic,,0.0,0.3176,0.0,1.3,20,1.42,18.73,10.04,11.88,2759.58,127.13,2847.98,2050.91
authentic\45110.jpg,Authentic,,0.0811,0.5,0.0316,0.57,19,1.18,4.97,2.29,5.87,493.3,33.04,504.47,717.69
authentic\45131.jpg,Authentic,,0.0006,0.0403,0.0536,0.24,12,0.67,1.93,1.15,3.73,182.49,15.8,178.83,420.45
authentic\45148.jpg,Authentic,,0.0,0.3167,0.0,0.86,26,1.49,6.53,4.77,11.08,1935.57,57.26,1866.6,2735.19
authentic\45193.jpg,Authentic,,0.0001,0.3201,0.0001,0.5,12,0.8,3.92,2.07,4.19,247.11,38.64,256.37,289.22
authentic\45194.jpg,Authentic,,0.0,0.1087,0.0,0.87,16,1.12,6.22,3.71,4.86,461.53,54.87,465.94,277.16
authentic\45222.jpg,Authentic,,0.0,0.2246,0.0,0.67,17,1.02,9.11,5.65,10.78,2120.57,64.43,1835.75,3033.08
authentic\45233.jpg,Authentic,,0.0014,0.2678,0.0,0.81,18,1.22,10.19,5.1,9.27,1457.78,69.43,1502.75,1379.63
authentic\45260.jpg,Authentic,,0.0003,0.0238,0.0008,0.27,10,0.67,3.32,1.61,4.94,272.87,26.74,265.42,396.48
authentic\45265.jpg,Authentic,,0.0,0.2487,0.0001,0.5,13,0.86,4.52,2.44,5.68,466.61,38.52,481.95,669.36
authentic\45288.jpg,Authentic,,0.0003,0.1342,0.0,1.32,22,1.99,14.14,10.77,17.03,6772.24,111.25,6853.31,7083.74
authentic\45289.jpg,Authentic,,0.0006,0.2044,0.0,1.03,16,1.47,11.82,7.38,12.67,2696.83,83.77,2652.47,1336.45
authentic\45299.jpg,Authentic,,0.2256,0.221,0.0031,0.32,9,0.65,3.28,1.59,3.76,205.91,27.86,212.59,351.12
authentic\45338.jpg,Authentic,,0.0001,0.243,0.0,1.66,28,1.82,20.17,8.85,10.67,2616.7,108.75,2667.47,1819.29
authentic\45358.jpg,Authentic,,0.0,0.2213,0.0,1.33,15,1.32,19.07,9.71,11.77,2678.22,109.27,2509.92,1285.69
authentic\45397.jpg,Authentic,,0.0009,0.2258,0.0,1.53,20,1.81,20.68,10.57,13.49,3935.67,126.61,4007.82,2273.52
authentic\45414.jpg,Authentic,,0.0004,0.3344,0.0,0.88,22,1.3,8.89,5.19,9.8,1526.31,70.91,1545.89,1441.98
authentic\45424.jpg,Authentic,,0.0,0.282,0.0,0.43,12,0.74,4.42,2.04,4.03,217.04,38.5,217.84,247.06
authentic\45433.jpg,Authentic,,0.0062,0.1634,0.0,1.59,16,1.48,28.65,12.37,11.94,4191.12,128.03,4252.59,2860.27
authentic\45436.jpg,Authentic,,0.0068,0.3639,0.0069,1.18,32,1.8,8.57,4.1,8.68,1125.61,57.25,1158.2,1524.95
authentic\45457.jpg,Authentic,,0.0001,0.5197,0.0,0.47,13,0.97,5.15,3.01,7.85,864.59,40.69,780.36,828.08
authentic\45459.jpg,Authentic,,0.0,0.2542,0.0,0.58,10,0.81,9.64,3.79,5.65,423.19,58.96,435.64,338.85
authentic\45473.jpg,Authentic,,0.0001,0.1686,0.0002,0.56,8,0.78,2.64,1.71,2.31,67.13,35.0,70.41,58.34
authentic\45490.jpg,Authentic,,0.0002,0.1988,0.0003,0.53,12,0.83,2.84,2.35,5.25,410.44,34.82,412.45,632.39
authentic\45493.jpg,Authentic,,0.0001,0.1714,0.0015,0.54,15,0.98,7.74,3.68,7.49,847.86,51.51,758.44,1245.61
authentic\45494.jpg,Authentic,,0.0001,0.1929,0.0002,0.95,12,1.09,13.64,8.18,10.4,1937.73,96.35,1865.61,1261.95
authentic\45496.jpg,Authentic,,0.0002,0.1174,0.0244,0.58,24,1.17,3.95,2.07,5.54,389.47,31.68,398.9,739.2
authentic\45508.jpg,Authentic,,0.0001,0.1857,0.0007,0.73,14,0.99,7.71,4.06,7.32,881.5,54.9,819.15,1272.48
authentic\45524.jpg,Authentic,,0.0,0.234,0.0,1.43,23,1.65,18.99,7.38,8.89,1519.39,113.7,1572.15,1025.11
authentic\45548.jpg,Authentic,,0.0,0.1497,0.0,0.46,9,0.73,5.02,2.89,5.01,345.96,44.44,331.82,448.12
authentic\45552.jpg,Authentic,,0.0172,0.1071,0.0012,1.0,16,1.21,9.41,3.01,4.89,330.21,81.34,354.0,462.55
authentic\45558.jpg,Authentic,,0.0013,0.251,0.0,0.69,10,0.9,10.6,4.58,6.63,677.99,70.04,664.41,424.42
authentic\45580.jpg,Authentic,,0.0,0.2192,0.0,0.67,13,0.98,6.36,2.78,5.12,351.36,40.6,359.8,342.15
authentic\45595.jpg,Authentic,,0.0,0.1575,0.0,1.01,21,1.26,13.68,7.4,10.22,1664.81,91.2,1692.72,973.08
authentic\45620.jpg,Authentic,,0.0002,0.4535,0.0001,0.66,14,1.02,7.39,5.58,10.17,1593.72,68.5,1629.9,1734.94
authentic\45641.jpg,Authentic,,0.0002,0.2712,0.0,0.89,17,1.11,11.84,5.72,8.0,1133.24,77.22,1067.31,678.54
authentic\45652.jpg,Authentic,,0.0,0.1933,0.0001,0.69,14,0.94,5.98,3.11,6.12,448.97,54.99,479.31,557.33
authentic\45694.jpg,Authentic,,0.0,0.2094,0.0,0.41,6,0.65,3.14,1.76,2.79,80.55,38.2,89.93,94.73
authentic\45702.jpg,Authentic,,0.0002,0.3666,0.0002,0.41,11,0.85,3.84,2.9,7.82,773.05,39.67,824.03,729.93
authentic\45713.jpg,Authentic,,0.0001,0.2207,0.0015,0.75,14,1.01,3.25,1.81,3.44,175.94,36.32,179.03,286.12
authentic\45722.jpg,Authentic,,0.0059,0.2955,0.0003,0.54,10,0.91,6.8,4.65,9.09,1248.45,52.34,1189.23,1489.19
authentic\45749.jpg,Authentic,,0.0374,0.1167,0.0017,0.46,8,0.7,1.69,1.74,2.52,94.06,29.18,85.84,116.1
authentic\45774.jpg,Authentic,,0.001,0.066,0.0043,0.34,11,0.74,2.76,1.76,5.65,432.38,25.32,398.71,959.92
authentic\45779.jpg,Authentic,,0.0001,0.4521,0.0,0.7,19,1.2,6.23,3.78,7.91,927.99,46.68,942.44,1011.04
authentic\45781.jpg,Authentic,,0.0,0.2588,0.0,0.83,46,2.16,7.75,4.71,10.92,2071.71,53.72,1953.49,3070.98
authentic\45786.jpg,Authentic,,0.0,0.2023,0.0,0.71,13,1.0,5.43,2.4,3.8,223.51,46.91,227.83,240.36
authentic\45792.jpg,Authentic,,0.0,0.4319,0.0005,1.52,22,1.81,17.79,11.68,15.7,5197.13,129.32,5270.45,4371.56
authentic\45794.jpg,Authentic,,0.0,0.1828,0.0,1.12,24,1.35,15.22,8.65,11.6,2488.42,104.49,2492.11,1697.17
authentic\45806.jpg,Authentic,,0.0,0.2256,0.0001,0.57,14,0.94,5.04,2.07,4.15,250.31,37.75,223.8,350.07
authentic\45807.jpg,Authentic,,0.0,0.1847,0.0,0.62,14,0.97,3.89,1.88,2.92,102.31,34.03,109.88,66.92
authentic\45812.jpg,Authentic,,0.007,0.1937,0.0001,0.88,13,1.14,15.67,7.25,10.47,1903.1,90.85,1944.25,1902.93
authentic\45842.jpg,Authentic,,0.0003,0.3005,0.0001,0.58,9,0.81,7.55,3.34,5.33,444.73,56.53,458.8,412.88
authentic\45878.jpg,Authentic,,0.0042,0.2835,0.0003,1.05,19,1.33,9.76,4.44,7.25,776.29,68.68,808.53,911.45
authentic\45879.jpg,Authentic,,0.0,0.2921,0.0,0.56,11,0.9,4.39,2.61,5.33,500.29,32.75,453.26,588.15
authentic\45882.jpg,Authentic,,0.0004,0.5393,0.0009,0.58,13,0.99,5.92,3.69,8.34,991.7,46.46,1004.39,1331.24
authentic\45883.jpg,Authentic,,0.0,0.2285,0.0,0.75,14,1.01,7.28,3.24,5.49,453.81,52.42,468.64,406.54
authentic\45916.jpg,Authentic,,0.0016,0.1972,0.0117,0.37,11,0.71,3.51,1.73,3.88,237.45,30.57,240.86,360.49
authentic\45935.jpg,Authentic,,0.0004,0.1016,0.0002,0.67,9,0.79,6.73,4.4,5.08,508.85,56.33,522.08,284.95
authentic\45942.jpg,Authentic,,0.0025,0.2899,0.0,0.64,27,1.42,4.54,2.43,5.07,327.88,38.16,334.98,590.65
authentic\45964.jpg,Authentic,,0.0013,0.0806,0.0,1.97,15,1.71,30.97,16.37,14.88,7739.84,165.07,7084.31,3843.83
authentic\45974.jpg,Authentic,,0.0001,0.1766,0.0001,0.53,15,0.88,4.05,2.92,6.26,473.83,41.25,474.94,536.42
authentic\45983.jpg,Authentic,,0.0,0.2835,0.0002,0.7,13,1.01,7.92,3.79,6.96,685.32,55.37,674.6,502.93
authentic\45988.jpg,Authentic,,0.0032,0.067,0.0064,0.14,15,0.48,0.86,0.5,2.28,48.14,8.79,48.22,132.65
authentic\46006.jpg,Authentic,,0.0002,0.2938,0.0,0.97,13,1.23,14.57,6.76,9.66,2079.33,77.62,2310.46,2188.63
authentic\46016.jpg,Authentic,,0.0015,0.235,0.0002,0.94,18,1.3,12.19,5.11,7.82,1069.68,81.82,1115.86,1385.41
authentic\46034.jpg,Authentic,,0.0012,0.4791,0.0174,0.76,26,1.27,7.36,3.63,7.44,789.71,53.67,810.74,837.6
authentic\46041.jpg,Authentic,,0.0005,0.2969,0.0,0.44,7,0.72,3.01,1.86,3.54,145.58,31.61,149.29,114.15
authentic\46080.jpg,Authentic,,0.4017,0.0999,0.0024,0.64,8,0.73,5.85,4.39,4.92,496.71,53.88,981.91,1422.88
authentic\46104.jpg,Authentic,,0.0,0.2384,0.0,0.61,10,0.83,7.04,2.96,4.64,259.03,52.51,278.56,172.65
authentic\46109.jpg,Authentic,,0.0001,0.2143,0.0001,0.66,15,1.03,7.9,4.53,8.98,1312.74,49.33,1339.94,1726.29
authentic\46128.jpg,Authentic,,0.0,0.2702,0.0,0.56,12,0.86,3.88,2.38,4.69,288.18,41.44,298.92,338.6
authentic\46133.jpg,Authentic,,0.0,0.2814,0.0002,0.41,14,0.97,4.01,2.52,7.47,733.74,32.24,766.34,1041.84
authentic\46153.jpg,Authentic,,0.0001,0.2108,0.0,1.44,22,1.71,16.96,9.63,11.96,2039.59,132.39,2031.42,1614.3
authentic\46173.jpg,Authentic,,0.0,0.3684,0.0,1.16,18,1.69,12.36,12.26,20.59,7950.42,124.12,7934.76,7392.95
authentic\46184.jpg,Authentic,,0.0002,0.3317,0.0002,1.05,26,1.56,5.34,2.75,5.84,469.93,52.32,472.4,641.06
authentic\46186.jpg,Authentic,,0.0,0.2338,0.0,1.2,16,1.37,15.39,7.85,10.61,2157.96,94.97,2019.1,1455.27
authentic\46217.jpg,Authentic,,0.0,0.1616,0.0001,0.76,17,1.14,9.93,6.64,11.89,2195.32,80.86,2169.76,2225.36
authentic\46252.jpg,Authentic,,0.0,0.2398,0.0,0.45,14,0.8,3.67,2.07,5.94,489.21,40.44,505.81,1126.12
authentic\46344.jpg,Authentic,,0.0,0.2758,0.0,0.52,10,0.78,4.86,2.16,3.44,165.1,42.99,147.86,157.95
authentic\46357.jpg,Authentic,,0.0049,0.2212,0.0001,0.49,11,0.81,5.09,2.27,4.88,315.66,45.6,329.8,451.72
authentic\46359.jpg,Authentic,,0.0078,0.5823,0.0238,0.53,16,1.01,4.79,2.93,7.37,664.46,41.29,596.06,836.09
authentic\46365.jpg,Authentic,,0.0,0.2854,0.0001,0.52,11,0.89,4.54,2.57,5.69,391.08,41.51,380.51,332.26
authentic\46384.jpg,Authentic,,0.8809,0.2011,0.0,0.52,11,0.81,4.43,2.6,5.17,364.35,40.68,379.22,414.23
authentic\46425.jpg,Authentic,,0.1115,0.0398,0.0014,0.33,9,0.65,1.71,1.3,3.19,123.38,21.79,111.04,166.37
authentic\46432.jpg,Authentic,,0.0,0.2602,0.0001,0.5,9,0.76,4.68,3.06,5.85,458.03,46.64,389.93,361.53
authentic\46468.jpg,Authentic,,0.0001,0.3907,0.0006,0.47,16,0.83,2.95,1.99,5.0,297.56,33.51,310.39,466.41
authentic\46499.jpg,Authentic,,0.0017,0.2622,0.0,0.54,14,0.82,5.48,2.95,5.89,511.04,52.67,523.0,677.02
authentic\46518.jpg,Authentic,,0.0257,0.2611,0.0001,1.24,12,1.3,21.99,8.59,9.93,2136.53,105.97,2148.47,1175.52
authentic\46565.jpg,Authentic,,0.0,0.1212,0.0003,0.59,17,0.97,3.57,1.72,4.08,226.9,27.8,214.71,382.11
authentic\46571.jpg,Authentic,,0.0003,0.2311,0.0,1.12,22,1.45,11.66,5.1,8.3,1226.17,68.83,1257.28,1254.1
authentic\46576.jpg,Authentic,,0.0,0.1281,0.0,0.69,14,0.93,8.37,4.11,6.28,633.28,54.12,645.6,576.15
authentic\46599.jpg,Authentic,,0.0028,0.2513,0.0,0.32,10,0.69,3.93,1.76,4.73,264.02,29.69,269.28,382.76
authentic\46635.jpg,Authentic,,0.0001,0.1488,0.0,0.78,15,0.98,11.29,5.2,7.71,897.59,76.3,820.77,874.18
authentic\46645.jpg,Authentic,,0.0005,0.184,0.0,1.32,15,1.4,20.43,9.34,11.21,2890.39,106.71,2987.39,1499.88
authentic\46653.jpg,Authentic,,0.0001,0.1381,0.0,0.77,17,1.17,9.08,6.09,10.8,1640.44,79.53,1515.61,1475.6
authentic\46673.jpg,Authentic,,0.001,0.2757,0.0,0.51,11,0.8,4.25,1.93,4.24,219.67,41.34,231.7,467.13
authentic\46674.jpg,Authentic,,0.0002,0.1259,0.0001,0.56,9,0.8,4.8,2.14,2.99,103.13,44.49,122.9,119.84
authentic\46694.jpg,Authentic,,0.0003,0.2831,0.0,0.58,14,0.96,5.03,2.75,5.61,461.6,44.09,481.22,428.61
authentic\46695.jpg,Authentic,,0.0003,0.2319,0.0,1.02,22,1.43,11.94,6.44,9.72,1545.13,83.23,1565.87,1032.51
authentic\46753.jpg,Authentic,,0.0,0.2375,0.0006,0.36,11,0.75,4.78,2.21,5.34,365.32,33.82,366.45,414.61
authentic\46773.jpg,Authentic,,0.0,0.3235,0.0,0.97,19,1.43,13.39,9.66,17.03,5582.42,117.15,5675.29,8153.03
authentic\46787.jpg,Authentic,,0.0084,0.3191,0.0002,0.36,13,0.71,4.09,2.27,5.49,413.52,40.56,447.25,615.67
authentic\46796.jpg,Authentic,,0.0,0.1729,0.0001,0.46,9,0.78,2.14,1.5,2.97,94.95,29.47,94.85,105.1
authentic\46832.jpg,Authentic,,0.0,0.2256,0.0001,0.52,22,0.94,4.01,2.89,5.75,455.48,38.88,471.34,638.32
authentic\46883.jpg,Authentic,,0.0007,0.1814,0.2212,0.48,16,0.94,3.53,2.19,6.48,537.57,33.62,527.15,869.06
authentic\46896.jpg,Authentic,,0.0,0.3619,0.0,0.78,14,1.13,7.68,4.06,7.75,820.68,57.19,796.03,834.72
authentic\46910.jpg,Authentic,,0.0001,0.2392,0.0001,0.72,9,0.92,10.04,3.79,5.08,472.52,52.3,483.7,395.99
authentic\46923.jpg,Authentic,,0.0,0.1506,0.0,0.83,13,1.01,13.15,6.63,8.64,1402.06,78.16,1445.64,810.22
authentic\46937.jpg,Authentic,,0.003,0.0847,0.0003,0.33,13,0.73,2.94,1.58,4.63,279.77,25.29,281.46,499.51
authentic\46957.jpg,Authentic,,0.0013,0.1227,0.0026,0.35,12,0.7,2.25,1.42,4.36,215.98,31.81,226.26,374.32
authentic\46959.jpg,Authentic,,0.0013,0.1496,0.0,0.41,7,0.69,1.44,1.46,2.23,58.82,28.14,58.92,50.76
authentic\46989.jpg,Authentic,,0.0009,0.2229,0.0001,0.46,21,0.79,4.1,2.05,4.16,210.67,37.75,200.15,260.85
authentic\47016.jpg,Authentic,,0.0001,0.3407,0.0,0.73,18,1.07,9.05,4.06,7.1,831.74,57.64,856.95,1134.29
authentic\47017.jpg,Authentic,,0.0024,0.0901,0.0027,0.43,8,0.7,3.67,1.68,2.66,80.24,32.43,76.51,108.31
authentic\47077.jpg,Authentic,,0.0,0.0989,0.0,1.33,14,1.25,21.39,10.34,11.51,2510.06,136.64,2551.52,1135.15
authentic\47087.jpg,Authentic,,0.0394,0.4571,0.0002,0.3,10,0.69,3.86,1.84,4.86,297.11,29.42,298.19,384.11
authentic\47095.jpg,Authentic,,0.0001,0.3047,0.0002,0.5,14,0.89,3.32,2.42,6.19,550.16,37.77,564.17,939.25
authentic\47131.jpg,Authentic,,0.0002,0.2305,0.0025,0.59,18,0.95,2.54,2.02,5.64,367.29,39.18,333.94,968.31
authentic\47176.jpg,Authentic,,0.0074,0.2642,0.0,0.44,9,0.7,7.43,3.58,6.24,535.03,62.4,566.97,457.58
authentic\47193.jpg,Authentic,,0.0001,0.3378,0.0,0.62,12,0.96,7.25,4.21,8.45,857.09,66.58,892.3,1363.49
authentic\47195.jpg,Authentic,,0.4557,0.5,0.0002,0.45,12,0.9,4.38,2.1,5.47,362.9,36.23,377.45,440.06
authentic\47210.jpg,Authentic,,0.0,0.2993,0.0001,0.62,12,0.87,4.47,2.49,4.78,304.93,44.91,317.21,308.81
authentic\47211.jpg,Authentic,,0.0001,0.3965,0.0001,1.02,22,1.42,13.5,7.21,11.1,2256.65,83.31,2266.68,2030.23
authentic\47215.jpg,Authentic,,0.037,0.2599,0.0055,0.51,11,0.84,2.09,1.61,3.6,184.56,19.61,160.58,268.67
authentic\47222.jpg,Authentic,,0.0003,0.3252,0.0001,0.45,11,0.81,3.78,2.32,5.95,430.15,36.9,484.63,568.06
authentic\47225.jpg,Authentic,,0.0,0.1884,0.0,0.46,6,0.7,3.07,1.74,4.15,160.7,31.35,184.23,229.4
authentic\47233.jpg,Authentic,,0.0001,0.281,0.0001,0.45,14,0.85,3.09,1.53,3.2,128.61,26.89,132.81,140.13
authentic\47254.jpg,Authentic,,0.0007,0.1258,0.0268,0.16,8,0.42,0.5,0.67,1.52,28.44,11.0,28.3,51.84
authentic\47314.jpg,Authentic,,0.0,0.2159,0.0016,0.37,7,0.62,1.49,1.57,2.56,86.94,25.84,88.52,82.38
authentic\47335.jpg,Authentic,,0.0004,0.2563,0.0212,0.43,7,0.7,2.95,1.58,2.84,116.18,27.23,115.61,120.42
authentic\47377.jpg,Authentic,,0.0,0.2456,0.0001,0.56,17,0.94,5.66,2.54,5.0,285.41,44.87,292.86,468.49
authentic\47403.jpg,Authentic,,0.0019,0.4717,0.0027,0.6,18,1.04,5.94,2.69,6.16,563.08,38.31,571.99,568.16
authentic\47410.jpg,Authentic,,0.0008,0.2801,0.0001,0.49,8,0.78,5.15,2.36,4.09,269.68,35.83,276.82,245.65
authentic\47420.jpg,Authentic,,0.0,0.3349,0.0008,0.51,16,0.84,5.05,2.41,5.03,328.18,43.34,311.76,354.05
authentic\47425.jpg,Authentic,,0.0,0.4435,0.0002,0.57,11,0.9,5.62,2.97,6.27,593.91,44.6,591.66,683.69
authentic\47450.jpg,Authentic,,0.0005,0.3002,0.0,0.62,12,0.92,6.8,3.56,7.07,671.67,59.09,691.64,684.35
authentic\47470.jpg,Authentic,,0.0002,0.2263,0.0003,0.55,11,0.86,3.59,1.99,4.22,267.6,35.5,261.38,369.92
authentic\47471.jpg,Authentic,,0.0012,0.2735,0.014,0.63,17,0.93,4.6,2.55,4.53,269.95,43.95,243.03,355.88
authentic\47478.jpg,Authentic,,0.0001,0.1524,0.0,1.17,13,1.21,17.65,7.26,8.04,1655.6,81.4,1673.81,839.2
authentic\47509.jpg,Authentic,,0.0,0.2181,0.0001,0.63,10,0.86,9.08,5.58,8.98,1148.06,74.11,1197.06,960.3
authentic\47538.jpg,Authentic,,0.0006,0.1665,0.0007,0.31,12,0.8,3.02,2.43,7.97,717.04,32.08,733.11,1155.68
authentic\47561.jpg,Authentic,,0.0216,0.2577,0.0002,0.49,11,0.75,2.69,1.8,3.2,151.66,34.83,156.51,224.19
authentic\47594.jpg,Authentic,,0.0007,0.4389,0.0001,0.42,10,0.76,4.55,2.38,5.34,352.23,38.62,349.08,333.31
authentic\47601.jpg,Authentic,,0.0,0.4485,0.0,0.5,11,0.82,3.63,1.84,4.0,209.08,32.57,185.61,207.09
authentic\47620.jpg,Authentic,,0.0009,0.4352,0.0011,0.49,12,0.9,8.18,4.51,9.54,1172.56,59.26,1218.69,1369.65
authentic\47627.jpg,Authentic,,0.0001,0.3143,0.0,0.5,15,0.82,4.56,2.31,5.21,363.35,41.9,403.62,610.2
authentic\47629.jpg,Authentic,,0.0001,0.23,0.0001,0.74,12,1.01,8.06,3.96,6.58,716.33,60.28,730.06,931.19
authentic\47630.jpg,Authentic,,0.0,0.1614,0.0001,0.58,10,0.9,4.8,2.36,5.23,321.61,40.04,296.58,782.55
authentic\47679.jpg,Authentic,,0.0003,0.3048,0.0,1.21,20,1.59,13.91,6.58,9.09,1779.17,80.42,1808.71,1740.84
authentic\47688.jpg,Authentic,,0.0002,0.1212,0.0008,0.38,18,0.9,3.19,1.96,5.82,411.97,28.94,412.81,506.39
authentic\47704.jpg,Authentic,,0.0,0.3674,0.0095,0.51,13,0.88,6.08,2.38,5.04,347.8,38.44,376.81,479.88
authentic\47712.jpg,Authentic,,0.0001,0.4141,0.0002,0.65,12,0.98,6.57,3.38,6.45,635.63,53.35,605.14,584.99
authentic\47719.jpg,Authentic,,0.0,0.3786,0.0001,0.65,12,0.98,5.6,3.41,6.18,854.0,44.78,869.15,1497.97
authentic\47749.jpg,Authentic,,0.0,0.1766,0.0001,0.62,11,0.96,6.15,3.27,6.4,589.22,47.32,604.33,869.92
authentic\47760.jpg,Authentic,,0.0,0.3349,0.0,1.18,18,1.43,11.64,6.66,9.77,1622.73,79.45,1506.08,982.53
authentic\47828.jpg,Authentic,,0.0013,0.1134,0.0,1.07,14,1.12,20.12,8.14,9.32,1784.9,101.73,1810.84,1174.98
authentic\47837.jpg,Authentic,,0.001,0.1245,0.0003,1.19,19,1.13,21.02,8.23,7.32,1528.19,92.2,1533.71,691.62
authentic\47844.jpg,Authentic,,0.0015,0.1221,0.0438,0.62,10,0.85,3.9,3.05,5.39,417.79,48.23,432.32,835.35
authentic\47873.jpg,Authentic,,0.0,0.2274,0.0,1.2,25,1.52,16.1,9.1,12.33,3531.9,94.58,3508.49,3649.39
authentic\47884.jpg,Authentic,,0.0688,0.1147,0.028,0.35,6,0.53,1.86,2.0,2.37,108.68,28.1,109.58,84.96
authentic\47933.jpg,Authentic,,0.0001,0.4323,0.0001,0.75,12,1.1,12.45,7.48,11.99,2146.31,93.03,2191.55,2007.48
authentic\47938.jpg,Authentic,,0.0,0.2028,0.0001,0.92,21,1.33,12.23,5.65,9.02,1263.13,73.25,1261.34,882.68
authentic\47950.jpg,Authentic,,0.0001,0.2216,0.0,1.03,22,1.24,13.54,6.41,8.11,1144.47,84.87,1009.6,690.27
authentic\47951.jpg,Authentic,,0.0002,0.1157,0.0,1.05,21,1.31,11.02,5.52,8.13,987.75,83.42,1015.34,435.08
authentic\47973.jpg,Authentic,,0.0064,0.3211,0.0002,0.88,13,1.04,15.75,8.31,10.21,1934.12,88.1,1981.79,1380.35
authentic\47980.jpg,Authentic,,0.0009,0.1285,0.0,1.11,31,1.47,10.72,5.74,7.07,992.68,67.38,1006.25,710.57
authentic\48003.jpg,Authentic,,0.0,0.3214,0.0002,0.75,15,1.23,5.82,3.92,8.69,1334.04,50.8,1350.08,1154.74
authentic\48022.jpg,Authentic,,0.0003,0.3845,0.0001,0.43,16,0.8,3.3,2.41,6.33,477.17,33.32,494.49,724.96
authentic\48041.jpg,Authentic,,0.0,0.1878,0.0001,0.5,10,0.78,1.35,1.85,3.09,170.42,23.02,173.52,193.12
authentic\48079.jpg,Authentic,,0.0015,0.2918,0.0,0.56,12,0.8,6.66,3.6,5.12,436.26,42.82,441.04,353.29
authentic\48087.jpg,Authentic,,0.0005,0.2322,0.0,0.56,23,0.93,3.75,1.99,4.62,273.98,32.74,250.58,467.84
authentic\48113.jpg,Authentic,,0.0,0.2729,0.0,0.63,16,0.98,5.45,2.95,6.62,676.81,44.66,672.83,1035.77
authentic\48115.jpg,Authentic,,0.0195,0.2035,0.0,0.67,9,0.85,3.81,2.3,3.85,206.32,42.94,197.36,179.8
authentic\48125.jpg,Authentic,,0.0007,0.3299,0.0,0.5,10,0.8,4.2,2.11,4.3,251.97,39.97,255.5,271.4
authentic\48188.jpg,Authentic,,0.0,0.2133,0.0,1.39,15,1.55,21.78,11.91,14.12,4810.17,128.38,4878.02,3208.5
authentic\48199.jpg,Authentic,,0.0033,0.2633,0.0001,0.6,18,0.94,5.14,2.84,5.45,530.43,36.32,533.67,614.24
authentic\48209.jpg,Authentic,,0.0001,0.4059,0.0002,0.46,10,0.74,5.22,2.55,4.87,322.0,39.9,295.35,289.43
authentic\48216.jpg,Authentic,,0.0008,0.0436,0.0014,0.59,25,1.13,3.1,1.71,4.94,338.02,27.76,343.24,708.78
authentic\48218.jpg,Authentic,,0.0,0.1948,0.0,0.53,14,0.91,4.16,2.63,6.27,602.25,43.14,590.72,1053.99
authentic\48223.jpg,Authentic,,0.0007,0.1107,0.0,0.66,11,0.91,7.84,4.43,7.09,865.96,58.01,802.54,988.08
authentic\48241.jpg,Authentic,,0.0007,0.1739,0.0,1.76,24,1.84,20.31,12.5,15.07,5168.69,148.21,5399.61,3374.81
authentic\48244.jpg,Authentic,,0.0001,0.2659,0.0003,0.39,12,0.69,3.25,1.87,4.07,213.74,32.41,197.55,314.29
authentic\48263.jpg,Authentic,,0.0002,0.186,0.0,0.87,12,1.07,12.96,5.88,8.87,1284.57,86.69,1316.73,1164.64
authentic\48342.jpg,Authentic,,0.0001,0.347,0.0046,0.87,17,1.27,6.6,3.24,6.52,614.28,46.45,553.57,1191.76
authentic\48344.jpg,Authentic,,0.0002,0.3926,0.003,0.86,18,1.31,10.77,5.63,10.24,1507.95,67.69,1537.19,1132.51
authentic\48349.jpg,Authentic,,0.0,0.2792,0.0,0.68,12,0.99,5.99,3.21,6.04,610.72,46.96,617.15,390.53
authentic\48350.jpg,Authentic,,0.0784,0.2495,0.2777,0.31,9,0.67,5.52,2.44,5.52,425.08,36.51,398.53,709.07
authentic\48421.jpg,Authentic,,0.0,0.2638,0.0001,0.54,10,0.77,5.99,2.7,4.41,245.39,50.22,255.39,273.81
authentic\48424.jpg,Authentic,,0.0001,0.2095,0.0,0.55,25,1.1,5.35,3.9,9.72,1398.79,50.77,1405.97,1465.55
authentic\48508.jpg,Authentic,,0.0049,0.3815,0.0008,1.06,16,1.32,15.54,7.08,9.92,2302.34,74.68,1980.1,1755.66
authentic\48512.jpg,Authentic,,0.0,0.248,0.0001,0.96,15,1.3,9.23,4.94,8.46,1063.54,68.58,1066.05,701.84
authentic\48532.jpg,Authentic,,0.0019,0.1397,0.0071,0.49,10,0.77,4.53,2.11,3.76,216.12,31.58,208.84,372.97
authentic\48535.jpg,Authentic,,0.0,0.304,0.0,0.73,18,1.11,8.09,5.15,10.21,1660.02,65.56,1657.54,1539.12
authentic\48575.jpg,Authentic,,0.0,0.2335,0.0,1.1,15,1.39,14.63,7.56,10.4,2335.72,96.76,2168.86,2074.65
authentic\48595.jpg,Authentic,,0.0,0.2049,0.0,0.83,16,1.09,5.86,6.51,9.04,1513.57,64.33,1365.72,1079.38
authentic\48638.jpg,Authentic,,0.0,0.186,0.0146,0.49,22,0.99,4.81,2.68,6.44,529.53,40.78,521.08,617.49
authentic\48673.jpg,Authentic,,0.0003,0.1628,0.0002,0.56,7,0.76,5.11,2.54,3.35,170.12,44.97,173.11,132.94
authentic\48678.jpg,Authentic,,0.0002,0.1899,0.0,0.57,8,0.75,2.56,2.53,3.55,222.87,30.76,224.53,164.33
authentic\48789.jpg,Authentic,,0.0,0.2699,0.0,0.58,11,0.87,7.48,3.33,5.66,478.01,51.24,494.72,502.44
authentic\48802.jpg,Authentic,,0.0,0.2772,0.0,1.13,14,1.28,18.65,7.55,9.68,1832.03,100.33,1679.27,1529.83
authentic\48816.jpg,Authentic,,0.0197,0.2585,0.0003,0.48,10,0.77,4.03,2.05,3.94,257.11,40.08,263.37,578.15
authentic\48831.jpg,Authentic,,0.0,0.2386,0.0014,0.84,13,1.08,9.97,4.49,7.62,889.16,70.42,838.94,1007.29
authentic\48836.jpg,Authentic,,0.0,0.2059,0.0,0.37,10,0.67,2.01,1.44,3.4,159.63,19.1,163.43,156.9
authentic\48843.jpg,Authentic,,0.0161,0.3558,0.0599,0.69,14,1.03,4.28,2.18,4.34,246.42,33.84,248.07,230.41
authentic\48901.jpg,Authentic,,0.0001,0.4008,0.0002,0.57,13,0.94,4.68,2.7,6.37,578.47,35.54,547.08,616.17
authentic\48916.jpg,Authentic,,0.0002,0.2561,0.0,0.82,19,1.16,8.35,4.06,6.47,725.79,61.83,791.25,652.31
authentic\49019.jpg,Authentic,,0.1746,0.1591,0.0001,0.53,11,0.78,4.23,3.31,4.99,489.25,42.71,448.01,638.24
authentic\49033.jpg,Authentic,,0.0,0.2868,0.0015,0.53,16,0.9,4.42,2.43,5.49,406.73,38.15,424.75,555.08
authentic\49046.jpg,Authentic,,0.0003,0.2326,0.0002,0.95,14,1.11,9.92,4.39,6.27,651.45,65.32,646.19,717.24
authentic\49057.jpg,Authentic,,0.0004,0.3615,0.0005,0.78,22,1.39,7.8,3.47,7.54,705.4,46.75,615.68,707.05
authentic\49113.jpg,Authentic,,0.0001,0.3426,0.0,0.57,13,0.86,5.05,2.56,4.52,352.83,44.02,357.66,430.91
authentic\49133.jpg,Authentic,,0.0001,0.2645,0.0002,0.64,11,0.93,5.6,2.84,4.88,371.97,42.12,385.85,494.44
authentic\49137.jpg,Authentic,,0.0399,0.2273,0.0002,0.5,18,1.02,3.6,2.65,8.32,1143.45,44.42,1164.08,2820.77
authentic\49170.jpg,Authentic,,0.0589,0.2183,0.0,1.19,14,1.34,17.04,8.85,11.96,3066.98,100.81,2847.53,2942.82
authentic\49206.jpg,Authentic,,0.0003,0.4134,0.0001,0.79,21,1.37,7.86,6.65,13.56,2353.0,83.51,2364.16,2668.16
authentic\49235.jpg,Authentic,,0.0014,0.38,0.0,0.7,13,1.08,7.07,3.88,8.33,1254.35,49.62,1148.13,1140.83
authentic\49342.jpg,Authentic,,0.0002,0.5049,0.0,0.6,12,0.96,6.08,2.75,5.41,356.35,50.03,314.81,282.55
authentic\49400.jpg,Authentic,,0.002,0.2025,0.0001,0.78,12,1.04,13.46,5.51,7.92,1124.16,72.77,995.84,789.56
authentic\49452.jpg,Authentic,,0.0003,0.1514,0.0001,1.3,31,1.51,15.71,8.62,10.16,2705.39,86.34,2740.47,2224.31
authentic\49478.jpg,Authentic,,0.0001,0.3165,0.0008,0.43,8,0.71,2.19,1.95,3.82,171.46,31.24,181.48,162.28
authentic\49507.jpg,Authentic,,0.0,0.2425,0.0,0.6,11,0.84,5.4,3.02,4.73,388.85,43.15,380.77,358.13
authentic\49555.jpg,Authentic,,0.0004,0.1525,0.0001,0.5,13,0.85,5.7,3.14,6.11,619.52,42.46,564.12,862.63
authentic\49596.jpg,Authentic,,0.0026,0.0265,0.0267,0.18,10,0.5,1.02,0.58,2.7,86.2,10.88,88.36,178.87
authentic\49604.jpg,Authentic,,0.0001,0.2224,0.0,0.47,9,0.76,2.98,1.53,3.42,128.18,32.65,120.94,155.0
authentic\49619.jpg,Authentic,,0.0,0.1245,0.0004,1.73,15,1.61,28.79,14.07,13.37,6184.71,133.91,6263.33,2950.67
authentic\49651.jpg,Authentic,,0.0,0.2015,0.0006,0.81,17,1.23,8.94,3.58,6.05,524.88,63.48,536.29,595.34
authentic\49694.jpg,Authentic,,0.004,0.3575,0.0033,0.44,15,0.78,4.49,2.07,4.71,321.03,37.75,335.17,487.85
authentic\49710.jpg,Authentic,,0.1626,0.1789,0.0,0.46,8,0.71,2.54,1.77,2.79,121.2,27.33,123.61,116.88
authentic\49726.jpg,Authentic,,0.231,0.168,0.0001,0.74,12,0.97,7.69,3.74,5.92,762.16,55.15,773.87,1066.59
authentic\49738.jpg,Authentic,,0.0,0.2451,0.0,0.29,6,0.63,2.02,1.06,2.87,75.32,21.74,67.83,74.87
authentic\49763.jpg,Authentic,,0.0001,0.326,0.0002,0.45,7,0.69,2.5,1.72,2.73,105.28,30.09,111.46,97.49
authentic\49824.jpg,Authentic,,0.0002,0.2227,0.0001,0.7,12,0.93,4.89,2.01,3.09,103.14,46.46,112.64,82.85
authentic\49839.jpg,Authentic,,0.0,0.2427,0.0,0.94,18,1.21,12.65,8.11,12.42,2501.07,100.19,2578.84,2125.56
authentic\49914.jpg,Authentic,,0.0213,0.2678,0.0,0.83,18,1.36,4.99,2.63,6.22,439.11,42.22,435.49,375.86
authentic\50005.jpg,Authentic,,0.0,0.3141,0.0,0.6,8,0.87,6.59,3.67,6.26,491.99,54.27,447.57,397.12
authentic\50012.jpg,Authentic,,0.0003,0.2012,0.0003,0.54,11,0.86,3.39,1.89,4.6,290.46,29.64,296.81,508.44
authentic\50098.jpg,Authentic,,0.0,0.2202,0.0,0.89,34,1.39,9.45,4.28,7.55,848.26,59.78,907.68,839.2
authentic\50141.jpg,Authentic,,0.0009,0.2072,0.0002,0.56,11,0.82,7.12,3.86,7.37,766.55,46.39,769.31,703.07
authentic\50159.jpg,Authentic,,0.0,0.2647,0.0,0.58,10,0.83,4.86,3.74,6.14,615.16,44.28,626.54,539.53
authentic\50165.jpg,Authentic,,0.0,0.2719,0.0004,0.67,35,1.25,7.21,4.54,9.32,1379.48,53.28,1405.82,1706.46
authentic\50182.jpg,Authentic,,0.0001,0.3738,0.0,0.43,9,0.75,4.79,2.15,4.31,239.9,37.92,244.14,268.53
authentic\50301.jpg,Authentic,,0.0,0.1844,0.0002,0.32,4,0.56,2.64,1.49,2.28,55.61,30.85,59.55,30.79
authentic\50350.jpg,Authentic,,0.0001,0.4643,0.0,0.78,11,1.11,16.33,9.66,15.61,3292.89,125.81,2789.23,3762.63
authentic\50363.jpg,Authentic,,0.0002,0.3033,0.0,0.64,12,0.9,5.74,2.68,4.93,349.12,48.45,326.22,426.16
authentic\50389.jpg,Authentic,,0.0001,0.253,0.0,0.78,14,1.15,8.51,3.92,7.73,850.33,56.12,864.17,806.98
authentic\50536.jpg,Authentic,,0.0,0.2075,0.0003,0.37,12,0.73,2.87,1.59,3.8,166.6,31.71,156.4,183.08
authentic\50556.jpg,Authentic,,0.0399,0.2228,0.0,0.55,14,0.78,4.71,3.11,5.14,460.34,41.37,470.95,776.93
authentic\50593.jpg,Authentic,,0.0003,0.3991,0.0,0.72,15,1.04,6.18,3.87,7.07,923.25,50.86,935.34,1123.63
authentic\50651.jpg,Authentic,,0.0008,0.1008,0.0003,1.11,9,1.03,23.79,7.74,6.86,1216.99,98.94,1251.23,390.38
authentic\50672.jpg,Authentic,,0.0001,0.3346,0.0,1.01,13,1.25,15.18,7.72,10.78,2107.61,84.49,2136.46,1948.06
authentic\50702.jpg,Authentic,,0.0001,0.2918,0.0155,0.56,18,1.03,3.41,1.6,3.88,167.01,30.48,176.08,315.39
authentic\50708.jpg,Authentic,,0.0,0.0692,0.0,0.8,9,0.88,8.33,4.15,4.92,454.04,58.3,460.04,254.87
authentic\50711.jpg,Authentic,,0.0,0.4374,0.0003,0.31,11,0.67,2.76,1.85,5.64,348.74,30.76,356.48,468.26
authentic\50740.jpg,Authentic,,0.0,0.2017,0.0,1.08,21,1.17,18.88,8.07,9.07,1651.02,103.33,1697.02,1158.78
authentic\50747.jpg,Authentic,,0.0,0.2325,0.0,0.86,15,1.19,11.91,6.16,9.48,1580.38,73.41,1667.21,1051.31
authentic\50769.jpg,Authentic,,0.0001,0.2553,0.0002,0.42,8,0.73,3.93,2.25,5.36,318.83,36.28,365.99,478.82
authentic\50803.jpg,Authentic,,0.0,0.2636,0.0001,0.56,24,0.97,6.26,3.19,6.71,652.34,45.35,710.85,862.52
authentic\50816.jpg,Authentic,,0.2559,0.2644,0.0,0.64,10,0.94,5.45,2.48,4.1,251.09,40.91,254.66,260.53
authentic\50827.jpg,Authentic,,0.0023,0.2053,0.0,0.45,12,0.88,2.91,1.82,5.39,370.54,30.32,382.32,512.28
authentic\50882.jpg,Authentic,,0.0,0.4979,0.0056,0.87,13,1.17,9.97,5.3,8.68,1246.25,59.51,1150.0,1094.12
authentic\50903.jpg,Authentic,,0.0,0.2256,0.0,0.61,12,0.92,6.97,2.81,5.22,383.98,47.33,385.09,421.26
authentic\50949.jpg,Authentic,,0.0005,0.1502,0.0001,0.79,14,0.96,8.66,5.61,7.59,1057.11,68.68,1091.62,798.41
authentic\50986.jpg,Authentic,,0.012,0.3076,0.0009,0.61,14,1.0,9.06,4.97,9.05,1363.62,69.84,1392.62,1565.48
authentic\50998.jpg,Authentic,,0.4016,0.1707,0.0007,2.17,16,1.87,32.79,20.62,17.91,11648.6,188.32,11767.98,5289.66
authentic\51042.jpg,Authentic,,0.0029,0.0423,0.0118,0.24,5,0.53,0.37,0.43,0.79,6.76,11.78,6.97,5.44
authentic\51054.jpg,Authentic,,0.0,0.2866,0.0,0.63,18,1.16,4.5,4.71,12.15,2109.4,57.66,4780.85,8395.63
authentic\51111.jpg,Authentic,,0.0001,0.1011,0.0061,1.18,21,1.54,8.14,6.23,10.06,1443.08,77.19,1504.35,997.05
authentic\51136.jpg,Authentic,,0.0043,0.2018,0.0003,0.49,15,0.9,3.07,1.85,5.37,360.77,34.07,380.25,652.05
authentic\51161.jpg,Authentic,,0.0001,0.3207,0.0,0.51,11,0.86,5.18,2.77,6.06,481.98,48.02,497.51,464.97
authentic\51186.jpg,Authentic,,0.0,0.1824,0.0,1.15,17,1.27,15.0,7.1,8.58,1650.05,80.78,1618.69,903.74
authentic\51199.jpg,Authentic,,0.0011,0.1623,0.0001,0.44,12,0.69,2.72,2.25,3.75,184.92,34.74,185.73,169.62
authentic\51279.jpg,Authentic,,0.0002,0.1318,0.0,1.15,26,1.31,18.2,7.47,8.28,1605.99,84.84,1635.98,1304.41
authentic\51323.jpg,Authentic,,0.0001,0.1881,0.0,0.96,23,1.47,6.17,4.68,9.71,1237.37,66.34,1262.08,736.21
authentic\51440.jpg,Authentic,,0.0,0.2522,0.0,0.57,12,0.84,6.96,3.08,5.56,452.36,49.91,465.06,521.86
authentic\51452.jpg,Authentic,,0.0033,0.3328,0.0037,0.76,13,1.01,9.18,4.39,6.72,814.32,58.0,843.14,921.77
authentic\51458.jpg,Authentic,,0.0003,0.3306,0.0001,0.65,20,0.9,7.39,3.35,6.28,570.32,55.53,558.77,782.05
authentic\51468.jpg,Authentic,,0.0,0.3041,0.0,1.14,43,1.57,12.37,8.01,12.12,2353.42,91.71,2208.29,1477.0
authentic\51514.jpg,Authentic,,0.0,0.1848,0.0003,0.51,8,0.82,4.07,2.43,4.95,405.66,31.91,363.99,560.04
authentic\51518.jpg,Authentic,,0.0,0.197,0.0,1.59,29,1.98,14.0,10.06,14.19,3548.31,115.81,3599.23,1720.69
authentic\51545.jpg,Authentic,,0.0075,0.2641,0.0003,0.59,8,0.8,4.81,2.78,4.08,282.57,42.99,320.74,447.21
authentic\51575.jpg,Authentic,,0.0002,0.0984,0.0,1.42,21,1.46,17.83,8.59,10.72,2927.56,96.66,2898.58,1549.78
authentic\51588.jpg,Authentic,,0.0,0.1441,0.0,1.25,15,1.26,13.88,6.81,8.69,1525.67,95.46,1605.02,571.96
authentic\51662.jpg,Authentic,,0.0008,0.3537,0.0001,0.95,13,1.31,14.75,6.59,9.58,1656.45,84.4,1694.07,1658.49
authentic\51675.jpg,Authentic,,0.0002,0.3004,0.0,0.5,10,0.79,3.18,2.03,4.02,231.4,33.41,222.7,303.55
authentic\51677.jpg,Authentic,,0.1117,0.2586,0.0174,0.41,13,0.89,3.12,2.04,5.4,489.77,23.54,500.38,603.32
authentic\51683.jpg,Authentic,,0.0,0.4166,0.0,0.62,12,0.89,7.57,2.85,4.74,334.93,46.67,341.91,365.54
authentic\51688.jpg,Authentic,,0.0001,0.1879,0.0005,0.65,8,0.82,5.62,2.81,4.1,233.96,45.55,236.99,204.3
authentic\51689.jpg,Authentic,,0.0002,0.1774,0.0,1.11,25,1.44,11.19,4.38,5.91,544.66,75.21,561.76,418.68
authentic\51698.jpg,Authentic,,0.0087,0.1014,0.0002,0.22,10,0.47,2.35,1.38,3.29,149.7,23.58,150.25,479.64
authentic\51726.jpg,Authentic,,0.1508,0.185,0.0,1.16,12,1.17,21.77,8.12,8.56,1684.43,112.15,1735.76,993.68
authentic\51738.jpg,Authentic,,0.0,0.1921,0.0022,0.25,10,0.58,1.95,1.23,3.51,160.54,20.99,165.15,284.18
authentic\51760.jpg,Authentic,,0.0002,0.2304,0.0001,0.54,13,0.87,3.69,1.93,4.27,246.36,36.24,236.35,402.96
authentic\51768.jpg,Authentic,,0.0005,0.289,0.0,0.8,14,1.14,7.86,5.05,9.85,1551.7,72.81,1576.74,2427.24
authentic\51772.jpg,Authentic,,0.0147,0.0916,0.0006,1.06,12,1.07,18.55,8.6,8.45,1828.02,90.92,1788.7,954.87
authentic\51780.jpg,Authentic,,0.0001,0.2151,0.0001,0.93,18,1.29,10.34,6.19,11.51,2097.02,71.77,2126.71,1961.76
authentic\51836.jpg,Authentic,,0.0004,0.4743,0.0,0.6,14,0.95,6.32,2.64,5.18,358.38,45.69,351.1,368.26
authentic\51845.jpg,Authentic,,0.0002,0.1973,0.0001,0.8,25,1.08,8.84,4.18,6.19,588.29,64.66,618.13,627.51
authentic\51856.jpg,Authentic,,0.0,0.3321,0.0,1.56,17,1.77,17.71,10.02,13.4,4769.51,111.22,4412.21,3925.62
authentic\51865.jpg,Authentic,,0.0,0.3113,0.0024,0.57,12,0.9,4.73,2.61,5.52,407.38,46.24,418.25,555.64
authentic\51942.jpg,Authentic,,0.0001,0.224,0.0,0.64,27,1.08,6.16,3.99,8.36,966.41,52.6,982.17,877.06
authentic\51951.jpg,Authentic,,0.0,0.4083,0.0676,0.36,12,0.76,4.22,1.88,5.09,303.1,32.7,310.47,405.96
authentic\51968.jpg,Authentic,,0.0,0.2399,0.0,1.82,27,1.94,17.16,10.58,13.15,3545.44,111.31,3410.77,2443.3
authentic\51976.jpg,Authentic,,0.0003,0.1079,0.0002,0.52,7,0.71,4.76,2.61,3.43,150.15,45.3,162.06,80.36
authentic\51978.jpg,Authentic,,0.0,0.1981,0.0,0.8,10,1.13,14.4,8.01,12.15,2390.21,102.48,2478.93,2978.1
authentic\52052.jpg,Authentic,,0.0001,0.183,0.0,0.75,16,1.1,7.83,4.34,7.9,1037.22,58.12,1396.38,2287.24
authentic\52070.jpg,Authentic,,0.0,0.299,0.0,0.52,11,0.86,7.29,3.96,7.47,899.77,53.76,789.82,727.14
authentic\52074.jpg,Authentic,,0.0011,0.2163,0.0005,0.69,11,0.83,6.13,2.99,3.82,283.51,49.92,290.79,269.3
authentic\52106.jpg,Authentic,,0.0071,0.2708,0.0001,0.58,12,0.9,5.37,3.2,5.83,616.19,41.42,602.01,574.67
authentic\52142.jpg,Authentic,,0.0002,0.2271,0.0,1.16,15,1.63,17.29,12.22,18.37,6247.42,139.39,6407.61,7339.99
authentic\52152.jpg,Authentic,,0.0001,0.2387,0.0013,0.45,13,0.85,3.47,2.39,6.89,1327.69,30.94,1217.65,5296.27
authentic\52168.jpg,Authentic,,0.0002,0.1844,0.0,0.76,21,1.12,5.85,3.68,6.21,613.78,50.52,604.78,673.5
authentic\52169.jpg,Authentic,,0.0001,0.2048,0.0,0.65,16,0.99,4.21,1.95,2.98,111.49,37.32,118.13,62.27
authentic\52170.jpg,Authentic,,0.0002,0.2317,0.0,0.78,15,1.04,7.42,4.02,6.38,732.25,58.12,799.46,528.14
authentic\52191.jpg,Authentic,,0.0001,0.4134,0.0001,0.62,12,1.01,6.41,2.67,5.33,436.21,40.73,446.75,597.37
authentic\52207.jpg,Authentic,,0.0,0.2438,0.0001,0.51,9,0.78,3.93,1.96,3.39,147.89,36.95,145.05,163.36
authentic\52259.jpg,Authentic,,0.0,0.3697,0.0,0.51,14,0.86,5.11,2.99,6.1,535.03,41.97,633.61,490.88
authentic\52461.jpg,Authentic,,0.0,0.1999,0.0001,0.5,10,0.86,3.54,2.5,5.83,376.36,41.35,344.75,546.55
authentic\52506.jpg,Authentic,,0.0003,0.289,0.0,1.67,19,1.72,22.73,10.52,12.02,4046.68,109.58,3590.43,2763.06
authentic\52533.jpg,Authentic,,0.0001,0.3009,0.0,0.72,19,0.99,6.42,3.1,6.25,493.64,59.51,495.19,524.71
authentic\52550.jpg,Authentic,,0.0006,0.2939,0.0002,0.34,9,0.7,3.23,1.96,4.82,274.6,31.93,285.53,296.05
authentic\52551.jpg,Authentic,,0.0004,0.3199,0.0019,1.09,18,1.34,9.79,4.44,6.04,688.89,60.13,701.97,541.49
authentic\52572.jpg,Authentic,,0.0,0.2357,0.0,0.6,11,0.8,4.13,2.59,3.99,223.69,40.08,207.56,227.01
authentic\52589.jpg,Authentic,,0.0179,0.1222,0.0,1.6,17,1.61,20.3,8.77,9.71,2258.27,111.71,2298.95,985.26
authentic\52599.jpg,Authentic,,0.0003,0.2541,0.0001,0.64,38,1.14,5.71,3.19,6.36,558.56,43.32,565.65,838.55
authentic\52607.jpg,Authentic,,0.0005,0.1986,0.0001,0.39,5,0.65,2.29,1.42,2.3,54.13,30.23,59.82,35.44
authentic\52619.jpg,Authentic,,0.0,0.1668,0.0031,0.39,6,0.68,4.85,1.91,3.49,159.39,37.55,169.06,227.63
authentic\52626.jpg,Authentic,,0.0151,0.1,0.0023,0.19,10,0.67,2.03,1.81,7.71,659.83,22.84,628.07,791.43
authentic\52630.jpg,Authentic,,0.0,0.2728,0.0001,0.48,10,0.85,4.67,2.03,4.57,293.5,35.63,286.86,432.1
authentic\52642.jpg,Authentic,,0.0002,0.0507,0.0002,0.46,9,0.72,2.33,2.4,4.59,322.79,34.81,323.18,462.48
authentic\52695.jpg,Authentic,,0.0001,0.3424,0.0008,1.18,17,1.41,21.09,10.0,13.67,3891.92,120.08,3957.1,4028.56
authentic\52701.jpg,Authentic,,0.001,0.355,0.0358,0.56,25,1.0,3.53,2.14,6.38,532.43,34.91,543.69,1338.31
authentic\52717.jpg,Authentic,,0.0003,0.1809,0.0001,0.55,10,0.87,5.22,2.4,4.97,335.9,46.67,343.2,379.71
authentic\52722.jpg,Authentic,,0.0001,0.1237,0.0,1.29,15,1.41,10.84,6.68,9.15,1430.46,96.59,1463.58,690.05
authentic\52734.jpg,Authentic,,0.0009,0.3456,0.0,0.95,11,1.16,11.91,5.1,7.68,1245.94,63.03,1344.91,1289.81
authentic\52745.jpg,Authentic,,0.0,0.2028,0.0006,0.4,7,0.64,2.46,1.28,1.96,44.04,35.84,49.59,48.83
authentic\52750.jpg,Authentic,,0.0233,0.3605,0.0004,0.59,17,0.95,4.42,2.53,4.57,391.99,33.69,397.31,502.91
authentic\52781.jpg,Authentic,,0.0016,0.3674,0.0002,0.81,10,1.11,10.97,5.06,7.76,1326.17,56.78,1342.35,1278.95
authentic\52798.jpg,Authentic,,0.0002,0.1684,0.0002,0.56,10,0.81,4.57,2.87,4.68,343.68,40.98,342.17,358.05
authentic\52803.jpg,Authentic,,0.0,0.1234,0.0,0.77,8,0.91,10.11,4.04,5.37,372.72,78.07,386.36,262.83
authentic\52813.jpg,Authentic,,0.0009,0.1488,0.0004,1.04,21,1.33,10.63,5.86,8.64,1268.17,76.59,1295.62,1236.22
authentic\52822.jpg,Authentic,,0.0017,0.3045,0.0007,0.62,13,1.09,5.67,4.56,10.06,1672.75,51.48,1457.96,2006.58
authentic\52836.jpg,Authentic,,0.0,0.1655,0.0001,0.34,12,0.72,3.34,1.73,4.98,290.4,30.67,306.34,542.99
authentic\52838.jpg,Authentic,,0.0011,0.3108,0.0,0.67,28,1.36,3.55,3.49,7.66,725.25,46.93,678.48,969.03
authentic\52840.jpg,Authentic,,0.001,0.3746,0.0007,0.61,11,0.93,6.09,4.79,10.94,1411.25,52.5,1346.31,899.9
authentic\52861.jpg,Authentic,,0.0014,0.006,0.1034,0.31,13,0.78,2.29,1.7,6.33,596.28,21.02,551.52,1481.95
authentic\52926.jpg,Authentic,,0.0,0.1951,0.0,0.71,16,1.0,7.68,5.27,8.98,1161.68,67.42,1092.62,737.27
authentic\52954.jpg,Authentic,,0.0021,0.2401,0.0002,0.69,22,1.1,7.36,3.36,6.45,552.18,57.64,579.69,507.58
authentic\53102.jpg,Authentic,,0.0007,0.2155,0.0001,0.79,11,0.95,12.02,5.08,6.56,786.89,68.36,767.21,586.97
authentic\53114.jpg,Authentic,,0.0,0.1999,0.0,0.78,10,0.98,7.6,3.97,6.56,645.67,53.91,573.05,796.73
authentic\53145.jpg,Authentic,,0.0085,0.3041,0.0039,0.31,7,0.59,3.96,2.32,5.27,318.15,43.72,329.02,441.92
authentic\53167.jpg,Authentic,,0.002,0.5158,0.2161,0.55,24,0.94,4.01,3.42,7.17,723.02,41.8,706.41,962.07
authentic\53211.jpg,Authentic,,0.0,0.2221,0.0,0.82,13,1.09,10.2,6.04,9.3,1625.89,66.9,1736.59,1188.32
authentic\53217.jpg,Authentic,,0.0012,0.2287,0.0,0.59,13,0.8,4.57,2.76,4.37,305.11,42.9,311.82,395.72
authentic\53229.jpg,Authentic,,0.0,0.3393,0.0,0.68,11,0.99,6.47,3.83,7.38,776.49,56.94,762.15,636.16
authentic\53237.jpg,Authentic,,0.0005,0.2874,0.0,0.68,11,0.93,6.79,3.42,6.39,553.73,60.78,520.05,506.08
authentic\53239.jpg,Authentic,,0.0814,0.2697,0.0035,0.49,25,0.84,1.86,1.68,3.37,152.26,26.74,143.32,138.62
authentic\53270.jpg,Authentic,,0.0044,0.2221,0.0002,0.65,12,0.94,8.23,3.95,6.8,770.52,53.67,787.29,820.76
authentic\53277.jpg,Authentic,,0.0013,0.5269,0.0,0.67,18,1.15,5.41,4.76,11.46,1747.13,68.71,1808.07,2534.13
authentic\53315.jpg,Authentic,,0.0022,0.3096,0.0003,0.47,11,0.77,4.98,2.4,4.76,336.0,38.33,347.7,406.81
authentic\53322.jpg,Authentic,,0.0,0.2895,0.0,0.74,22,1.18,6.19,3.19,6.25,510.72,47.93,526.08,590.05
authentic\53328.jpg,Authentic,,0.0,0.2391,0.0001,0.46,9,0.77,3.52,2.26,4.45,272.99,31.54,279.85,238.76
authentic\53388.jpg,Authentic,,0.0,0.3126,0.0001,0.95,18,1.33,10.99,6.97,12.17,2576.83,86.76,2634.44,3151.25
authentic\53400.jpg,Authentic,,0.0005,0.416,0.0003,0.71,16,1.11,7.28,3.1,5.27,485.56,42.71,436.64,732.26
authentic\53401.jpg,Authentic,,0.0002,0.256,0.0002,0.58,20,1.13,4.16,3.81,11.3,1661.6,51.87,1591.33,2027.24
authentic\53436.jpg,Authentic,,0.0,0.3382,0.3013,0.41,14,0.76,3.99,2.36,5.16,402.15,31.94,410.66,431.94
authentic\53443.jpg,Authentic,,0.0,0.2263,0.0,1.77,24,1.84,25.7,14.96,16.39,7400.72,162.64,7645.12,4706.93
authentic\53451.jpg,Authentic,,0.0001,0.1648,0.0,0.61,12,0.89,7.64,3.57,5.95,501.18,53.83,522.5,346.0
authentic\53483.jpg,Authentic,,0.0001,0.1662,0.0002,0.52,16,0.97,3.02,2.26,6.92,671.58,34.47,668.87,1319.77
authentic\53525.jpg,Authentic,,0.0002,0.3286,0.0,0.68,13,0.89,8.14,3.31,4.96,422.3,54.64,418.53,477.42
authentic\53529.jpg,Authentic,,0.0002,0.2537,0.0,0.91,15,1.21,11.33,5.0,7.35,972.3,73.94,1002.5,1049.56
authentic\53537.jpg,Authentic,,0.0,0.0,0.0,0.56,26,1.46,5.51,4.5,12.23,2008.76,55.33,1775.09,3149.14
authentic\53559.jpg,Authentic,,0.0001,0.3996,0.0022,0.61,17,1.06,4.64,2.62,6.48,549.05,40.24,564.45,797.99
authentic\53560.jpg,Authentic,,0.002,0.2383,0.0004,0.83,15,1.05,12.14,5.22,7.77,1014.41,64.74,1282.33,1072.06
authentic\53588.jpg,Authentic,,0.0002,0.2947,0.0,0.37,7,0.69,2.79,1.51,3.8,170.87,30.04,169.4,197.04
authentic\53599.jpg,Authentic,,0.0019,0.1354,0.0002,0.46,18,0.8,3.26,1.92,5.18,313.98,33.95,284.4,645.17
authentic\53613.jpg,Authentic,,0.0004,0.3851,0.0,0.59,18,1.22,5.08,3.28,8.94,1276.92,40.82,1124.22,1808.96
authentic\53637.jpg,Authentic,,0.0025,0.1145,0.0006,0.64,14,1.18,7.92,5.69,12.92,2708.46,70.26,2720.74,4428.85
authentic\53651.jpg,Authentic,,0.0,0.2372,0.0,0.52,10,0.76,3.75,2.34,3.64,208.47,35.65,210.88,182.43
authentic\53667.jpg,Authentic,,0.0,0.2184,0.0,1.09,14,1.32,14.95,8.27,10.61,2260.69,90.88,2248.77,1793.31
authentic\53673.jpg,Authentic,,0.0003,0.2272,0.0,0.96,11,1.09,13.43,6.78,8.55,1379.54,81.64,1330.78,861.73
authentic\53692.jpg,Authentic,,0.0,0.2663,0.0,0.85,17,1.17,9.98,6.77,11.16,2552.2,81.95,2572.53,2095.12
authentic\53693.jpg,Authentic,,0.0027,0.214,0.0012,0.8,17,1.07,9.45,5.1,7.3,889.04,64.32,984.36,922.15
authentic\53697.jpg,Authentic,,0.0001,0.1204,0.0,0.64,8,0.78,6.15,3.16,3.98,242.65,54.05,246.68,121.15
authentic\53700.jpg,Authentic,,0.0002,0.2513,0.0,0.67,9,0.92,7.64,3.5,5.75,473.43,63.08,466.86,500.83
authentic\53716.jpg,Authentic,,0.0006,0.2194,0.0002,1.07,19,1.41,9.58,5.23,8.35,1205.83,68.99,1243.91,715.57
authentic\53781.jpg,Authentic,,0.0003,0.1636,0.0,0.88,18,1.01,8.25,5.68,7.49,1033.72,66.9,1053.41,746.57
authentic\53805.jpg,Authentic,,0.0,0.1918,0.0,1.38,21,1.55,19.18,10.4,12.75,3921.87,112.05,4128.64,3593.94
authentic\53814.jpg,Authentic,,0.0,0.2513,0.0,1.59,21,1.63,22.45,12.2,13.38,4726.24,130.5,4805.73,2383.91
authentic\53834.jpg,Authentic,,0.0002,0.0665,0.006,0.25,10,0.62,1.26,1.05,3.67,159.78,22.59,166.69,477.89
authentic\53835.jpg,Authentic,,0.0,0.178,0.0002,0.65,11,0.88,5.72,3.26,5.07,429.24,49.63,438.6,293.57
authentic\53836.jpg,Authentic,,0.0003,0.0,0.0532,0.29,12,0.74,2.4,0.92,3.47,106.22,17.39,96.18,191.18
authentic\53845.jpg,Authentic,,0.0,0.1838,0.0,0.96,12,1.12,11.77,6.4,8.93,1490.11,82.63,1542.78,680.02
authentic\53858.jpg,Authentic,,0.0003,0.2604,0.0001,0.99,14,1.24,17.5,7.79,10.24,2109.83,89.99,2150.15,1409.3
authentic\53860.jpg,Authentic,,0.0001,0.5096,0.0001,1.72,27,1.99,21.1,15.5,19.75,10450.79,137.94,9573.77,9156.11
authentic\53869.jpg,Authentic,,0.0,0.3372,0.0018,0.4,10,0.74,3.06,1.95,4.73,272.91,36.09,255.4,310.29
authentic\53875.jpg,Authentic,,0.0007,0.1981,0.0001,1.01,20,1.25,10.02,5.32,7.18,1000.79,62.21,1017.07,909.51
authentic\53881.jpg,Authentic,,0.0017,0.3187,0.0001,0.59,13,0.96,5.19,2.75,6.58,649.12,40.31,666.59,936.04
authentic\53888.jpg,Authentic,,0.0006,0.274,0.0,0.81,12,1.11,11.95,4.76,7.61,1018.58,62.23,1035.54,973.3
authentic\53897.jpg,Authentic,,0.0,0.3036,0.0,0.5,9,0.76,6.68,4.15,7.91,821.24,64.03,774.26,906.88
authentic\53909.jpg,Authentic,,0.0,0.1605,0.0,1.26,23,1.5,15.4,8.57,11.63,2460.33,101.89,2519.72,1865.63
authentic\53911.jpg,Authentic,,0.0001,0.1818,0.0,0.59,10,0.85,7.23,3.59,5.99,587.45,44.15,594.13,726.62
authentic\53913.jpg,Authentic,,0.0007,0.2309,0.0014,0.45,16,0.99,4.16,2.05,5.69,502.22,27.45,504.8,819.54
authentic\53921.jpg,Authentic,,0.0009,0.2533,0.0002,0.5,8,0.7,10.14,4.04,5.7,496.86,64.54,505.24,546.36
authentic\53923.jpg,Authentic,,0.0002,0.2501,0.0,1.0,18,1.27,10.43,7.37,11.67,3366.99,63.17,3351.13,4055.21
authentic\53947.jpg,Authentic,,0.0,0.3622,0.0,0.77,12,1.04,8.64,5.5,8.34,973.75,71.88,1010.54,556.07
authentic\53949.jpg,Authentic,,0.0001,0.1415,0.0,1.4,27,1.35,24.2,9.2,8.8,2062.57,108.14,2092.32,1012.21
authentic\53969.jpg,Authentic,,0.0019,0.2031,0.0337,0.68,21,1.37,7.0,4.46,10.76,1635.38,47.74,1748.18,2619.87
authentic\53992.jpg,Authentic,,0.0007,0.195,0.0003,0.79,13,1.09,8.74,5.57,9.25,1284.07,76.87,1321.94,1321.93
authentic\54012.jpg,Authentic,,0.0151,0.0917,0.0001,1.38,17,1.37,24.54,10.4,9.97,2687.41,110.24,2720.97,1231.45
authentic\54029.jpg,Authentic,,0.0008,0.1299,0.0015,1.39,22,1.55,16.01,9.07,11.37,3201.56,93.79,3143.87,3172.43
authentic\54035.jpg,Authentic,,0.0001,0.0979,0.0,2.3,20,1.96,34.69,18.62,15.72,9695.4,177.47,9962.28,2816.13
authentic\54038.jpg,Authentic,,0.0713,0.1703,0.0,0.73,13,0.92,12.17,5.03,6.62,746.51,85.31,763.33,888.78
authentic\54041.jpg,Authentic,,0.0236,0.3079,0.0015,1.0,22,1.35,7.5,3.32,5.98,494.34,60.73,504.7,751.52
authentic\54046.jpg,Authentic,,0.0002,0.1837,0.0,1.03,32,1.56,8.46,4.05,6.16,577.37,61.86,540.16,425.17
authentic\54055.jpg,Authentic,,0.6232,0.0,0.1987,0.27,15,0.76,2.28,1.13,3.54,145.37,15.33,145.65,250.04
authentic\54062.jpg,Authentic,,0.0,0.3317,0.0013,0.34,8,0.64,2.38,1.24,2.73,96.47,24.12,99.76,89.87
authentic\54066.jpg,Authentic,,0.0018,0.2298,0.0001,0.38,14,0.78,1.58,1.18,2.04,51.15,22.63,50.62,45.19
authentic\54084.jpg,Authentic,,0.0,0.206,0.0,0.72,15,0.99,9.43,4.09,6.59,706.05,67.8,633.92,1259.91
authentic\54085.jpg,Authentic,,0.0001,0.3248,0.0011,0.51,13,0.91,6.39,2.75,6.2,562.68,45.74,507.55,650.0
authentic\54102.jpg,Authentic,,0.0,0.2478,0.0,0.62,12,0.91,6.0,2.94,5.44,444.19,49.28,531.35,875.17
authentic\54135.jpg,Authentic,,0.0003,0.12,0.0001,0.73,9,0.86,6.85,3.5,4.21,308.83,55.33,316.53,207.65
authentic\54139.jpg,Authentic,,0.0,0.2501,0.0002,0.67,14,1.03,6.57,4.46,9.31,1229.93,62.58,1260.92,1830.78
authentic\54150.jpg,Authentic,,0.0,0.0881,0.0002,0.73,16,0.89,6.86,3.27,4.72,339.26,59.14,343.62,348.7
authentic\54152.jpg,Authentic,,0.0,0.3822,0.0031,0.52,11,0.88,5.19,3.03,6.87,502.5,45.43,494.67,653.19
authentic\54157.jpg,Authentic,,0.0005,0.2233,0.0002,0.61,23,1.07,4.72,3.21,8.58,946.84,46.71,916.54,1671.75
authentic\54161.jpg,Authentic,,0.0,0.2193,0.0,0.85,13,1.08,8.88,4.56,7.73,975.5,67.01,1133.6,1169.38
authentic\54173.jpg,Authentic,,0.001,0.2681,0.0,0.63,12,1.01,7.64,3.84,7.06,899.15,48.06,926.37,859.77
authentic\54177.jpg,Authentic,,0.777,0.2016,0.0027,0.45,8,0.65,5.42,3.59,6.56,499.64,60.66,569.99,459.34
authentic\54186.jpg,Authentic,,0.7816,0.2743,0.02,0.5,8,0.71,6.86,3.1,5.95,350.73,58.47,362.21,409.75
authentic\54193.jpg,Authentic,,0.0001,0.1532,0.0001,0.55,9,0.77,5.66,3.04,5.49,424.96,39.9,427.45,500.4
authentic\54211.jpg,Authentic,,0.0,0.1351,0.0,0.96,39,1.65,6.04,4.0,7.48,816.66,54.97,831.0,1517.32
authentic\54254.jpg,Authentic,,0.0,0.1796,0.0,0.74,15,1.04,8.5,4.67,8.15,953.61,58.55,932.65,1124.14
authentic\54285.jpg,Authentic,,0.0,0.3975,0.0,0.72,15,1.04,6.56,3.16,6.77,678.91,50.64,662.25,889.51
authentic\54287.jpg,Authentic,,0.0001,0.4123,0.0,0.48,13,0.91,4.85,3.01,8.1,968.22,35.31,976.39,1007.8
authentic\54293.jpg,Authentic,,0.001,0.3571,0.0,0.46,12,0.78,3.89,2.0,5.17,263.77,37.22,239.75,432.69
authentic\54297.jpg,Authentic,,0.0,0.1819,0.0,1.23,13,1.32,18.82,9.62,11.6,2929.91,112.15,2993.34,2093.12
authentic\54308.jpg,Authentic,,0.0,0.2998,0.0002,0.7,17,1.19,7.57,4.37,7.85,859.31,52.18,829.08,905.25
authentic\54313.jpg,Authentic,,0.0,0.1534,0.0001,0.71,20,1.08,9.83,6.26,11.15,1816.52,79.23,1800.62,1822.79
authentic\54314.jpg,Authentic,,0.0002,0.3214,0.0,1.14,23,1.57,13.74,6.17,9.78,1801.58,78.86,1820.84,2179.25
authentic\54327.jpg,Authentic,,0.031,0.0977,0.2483,0.26,8,0.6,1.3,0.9,3.19,114.76,15.75,98.48,178.56
authentic\54337.jpg,Authentic,,0.0,0.1179,0.0,0.36,5,0.6,1.68,1.25,1.57,26.41,32.83,30.07,13.6
authentic\54360.jpg,Authentic,,0.0,0.1517,0.0001,0.73,9,0.98,13.59,6.38,9.2,1436.4,79.09,1466.76,1186.24
authentic\54395.jpg,Authentic,,0.0,0.1853,0.0,0.66,12,0.88,4.04,2.82,5.56,410.34,41.87,418.07,532.52
authentic\54411.jpg,Authentic,,0.0001,0.1701,0.0001,0.48,11,0.8,3.76,2.02,4.33,218.84,34.62,222.42,292.74
authentic\54417.jpg,Authentic,,0.0001,0.3165,0.0001,0.5,15,0.86,5.47,2.48,5.35,356.98,41.41,394.3,423.42
authentic\54445.jpg,Authentic,,0.2307,0.1222,0.0001,0.41,10,0.76,2.16,1.87,4.94,266.04,29.91,234.29,274.05
authentic\54467.jpg,Authentic,,0.0001,0.1386,0.0005,0.57,14,0.94,4.19,2.17,5.16,346.0,33.97,337.9,523.95
authentic\54468.jpg,Authentic,,0.0002,0.1668,0.0,1.41,30,1.76,15.91,9.91,14.14,3804.96,109.86,3569.16,2723.41
authentic\54526.jpg,Authentic,,0.0008,0.1837,0.0004,0.63,10,0.91,5.85,2.4,4.21,260.26,42.52,266.94,405.77
authentic\54529.jpg,Authentic,,0.0,0.4139,0.0,0.48,9,0.77,4.99,2.46,4.47,277.62,44.98,256.6,220.11
authentic\54538.jpg,Authentic,,0.0005,0.2533,0.0001,0.48,9,0.82,5.17,2.25,4.51,274.64,38.09,255.51,287.22
authentic\54540.jpg,Authentic,,0.0002,0.4197,0.0001,1.06,18,1.34,11.08,5.57,8.36,1745.86,60.7,1646.82,2037.29
authentic\54541.jpg,Authentic,,0.0027,0.2263,0.0,1.42,21,1.46,21.09,10.16,12.76,3331.64,130.49,3383.86,2777.89
authentic\54568.jpg,Authentic,,0.0,0.2436,0.0,0.66,10,0.89,7.0,4.78,9.17,833.92,73.11,958.47,1221.11
authentic\54570.jpg,Authentic,,0.0,0.1108,0.0,1.4,20,1.71,15.62,10.93,15.33,4651.93,125.04,4742.21,2717.72
authentic\54572.jpg,Authentic,,0.0002,0.2431,0.0001,0.51,16,0.76,7.22,3.0,6.3,497.53,54.19,1139.75,4358.55
authentic\54611.jpg,Authentic,,0.0132,0.1899,0.0002,1.2,15,1.31,16.46,7.93,9.77,2190.87,95.91,2103.09,1801.07
authentic\54620.jpg,Authentic,,0.0,0.3017,0.0,1.43,20,1.64,14.41,10.1,13.91,3426.9,115.41,3158.34,2748.75
authentic\54629.jpg,Authentic,,0.0001,0.4312,0.0001,0.64,16,1.05,4.22,3.24,8.96,1197.96,48.87,1193.45,3370.39
authentic\54632.jpg,Authentic,,0.0098,0.352,0.0,1.11,23,1.43,11.19,5.34,9.12,1415.5,74.42,1425.43,1233.87
authentic\54666.jpg,Authentic,,0.0,0.2516,0.3072,0.46,12,0.82,3.0,1.67,3.64,194.96,26.18,177.33,249.79
authentic\54672.jpg,Authentic,,0.0005,0.2321,0.0,0.87,18,1.19,11.39,7.11,11.18,1971.65,90.9,1867.62,1628.84
authentic\54711.jpg,Authentic,,0.0002,0.0167,0.0048,0.47,14,0.91,5.06,2.08,4.89,336.23,31.89,299.26,537.38
authentic\54725.jpg,Authentic,,0.0,0.1563,0.0,0.76,10,0.93,6.89,3.69,5.29,528.89,45.77,535.2,806.46
authentic\54758.jpg,Authentic,,0.0321,0.0662,0.0015,0.52,17,0.94,2.16,1.96,6.65,698.09,26.56,599.67,1402.02
authentic\54769.jpg,Authentic,,0.0015,0.1046,0.0126,0.38,13,0.73,2.65,1.27,3.21,123.25,24.14,119.58,202.74
authentic\54796.jpg,Authentic,,0.0001,0.2899,0.0005,0.59,10,0.86,6.05,2.9,4.93,375.01,45.03,379.81,386.72
authentic\54810.jpg,Authentic,,0.0,0.2744,0.0,1.11,31,1.7,9.64,6.36,11.91,2503.7,76.18,2518.82,3581.23
authentic\54827.jpg,Authentic,,0.0001,0.0722,0.0,0.59,8,0.75,3.33,2.21,2.86,129.21,38.29,136.05,98.16
authentic\54857.jpg,Authentic,,0.0,0.2071,0.0,0.41,15,0.79,3.58,2.07,5.26,437.16,34.15,421.53,1322.57
authentic\54909.jpg,Authentic,,0.0005,0.3684,0.0001,0.33,12,0.59,1.99,1.64,3.63,156.69,22.21,158.36,117.82
authentic\54924.jpg,Authentic,,0.0004,0.3209,0.0,0.83,23,1.3,7.01,3.45,6.49,654.81,56.73,613.32,704.1
authentic\54933.jpg,Authentic,,0.0137,0.3727,0.0,0.55,10,0.89,7.54,3.99,7.68,862.66,58.55,856.26,817.58
authentic\54939.jpg,Authentic,,0.0001,0.1329,0.0,0.91,13,1.0,13.47,5.69,6.94,953.09,78.49,975.01,1122.96
authentic\54988.jpg,Authentic,,0.0,0.3215,0.0,0.56,14,0.89,7.25,3.42,5.97,497.38,49.68,517.36,510.65
authentic\54999.jpg,Authentic,,0.0,0.2934,0.0004,1.1,17,1.28,16.29,7.25,9.5,2118.15,86.17,2148.21,2327.94
authentic\55072.jpg,Authentic,,0.0019,0.0663,0.0036,0.73,9,0.82,10.88,4.74,5.63,520.69,73.93,629.38,658.15
authentic\55103.jpg,Authentic,,0.2025,0.2244,0.0001,0.99,17,1.22,10.25,5.49,9.26,1429.96,73.42,1457.12,989.98
authentic\55138.jpg,Authentic,,0.0017,0.3748,0.0,0.84,20,1.19,9.91,5.27,8.97,1012.05,83.06,1015.38,781.26
authentic\55143.jpg,Authentic,,0.0,0.2261,0.0,0.59,10,0.84,4.9,2.37,3.96,255.3,39.31,260.99,326.54
authentic\55148.jpg,Authentic,,0.0063,0.2995,0.0009,0.32,7,0.57,4.87,2.56,4.82,244.85,52.47,283.82,223.26
authentic\55168.jpg,Authentic,,0.0007,0.1744,0.0001,0.57,9,0.78,5.27,2.95,4.1,260.71,48.34,264.03,143.66
authentic\55198.jpg,Authentic,,0.0,0.1661,0.0001,0.69,16,1.01,8.6,4.68,8.23,1029.05,59.36,1067.07,1192.39
authentic\55230.jpg,Authentic,,0.0,0.2076,0.0,0.5,12,0.85,5.32,2.38,5.2,374.59,41.81,338.64,467.43
authentic\55238.jpg,Authentic,,0.0009,0.1928,0.0001,0.86,14,1.23,10.75,7.26,12.08,2714.88,77.9,2783.56,2890.74
authentic\55239.jpg,Authentic,,0.0,0.3305,0.0001,0.83,19,1.2,8.68,4.26,8.0,994.67,59.07,1009.97,1206.47
authentic\55240.jpg,Authentic,,0.1728,0.448,0.0002,0.6,24,1.16,4.88,2.66,6.58,604.05,40.17,620.52,662.96
authentic\55336.jpg,Authentic,,0.0,0.111,0.0,2.0,24,1.98,25.48,12.83,13.51,4962.07,142.12,5754.02,3283.02
authentic\55402.jpg,Authentic,,0.0,0.2451,0.0001,0.54,11,0.82,5.25,2.83,5.58,393.65,46.43,388.59,331.21
authentic\55404.jpg,Authentic,,0.0002,0.092,0.0,0.42,6,0.66,2.67,1.89,3.08,138.29,29.91,144.98,96.64
authentic\55413.jpg,Authentic,,0.0008,0.148,0.0001,0.95,16,1.12,15.2,5.74,7.22,1021.07,84.34,1042.87,914.25
authentic\55435.jpg,Authentic,,0.0001,0.1911,0.0,0.55,13,0.95,3.92,3.56,9.01,999.22,47.48,1039.95,907.43
authentic\55447.jpg,Authentic,,0.4253,0.0051,0.0757,0.44,39,1.34,2.92,1.91,6.18,396.29,28.5,401.4,552.92
authentic\55457.jpg,Authentic,,0.0,0.2798,0.0001,0.4,8,0.68,3.06,1.88,4.73,270.34,31.28,277.68,326.38
authentic\55460.jpg,Authentic,,0.0001,0.1704,0.0,1.24,23,1.76,7.69,6.87,13.37,3787.17,75.48,3840.97,2195.57
authentic\55470.jpg,Authentic,,0.0,0.442,0.0003,0.57,13,0.93,4.6,2.52,5.25,491.56,39.96,479.92,754.39
authentic\55477.jpg,Authentic,,0.0003,0.3991,0.0003,0.42,10,0.71,3.36,1.69,2.89,107.84,33.45,110.94,117.72
authentic\55518.jpg,Authentic,,0.0002,0.4724,0.0,0.63,16,1.11,5.16,3.0,7.34,930.52,39.72,889.62,915.05
authentic\55526.jpg,Authentic,,0.0183,0.2948,0.0,1.26,15,1.4,22.76,7.66,8.92,1644.74,106.57,1682.3,1073.33
authentic\55548.jpg,Authentic,,0.0001,0.2413,0.0,0.5,10,0.82,2.25,1.46,3.29,131.27,27.55,142.22,159.44
authentic\55551.jpg,Authentic,,0.0067,0.2916,0.0,1.29,17,1.58,12.55,7.77,11.43,2874.38,74.75,2911.42,1990.83
authentic\55606.jpg,Authentic,,0.0001,0.4052,0.0131,0.4,14,0.84,3.99,2.57,6.64,606.82,36.15,544.05,831.6
authentic\55682.jpg,Authentic,,0.0178,0.1259,0.0035,0.71,19,1.23,7.5,4.56,9.94,1390.8,57.07,1402.03,2016.04
authentic\55705.jpg,Authentic,,0.0001,0.2595,0.0,0.7,14,1.0,4.24,2.34,4.36,254.41,38.03,217.66,195.45
authentic\55707.jpg,Authentic,,0.0006,0.3097,0.0001,0.33,6,0.62,2.94,1.5,3.02,102.6,28.25,97.26,117.65
authentic\55744.jpg,Authentic,,0.0008,0.3618,0.0004,0.47,14,0.98,5.93,3.47,9.31,1247.72,48.85,1219.29,2023.36
authentic\55752.jpg,Authentic,,0.0,0.2088,0.0,0.91,16,1.24,11.55,5.75,9.58,1423.3,86.04,1478.3,1209.86
authentic\55762.jpg,Authentic,,0.0011,0.4231,0.0009,0.82,22,1.35,9.04,4.16,7.3,848.7,56.82,885.34,951.16
authentic\55791.jpg,Authentic,,0.0,0.3456,0.0001,0.71,14,1.1,6.31,3.7,7.48,789.43,54.38,811.68,852.96
authentic\55809.jpg,Authentic,,0.0005,0.2634,0.0,0.54,13,0.95,6.19,2.54,5.86,479.34,43.68,441.75,684.97
authentic\55810.jpg,Authentic,,0.0,0.266,0.0,1.15,19,1.42,13.61,8.25,12.44,2996.2,86.93,3020.14,2210.13
authentic\55828.jpg,Authentic,,0.0084,0.0951,0.0001,0.96,12,1.08,16.6,9.17,11.45,2429.22,119.54,2482.9,1596.29
authentic\55854.jpg,Authentic,,0.0035,0.4247,0.0054,0.59,14,0.91,5.26,2.56,5.34,382.36,46.53,388.17,500.86
authentic\55866.jpg,Authentic,,0.0062,0.199,0.0001,0.73,13,0.93,10.66,5.16,8.06,838.03,78.46,853.22,702.55
authentic\55878.jpg,Authentic,,0.0,0.2696,0.0,0.84,12,1.01,9.1,4.71,6.44,719.82,62.31,915.99,928.91
authentic\55901.jpg,Authentic,,0.0004,0.5254,0.0001,0.45,21,0.87,6.17,3.09,6.9,609.81,47.88,622.37,830.02
authentic\55905.jpg,Authentic,,0.0538,0.288,0.0,1.02,26,1.18,7.45,4.3,8.48,1028.21,75.93,1061.65,1423.38
authentic\55929.jpg,Authentic,,0.0,0.2462,0.0,0.95,18,1.22,8.89,4.61,8.19,1124.42,68.26,1078.02,1170.24
authentic\55942.jpg,Authentic,,0.0001,0.3774,0.0003,0.39,9,0.7,3.41,2.0,4.37,257.81,32.67,263.1,271.87
authentic\55975.jpg,Authentic,,0.0031,0.1767,0.0272,1.19,11,1.16,17.04,8.55,8.83,2126.3,87.79,2150.22,1094.55
authentic\55995.jpg,Authentic,,0.5876,0.1221,0.0004,0.41,5,0.57,8.3,3.44,4.19,231.55,69.95,279.29,151.59
authentic\56028.jpg,Authentic,,0.0001,0.25,0.0,0.78,20,1.3,4.96,2.65,5.58,402.07,42.74,363.91,483.85
authentic\56043.jpg,Authentic,,0.0001,0.3545,0.0,0.96,12,1.29,13.85,6.52,9.61,1801.93,66.23,1618.93,1125.28
authentic\56047.jpg,Authentic,,0.1831,0.3069,0.0,1.25,47,2.65,7.48,2.89,4.48,278.74,57.07,291.03,244.03
authentic\56086.jpg,Authentic,,0.6253,0.0259,0.0123,0.39,11,0.75,1.5,0.67,2.2,55.55,13.71,59.07,105.56
authentic\56108.jpg,Authentic,,0.002,0.5976,0.3106,1.02,22,1.68,11.14,5.73,11.6,2563.46,67.34,2480.06,4499.72
authentic\56115.jpg,Authentic,,0.0,0.4267,0.0023,0.53,12,0.91,4.78,2.83,6.04,532.03,41.66,554.34,503.93
authentic\56117.jpg,Authentic,,0.0,0.4378,0.0,0.78,25,1.3,7.48,3.47,6.28,464.37,57.63,532.36,513.27
authentic\56127.jpg,Authentic,,0.0002,0.4202,0.0,0.83,13,1.11,14.61,7.09,10.27,2101.28,86.33,2161.7,2076.5
authentic\56133.jpg,Authentic,,0.0001,0.1978,0.0,1.18,16,1.32,12.55,6.39,8.26,1273.84,83.31,1306.2,695.49
authentic\56166.jpg,Authentic,,0.0001,0.1915,0.0001,0.61,10,0.76,12.9,4.79,5.4,497.87,71.6,500.91,468.34
authentic\56185.jpg,Authentic,,0.0002,0.2437,0.0,1.13,31,1.36,16.32,9.37,11.98,2726.45,113.6,2786.83,1660.09
authentic\56189.jpg,Authentic,,0.0002,0.2956,0.0001,0.47,27,0.94,3.71,2.32,5.75,481.39,37.31,503.34,824.17
authentic\56197.jpg,Authentic,,0.0,0.1061,0.0,0.73,14,0.97,9.04,4.75,7.41,958.58,60.03,963.52,750.26
authentic\56241.jpg,Authentic,,0.0006,0.0637,0.0002,0.54,13,1.02,6.56,4.47,9.3,1622.02,45.39,1420.95,2090.79
authentic\56286.jpg,Authentic,,0.0,0.3399,0.0,0.96,16,1.36,11.71,5.98,10.44,1977.89,66.52,2011.81,1608.89
authentic\56289.jpg,Authentic,,0.0001,0.3821,0.0,1.68,27,2.24,13.85,7.41,10.53,1667.27,101.19,1724.82,1038.24
authentic\56294.jpg,Authentic,,0.0025,0.1905,0.0002,0.64,10,0.83,6.92,3.34,4.55,319.07,58.27,322.94,208.15
authentic\56307.jpg,Authentic,,0.0,0.0,0.0,0.57,17,1.18,6.0,3.56,8.87,1453.83,38.51,1495.49,1727.16
authentic\56325.jpg,Authentic,,0.0,0.2391,0.0002,0.58,12,0.91,6.19,4.52,9.74,1080.9,75.2,1141.43,1414.94
authentic\56338.jpg,Authentic,,0.6364,0.1062,0.0017,0.93,8,0.9,21.67,6.7,6.28,985.82,87.69,997.81,297.52
authentic\56340.jpg,Authentic,,0.0002,0.1121,0.0027,0.62,9,0.78,10.06,4.14,4.88,445.35,65.73,431.32,347.5
authentic\56345.jpg,Authentic,,0.0,0.2061,0.0,1.16,16,1.33,13.79,7.28,10.39,2040.43,84.71,2060.93,1791.8
authentic\56370.jpg,Authentic,,0.0,0.2385,0.0,0.8,11,1.0,12.27,5.41,7.49,982.38,70.98,980.24,677.64
authentic\56403.jpg,Authentic,,0.0,0.1813,0.0,0.68,16,1.12,6.97,3.49,7.9,1165.01,55.25,1152.97,2918.64
authentic\56406.jpg,Authentic,,0.001,0.3452,0.0006,0.56,16,0.96,4.12,2.12,4.77,367.23,33.38,368.11,578.6
authentic\56407.jpg,Authentic,,0.0001,0.3283,0.0,0.59,11,0.91,5.73,3.54,7.49,791.68,47.64,966.91,1203.4
authentic\56428.jpg,Authentic,,0.0,0.2423,0.0,1.04,20,1.36,13.2,6.66,9.69,1616.89,81.92,1691.92,1342.77
authentic\56449.jpg,Authentic,,0.0,0.3052,0.0002,0.73,16,1.11,7.43,3.44,6.84,624.53,57.48,645.88,696.71
authentic\56452.jpg,Authentic,,0.0034,0.239,0.0009,0.66,11,0.9,8.6,3.96,5.81,566.78,64.33,580.21,501.27
authentic\56462.jpg,Authentic,,0.0862,0.2359,0.0001,1.05,16,1.26,12.4,5.97,7.81,1791.24,65.72,1807.27,2087.89
authentic\56466.jpg,Authentic,,0.0001,0.2755,0.0,0.71,14,1.01,9.31,4.78,7.82,1037.0,63.05,1051.82,1095.51
authentic\56467.jpg,Authentic,,0.0049,0.2346,0.0029,0.36,12,0.78,4.66,2.08,5.27,352.29,31.76,349.35,431.32
authentic\56503.jpg,Authentic,,0.0003,0.2207,0.0,0.96,15,1.19,11.76,5.26,8.19,1055.58,86.46,1028.11,771.35
authentic\56505.jpg,Authentic,,0.0,0.2696,0.0,1.27,29,1.62,13.79,7.15,10.35,1665.84,99.13,1726.87,1068.81
authentic\56506.jpg,Authentic,,0.0002,0.2534,0.0001,0.46,14,0.77,7.52,3.47,6.65,558.96,67.06,562.55,738.83
authentic\56509.jpg,Authentic,,0.0248,0.202,0.0002,0.82,13,0.97,7.02,3.44,4.14,330.43,49.38,352.48,265.57
authentic\56521.jpg,Authentic,,0.0,0.2145,0.0,0.74,12,0.88,10.85,3.91,5.09,426.06,61.42,409.22,374.6
authentic\56547.jpg,Authentic,,0.0001,0.2895,0.0001,0.63,14,1.04,6.95,3.5,6.84,729.17,43.15,746.78,1043.24
authentic\56603.jpg,Authentic,,0.0,0.4506,0.0001,0.46,10,0.83,4.39,2.57,6.12,535.6,38.62,547.71,871.82
authentic\56635.jpg,Authentic,,0.0001,0.0506,0.0003,0.22,12,0.57,1.64,0.81,2.47,66.62,13.49,68.74,204.22
authentic\56646.jpg,Authentic,,0.008,0.0774,0.005,0.37,5,0.53,2.8,2.34,2.74,129.11,36.34,126.5,79.47
authentic\56669.jpg,Authentic,,0.0006,0.1316,0.0009,0.36,9,0.65,1.46,1.24,2.79,105.61,23.24,93.44,243.22
authentic\56670.jpg,Authentic,,0.0001,0.2825,0.0001,0.69,13,0.94,5.2,2.75,5.62,422.35,49.98,432.21,768.21
authentic\56695.jpg,Authentic,,0.0001,0.2655,0.001,0.6,15,0.99,4.38,3.06,5.83,446.61,39.38,414.85,440.17
authentic\56696.jpg,Authentic,,0.0044,0.205,0.0002,0.43,9,0.77,4.32,2.24,5.05,323.95,35.37,320.09,398.03
authentic\56703.jpg,Authentic,,0.0002,0.2538,0.0,0.38,10,0.7,2.53,1.84,4.47,256.4,31.96,262.86,296.76
authentic\56719.jpg,Authentic,,0.0,0.356,0.0063,0.8,15,1.17,7.79,3.45,6.54,605.01,55.34,541.77,553.44
authentic\56745.jpg,Authentic,,0.0664,0.2884,0.0001,0.77,27,1.01,6.68,3.4,6.17,584.83,56.73,595.81,633.64
authentic\56766.jpg,Authentic,,0.0,0.1778,0.0001,0.82,11,1.02,11.69,6.47,9.23,1440.69,79.72,1440.0,1096.77
authentic\56785.jpg,Authentic,,0.0,0.0952,0.0001,0.59,22,0.86,4.93,3.25,4.94,462.42,38.21,463.71,1057.92
authentic\56799.jpg,Authentic,,0.0002,0.207,0.0,0.57,13,0.87,9.41,3.42,5.41,379.38,62.01,397.93,327.06
authentic\56823.jpg,Authentic,,0.0001,0.2305,0.0021,0.44,11,0.76,4.02,1.95,4.24,211.96,36.05,197.75,319.39
authentic\56838.jpg,Authentic,,0.0055,0.2444,0.0004,0.54,12,0.91,5.51,2.32,4.85,378.08,34.24,371.1,550.53
authentic\56853.jpg,Authentic,,0.0006,0.2554,0.0,1.03,11,1.14,17.22,6.71,9.07,1544.41,94.78,1574.11,2628.61
authentic\56928.jpg,Authentic,,0.005,0.4138,0.0311,0.52,17,0.98,6.13,2.78,6.5,565.17,43.35,508.25,624.25
authentic\56972.jpg,Authentic,,0.0,0.2715,0.0004,0.78,12,1.01,8.05,4.25,6.91,710.96,59.94,706.77,537.74
authentic\56993.jpg,Authentic,,0.0001,0.1635,0.0007,0.46,10,0.75,2.86,1.56,3.3,132.25,34.23,135.56,194.25
authentic\57011.jpg,Authentic,,0.0,0.1827,0.0,1.0,18,1.2,14.29,6.98,9.14,1568.49,80.81,1629.76,790.44
authentic\57066.jpg,Authentic,,0.0001,0.2521,0.0005,0.72,24,1.18,4.73,2.47,6.04,455.75,45.63,493.15,463.29
authentic\57095.jpg,Authentic,,0.0221,0.1096,0.0004,0.36,4,0.51,3.71,2.44,2.97,125.92,45.59,123.43,82.77
authentic\57117.jpg,Authentic,,0.0,0.193,0.0,0.71,16,1.02,7.47,4.05,7.48,949.16,55.0,978.9,1327.69
authentic\57176.jpg,Authentic,,0.0,0.2578,0.0,0.82,17,1.31,9.59,6.94,12.82,2675.79,78.64,2713.92,2624.16
authentic\57204.jpg,Authentic,,0.003,0.4023,0.0008,0.64,13,0.98,3.63,1.81,3.78,201.95,27.88,203.39,281.48
authentic\57211.jpg,Authentic,,0.0001,0.4827,0.0928,0.79,20,1.52,10.07,6.79,14.01,3875.83,64.12,3910.27,5144.03
authentic\57235.jpg,Authentic,,0.0,0.3579,0.0001,0.72,14,1.1,5.41,4.55,9.29,1999.35,46.75,1723.04,3883.91
authentic\57276.jpg,Authentic,,0.0088,0.2662,0.0017,0.81,13,1.03,5.55,2.86,3.63,213.72,46.93,208.21,170.35
authentic\57303.jpg,Authentic,,0.0046,0.1138,0.0017,0.33,20,0.84,3.21,1.85,5.39,417.94,38.17,431.77,1117.74
authentic\57331.jpg,Authentic,,0.0001,0.427,0.0029,0.73,13,1.11,9.13,4.7,8.74,1273.27,57.02,1290.35,1391.6
authentic\57347.jpg,Authentic,,0.0004,0.1309,0.0,1.31,14,1.39,20.78,9.69,11.34,2891.0,122.49,2937.65,2306.45
authentic\57352.jpg,Authentic,,0.0,0.2898,0.0,0.62,11,0.9,5.47,2.58,4.56,314.14,41.74,296.84,256.81
authentic\57360.jpg,Authentic,,0.0,0.1723,0.0,0.87,14,1.06,11.07,5.8,8.14,1061.75,76.87,1082.96,658.39
authentic\57376.jpg,Authentic,,0.0,0.0989,0.0001,1.16,12,1.15,27.65,8.7,8.78,1868.76,107.29,1884.45,748.3
authentic\57406.jpg,Authentic,,0.0,0.2447,0.0,1.04,17,1.25,12.72,6.47,9.59,1676.68,78.54,1705.54,1558.12
authentic\57428.jpg,Authentic,,0.0001,0.3629,0.0001,0.8,11,1.17,10.71,5.93,9.74,1680.82,68.91,1682.64,1611.45
authentic\57457.jpg,Authentic,,0.0001,0.3499,0.0004,0.48,17,0.83,4.01,1.89,4.16,186.41,41.16,189.04,196.15
authentic\57501.jpg,Authentic,,0.0,0.0905,0.0,1.26,13,1.21,11.02,5.27,5.86,887.27,62.97,986.55,1042.29
authentic\57514.jpg,Authentic,,0.0025,0.1903,0.0,1.17,12,1.19,17.34,7.55,8.92,1566.99,102.94,1457.23,955.96
authentic\57579.jpg,Authentic,,0.0815,0.3392,0.0001,0.49,11,0.76,3.73,2.26,3.95,227.29,35.82,230.79,200.27
authentic\57650.jpg,Authentic,,0.0,0.437,0.0,0.82,20,1.26,7.1,4.59,10.3,1572.67,63.32,1552.93,2159.49
authentic\57661.jpg,Authentic,,0.0001,0.2435,0.0001,0.94,32,1.65,8.29,4.28,8.23,944.99,57.83,949.95,1041.57
authentic\57665.jpg,Authentic,,0.0002,0.0664,0.0026,0.35,16,0.9,2.42,2.35,9.76,1538.29,24.09,1389.16,3658.35
authentic\57698.jpg,Authentic,,0.0001,0.0988,0.0,0.48,7,0.7,2.16,1.8,2.55,97.22,29.27,101.1,59.47
authentic\57808.jpg,Authentic,,0.0,0.334,0.0001,0.44,12,0.81,3.66,2.2,5.45,479.61,32.3,472.13,681.5
authentic\57813.jpg,Authentic,,0.001,0.1608,0.0004,0.79,12,0.93,11.06,5.61,7.09,878.12,75.45,842.59,550.94
authentic\57848.jpg,Authentic,,0.0001,0.2591,0.0004,0.87,17,1.25,9.53,5.39,8.71,1285.47,65.58,1354.05,1162.45
authentic\57904.jpg,Authentic,,0.0002,0.3296,0.0,0.86,19,1.28,8.64,4.52,7.89,999.8,62.64,931.38,1009.53
authentic\57958.jpg,Authentic,,0.0001,0.2155,0.0,1.32,13,1.37,23.81,9.78,10.64,3009.05,106.4,3305.81,2084.4
authentic\57969.jpg,Authentic,,0.0,0.1974,0.0003,1.11,17,1.25,15.05,6.79,7.89,1485.07,82.63,1543.6,1125.18
authentic\57974.jpg,Authentic,,0.0016,0.13,0.0003,0.34,11,0.72,1.95,1.67,5.67,367.2,24.73,325.19,535.98
authentic\57988.jpg,Authentic,,0.0,0.3326,0.0,0.93,22,1.28,10.84,6.27,9.95,1775.85,71.06,1567.72,1255.45
authentic\57996.jpg,Authentic,,0.0071,0.1762,0.0001,0.56,9,0.77,3.04,2.39,3.41,172.55,39.47,179.41,155.13
authentic\58022.jpg,Authentic,,0.0004,0.3901,0.1495,0.72,16,1.08,7.79,4.28,8.25,1119.41,52.04,1142.12,1358.41
authentic\58039.jpg,Authentic,,0.0093,0.1192,0.0005,0.3,9,0.68,2.8,1.57,4.29,242.23,23.58,228.77,345.45
authentic\58068.jpg,Authentic,,0.0,0.1652,0.0,0.5,15,0.78,2.61,2.12,3.08,153.22,35.94,154.6,159.24
authentic\58079.jpg,Authentic,,0.0003,0.0989,0.0,1.32,14,1.38,19.4,9.3,9.68,2376.63,109.61,2420.35,1619.9
authentic\58148.jpg,Authentic,,0.0007,0.4368,0.0,0.71,14,1.15,8.39,5.44,11.08,2039.82,61.0,2347.85,1943.52
authentic\58220.jpg,Authentic,,0.0,0.2461,0.0,1.04,20,1.36,14.44,6.96,10.17,2074.77,82.82,2074.85,1994.91
authentic\58256.jpg,Authentic,,0.0009,0.1815,0.0001,0.54,9,0.8,6.2,2.56,4.17,227.34,42.77,216.32,211.8
authentic\58290.jpg,Authentic,,0.035,0.1691,0.0027,0.55,11,0.75,3.65,2.99,3.46,234.62,39.12,228.61,154.88
authentic\58305.jpg,Authentic,,0.0,0.1278,0.0,1.09,14,1.39,15.68,11.47,16.06,4876.15,133.44,4662.94,3787.71
authentic\58329.jpg,Authentic,,0.0001,0.257,0.0,0.46,11,0.81,3.96,2.26,5.48,389.91,41.91,375.61,540.11
authentic\58359.jpg,Authentic,,0.0001,0.2757,0.0,0.72,16,1.02,9.31,4.78,7.82,1036.17,63.06,1051.02,1094.86
authentic\58400.jpg,Authentic,,0.0,0.415,0.0001,0.63,19,0.97,8.54,4.55,7.63,861.52,58.01,812.25,698.63
authentic\58424.jpg,Authentic,,0.0025,0.2787,0.0148,0.52,10,0.84,4.56,2.06,4.13,256.26,34.93,262.01,399.07
authentic\58540.jpg,Authentic,,0.0012,0.2059,0.0,0.82,15,1.04,8.9,4.22,7.14,776.47,63.74,812.42,699.97
authentic\58551.jpg,Authentic,,0.0022,0.3638,0.0084,0.46,11,0.78,3.89,1.76,3.74,163.26,33.93,174.89,169.44
authentic\58673.jpg,Authentic,,0.0001,0.2378,0.0016,1.26,21,1.44,15.24,8.44,10.6,2430.56,94.03,2255.62,1536.64
authentic\58705.jpg,Authentic,,0.0,0.0152,0.0045,0.28,12,0.66,1.69,1.41,4.48,241.91,18.91,248.39,472.49
authentic\58726.jpg,Authentic,,0.0009,0.4131,0.0005,0.87,11,1.06,18.75,5.53,6.98,908.09,76.94,830.68,1035.52
authentic\58742.jpg,Authentic,,0.0,0.3685,0.0011,0.71,16,1.09,6.44,2.83,5.53,443.13,40.27,450.95,433.86
authentic\58761.jpg,Authentic,,0.0,0.1043,0.0,0.44,8,0.71,3.18,1.56,2.69,83.73,31.74,89.22,48.99
authentic\58767.jpg,Authentic,,0.0025,0.3314,0.0001,0.6,18,1.07,4.89,2.84,6.35,602.88,38.03,624.76,542.43
authentic\58768.jpg,Authentic,,0.381,0.4067,0.0002,1.21,16,1.55,16.19,8.69,12.05,3955.03,87.54,3666.44,3509.07
authentic\58775.jpg,Authentic,,0.0036,0.1436,0.0,1.18,24,1.5,11.69,4.88,7.75,1038.99,73.47,1057.5,850.7
authentic\58785.jpg,Authentic,,0.1232,0.1687,0.0007,0.24,5,0.46,3.43,1.7,3.43,109.8,38.14,117.71,114.58
authentic\58867.jpg,Authentic,,0.0004,0.4696,0.0,0.58,12,1.03,8.69,4.7,10.3,1524.47,58.16,1551.86,2714.81
authentic\58894.jpg,Authentic,,0.0049,0.3506,0.0,0.4,13,0.8,3.4,1.94,5.33,409.26,29.66,377.09,443.64
authentic\58930.jpg,Authentic,,0.0001,0.2369,0.0,0.6,11,0.84,4.9,2.44,5.0,285.65,46.0,300.81,301.46
authentic\58955.jpg,Authentic,,0.0004,0.1307,0.0,0.68,12,0.9,5.81,2.72,4.0,188.6,54.32,213.82,241.36
authentic\58964.jpg,Authentic,,0.0004,0.3052,0.0,0.4,11,0.76,3.29,1.69,3.98,215.42,26.31,220.87,280.42
authentic\58969.jpg,Authentic,,0.0003,0.2975,0.0,1.45,37,1.72,13.59,7.58,11.26,2407.19,91.99,2455.12,1803.8
authentic\58994.jpg,Authentic,,0.0,0.216,0.0,0.82,15,1.07,9.97,4.85,7.57,939.1,66.4,974.87,543.9
authentic\59066.jpg,Authentic,,0.0064,0.1348,0.0002,0.32,6,0.56,3.83,2.21,4.11,215.03,39.53,201.49,253.35
authentic\59074.jpg,Authentic,,0.0,0.1484,0.0,1.49,27,1.51,22.34,11.45,12.56,3996.12,117.77,4042.39,3407.34
authentic\59099.jpg,Authentic,,0.0,0.1643,0.0,1.57,26,1.64,22.42,10.8,11.82,3622.8,124.11,3668.76,1592.2
authentic\59119.jpg,Authentic,,0.0003,0.2968,0.0,0.54,13,0.9,5.38,2.53,5.0,353.18,41.57,321.24,373.05
authentic\59135.jpg,Authentic,,0.0,0.1145,0.0002,0.39,11,0.77,3.82,1.67,3.76,176.13,29.82,174.31,301.19
authentic\59141.jpg,Authentic,,0.0002,0.2557,0.0038,1.09,19,1.4,7.99,3.83,6.73,626.01,56.95,642.11,575.91
authentic\59143.jpg,Authentic,,0.0002,0.3457,0.0019,0.8,18,1.42,8.41,4.17,8.48,993.11,63.86,1089.15,1234.96
authentic\59163.jpg,Authentic,,0.0005,0.2371,0.0001,1.79,22,1.82,23.74,12.94,14.41,6402.63,123.99,6357.75,4605.69
authentic\59220.jpg,Authentic,,0.0,0.183,0.0,1.31,20,1.43,19.22,10.77,13.43,3284.7,128.04,3333.37,1832.68
authentic\59234.jpg,Authentic,,0.0006,0.1875,0.0001,0.49,12,0.94,4.96,2.52,5.97,520.48,34.52,531.13,666.37
authentic\59239.jpg,Authentic,,0.0143,0.2641,0.0,0.38,8,0.67,3.07,1.87,3.52,165.93,29.85,159.47,144.85
authentic\59241.jpg,Authentic,,0.0,0.4032,0.0159,0.44,9,0.79,3.03,1.76,3.89,178.48,30.76,169.55,194.39
authentic\59245.jpg,Authentic,,0.0003,0.241,0.0002,0.47,9,0.75,3.26,2.0,3.69,210.71,31.74,190.16,233.75
authentic\59270.jpg,Authentic,,0.0002,0.1698,0.0001,0.61,23,0.87,8.74,4.97,7.82,815.5,63.78,843.27,524.43
authentic\59273.jpg,Authentic,,0.0022,0.1999,0.0,0.86,17,1.03,9.27,5.87,7.64,973.82,77.54,916.03,795.07
authentic\59316.jpg,Authentic,,0.0,0.3453,0.0001,0.68,26,1.11,5.24,3.17,8.22,1059.74,48.72,1050.82,2443.1
authentic\59322.jpg,Authentic,,0.9995,0.0167,0.3346,0.28,13,0.81,4.04,1.71,5.13,326.83,23.27,331.76,582.62
authentic\59323.jpg,Authentic,,0.0,0.2855,0.0001,0.49,10,0.82,3.92,2.16,4.79,308.65,35.26,312.28,460.88
authentic\59346.jpg,Authentic,,0.0003,0.2833,0.0257,0.42,8,0.66,4.06,2.54,3.72,250.32,34.07,229.03,296.71
authentic\59348.jpg,Authentic,,0.0,0.1429,0.0,1.23,18,1.5,15.84,8.77,11.87,2795.27,104.59,3109.42,2134.01
authentic\59355.jpg,Authentic,,0.0043,0.2374,0.0,0.75,12,0.99,8.25,5.07,7.47,951.31,70.25,988.54,1250.75
authentic\59371.jpg,Authentic,,0.0055,0.0983,0.0001,0.36,13,0.82,4.3,2.12,6.02,462.18,31.33,465.13,651.22
authentic\59385.jpg,Authentic,,0.0001,0.2864,0.0004,0.39,10,0.73,1.63,1.51,2.76,95.6,26.39,97.01,86.37
authentic\59435.jpg,Authentic,,0.0,0.1657,0.0,0.86,11,1.02,13.14,6.84,9.42,1419.54,86.19,1480.57,1176.95
authentic\59447.jpg,Authentic,,0.001,0.2034,0.0014,0.43,13,0.76,3.76,2.68,5.88,492.6,38.6,513.61,556.04
authentic\59500.jpg,Authentic,,0.0002,0.2718,0.0003,0.77,13,0.99,9.21,5.29,7.41,823.72,74.15,815.15,462.53
authentic\59506.jpg,Authentic,,0.0001,0.1873,0.0013,0.45,11,0.9,6.4,3.18,6.94,836.31,39.99,903.46,1315.01
authentic\59508.jpg,Authentic,,0.0055,0.3474,0.0046,0.35,10,0.76,3.42,1.78,5.04,335.51,27.05,336.64,477.72
authentic\59513.jpg,Authentic,,0.0031,0.4044,0.0001,0.81,15,1.19,11.37,4.0,6.49,777.23,49.23,726.7,713.72
authentic\59542.jpg,Authentic,,0.0,0.5193,0.0001,0.47,11,0.88,3.95,2.77,6.88,708.66,40.02,646.22,619.75
authentic\59577.jpg,Authentic,,0.0,0.2516,0.0,0.49,8,0.75,5.22,2.35,4.2,188.82,44.47,201.45,152.0
authentic\59583.jpg,Authentic,,0.0,0.1326,0.0002,0.84,11,0.92,9.42,5.16,5.73,664.42,67.35,653.62,367.47
authentic\59598.jpg,Authentic,,0.0872,0.1176,0.0003,0.33,8,0.61,2.49,1.39,2.9,111.51,29.1,103.11,206.29
authentic\59599.jpg,Authentic,,0.0,0.486,0.0,1.04,20,1.62,10.95,5.16,9.31,1717.61,64.81,1649.92,2100.46
authentic\59634.jpg,Authentic,,0.0095,0.2005,0.0,0.48,11,0.81,3.71,1.97,4.88,283.35,42.91,310.15,520.69
authentic\59668.jpg,Authentic,,0.0002,0.0175,0.0033,0.16,10,0.55,1.26,0.95,5.06,315.77,13.39,321.26,904.94
authentic\59669.jpg,Authentic,,0.0008,0.1442,0.0001,0.33,9,0.68,2.93,1.69,4.04,219.76,25.92,223.32,254.06
authentic\59687.jpg,Authentic,,0.0238,0.2596,0.0,1.39,23,1.58,20.1,10.28,13.02,3527.67,129.61,3644.15,2793.74
authentic\59712.jpg,Authentic,,0.0,0.2711,0.0,0.48,10,0.8,4.32,2.77,5.5,400.51,43.64,388.79,336.27
authentic\59716.jpg,Authentic,,0.0002,0.4504,0.0001,0.75,20,1.13,7.2,4.19,7.51,875.89,57.59,792.36,732.33
authentic\59771.jpg,Authentic,,0.0,0.4208,0.0009,0.76,18,1.2,5.7,3.26,7.06,836.95,43.78,845.9,1043.58
authentic\59805.jpg,Authentic,,0.0076,0.4007,0.0001,0.61,19,1.07,6.22,3.4,7.19,750.16,45.23,671.92,562.51
authentic\59827.jpg,Authentic,,0.0001,0.2582,0.0004,0.5,25,0.97,3.72,2.07,4.66,281.16,37.34,255.3,300.59
authentic\59833.jpg,Authentic,,0.0,0.2835,0.0,0.38,8,0.69,2.91,1.53,3.58,138.03,30.61,144.08,157.2
authentic\59838.jpg,Authentic,,0.0,0.365,0.0001,0.49,12,0.88,4.37,2.26,5.39,438.75,33.8,433.39,327.84
authentic\59851.jpg,Authentic,,0.0002,0.4676,0.0014,0.61,15,1.03,5.91,3.7,8.33,1053.86,47.6,951.34,1314.13
authentic\59865.jpg,Authentic,,0.0002,0.4679,0.0,1.03,19,1.59,12.44,6.15,11.31,2215.92,77.3,1958.67,2564.64
authentic\59890.jpg,Authentic,,0.0001,0.2499,0.0,0.41,13,0.74,2.39,1.35,3.03,96.51,25.89,99.54,89.72
authentic\59894.jpg,Authentic,,0.0,0.1001,0.0001,0.54,8,0.8,3.81,1.79,3.1,108.16,37.81,117.32,102.86
authentic\59904.jpg,Authentic,,0.0,0.1651,0.0003,0.39,9,0.7,3.55,1.67,3.38,171.2,29.51,174.31,271.8
authentic\59938.jpg,Authentic,,0.0001,0.58,0.0006,0.76,22,1.28,5.78,3.66,7.86,867.68,43.15,828.73,824.52
authentic\59939.jpg,Authentic,,0.0,0.2899,0.0,1.08,24,1.49,14.66,8.82,14.08,3075.66,103.51,3189.06,1881.66
authentic\59949.jpg,Authentic,,0.0001,0.2572,0.0001,1.3,18,1.49,17.08,8.95,11.91,3121.26,109.4,3523.12,3101.16
authentic\59963.jpg,Authentic,,0.0012,0.2739,0.001,0.34,7,0.59,3.1,1.77,3.34,127.68,33.29,140.45,125.29
authentic\59993.jpg,Authentic,,0.0,0.3797,0.0001,0.55,16,1.12,5.46,3.44,8.17,871.23,48.05,848.47,1555.0
authentic\60043.jpg,Authentic,,0.0,0.2675,0.0,0.71,10,0.92,10.28,4.78,7.21,607.21,86.89,708.59,570.59
authentic\60118.jpg,Authentic,,0.0001,0.2357,0.0001,0.42,14,0.77,3.95,2.18,4.56,275.41,34.56,286.04,316.08
authentic\60121.jpg,Authentic,,0.0001,0.104,0.0,1.07,18,1.21,15.52,7.93,9.74,1926.81,92.59,1967.89,867.91
authentic\60140.jpg,Authentic,,0.0001,0.2656,0.0002,0.4,10,0.84,3.37,2.87,7.82,726.69,41.96,751.45,599.47
authentic\60264.jpg,Authentic,,0.0001,0.3394,0.0,0.49,16,0.86,5.4,3.22,7.83,764.4,42.88,664.91,896.27
authentic\60268.jpg,Authentic,,0.0128,0.2329,0.0,0.94,12,1.19,9.68,4.58,6.31,726.85,70.96,736.53,694.94
authentic\60279.jpg,Authentic,,0.001,0.3376,0.0002,0.81,16,1.28,8.71,5.95,12.13,2733.36,74.03,2729.98,2979.73
authentic\60297.jpg,Authentic,,0.0001,0.1243,0.0001,0.51,13,0.8,2.68,2.09,3.33,131.76,32.47,121.11,183.66
authentic\60329.jpg,Authentic,,0.0016,0.2267,0.0008,0.32,6,0.6,2.0,1.14,2.15,44.01,28.21,41.71,37.29
authentic\60376.jpg,Authentic,,0.0,0.1187,0.0,1.53,17,1.54,23.74,10.18,10.75,3239.55,109.45,3287.43,1299.11
authentic\60407.jpg,Authentic,,0.0001,0.3908,0.0097,0.53,18,0.91,4.04,2.39,4.67,327.91,35.5,331.34,425.51
authentic\60412.jpg,Authentic,,0.0,0.2434,0.0013,0.66,18,1.07,6.38,3.62,7.46,884.23,56.45,827.33,919.95
authentic\60430.jpg,Authentic,,0.0,0.5586,0.0006,0.69,18,1.13,7.76,4.42,9.25,1329.16,55.52,1355.5,1599.72
authentic\60480.jpg,Authentic,,0.0055,0.198,0.0,0.85,10,0.93,9.27,4.43,4.81,509.24,63.5,464.48,406.24
authentic\60485.jpg,Authentic,,0.0,0.2988,0.0,0.54,12,0.92,4.43,2.22,4.39,232.36,39.29,253.24,232.19
authentic\60503.jpg,Authentic,,0.0001,0.2051,0.0001,0.43,7,0.69,4.52,1.99,3.78,146.21,39.46,136.19,154.39
authentic\60542.jpg,Authentic,,0.0,0.2622,0.0001,0.67,20,1.01,7.0,3.61,6.14,510.79,55.84,501.76,578.42
authentic\60557.jpg,Authentic,,0.0,0.3825,0.0,0.52,10,0.82,7.3,4.93,9.25,1169.73,57.55,1040.12,1239.54
authentic\60574.jpg,Authentic,,0.0006,0.2339,0.0,1.24,13,1.46,20.43,12.26,14.91,4920.83,137.09,4546.14,4205.68
authentic\60582.jpg,Authentic,,0.0,0.2567,0.0,0.54,11,0.91,5.52,2.86,6.17,529.39,44.61,480.37,537.19
authentic\60614.jpg,Authentic,,0.0,0.461,0.0,0.65,14,1.11,6.52,3.85,8.52,1199.28,50.89,1196.52,1563.7
authentic\60622.jpg,Authentic,,0.0003,0.1749,0.0,0.49,10,0.8,7.99,3.24,5.77,464.26,50.48,445.97,391.15
authentic\60632.jpg,Authentic,,0.0001,0.2048,0.0,0.52,12,0.81,5.8,2.95,5.04,424.5,42.54,425.58,445.48
authentic\60651.jpg,Authentic,,0.0004,0.206,0.0004,0.59,17,1.24,7.0,3.85,9.42,1429.5,43.57,1428.46,1688.11
authentic\60661.jpg,Authentic,,0.0001,0.1584,0.0,0.76,16,0.98,11.62,5.59,7.91,1087.61,69.6,1012.55,974.9
authentic\60666.jpg,Authentic,,0.0006,0.2071,0.0,0.5,13,0.93,3.1,2.74,8.4,787.98,41.34,808.07,1589.06
authentic\60697.jpg,Authentic,,0.0,0.2925,0.0,0.61,14,0.87,7.66,3.95,6.62,587.69,60.75,563.01,651.61
authentic\60704.jpg,Authentic,,0.0,0.1989,0.0,1.39,17,1.51,15.19,7.43,9.51,1764.02,93.39,1659.13,1492.53
authentic\60708.jpg,Authentic,,0.0002,0.1009,0.0172,0.4,15,0.85,3.37,1.77,5.23,388.78,31.13,337.72,741.19
authentic\60785.jpg,Authentic,,0.0,0.3187,0.1589,0.47,18,0.88,3.16,1.65,3.39,159.3,25.08,175.84,210.31
authentic\60788.jpg,Authentic,,0.0,0.1704,0.0,0.66,11,0.87,6.18,3.42,5.03,425.08,48.71,424.14,443.08
authentic\60836.jpg,Authentic,,0.0006,0.0773,0.0,0.78,10,0.97,5.04,2.31,3.24,140.0,45.91,140.25,125.7
authentic\60910.jpg,Authentic,,0.0003,0.2784,0.0,0.53,10,0.77,5.37,2.95,4.91,295.58,46.77,283.66,205.89
authentic\60912.jpg,Authentic,,0.0001,0.3239,0.0002,0.74,21,1.27,6.67,4.28,9.31,1193.93,50.35,1103.97,2051.71
authentic\60958.jpg,Authentic,,0.0,0.119,0.0,0.56,13,0.81,2.64,1.56,3.34,140.51,34.53,129.49,225.49
authentic\61013.jpg,Authentic,,0.0063,0.3162,0.0004,0.53,19,0.97,4.61,2.83,6.29,553.83,41.59,563.31,588.31
authentic\61017.jpg,Authentic,,0.0002,0.367,0.0003,0.55,11,0.96,10.02,4.04,7.5,829.87,60.62,807.82,893.98
authentic\61025.jpg,Authentic,,0.0,0.1362,0.0,1.21,26,1.49,12.35,5.63,7.54,865.5,83.76,876.77,659.92
authentic\61032.jpg,Authentic,,0.0799,0.4467,0.0001,0.39,10,0.83,4.93,2.34,6.02,494.33,32.73,510.74,696.34
authentic\61060.jpg,Authentic,,0.0,0.1941,0.0001,0.91,20,1.12,8.5,5.47,8.41,1158.16,73.74,1179.44,1227.48
authentic\61074.jpg,Authentic,,0.0002,0.3523,0.0,0.93,13,1.2,12.63,8.6,13.04,2692.82,108.98,2802.61,1891.8
authentic\61101.jpg,Authentic,,0.0,0.1276,0.0,1.05,22,1.35,14.42,8.45,12.37,2587.16,102.44,2612.98,1299.13
authentic\61136.jpg,Authentic,,0.0003,0.466,0.0009,0.75,15,1.33,8.68,6.1,12.95,3014.54,68.17,2823.31,3339.39
authentic\61167.jpg,Authentic,,0.0001,0.3018,0.0001,0.96,26,1.32,9.98,6.63,10.83,1951.76,83.67,1818.18,1509.28
authentic\61174.jpg,Authentic,,0.0073,0.2518,0.0,1.47,28,1.72,17.68,9.62,12.69,2751.56,122.65,2758.62,1634.42
authentic\61190.jpg,Authentic,,0.0002,0.1389,0.0,1.42,25,1.69,17.45,9.59,11.58,2498.82,117.16,2618.65,1160.41
authentic\61213.jpg,Authentic,,0.0,0.129,0.0,1.2,30,1.36,14.24,6.81,7.73,1478.05,75.58,1502.43,1034.66
authentic\61253.jpg,Authentic,,0.001,0.2382,0.0,0.69,11,0.95,7.71,4.34,7.11,815.49,54.88,869.01,706.69
authentic\61270.jpg,Authentic,,0.2348,0.3785,0.0004,0.71,16,1.11,6.85,4.97,10.19,1303.55,67.29,1189.81,1195.24
authentic\61274.jpg,Authentic,,0.3808,0.2211,0.0257,0.43,18,0.85,3.79,2.25,4.22,250.31,30.44,257.39,328.92
authentic\61283.jpg,Authentic,,0.006,0.2234,0.0011,0.4,7,0.67,3.32,1.67,3.16,108.92,34.55,115.41,110.54
authentic\61298.jpg,Authentic,,0.0032,0.2158,0.0,0.83,11,1.03,10.2,4.57,6.27,736.45,66.65,717.94,673.98
authentic\61328.jpg,Authentic,,0.0005,0.2035,0.0061,0.49,8,0.76,3.88,1.88,3.71,178.51,34.06,160.34,218.25
authentic\61350.jpg,Authentic,,0.0001,0.3229,0.0001,0.67,15,1.11,8.22,4.65,9.25,1269.74,60.02,1294.02,1830.26
authentic\61407.jpg,Authentic,,0.0,0.4595,0.0,0.59,17,1.08,6.81,3.89,8.14,856.22,50.76,885.06,818.64
authentic\61420.jpg,Authentic,,0.0077,0.2335,0.0,0.37,6,0.68,2.69,1.4,2.73,86.68,25.21,92.22,88.41
authentic\61422.jpg,Authentic,,0.3148,0.0792,0.004,0.59,7,0.71,7.05,4.45,5.45,451.02,65.23,465.18,263.46
authentic\61424.jpg,Authentic,,0.0,0.2346,0.0,0.9,15,1.08,9.88,4.67,7.03,682.27,74.25,692.45,542.42
authentic\61448.jpg,Authentic,,0.0,0.2057,0.0,1.92,24,2.0,19.63,18.12,23.05,11912.05,175.98,10752.55,8252.55
authentic\61462.jpg,Authentic,,0.0,0.4387,0.0001,0.51,17,0.97,5.51,2.37,4.99,358.06,36.33,328.85,418.47
authentic\61575.jpg,Authentic,,0.0001,0.2545,0.0506,0.31,11,0.73,3.21,1.7,4.7,310.62,25.41,315.12,594.86
authentic\61578.jpg,Authentic,,0.0002,0.3272,0.0,0.47,16,0.86,6.15,2.43,5.31,389.72,38.22,389.62,534.98
authentic\61586.jpg,Authentic,,0.0,0.4177,0.0001,0.42,8,0.7,3.53,1.83,3.17,133.15,33.6,135.84,132.48
authentic\61612.jpg,Authentic,,0.0001,0.1917,0.0,1.08,13,1.19,16.97,8.11,9.83,1981.22,93.31,2007.6,1324.29
authentic\61620.jpg,Authentic,,0.0003,0.061,0.0792,0.57,23,1.12,7.44,2.84,6.6,599.68,43.45,544.46,1209.37
authentic\61636.jpg,Authentic,,0.0001,0.3338,0.0001,0.56,11,0.83,4.43,3.41,5.71,532.35,42.16,531.87,767.73
authentic\61674.jpg,Authentic,,0.0,0.2033,0.0,1.03,17,1.19,13.43,6.71,9.41,1540.36,83.16,1512.27,1384.46
authentic\61678.jpg,Authentic,,0.0569,0.3159,0.0002,0.76,13,1.16,7.11,3.62,7.75,837.14,55.31,760.18,1174.25
authentic\61756.jpg,Authentic,,0.0181,0.4073,0.0,0.73,15,1.16,7.4,3.81,8.11,970.25,59.11,907.33,998.8
authentic\61768.jpg,Authentic,,0.0,0.1504,0.0001,0.41,11,0.74,4.48,2.19,4.45,227.34,40.12,236.07,347.26
authentic\61874.jpg,Authentic,,0.0,0.2532,0.0065,0.43,14,0.85,4.8,2.17,5.35,349.95,36.64,323.58,490.25
authentic\61921.jpg,Authentic,,0.0043,0.1858,0.0004,0.45,12,0.68,7.5,3.24,5.0,443.6,43.52,431.92,570.48
authentic\61953.jpg,Authentic,,0.0002,0.2908,0.0005,1.06,19,1.35,11.29,5.15,8.4,1189.96,80.77,1223.91,1426.22
authentic\62140.jpg,Authentic,,0.0029,0.3622,0.0001,0.64,16,1.07,3.14,1.99,5.34,364.76,33.3,366.73,451.11
authentic\62144.jpg,Authentic,,0.0001,0.197,0.0004,1.05,13,1.17,16.6,7.75,9.11,1776.52,89.9,1739.05,1262.23
authentic\62163.jpg,Authentic,,0.0,0.4175,0.0006,1.09,31,2.2,6.19,5.3,12.88,2656.23,59.51,2455.23,4242.14
authentic\62206.jpg,Authentic,,0.0778,0.0333,0.0012,0.04,10,0.22,0.14,0.2,1.26,15.99,3.16,16.1,71.11
authentic\62207.jpg,Authentic,,0.0008,0.3154,0.0002,0.57,15,0.83,4.19,2.38,3.64,185.61,42.93,169.53,133.93
authentic\62211.jpg,Authentic,,0.0084,0.4604,0.0003,1.16,15,1.42,17.58,8.26,10.99,3088.1,95.13,3120.21,2547.52
authentic\62238.jpg,Authentic,,0.0012,0.2596,0.0,0.95,18,1.25,11.81,4.88,6.96,856.78,76.28,781.29,1006.6
authentic\62244.jpg,Authentic,,0.0,0.1283,0.0,1.73,19,1.61,27.2,12.97,13.14,4721.64,136.97,4795.25,1783.29
authentic\62278.jpg,Authentic,,0.0005,0.1308,0.0005,0.79,13,1.17,10.75,5.56,9.47,1442.7,77.66,1493.63,1650.48
authentic\62298.jpg,Authentic,,0.004,0.1368,0.0,0.34,9,0.65,1.66,1.04,2.13,55.11,20.82,57.72,70.52
authentic\62328.jpg,Authentic,,0.0,0.2206,0.0,0.85,17,1.27,10.45,5.42,9.21,1583.5,62.16,1614.04,1821.75
authentic\62345.jpg,Authentic,,0.0,0.3669,0.0,0.88,16,1.26,10.64,6.03,10.28,1739.91,74.88,1752.54,1590.53
authentic\62425.jpg,Authentic,,0.0001,0.2017,0.0,1.06,15,1.32,14.05,7.82,11.04,2315.99,91.73,2310.13,1411.56
authentic\62557.jpg,Authentic,,0.0001,0.2275,0.0001,0.56,9,0.79,4.13,2.0,3.38,158.38,41.63,167.25,183.11
authentic\62579.jpg,Authentic,,0.0032,0.4399,0.0074,0.55,11,0.91,4.59,2.69,7.09,671.05,40.54,635.85,1568.65
authentic\62585.jpg,Authentic,,0.0,0.2807,0.0001,0.61,12,0.88,9.01,3.35,6.08,500.92,67.15,524.05,488.33
authentic\62638.jpg,Authentic,,0.0048,0.1839,0.0002,1.45,15,1.48,17.08,9.52,10.5,3773.78,86.63,3839.19,3178.43
authentic\62643.jpg,Authentic,,0.006,0.3194,0.0004,0.73,14,1.09,10.36,4.86,8.56,1394.03,60.25,1415.53,1463.04
authentic\62680.jpg,Authentic,,0.001,0.2453,0.001,0.39,8,0.69,2.99,2.75,6.49,446.39,35.31,452.52,487.64
authentic\62755.jpg,Authentic,,0.0,0.2304,0.0002,0.81,12,1.01,6.98,2.58,3.13,124.35,61.21,137.82,96.93
authentic\62788.jpg,Authentic,,0.0073,0.1269,0.0,0.48,8,0.73,2.68,1.76,3.18,115.57,34.6,136.59,148.5
authentic\62791.jpg,Authentic,,0.0004,0.1232,0.0,0.8,13,1.04,11.97,5.83,8.77,1459.98,84.55,1447.34,1433.72
authentic\62805.jpg,Authentic,,0.0535,0.2413,0.145,0.47,13,0.88,2.29,1.79,5.79,420.52,25.69,426.5,679.59
authentic\62881.jpg,Authentic,,0.0001,0.2198,0.0001,0.52,13,0.87,6.07,3.2,6.82,594.33,52.3,612.92,695.48
authentic\62892.jpg,Authentic,,0.0537,0.2165,0.0007,1.14,11,1.22,15.12,6.81,8.26,1554.13,78.3,1720.02,898.75
authentic\62898.jpg,Authentic,,0.0023,0.1497,0.0002,0.6,18,0.96,4.98,2.68,5.48,426.87,54.46,436.29,900.95
authentic\62913.jpg,Authentic,,0.001,0.2867,0.0003,0.55,10,0.82,7.78,3.71,5.99,564.12,49.12,579.24,477.54
authentic\62977.jpg,Authentic,,0.0572,0.2372,0.0,0.72,25,1.33,11.43,5.44,10.5,2073.54,55.28,2112.05,2350.85
authentic\63103.jpg,Authentic,,0.0002,0.1468,0.0,1.02,19,1.31,12.14,6.19,8.94,1478.94,80.79,1515.87,1275.06
authentic\63108.jpg,Authentic,,0.0001,0.1276,0.0,0.95,12,1.02,11.01,5.71,6.82,923.38,69.51,943.27,650.8
authentic\63118.jpg,Authentic,,0.0,0.3135,0.0,0.44,12,0.78,4.19,1.97,4.59,251.71,37.7,253.75,405.87
authentic\63142.jpg,Authentic,,0.0,0.2515,0.0003,0.53,9,0.8,4.85,2.95,5.29,373.07,48.21,382.09,263.01
authentic\63145.jpg,Authentic,,0.0002,0.2677,0.0,1.1,16,1.36,15.6,7.4,10.37,1896.2,89.93,1860.39,1473.39
authentic\63282.jpg,Authentic,,0.0003,0.2645,0.0,0.49,10,0.77,4.42,2.65,4.83,310.05,35.47,290.32,310.14
authentic\63300.jpg,Authentic,,0.0,0.2772,0.0,0.68,11,0.94,7.85,3.78,6.76,635.37,60.05,606.29,681.9
authentic\63308.jpg,Authentic,,0.0004,0.2345,0.0001,0.76,14,1.1,9.66,4.44,7.78,1293.03,58.73,1224.44,2268.98
authentic\63335.jpg,Authentic,,0.0001,0.3439,0.0002,0.62,12,0.93,4.2,2.54,5.93,435.54,44.41,525.73,824.49
authentic\63408.jpg,Authentic,,0.0069,0.1893,0.0014,0.54,9,0.8,1.38,1.1,2.37,61.06,30.13,62.91,79.33
authentic\63409.jpg,Authentic,,0.0003,0.4168,0.0017,0.81,15,1.13,11.51,5.79,9.87,1357.47,84.34,1413.17,1409.13
authentic\63427.jpg,Authentic,,0.0004,0.2742,0.0003,0.72,26,1.27,7.59,3.49,7.0,641.77,51.85,657.55,621.15
authentic\63481.jpg,Authentic,,0.001,0.2127,0.0001,0.7,9,0.87,17.2,5.33,6.86,700.49,65.5,682.67,425.48
authentic\63491.jpg,Authentic,,0.0004,0.3991,0.0,0.31,14,0.79,3.07,1.88,5.82,446.29,26.35,461.83,677.69
authentic\63638.jpg,Authentic,,0.0,0.2735,0.0,1.06,20,1.42,11.35,6.34,9.79,1757.34,73.55,1794.96,1522.62
authentic\63862.jpg,Authentic,,0.0186,0.017,0.0004,0.29,10,0.69,3.37,1.32,3.93,177.99,23.26,181.57,284.04
authentic\63986.jpg,Authentic,,0.0001,0.2272,0.0021,0.49,11,0.82,3.2,1.3,2.93,99.21,24.9,101.24,112.88
authentic\63995.jpg,Authentic,,0.0007,0.1027,0.0,0.37,8,0.62,2.94,2.47,4.35,294.52,33.6,299.88,343.66
authentic\64015.jpg,Authentic,,0.0001,0.3318,0.0009,0.3,7,0.63,1.47,0.85,2.35,45.01,20.0,48.85,45.89
authentic\64052.jpg,Authentic,,0.0,0.3364,0.0,0.99,19,1.3,14.71,6.99,9.75,1720.28,89.36,1640.93,1258.27
authentic\64114.jpg,Authentic,,0.0001,0.2795,0.0016,0.42,16,0.84,3.84,2.09,5.22,447.84,29.88,434.5,653.61
authentic\64223.jpg,Authentic,,0.0,0.0748,0.0,1.41,24,1.42,23.91,9.48,9.9,2779.13,103.71,2618.23,1804.92
authentic\64247.jpg,Authentic,,0.0019,0.2487,0.0,0.53,8,0.81,5.94,2.51,4.21,283.32,35.8,290.14,272.02
authentic\64320.jpg,Authentic,,0.0002,0.2401,0.0,0.67,24,1.07,6.03,3.95,7.26,876.91,51.21,868.44,542.92
authentic\64375.jpg,Authentic,,0.0,0.154,0.0001,0.55,8,0.76,3.32,2.16,3.54,156.86,36.43,194.38,241.74
authentic\64392.jpg,Authentic,,0.0001,0.1361,0.0105,0.41,8,0.73,3.24,1.44,3.43,159.17,24.58,147.84,230.4
authentic\64426.jpg,Authentic,,0.0,0.4633,0.0,1.24,23,1.71,9.3,7.45,12.58,2528.21,82.44,2704.61,2712.69
authentic\64436.jpg,Authentic,,0.0114,0.4916,0.0036,0.49,11,0.93,6.75,2.83,6.11,620.76,39.43,575.42,804.87
authentic\64499.jpg,Authentic,,0.0014,0.4688,0.0012,0.9,16,1.29,12.81,6.55,10.48,2081.94,69.78,2100.85,1945.52
authentic\64543.jpg,Authentic,,0.0001,0.1953,0.0,1.05,26,1.49,7.47,5.73,11.24,2034.1,72.88,2069.62,1300.08
authentic\64593.jpg,Authentic,,0.0,0.1619,0.0,1.5,13,1.53,22.63,20.81,22.63,10032.13,226.08,10300.4,5650.77
authentic\64664.jpg,Authentic,,0.0026,0.1535,0.0001,0.49,10,0.78,3.32,1.97,3.34,162.41,31.19,166.82,196.75
authentic\64741.jpg,Authentic,,0.0014,0.1832,0.0,0.44,12,0.82,5.05,2.59,5.67,403.98,42.86,413.98,409.08
authentic\64755.jpg,Authentic,,0.0003,0.4495,0.0015,0.54,14,1.02,5.82,2.95,7.51,969.13,41.45,984.72,1959.76
authentic\64793.jpg,Authentic,,0.0003,0.3799,0.0002,0.77,22,1.06,6.66,3.18,5.39,418.62,49.0,429.58,442.84
authentic\64801.jpg,Authentic,,0.0,0.1319,0.0,0.59,10,0.8,5.35,3.01,4.46,329.01,42.46,335.79,189.49
authentic\64908.jpg,Authentic,,0.0,0.2106,0.0,0.86,15,1.05,10.73,4.8,6.85,787.32,72.3,807.71,586.11
authentic\64938.jpg,Authentic,,0.0004,0.1867,0.0,0.64,18,0.97,5.49,2.76,5.39,395.77,45.14,403.63,459.05
authentic\65187.jpg,Authentic,,0.0,0.1621,0.0,0.55,8,0.77,4.23,2.51,3.71,221.13,42.11,229.7,164.77
authentic\65190.jpg,Authentic,,0.0,0.3122,0.0002,1.27,16,1.43,17.62,9.83,12.14,3325.27,102.99,3055.76,2069.94
authentic\65325.jpg,Authentic,,0.0,0.3026,0.0,0.94,25,1.27,6.73,4.39,8.44,982.1,62.47,1005.46,1013.02
authentic\65350.jpg,Authentic,,0.0047,0.0762,0.0008,0.22,9,0.57,2.29,1.39,4.25,221.15,18.47,218.25,343.1
authentic\65395.jpg,Authentic,,0.0001,0.2452,0.0,1.11,16,1.4,14.06,8.05,11.54,2430.19,91.36,2465.92,1416.95
authentic\65396.jpg,Authentic,,0.0022,0.3197,0.0006,0.68,13,1.08,6.89,4.82,11.02,1699.29,64.17,1690.21,2182.7
authentic\65440.jpg,Authentic,,0.0014,0.3219,0.0001,0.46,10,0.9,4.01,2.11,5.25,346.36,29.39,349.96,241.82
authentic\65445.jpg,Authentic,,0.0016,0.4547,0.0001,0.51,14,0.98,4.23,2.77,7.13,653.55,43.1,658.84,825.74
authentic\65476.jpg,Authentic,,0.0001,0.301,0.0002,0.46,14,0.83,3.77,2.34,6.1,463.6,40.9,436.16,581.11
authentic\65505.jpg,Authentic,,0.0,0.191,0.0,0.3,8,0.61,1.9,1.21,3.36,113.86,23.52,116.19,134.46
authentic\65515.jpg,Authentic,,0.0001,0.1492,0.0002,0.55,8,0.75,3.96,2.21,3.18,142.34,38.85,137.74,134.83
authentic\65536.jpg,Authentic,,0.0578,0.2199,0.0001,0.98,14,1.22,15.48,5.44,7.13,931.41,76.37,950.31,739.09
authentic\65547.jpg,Authentic,,0.0,0.3078,0.0,0.65,15,1.03,3.28,1.78,3.18,144.46,30.89,149.58,173.86
authentic\65554.jpg,Authentic,,0.0002,0.2682,0.0,0.99,14,1.18,12.36,5.34,7.64,1021.09,76.5,993.97,687.9
authentic\65570.jpg,Authentic,,0.0,0.1876,0.0002,0.45,6,0.67,2.85,1.73,2.87,96.83,32.83,85.65,69.78
authentic\65575.jpg,Authentic,,0.0,0.1921,0.0002,0.71,27,1.18,5.6,2.5,4.91,320.39,42.91,329.46,548.92
authentic\65582.jpg,Authentic,,0.0157,0.1878,0.0001,1.01,23,1.44,11.48,5.64,8.02,1230.86,79.14,1261.87,1548.15
authentic\65585.jpg,Authentic,,0.0017,0.1186,0.0002,0.31,10,0.67,2.49,1.43,3.92,189.85,23.79,168.37,198.19
authentic\65628.jpg,Authentic,,0.0,0.3641,0.0002,0.75,25,1.15,5.42,3.12,5.92,527.6,46.39,471.39,550.75
authentic\65637.jpg,Authentic,,0.0,0.1743,0.0,0.37,15,0.74,4.21,2.34,6.32,446.42,35.08,399.78,900.47
authentic\65642.jpg,Authentic,,0.0001,0.216,0.0,1.11,37,1.26,17.05,9.09,11.68,2334.9,115.05,2382.59,1595.13
authentic\65650.jpg,Authentic,,0.0004,0.1218,0.0823,0.33,12,0.75,3.51,1.73,5.28,392.73,24.88,360.75,693.35
authentic\65674.jpg,Authentic,,0.086,0.1885,0.0062,0.3,12,0.68,2.85,1.5,4.11,224.44,24.23,232.21,389.74
authentic\65675.jpg,Authentic,,0.0,0.1428,0.0,0.62,9,0.84,3.04,2.36,3.46,177.45,37.27,181.13,153.37
authentic\65685.jpg,Authentic,,0.0,0.4383,0.0001,0.49,10,0.85,4.68,2.24,4.71,283.37,37.78,261.55,337.92
authentic\65706.jpg,Authentic,,0.0,0.4894,0.0001,0.49,12,0.87,5.65,2.99,6.93,492.44,48.85,499.41,568.28
authentic\65714.jpg,Authentic,,0.0009,0.5572,0.0001,1.23,40,2.21,5.62,3.72,7.54,708.69,49.06,726.64,555.64
authentic\65720.jpg,Authentic,,0.0,0.2787,0.0,1.19,16,1.62,15.75,13.85,19.65,8245.98,133.43,7359.42,4681.29
authentic\65722.jpg,Authentic,,0.0071,0.2366,0.0002,0.63,8,0.93,10.88,3.94,6.43,769.58,44.51,738.84,619.66
authentic\65749.jpg,Authentic,,0.4728,0.3957,0.0,0.84,14,1.01,12.83,6.59,8.76,1436.75,80.9,1467.94,1147.63
authentic\65766.jpg,Authentic,,0.0003,0.4179,0.0001,0.64,10,0.91,5.86,4.38,8.62,1036.03,54.19,1101.22,906.32
authentic\65777.jpg,Authentic,,0.0231,0.4022,0.0016,1.43,29,2.15,14.53,4.7,7.46,960.77,66.0,864.4,1227.66
authentic\65778.jpg,Authentic,,0.0002,0.2168,0.0,1.12,28,1.46,13.95,8.16,10.97,1985.9,98.71,2039.13,1124.73
authentic\65794.jpg,Authentic,,0.0,0.1408,0.0,1.06,15,1.26,14.07,7.16,9.41,1282.64,100.88,1319.61,641.46
authentic\65816.jpg,Authentic,,0.0093,0.2084,0.0,0.9,36,1.5,8.52,4.9,8.38,1196.11,60.4,1214.15,1086.37
authentic\65847.jpg,Authentic,,0.2648,0.2168,0.0017,0.81,11,1.01,12.12,5.48,7.87,1101.33,75.18,1023.46,1272.01
authentic\65898.jpg,Authentic,,0.0014,0.3029,0.0,0.61,11,0.9,6.26,2.91,4.67,344.49,44.57,351.8,290.62
authentic\65918.jpg,Authentic,,0.0001,0.1285,0.0,1.54,18,1.52,21.53,8.8,9.67,1987.14,124.59,1865.77,928.59
authentic\65929.jpg,Authentic,,0.0001,0.1924,0.0,1.08,22,1.33,15.47,7.95,10.21,1944.6,93.27,1881.27,1291.23
authentic\66003.jpg,Authentic,,0.0,0.2864,0.0,1.03,14,1.31,14.68,7.56,11.17,2362.74,90.39,2403.17,1863.53
authentic\66007.jpg,Authentic,,0.0,0.234,0.0,1.1,18,1.32,8.45,5.47,8.77,1154.97,75.09,1188.49,1397.49
authentic\66086.jpg,Authentic,,0.0,0.1261,0.0002,0.43,14,0.84,3.9,2.16,5.86,512.69,32.01,508.44,1387.12
authentic\66138.jpg,Authentic,,0.0,0.2057,0.0,1.34,21,1.53,14.93,8.1,10.99,2174.86,95.72,2264.16,1867.61
authentic\66178.jpg,Authentic,,0.0,0.1954,0.0,0.96,11,1.09,12.6,4.92,6.03,688.62,69.04,644.67,378.57
authentic\66206.jpg,Authentic,,0.0002,0.4077,0.0003,0.55,12,0.87,5.25,2.96,6.49,553.24,53.2,579.99,736.21
authentic\66282.jpg,Authentic,,0.0003,0.1837,0.0,0.64,19,0.98,3.46,2.37,4.01,222.18,45.28,229.06,202.68
authentic\66295.jpg,Authentic,,0.0026,0.2903,0.0001,0.85,15,1.18,4.49,4.2,9.69,1136.06,59.58,1106.84,1267.15
authentic\66372.jpg,Authentic,,0.0,0.1655,0.0,1.25,16,1.34,18.41,11.06,13.72,3576.98,127.22,3673.35,2157.5
authentic\66427.jpg,Authentic,,0.003,0.126,0.0,1.26,17,1.33,15.45,7.02,9.0,1557.82,96.12,1585.4,1130.79
authentic\66468.jpg,Authentic,,0.2382,0.1809,0.004,0.58,9,0.84,5.16,2.61,4.8,354.56,46.27,368.69,479.57
authentic\66661.jpg,Authentic,,0.0002,0.1852,0.0,1.29,25,1.4,21.77,10.86,12.43,3562.06,122.82,3635.48,1662.69
authentic\66667.jpg,Authentic,,0.0067,0.5024,0.0001,0.65,14,1.04,5.27,2.95,6.21,661.88,38.7,633.19,823.39
authentic\66669.jpg,Authentic,,0.0001,0.1798,0.0,0.72,11,0.94,10.5,4.06,5.7,560.89,60.02,558.81,488.69
authentic\66751.jpg,Authentic,,0.0188,0.1624,0.0002,0.76,13,0.92,11.75,4.79,5.97,684.32,69.37,696.72,687.82
authentic\66828.jpg,Authentic,,0.0026,0.1648,0.0001,0.67,18,0.92,6.53,3.71,5.18,466.3,47.57,443.87,398.86
authentic\66830.jpg,Authentic,,0.0071,0.1561,0.0002,0.7,11,1.01,9.69,3.44,5.64,535.63,54.36,484.49,643.4
authentic\66856.jpg,Authentic,,0.0006,0.2383,0.0,0.61,12,0.92,7.39,3.25,5.83,574.97,46.59,584.96,719.03
authentic\66882.jpg,Authentic,,0.0001,0.2067,0.0013,0.56,12,0.82,4.0,2.96,5.1,433.17,40.71,402.38,507.99
authentic\66883.jpg,Authentic,,0.0011,0.3305,0.0,0.64,16,0.99,7.95,3.87,7.13,759.3,57.23,741.4,669.96
authentic\66944.jpg,Authentic,,0.0,0.2433,0.0,0.77,19,1.14,8.61,3.8,6.27,556.15,61.76,516.94,451.77
authentic\66992.jpg,Authentic,,0.0176,0.2964,0.0,1.54,17,1.73,21.72,21.03,26.45,16582.38,208.85,16819.13,14176.87
authentic\67004.jpg,Authentic,,0.0003,0.2557,0.0,0.9,28,1.34,8.57,3.98,7.71,817.19,72.28,780.64,858.44
authentic\67013.jpg,Authentic,,0.0,0.2523,0.0,0.58,11,0.83,4.42,2.91,4.66,325.48,45.88,334.36,332.71
authentic\67019.jpg,Authentic,,0.0,0.2005,0.0,1.24,27,1.48,16.09,10.36,14.01,3503.67,118.47,3544.75,2126.82
authentic\67036.jpg,Authentic,,0.0,0.2508,0.0251,0.58,17,0.98,4.17,2.4,5.96,465.07,40.65,421.92,663.04
authentic\67038.jpg,Authentic,,0.0273,0.0577,0.0,2.43,18,2.03,35.44,20.25,16.86,11533.66,191.14,11726.57,2908.76
authentic\67090.jpg,Authentic,,0.0047,0.0601,0.0013,0.43,15,0.93,2.26,1.15,3.36,122.43,20.01,122.67,237.77
authentic\67121.jpg,Authentic,,0.0008,0.4377,0.0004,0.64,15,1.0,5.99,3.64,6.91,912.14,41.88,954.04,2015.05
authentic\67142.jpg,Authentic,,0.0,0.3578,0.0001,1.24,37,1.9,12.67,6.99,10.18,1621.37,86.69,1638.97,1046.31
authentic\67143.jpg,Authentic,,0.0,0.3776,0.0,1.48,26,1.7,17.27,7.49,9.66,1757.76,109.65,1702.76,1191.88
authentic\67150.jpg,Authentic,,0.003,0.2113,0.0004,0.75,15,0.93,4.8,2.85,3.6,235.86,47.97,225.42,179.8
authentic\67162.jpg,Authentic,,0.0014,0.0544,0.0028,0.25,10,0.59,2.25,1.43,4.04,209.22,21.51,194.75,292.26
authentic\67178.jpg,Authentic,,0.0001,0.3254,0.0001,0.91,14,1.15,4.8,4.29,6.38,1053.95,47.82,1031.44,1043.62
authentic\67183.jpg,Authentic,,0.0,0.0964,0.0001,0.57,14,0.91,4.86,3.35,8.3,835.16,52.02,894.72,1740.78
authentic\67190.jpg,Authentic,,0.0001,0.2765,0.0041,0.56,12,0.93,5.74,2.95,6.38,576.69,44.74,580.59,578.53
authentic\67202.jpg,Authentic,,0.028,0.2634,0.0,0.45,8,0.78,6.07,2.61,5.16,351.94,39.97,359.22,361.95
authentic\67217.jpg,Authentic,,0.0,0.2115,0.0,1.28,20,1.34,17.48,8.99,10.77,2373.59,99.67,2309.93,1386.85
authentic\67226.jpg,Authentic,,0.0001,0.2151,0.0001,1.16,14,1.34,14.67,8.99,13.88,3143.19,103.55,3046.92,2547.21
authentic\67238.jpg,Authentic,,0.0102,0.2226,0.0,0.5,7,0.73,4.69,2.32,3.32,163.6,41.09,169.35,94.9
authentic\67306.jpg,Authentic,,0.0001,0.2468,0.0002,0.93,16,1.24,9.12,4.9,8.51,1247.43,71.43,1272.47,1513.34
authentic\67334.jpg,Authentic,,0.0,0.3807,0.0003,0.88,19,1.33,10.09,6.1,11.03,1806.57,74.71,1888.57,1686.08
authentic\67376.jpg,Authentic,,0.0001,0.2042,0.0,0.8,14,1.15,5.79,3.42,6.18,452.69,61.64,483.4,409.6
authentic\67377.jpg,Authentic,,0.0002,0.2899,0.0,1.22,14,1.31,18.05,8.24,10.32,2695.63,93.39,2742.45,2492.72
authentic\67405.jpg,Authentic,,0.0,0.4307,0.002,0.5,12,0.94,3.65,2.72,7.33,725.97,38.43,666.55,797.29
authentic\67441.jpg,Authentic,,0.0,0.1931,0.0,0.6,10,0.87,7.42,3.79,6.42,604.93,60.45,631.08,518.92
authentic\67476.jpg,Authentic,,0.0005,0.3798,0.0,0.47,11,0.89,4.81,3.06,7.26,686.09,43.91,674.53,709.94
authentic\67491.jpg,Authentic,,0.0001,0.0788,0.0,1.68,16,1.66,23.02,14.46,15.26,6407.9,152.24,6482.96,3720.4
authentic\67526.jpg,Authentic,,0.0001,0.2118,0.0,1.07,15,1.18,14.54,7.92,9.17,1814.46,87.3,1831.68,1236.06
authentic\67542.jpg,Authentic,,0.0001,0.2377,0.0,0.93,21,1.23,12.9,6.46,9.81,1513.72,86.14,1557.15,1187.61
authentic\67551.jpg,Authentic,,0.0,0.1676,0.0,0.69,14,0.91,5.33,3.1,4.54,313.52,48.9,308.98,279.85
authentic\67554.jpg,Authentic,,0.0,0.2877,0.0,0.44,11,0.76,4.77,2.07,4.02,239.46,31.2,205.88,248.59
authentic\67562.jpg,Authentic,,0.0,0.1973,0.0,0.81,17,1.11,9.67,5.63,9.43,1366.28,75.11,1285.44,1513.0
authentic\67574.jpg,Authentic,,0.0001,0.2759,0.0,1.37,30,1.71,14.12,8.39,11.74,2373.23,102.13,2432.4,1406.19
authentic\67659.jpg,Authentic,,0.0002,0.2538,0.0,0.65,18,0.94,6.07,2.89,5.51,416.48,48.49,388.78,500.46
authentic\67688.jpg,Authentic,,0.0,0.2334,0.0002,0.45,9,0.7,3.49,2.02,3.34,141.81,34.93,150.68,186.44
authentic\67695.jpg,Authentic,,0.0225,0.2473,0.0071,0.29,8,0.63,4.6,2.05,4.55,321.31,28.7,322.65,460.74
authentic\67709.jpg,Authentic,,0.0002,0.4259,0.0,0.48,14,0.79,3.51,1.97,4.15,227.48,32.46,207.4,270.1
authentic\67724.jpg,Authentic,,0.0,0.1524,0.0,0.5,9,0.71,3.73,2.17,3.04,137.32,33.34,139.36,80.62
authentic\67734.jpg,Authentic,,0.0008,0.1659,0.0002,0.55,8,0.76,5.64,3.11,4.6,303.67,49.13,310.56,281.02
authentic\67736.jpg,Authentic,,0.0,0.3746,0.0,0.79,29,1.34,5.98,5.64,9.58,2707.3,48.0,2780.2,3972.1
authentic\67768.jpg,Authentic,,0.0001,0.3171,0.0008,0.88,12,1.08,13.27,7.53,10.83,2293.02,94.6,2039.79,2190.44
authentic\67802.jpg,Authentic,,0.0,0.2435,0.0,0.78,23,1.52,8.73,5.14,10.59,1639.99,67.74,1616.0,1381.44
authentic\67843.jpg,Authentic,,0.0005,0.3262,0.0,0.46,8,0.76,3.33,1.95,3.58,194.57,29.52,197.88,140.07
authentic\67916.jpg,Authentic,,0.0005,0.1941,0.0009,1.87,31,2.29,16.26,8.1,10.53,1857.62,112.33,1910.25,1174.26
authentic\67963.jpg,Authentic,,0.0,0.2503,0.0,1.25,16,1.39,16.51,10.12,12.5,2791.86,133.76,2928.47,1828.96
authentic\67981.jpg,Authentic,,0.0,0.3325,0.0001,0.43,10,0.81,3.38,1.83,4.58,252.58,32.14,226.92,215.23
authentic\67983.jpg,Authentic,,0.0003,0.2537,0.0,1.02,16,1.27,12.27,5.13,7.33,1078.02,63.37,1024.06,1295.95
authentic\67985.jpg,Authentic,,0.0002,0.2218,0.0,1.42,30,1.73,15.98,8.74,11.9,2546.01,103.69,2632.71,1996.29
authentic\68007.jpg,Authentic,,0.0024,0.3065,0.0001,0.47,22,0.95,4.41,2.6,6.4,461.2,35.96,532.82,780.75
authentic\68034.jpg,Authentic,,0.0,0.1676,0.0,1.08,23,1.33,11.8,6.33,9.6,1528.79,75.17,1560.18,769.83
authentic\68054.jpg,Authentic,,0.0002,0.254,0.0,0.65,10,0.86,5.68,3.13,4.7,314.9,49.7,294.12,353.56
authentic\68057.jpg,Authentic,,0.0084,0.1504,0.0022,0.61,18,0.98,3.28,3.46,6.07,555.94,41.43,570.5,854.49
authentic\68060.jpg,Authentic,,0.0261,0.2343,0.0002,1.1,20,1.45,6.93,3.15,4.88,452.59,47.81,428.8,633.47
authentic\68071.jpg,Authentic,,0.0008,0.4106,0.0,0.61,28,1.13,6.19,4.37,11.21,1663.06,57.83,1517.73,1521.72
authentic\68120.jpg,Authentic,,0.0004,0.2656,0.0,0.54,12,0.89,4.2,3.09,6.84,577.92,45.45,570.0,564.52
authentic\68175.jpg,Authentic,,0.0,0.3233,0.0,1.04,15,1.54,11.34,7.09,13.67,6879.13,58.64,6931.44,13106.33
authentic\68282.jpg,Authentic,,0.0,0.2721,0.0,0.67,14,1.01,7.06,4.19,8.21,930.75,63.63,1163.78,1102.16
authentic\68319.jpg,Authentic,,0.0074,0.1895,0.0004,0.36,10,0.7,1.97,1.6,3.58,193.25,25.34,199.27,295.08
authentic\68335.jpg,Authentic,,0.0002,0.1798,0.0,1.56,31,1.75,15.72,8.64,11.22,3254.24,90.39,3303.73,2029.15
authentic\68343.jpg,Authentic,,0.0011,0.2999,0.0026,0.47,8,0.75,4.95,1.86,3.91,157.63,34.65,147.76,196.23
authentic\68390.jpg,Authentic,,0.0004,0.5751,0.0001,0.68,14,1.11,7.91,6.08,12.64,1730.05,81.19,1743.09,1731.6
authentic\68446.jpg,Authentic,,0.0,0.2776,0.0,1.05,15,1.22,10.44,6.39,8.75,1376.89,85.28,1398.64,971.24
authentic\68447.jpg,Authentic,,0.0005,0.1565,0.0,1.09,12,1.1,14.86,7.01,7.3,1342.91,81.21,1353.65,1190.61
authentic\68471.jpg,Authentic,,0.0013,0.2486,0.0,0.73,17,1.04,5.66,3.48,7.0,959.0,39.96,972.36,1318.71
authentic\68480.jpg,Authentic,,0.0001,0.3035,0.0,0.84,17,1.1,14.55,6.47,9.11,1536.67,82.24,1423.18,1238.4
authentic\68583.jpg,Authentic,,0.0,0.4019,0.0001,1.3,15,1.57,17.73,10.94,15.25,5102.81,110.21,4752.12,3966.65
authentic\68617.jpg,Authentic,,0.0009,0.1592,0.0001,1.53,25,1.58,20.56,9.2,11.36,2559.21,121.27,2638.52,1630.74
authentic\68671.jpg,Authentic,,0.0,0.2988,0.0001,0.53,18,0.97,4.35,2.57,6.77,580.48,38.23,568.34,734.77
authentic\68707.jpg,Authentic,,0.0,0.1321,0.0006,0.73,14,1.03,3.95,2.34,3.61,205.44,38.05,208.59,186.2
authentic\68709.jpg,Authentic,,0.001,0.3958,0.0006,0.41,9,0.78,5.2,2.71,6.07,485.36,41.58,510.69,562.96
authentic\68739.jpg,Authentic,,0.0001,0.215,0.0001,0.74,15,0.98,7.42,3.7,5.31,540.2,57.26,477.85,670.7
authentic\68761.jpg,Authentic,,0.0,0.1231,0.0227,0.34,8,0.63,0.8,0.88,1.76,38.25,18.57,39.59,76.59
authentic\68764.jpg,Authentic,,0.0001,0.2645,0.0,1.02,16,1.3,9.26,5.61,8.72,984.12,88.95,1002.86,891.61
authentic\68849.jpg,Authentic,,0.0004,0.2428,0.0009,1.16,21,1.66,13.29,7.38,11.64,2212.96,104.21,2281.3,2314.72
authentic\68930.jpg,Authentic,,0.0001,0.3127,0.0,0.52,11,0.87,3.92,1.59,3.15,111.32,32.57,115.85,103.36
authentic\68948.jpg,Authentic,,0.0009,0.3466,0.0002,1.24,20,1.46,14.4,9.26,12.86,2847.51,114.51,2692.03,1991.23
authentic\68971.jpg,Authentic,,0.0051,0.1716,0.0002,1.0,12,1.13,10.33,4.6,6.55,878.43,66.96,822.8,1309.94
authentic\69031.jpg,Authentic,,0.0001,0.2526,0.0,1.08,16,1.31,12.18,7.29,11.78,2232.25,92.48,2285.9,2333.34
authentic\69036.jpg,Authentic,,0.0001,0.452,0.0102,0.41,11,0.76,5.79,3.19,6.95,560.16,44.95,602.29,668.48
authentic\69039.jpg,Authentic,,0.0,0.2089,0.0,1.04,15,1.19,11.64,6.02,8.93,1404.8,71.57,1457.6,1416.18
authentic\69092.jpg,Authentic,,0.0,0.3488,0.0,1.43,23,1.96,13.43,9.24,14.03,3792.7,101.36,3705.16,3117.25
authentic\69097.jpg,Authentic,,0.0,0.2414,0.0,0.44,11,0.8,4.06,2.28,5.81,435.39,34.79,432.45,901.9
authentic\69147.jpg,Authentic,,0.0,0.1289,0.0,1.03,13,1.22,13.89,5.35,6.98,862.43,74.27,880.64,521.12
authentic\69161.jpg,Authentic,,0.0018,0.1407,0.0,1.01,11,1.02,16.07,5.97,6.43,910.27,79.32,976.94,480.36
authentic\69190.jpg,Authentic,,0.0,0.2962,0.0019,0.68,14,1.09,8.67,3.77,7.02,939.02,54.48,958.98,1770.93
authentic\69230.jpg,Authentic,,0.0002,0.1401,0.0,1.01,15,1.3,13.57,6.12,8.98,1503.07,76.79,1518.34,1181.54
authentic\69246.jpg,Authentic,,0.0057,0.2233,0.0139,0.26,9,0.59,2.45,1.4,3.56,148.52,23.86,152.66,198.56
authentic\69281.jpg,Authentic,,0.0,0.2981,0.0,1.22,19,1.48,14.49,9.09,13.97,3547.93,104.43,3596.31,3870.94
authentic\69282.jpg,Authentic,,0.0128,0.205,0.0013,1.11,13,1.18,16.04,6.99,7.8,1634.44,77.06,1634.33,1035.58
authentic\69375.jpg,Authentic,,0.0004,0.226,0.0,0.86,21,1.22,9.36,4.55,8.32,1124.93,65.64,1154.68,1673.55
authentic\69418.jpg,Authentic,,0.0003,0.2294,0.0011,1.08,17,1.2,14.47,6.28,7.44,1218.53,78.53,1330.29,1161.72
authentic\69458.jpg,Authentic,,0.0002,0.1384,0.0,1.45,19,1.44,21.03,8.88,9.58,2009.05,115.64,2050.22,921.13
authentic\69465.jpg,Authentic,,0.0002,0.2784,0.0001,0.7,11,0.96,8.84,4.07,6.38,763.37,54.28,770.07,596.17
authentic\69505.jpg,Authentic,,0.0,0.1746,0.0001,0.78,12,1.06,9.83,4.5,7.45,1074.58,56.4,1085.88,1202.69
authentic\69537.jpg,Authentic,,0.0,0.2304,0.0001,1.15,15,1.36,12.54,5.7,7.48,1624.86,64.45,1679.31,1983.02
authentic\69564.jpg,Authentic,,0.0051,0.424,0.0002,0.31,13,0.8,3.45,1.75,5.23,376.73,22.54,381.91,662.63
authentic\69618.jpg,Authentic,,0.0001,0.1913,0.0,1.02,18,1.18,16.48,7.29,9.7,1628.93,102.73,1546.12,1599.15
authentic\69626.jpg,Authentic,,0.0001,0.363,0.0001,0.37,13,0.73,3.77,1.86,4.73,279.81,28.96,254.01,378.4
authentic\69644.jpg,Authentic,,0.0001,0.1527,0.0,0.57,13,1.21,8.54,6.36,13.62,2768.41,79.5,2553.32,2795.05
authentic\69678.jpg,Authentic,,0.0003,0.3607,0.0006,0.67,19,1.03,6.39,3.09,6.14,504.33,52.03,520.08,494.1
authentic\69722.jpg,Authentic,,0.0002,0.2431,0.0001,0.62,17,1.04,3.23,1.71,3.99,214.2,34.18,218.88,417.81
authentic\69769.jpg,Authentic,,0.0,0.2709,0.0002,0.76,11,0.96,8.99,4.62,7.14,678.52,67.86,745.53,862.32
authentic\69776.jpg,Authentic,,0.0007,0.0666,0.0014,0.35,16,0.82,2.6,2.53,9.67,1115.08,29.13,1015.35,2813.38
authentic\69949.jpg,Authentic,,0.003,0.1501,0.0,0.55,8,0.75,5.76,2.99,3.95,227.58,45.03,231.11,221.82
authentic\69952.jpg,Authentic,,0.0001,0.3292,0.0,0.68,34,1.03,9.6,4.35,7.14,710.67,53.67,725.23,719.59
authentic\69964.jpg,Authentic,,0.0,0.2274,0.0,0.41,8,0.72,4.17,2.79,7.59,586.44,40.45,605.21,425.17
authentic\69967.jpg,Authentic,,0.0003,0.2593,0.0,1.45,18,1.62,22.82,10.21,11.67,3258.63,118.3,3328.54,2573.25
authentic\69984.jpg,Authentic,,0.0,0.2671,0.0,0.84,23,1.25,6.7,2.82,5.31,449.33,41.66,454.79,415.28
authentic\70091.jpg,Authentic,,0.0,0.2786,0.0,0.79,15,1.18,8.93,5.43,9.65,1362.73,64.22,1355.8,1366.84
authentic\70100.jpg,Authentic,,0.0,0.2928,0.0001,0.85,28,1.49,7.78,5.62,10.81,1643.89,72.5,1692.11,1510.33
authentic\70131.jpg,Authentic,,0.25,0.1569,0.0037,0.48,7,0.71,2.83,1.81,2.74,101.18,29.55,95.11,70.95
authentic\70141.jpg,Authentic,,0.0,0.328,0.0,1.41,22,1.69,16.58,10.86,14.89,4484.92,120.7,4135.73,3244.25
authentic\70144.jpg,Authentic,,0.0001,0.2092,0.0,1.18,33,1.85,13.82,7.29,11.42,2326.26,95.47,2194.59,2662.35
authentic\70176.jpg,Authentic,,0.0,0.4091,0.0,0.46,11,0.94,5.73,3.13,8.1,902.36,42.36,917.18,959.01
authentic\70203.jpg,Authentic,,0.0007,0.1486,0.0,0.89,10,1.06,14.35,8.0,10.47,1874.24,102.23,2063.85,1388.6
authentic\70209.jpg,Authentic,,0.0088,0.1697,0.0002,1.3,19,1.55,8.83,3.08,4.44,260.22,68.56,279.16,260.9
authentic\70244.jpg,Authentic,,0.0008,0.2318,0.0021,0.67,13,1.1,8.64,4.93,9.37,1535.79,64.03,1577.35,2420.2
authentic\70379.jpg,Authentic,,0.0001,0.2473,0.0004,0.56,12,0.86,3.18,1.92,4.02,233.81,32.15,225.11,237.71
authentic\70419.jpg,Authentic,,0.0352,0.2442,0.0011,0.49,11,0.78,3.31,1.79,3.57,151.86,36.82,153.95,256.69
authentic\70456.jpg,Authentic,,0.0003,0.2858,0.0001,0.75,13,1.11,9.99,5.49,8.7,1266.03,65.52,1235.93,1187.84
authentic\70619.jpg,Authentic,,0.0,0.3859,0.0,1.16,16,1.5,15.59,6.83,9.87,1856.85,86.92,1898.23,1631.12
authentic\70664.jpg,Authentic,,0.0,0.1778,0.0,0.85,19,1.1,10.45,5.09,7.37,786.0,72.61,772.72,633.52
authentic\70681.jpg,Authentic,,0.0004,0.3347,0.0001,0.82,9,1.05,13.66,5.87,7.97,1176.73,70.32,1192.2,851.1
authentic\70684.jpg,Authentic,,0.0004,0.0823,0.0001,0.73,11,0.88,10.86,5.52,6.85,826.48,69.83,834.89,998.66
authentic\70693.jpg,Authentic,,0.0,0.397,0.0003,0.7,15,1.1,6.97,3.8,8.13,1051.33,57.22,955.95,1906.79
authentic\70704.jpg,Authentic,,0.0,0.1655,0.0,0.89,27,1.33,8.55,4.95,9.57,1293.96,74.02,1299.82,1285.17
authentic\70726.jpg,Authentic,,0.0097,0.1999,0.0003,0.69,15,0.88,12.31,5.77,7.85,885.22,88.59,921.63,594.92
authentic\70772.jpg,Authentic,,0.0056,0.3523,0.0322,0.33,18,0.78,3.34,1.61,4.81,322.51,23.59,332.35,430.96
authentic\70798.jpg,Authentic,,0.0,0.2541,0.0001,0.63,12,0.94,9.25,4.08,6.98,789.62,52.55,672.33,1091.56
authentic\70813.jpg,Authentic,,0.0,0.2519,0.0,0.7,13,1.06,8.02,3.64,6.98,869.22,50.94,798.39,1626.81
authentic\70817.jpg,Authentic,,0.0002,0.1626,0.0,0.91,14,1.1,11.24,5.54,7.6,960.86,74.25,918.25,584.68
authentic\70839.jpg,Authentic,,0.9574,0.3235,0.0003,1.22,13,1.29,20.72,7.78,8.57,1980.8,91.83,2009.69,1635.56
authentic\70842.jpg,Authentic,,0.0,0.2696,0.0,0.39,6,0.66,2.98,1.52,2.52,84.04,28.03,78.74,78.15
authentic\70860.jpg,Authentic,,0.0005,0.3814,0.0,0.57,11,0.84,6.5,2.89,4.95,359.06,45.96,360.47,350.0
authentic\70872.jpg,Authentic,,0.0001,0.2984,0.0,0.56,15,0.96,4.77,2.47,4.99,384.93,37.94,395.59,407.27
authentic\70890.jpg,Authentic,,0.0005,0.1024,0.0,1.74,22,1.85,21.71,9.52,10.68,2411.09,133.72,2474.48,1682.9
authentic\70920.jpg,Authentic,,0.0,0.3826,0.0,0.45,8,0.75,3.34,1.88,4.0,185.59,34.1,196.42,204.9
authentic\70935.jpg,Authentic,,0.0,0.3229,0.0012,0.71,19,1.04,7.0,2.94,5.98,592.79,44.96,602.19,1065.59
authentic\70936.jpg,Authentic,,0.0005,0.401,0.0023,0.63,22,0.97,3.75,2.47,6.24,448.09,45.58,455.58,470.05
authentic\70944.jpg,Authentic,,0.0004,0.4246,0.0,1.24,17,1.6,16.62,8.81,13.01,3264.91,111.14,3336.51,2462.49
authentic\70949.jpg,Authentic,,0.0003,0.2909,0.0042,0.35,11,0.72,4.96,2.49,6.09,534.07,35.96,480.97,685.23
authentic\70985.jpg,Authentic,,0.0001,0.1418,0.0,1.27,22,1.45,18.07,9.86,12.39,2888.08,120.99,2966.03,1642.44
authentic\71002.jpg,Authentic,,0.0,0.2685,0.0,0.53,12,0.85,3.55,2.24,4.76,287.83,36.78,290.21,305.46
authentic\71006.jpg,Authentic,,0.0001,0.2064,0.0,0.48,12,0.86,1.72,1.49,2.66,83.82,29.47,87.72,112.92
authentic\71031.jpg,Authentic,,0.0002,0.4821,0.0,0.54,12,0.94,5.12,2.6,6.04,477.8,39.19,437.22,516.12
authentic\71057.jpg,Authentic,,0.0,0.1322,0.0,0.89,12,1.0,10.03,4.77,6.1,797.49,57.68,809.76,743.96
authentic\71090.jpg,Authentic,,0.0,0.2299,0.0,0.83,13,1.0,14.94,7.05,9.85,1504.24,92.83,1435.63,1159.32
authentic\71127.jpg,Authentic,,0.0,0.2061,0.0,1.01,26,1.42,10.37,6.47,12.09,2180.51,88.09,2002.6,1766.95
authentic\71148.jpg,Authentic,,0.0036,0.2081,0.0023,1.13,15,1.15,22.27,8.58,8.59,2090.88,91.74,2117.75,1218.53
authentic\71221.jpg,Authentic,,0.0057,0.1193,0.0534,0.28,12,0.64,1.38,1.74,5.44,360.88,24.07,361.57,773.09
authentic\71243.jpg,Authentic,,0.0,0.34,0.0,0.73,15,1.16,7.81,4.25,8.21,996.35,65.42,1023.48,1305.18
authentic\71263.jpg,Authentic,,0.2154,0.0767,0.0001,0.34,7,0.57,1.41,1.63,2.3,68.71,28.0,74.79,66.36
authentic\71264.jpg,Authentic,,0.002,0.0522,0.0277,0.31,10,0.62,1.48,1.81,5.16,283.08,26.47,290.87,645.76
authentic\71269.jpg,Authentic,,0.0,0.2741,0.0001,0.52,22,0.9,4.22,2.13,4.35,291.13,41.3,287.26,721.64
authentic\71358.jpg,Authentic,,0.0001,0.2399,0.0,1.43,23,1.75,16.72,8.72,12.2,2913.61,107.82,2984.23,1968.97
authentic\71362.jpg,Authentic,,0.0003,0.106,0.0001,1.17,20,1.22,17.72,8.15,8.89,1914.45,93.06,1923.97,1090.25
authentic\71366.jpg,Authentic,,0.0325,0.4481,0.0001,0.53,11,0.86,4.13,2.61,6.3,505.63,48.98,468.92,565.47
authentic\71372.jpg,Authentic,,0.0011,0.2406,0.0001,0.84,13,1.17,8.67,5.55,10.37,1858.48,61.74,1907.56,1328.87
authentic\71374.jpg,Authentic,,0.0009,0.126,0.0007,0.28,12,0.67,2.31,1.75,6.04,346.71,27.51,345.56,641.1
authentic\71536.jpg,Authentic,,0.1739,0.1435,0.0,0.89,14,1.14,13.1,6.94,11.24,1931.19,95.27,1971.93,1990.3
authentic\71564.jpg,Authentic,,0.0,0.3558,0.0,1.19,19,1.49,14.39,8.23,12.16,2788.56,90.98,2831.15,1825.11
authentic\71571.jpg,Authentic,,0.0,0.2584,0.0,1.22,19,1.4,16.22,7.3,9.68,1834.84,88.45,1692.81,1222.26
authentic\71572.jpg,Authentic,,0.0001,0.2477,0.0,1.11,14,1.19,18.48,8.72,10.14,2085.41,103.86,2141.45,1201.6
authentic\71589.jpg,Authentic,,0.0001,0.4324,0.0033,0.67,17,1.08,7.0,3.88,8.04,889.39,60.29,806.62,829.13
authentic\71599.jpg,Authentic,,0.0,0.2162,0.0,1.25,15,1.36,19.09,10.53,13.37,3729.97,116.06,3768.84,2010.15
authentic\71601.jpg,Authentic,,0.0,0.1475,0.0002,0.49,9,0.75,5.51,2.96,5.29,363.58,38.95,457.97,542.27
authentic\71624.jpg,Authentic,,0.1804,0.2425,0.0001,0.58,16,1.09,7.45,3.4,7.54,855.35,48.69,776.01,1250.29
authentic\71636.jpg,Authentic,,0.0001,0.2984,0.0002,0.74,20,1.06,6.4,3.74,5.85,505.84,51.36,515.89,670.94
authentic\71637.jpg,Authentic,,0.0001,0.1577,0.0,1.02,19,1.27,13.36,5.57,7.63,1164.87,72.63,1138.69,1487.84
authentic\71638.jpg,Authentic,,0.0027,0.2718,0.0016,0.27,4,0.48,6.46,2.74,4.16,156.57,62.37,172.39,113.41
authentic\71672.jpg,Authentic,,0.0,0.2054,0.0,0.93,18,1.26,8.2,4.91,8.73,1196.74,62.53,1222.86,1249.77
authentic\71680.jpg,Authentic,,0.0,0.3369,0.0009,0.56,18,0.94,4.88,2.11,4.41,238.68,43.11,225.95,343.42
authentic\71695.jpg,Authentic,,0.0001,0.1796,0.0004,0.79,19,1.35,5.54,4.18,10.24,1378.28,61.6,1431.3,2940.02
authentic\71697.jpg,Authentic,,0.0035,0.3982,0.0002,0.85,13,1.19,13.78,6.84,10.57,2098.34,78.84,2129.69,2287.46
authentic\71752.jpg,Authentic,,0.0015,0.3068,0.0001,0.66,16,1.0,5.17,3.0,6.2,570.95,50.53,561.76,815.05
authentic\72050.jpg,Authentic,,0.0001,0.324,0.001,0.56,15,0.98,3.67,2.36,5.16,384.78,33.68,437.84,655.78
authentic\72063.jpg,Authentic,,0.6844,0.0495,0.0665,0.41,24,1.04,1.94,1.13,2.98,120.3,19.72,121.02,249.74
authentic\72064.jpg,Authentic,,0.0001,0.2794,0.0,1.56,26,1.86,16.84,9.75,12.07,3322.47,105.26,3363.55,2447.56
authentic\72067.jpg,Authentic,,0.0,0.0963,0.0001,0.53,8,0.75,3.19,1.62,2.51,66.31,39.1,189.33,315.58
authentic\72082.jpg,Authentic,,0.0132,0.2666,0.0001,0.54,10,0.89,4.32,3.04,6.46,663.06,34.05,676.94,456.69
authentic\72089.jpg,Authentic,,0.0001,0.2965,0.0,0.94,12,1.15,19.01,8.63,10.24,2079.29,104.73,2102.85,1153.35
authentic\72091.jpg,Authentic,,0.0,0.3945,0.0,0.91,46,1.77,5.12,4.6,10.18,1773.48,53.99,1803.24,2355.83
authentic\72093.jpg,Authentic,,0.0,0.2099,0.0,1.44,24,1.69,17.37,10.4,14.53,5315.3,110.19,5688.07,4920.29
authentic\72109.jpg,Authentic,,0.0006,0.2121,0.0001,1.21,30,1.69,11.64,8.05,12.99,2629.71,99.72,2750.63,2543.19
authentic\72115.jpg,Authentic,,0.0,0.3338,0.0001,0.82,18,1.14,6.69,3.71,6.09,808.31,45.74,815.66,859.99
authentic\72117.jpg,Authentic,,0.0001,0.197,0.0003,0.5,24,0.85,4.69,2.66,5.22,328.98,39.8,310.54,257.96
authentic\72123.jpg,Authentic,,0.0009,0.1567,0.0002,1.15,12,1.2,16.12,6.88,7.88,1481.91,79.28,1513.33,890.34
authentic\72126.jpg,Authentic,,0.0,0.1856,0.0,1.49,35,1.9,16.3,8.27,9.33,1666.95,97.34,1676.09,761.96
authentic\72140.jpg,Authentic,,0.0,0.1908,0.0033,0.79,31,1.03,8.43,4.54,5.96,594.78,61.21,598.8,488.99
authentic\72147.jpg,Authentic,,0.0018,0.1855,0.0001,0.52,10,0.8,3.5,2.15,4.75,295.81,39.59,298.08,370.86
authentic\72162.jpg,Authentic,,0.005,0.5215,0.0006,0.93,15,1.24,13.42,8.46,13.93,2968.19,108.66,2365.87,3242.92
authentic\72167.jpg,Authentic,,0.0,0.3526,0.0002,0.51,14,0.83,4.63,2.79,7.11,650.38,45.93,647.63,936.56
authentic\72200.jpg,Authentic,,0.0003,0.2114,0.0001,0.43,12,0.72,3.54,2.62,5.35,399.2,33.13,411.29,326.85
authentic\72230.jpg,Authentic,,0.0021,0.1904,0.031,0.54,27,0.89,3.5,3.18,5.48,529.54,37.71,538.31,793.33
authentic\72234.jpg,Authentic,,0.0001,0.1708,0.0,1.1,21,1.43,11.68,6.21,9.11,1211.57,85.17,1200.38,1208.15
authentic\72236.jpg,Authentic,,0.0012,0.2312,0.0002,0.71,12,0.98,7.84,3.24,5.81,499.38,51.42,569.04,626.73
authentic\72237.jpg,Authentic,,0.0001,0.3466,0.0001,0.73,16,1.03,6.73,4.14,7.37,1040.21,53.86,1064.4,1384.16
authentic\72250.jpg,Authentic,,0.0,0.3365,0.0012,0.94,17,1.24,10.89,6.36,10.33,1880.69,81.86,1931.53,1914.12
authentic\72251.jpg,Authentic,,0.0001,0.137,0.0,0.46,10,0.79,2.4,1.11,1.69,27.93,30.37,34.72,17.35
authentic\72262.jpg,Authentic,,0.0,0.31,0.0,0.73,13,1.11,9.77,3.97,6.96,879.17,51.99,889.48,707.6
authentic\72268.jpg,Authentic,,0.0,0.2044,0.0,0.64,14,0.97,6.82,3.82,7.16,836.19,50.03,856.8,886.03
authentic\72270.jpg,Authentic,,0.0001,0.0975,0.0,1.56,19,1.57,25.22,9.51,9.6,1970.88,139.0,2033.19,1199.59
authentic\72271.jpg,Authentic,,0.318,0.0698,0.0177,0.19,11,0.55,2.53,1.28,4.64,264.56,19.99,260.98,474.7
authentic\72274.jpg,Authentic,,0.0005,0.2647,0.0,1.1,13,1.35,12.43,7.55,11.69,2492.7,87.59,2437.6,1514.78
authentic\72300.jpg,Authentic,,0.0,0.138,0.0001,1.56,32,1.69,20.09,9.46,11.14,2846.21,112.56,2885.53,1736.26
authentic\72315.jpg,Authentic,,0.0001,0.2112,0.0,1.17,14,1.34,14.91,9.03,12.53,2836.69,105.5,2904.77,1738.12
authentic\72386.jpg,Authentic,,0.0002,0.2554,0.0,0.79,11,1.01,12.6,7.88,11.83,2003.64,101.61,2061.84,1843.01
authentic\72390.jpg,Authentic,,0.0014,0.389,0.0001,0.76,18,1.2,7.36,4.87,9.69,1401.58,67.59,1431.09,1624.11
authentic\72394.jpg,Authentic,,0.0021,0.4073,0.0002,0.73,17,1.1,8.86,4.65,8.18,970.03,63.06,986.15,1176.12
authentic\72399.jpg,Authentic,,0.0001,0.3593,0.0003,0.51,14,0.87,4.22,1.95,4.16,219.36,32.04,200.78,271.27
authentic\72423.jpg,Authentic,,0.0,0.109,0.0001,1.18,16,1.3,15.11,6.83,9.09,1637.91,84.96,1665.4,793.91
authentic\72436.jpg,Authentic,,0.0,0.2857,0.0011,0.95,36,1.48,9.8,4.82,8.25,1049.68,72.9,1087.47,1045.84
authentic\72442.jpg,Authentic,,0.0001,0.2934,0.0002,0.66,12,0.96,9.39,3.83,6.87,725.32,69.08,756.61,1210.63
authentic\72492.jpg,Authentic,,0.0,0.2402,0.0,0.53,9,0.81,4.35,2.65,5.69,383.42,41.92,440.1,354.4
authentic\72496.jpg,Authentic,,0.0036,0.4269,0.0005,0.56,13,1.01,5.82,3.02,7.04,739.05,42.84,756.73,826.28
authentic\72503.jpg,Authentic,,0.0002,0.1723,0.0001,0.49,8,0.7,2.92,2.22,2.91,145.94,31.26,153.29,99.31
authentic\72566.jpg,Authentic,,0.0039,0.3802,0.0,0.88,17,1.31,7.86,4.25,8.13,1162.8,61.95,1193.91,1733.53
authentic\72579.jpg,Authentic,,0.0141,0.0167,0.0015,0.21,12,0.72,1.96,0.82,3.49,189.22,10.38,180.99,490.41
authentic\72623.jpg,Authentic,,0.3559,0.198,0.0016,0.37,13,0.63,1.83,1.76,3.09,162.17,26.57,151.02,302.84
authentic\72632.jpg,Authentic,,0.0001,0.1146,0.0,1.1,19,1.32,13.58,5.04,6.47,717.1,79.23,696.37,894.8
authentic\72643.jpg,Authentic,,0.0,0.251,0.0035,0.57,11,0.82,5.67,3.01,4.5,283.96,50.18,296.39,233.17
authentic\72669.jpg,Authentic,,0.0,0.0366,0.0052,0.47,13,0.96,4.02,2.92,8.09,950.94,36.72,858.55,1292.93
authentic\72704.jpg,Authentic,,0.0005,0.1997,0.0001,1.21,16,1.57,13.43,9.91,14.86,4905.39,106.54,5389.78,6978.99
authentic\72720.jpg,Authentic,,0.0001,0.227,0.0,1.42,18,1.48,20.49,9.57,11.68,2731.22,125.61,2783.83,1698.49
authentic\72721.jpg,Authentic,,0.0,0.2265,0.0001,1.0,18,1.23,10.44,5.29,8.48,1276.33,68.46,1301.99,2238.28
authentic\72722.jpg,Authentic,,0.0001,0.2184,0.0017,0.38,10,0.73,1.29,1.37,3.53,154.39,19.95,143.55,213.66
authentic\72723.jpg,Authentic,,0.0002,0.2427,0.0,0.77,16,1.03,8.77,4.98,7.86,963.54,70.34,963.84,1457.59
authentic\72825.jpg,Authentic,,0.0,0.4367,0.0017,0.53,21,0.97,3.52,1.99,4.95,336.86,34.19,347.52,391.55
authentic\72878.jpg,Authentic,,0.0,0.1209,0.0,0.67,10,0.84,6.35,2.87,3.43,178.47,48.22,176.67,113.87
authentic\72918.jpg,Authentic,,0.0,0.1279,0.0,1.08,17,1.22,16.29,8.24,10.6,2092.31,98.06,1987.8,1577.64
authentic\72925.jpg,Authentic,,0.0,0.4374,0.0,0.7,12,1.03,8.55,4.92,9.46,1233.03,72.56,1265.15,1164.49
authentic\72932.jpg,Authentic,,0.0001,0.362,0.0,1.27,33,1.79,11.89,7.16,10.96,1870.78,90.08,1926.11,1413.71
authentic\73008.jpg,Authentic,,0.0024,0.397,0.0018,1.12,20,1.5,11.29,7.59,12.91,2751.61,94.14,2554.67,2998.49
authentic\73034.jpg,Authentic,,0.0005,0.3088,0.0001,0.46,15,0.86,3.86,1.97,4.84,263.22,32.07,271.63,439.49
authentic\73043.jpg,Authentic,,0.0,0.2645,0.0001,0.63,12,0.88,4.15,3.88,8.56,845.25,50.9,879.02,588.51
authentic\73044.jpg,Authentic,,0.0,0.3225,0.0001,0.45,13,0.74,2.73,1.75,3.25,154.94,27.96,156.8,191.57
authentic\73051.jpg,Authentic,,0.0,0.2076,0.0001,0.67,11,0.89,6.32,3.49,5.56,530.68,53.94,553.89,478.8
authentic\73101.jpg,Authentic,,0.4635,0.1306,0.0009,0.41,8,0.67,0.86,1.08,1.82,42.53,24.01,43.13,54.63
authentic\73114.jpg,Authentic,,0.0001,0.1181,0.0,0.79,18,1.04,7.41,4.67,7.75,925.33,63.04,920.38,592.93
authentic\73165.jpg,Authentic,,0.0,0.3191,0.0,0.79,22,1.29,6.37,3.31,7.08,669.94,45.9,692.71,638.22
authentic\73176.jpg,Authentic,,0.0003,0.2147,0.0,0.7,14,0.92,7.81,2.83,4.7,300.3,65.49,278.06,314.53
authentic\73185.jpg,Authentic,,0.0,0.1826,0.0,0.68,11,0.98,3.93,1.93,3.52,159.7,34.09,136.09,148.5
authentic\73223.jpg,Authentic,,0.0089,0.1178,0.0,1.36,17,1.34,5.04,7.41,7.91,3282.04,70.43,3324.97,1839.64
authentic\73258.jpg,Authentic,,0.0001,0.184,0.0001,0.95,32,1.2,5.63,3.51,4.84,399.01,46.76,372.58,316.45
authentic\73322.jpg,Authentic,,0.0008,0.1974,0.0,0.44,13,0.84,3.63,1.82,4.09,216.59,28.06,224.55,288.9
authentic\73408.jpg,Authentic,,0.0135,0.2893,0.0608,0.45,19,0.83,3.58,1.82,3.98,206.2,34.04,213.99,409.15
authentic\73416.jpg,Authentic,,0.0001,0.2973,0.0,0.44,12,0.75,4.75,2.34,4.43,332.08,38.18,339.48,545.04
authentic\73424.jpg,Authentic,,0.0001,0.5181,0.0016,0.59,15,1.02,8.07,4.79,10.48,1633.63,56.45,1513.47,2885.78
authentic\73461.jpg,Authentic,,0.0,0.2445,0.0,0.66,13,1.05,5.77,4.3,8.79,1187.62,52.79,1166.7,1294.87
authentic\73473.jpg,Authentic,,0.0003,0.3711,0.0,0.46,10,0.87,5.76,2.8,6.12,572.27,40.27,569.7,690.44
authentic\73500.jpg,Authentic,,0.0,0.263,0.0004,1.07,19,1.47,10.8,5.53,9.36,1356.26,71.09,1382.53,939.01
authentic\73517.jpg,Authentic,,0.0001,0.2926,0.0,1.17,29,1.56,14.72,8.09,11.8,2581.03,93.78,2617.15,1619.55
authentic\73523.jpg,Authentic,,0.0003,0.205,0.0,0.92,15,1.24,9.13,6.01,9.47,1392.07,76.43,1310.63,1107.61
authentic\73530.jpg,Authentic,,0.0001,0.1884,0.0,1.31,16,1.33,20.72,9.92,10.91,2924.07,106.61,2973.63,1897.97
authentic\73533.jpg,Authentic,,0.0001,0.3155,0.1197,0.49,19,1.03,4.99,3.09,8.23,955.82,34.28,952.03,1548.18
authentic\73535.jpg,Authentic,,0.0077,0.1831,0.0001,0.44,10,0.71,5.32,2.25,3.63,152.82,39.06,156.04,152.33
ai_generated\00000.png,AI Generated,,1.0,0.0,0.3994,2.56,27,2.25,10.83,6.64,8.79,1220.51,81.19,1232.42,265.0
ai_generated\00001.png,AI Generated,,0.7073,0.0,0.2136,4.04,85,4.8,16.93,7.02,9.96,1706.96,106.05,1761.1,511.18
ai_generated\00002.png,AI Generated,,1.0,0.0,0.0015,2.48,40,3.3,10.8,5.9,11.44,2148.06,69.78,2180.86,388.44
ai_generated\00003.png,AI Generated,,1.0,0.0,0.3591,3.59,57,3.23,26.39,11.63,11.5,3463.28,144.74,3497.5,717.32
ai_generated\00004.png,AI Generated,,1.0,0.0,0.0005,1.17,28,1.57,4.13,2.11,4.23,218.95,28.93,220.37,174.95
ai_generated\00005.png,AI Generated,,1.0,0.0,0.1393,4.96,60,5.15,20.55,10.11,10.82,3405.28,102.4,3429.57,1677.68
ai_generated\00006.png,AI Generated,,1.0,0.0,0.0503,2.65,67,4.3,7.37,4.75,9.66,1414.51,58.07,1416.28,397.79
ai_generated\00007.png,AI Generated,,1.0,0.0,0.0067,3.07,52,3.22,13.88,7.35,9.61,1586.31,87.34,1599.22,635.79
ai_generated\00008.png,AI Generated,,1.0,0.0,0.2607,3.78,39,3.59,17.11,7.49,7.8,1382.38,96.73,1404.88,328.61
ai_generated\00009.png,AI Generated,,1.0,0.0,0.0019,2.1,68,2.75,12.16,10.34,15.88,3353.92,142.82,3539.61,740.36
ai_generated\00010.png,AI Generated,,1.0,0.0,0.3601,1.84,30,2.14,6.81,4.49,8.09,703.32,65.99,705.83,184.56
ai_generated\00011.png,AI Generated,,0.9991,0.0,0.3611,2.62,34,2.5,12.82,7.01,8.13,1272.88,80.77,1312.62,371.52
ai_generated\00012.png,AI Generated,,1.0,0.0,0.3761,2.94,83,4.73,8.91,4.37,8.47,1215.18,55.84,1230.98,949.84
ai_generated\00013.png,AI Generated,,1.0,0.0,0.4121,2.87,50,3.32,15.91,16.17,21.37,6852.7,205.41,7058.83,1781.04
ai_generated\00014.png,AI Generated,,0.9999,0.0,0.3906,5.16,50,5.12,23.22,12.46,13.16,3734.29,124.85,3749.21,2568.39
ai_generated\00015.png,AI Generated,,0.9947,0.0,0.3508,4.83,59,6.11,19.68,9.06,10.75,2260.77,124.85,2298.84,1649.58
ai_generated\00016.png,AI Generated,,1.0,0.0,0.305,5.39,56,5.12,13.35,8.69,7.85,2157.19,78.05,2170.24,802.17
ai_generated\00017.png,AI Generated,,1.0,0.0,0.0014,2.07,42,3.34,2.87,2.3,5.04,354.9,33.4,358.77,85.87
ai_generated\00018.png,AI Generated,,1.0,0.0,0.3322,6.61,83,6.57,22.28,9.41,10.05,2911.81,95.58,2944.14,1191.87
ai_generated\00019.png,AI Generated,,1.0,0.0,0.2174,1.61,27,2.1,7.93,6.22,11.39,1549.21,83.79,1551.52,558.89
ai_generated\00020.png,AI Generated,,1.0,0.0,0.001,3.29,68,4.34,7.78,5.35,6.26,821.26,60.13,847.19,175.02
ai_generated\00021.png,AI Generated,,1.0,0.0,0.1958,2.28,20,2.03,6.61,4.43,6.27,491.91,66.25,509.38,102.58
ai_generated\00022.png,AI Generated,,0.9997,0.0,0.1826,1.94,36,1.77,3.45,2.75,2.97,173.66,40.01,177.46,40.49
ai_generated\00023.png,AI Generated,,1.0,0.0,0.1348,3.36,40,3.4,20.4,8.64,10.12,1961.15,114.39,1989.05,714.77
ai_generated\00024.png,AI Generated,,1.0,0.0,0.3859,5.28,73,6.16,26.6,15.05,15.81,6621.93,160.72,6725.28,3024.03
ai_generated\00025.png,AI Generated,,1.0,0.0,0.0112,2.36,19,2.06,19.4,9.58,11.43,2495.18,124.79,2532.83,956.43
ai_generated\00026.png,AI Generated,,1.0,0.0,0.1012,1.15,46,2.27,1.17,0.79,1.89,48.35,14.09,48.79,46.6
ai_generated\00027.png,AI Generated,,0.9928,0.0,0.2431,3.11,43,2.64,15.87,8.56,9.51,2491.92,107.2,2516.49,936.64
ai_generated\00028.png,AI Generated,,1.0,0.0,0.0498,2.67,38,3.12,11.05,6.55,11.01,1949.08,90.28,1981.41,408.1
ai_generated\00029.png,AI Generated,,1.0,0.0,0.3089,4.47,41,4.07,18.37,9.18,10.48,2194.76,110.41,2210.96,849.17
ai_generated\00030.png,AI Generated,,0.9999,0.0,0.3268,0.21,15,0.66,0.7,0.57,4.24,182.63,7.85,208.95,164.81
ai_generated\00031.png,AI Generated,,0.9952,0.0,0.3741,2.45,65,4.24,8.33,5.05,10.43,2295.74,47.7,2330.67,945.0
ai_generated\00032.png,AI Generated,,0.9999,0.0,0.3189,2.75,48,2.72,16.8,7.91,8.9,1414.64,105.73,1416.25,498.66
ai_generated\00033.png,AI Generated,,1.0,0.0,0.2191,5.41,71,5.25,29.44,11.6,10.7,3639.29,127.1,3679.9,1130.28
ai_generated\00034.png,AI Generated,,1.0,0.0,0.0379,1.2,29,2.2,6.71,3.27,8.52,926.77,48.19,938.37,320.07
ai_generated\00035.png,AI Generated,,1.0,0.0,0.3274,4.3,100,5.9,10.5,5.19,6.82,935.99,58.35,953.97,324.87
ai_generated\00036.png,AI Generated,,0.9999,0.0,0.396,4.06,94,5.26,13.98,6.66,9.74,1706.1,82.82,1767.98,982.01
ai_generated\00037.png,AI Generated,,1.0,0.0,0.2525,4.36,65,4.59,16.86,8.11,11.07,2657.82,85.82,2682.88,418.36
ai_generated\00038.png,AI Generated,,1.0,0.0,0.1749,4.9,41,4.08,32.87,18.95,14.37,9400.33,157.61,9432.45,916.0
ai_generated\00039.png,AI Generated,,1.0,0.0,0.3972,3.69,51,3.98,17.67,8.51,10.52,2319.78,106.71,2377.31,1228.17
ai_generated\00040.png,AI Generated,,0.9952,0.0,0.0988,2.87,30,2.82,10.85,5.06,7.03,885.01,69.01,902.37,357.91
ai_generated\00041.png,AI Generated,,0.9985,0.0,0.3779,3.84,53,3.74,19.47,6.66,6.3,1075.21,86.92,1088.21,378.31
ai_generated\00042.png,AI Generated,,1.0,0.0,0.0264,1.24,37,2.12,1.82,1.3,4.62,242.13,16.59,262.72,138.96
ai_generated\00043.png,AI Generated,,0.8839,0.0,0.3481,3.74,62,4.99,8.33,5.17,9.16,1573.58,54.1,1579.13,1184.52
ai_generated\00044.png,AI Generated,,1.0,0.0,0.0038,2.33,16,2.12,17.26,13.97,18.28,7552.51,167.13,7619.21,1845.72
ai_generated\00045.png,AI Generated,,1.0,0.0,0.3321,2.83,25,2.46,6.25,5.16,5.97,861.63,64.56,874.71,153.82
ai_generated\00046.png,AI Generated,,1.0,0.0,0.2754,3.9,87,5.04,9.53,6.69,10.31,1952.57,79.78,1954.63,1076.92
ai_generated\00047.png,AI Generated,,0.9991,0.0,0.3429,2.83,58,3.41,4.38,3.1,6.07,597.94,39.77,608.18,395.04
ai_generated\00048.png,AI Generated,,1.0,0.0,0.1154,2.99,33,2.6,16.73,6.61,7.22,1152.71,93.91,1179.88,259.31
ai_generated\00049.png,AI Generated,,1.0,0.0,0.0019,2.21,36,2.48,8.87,4.83,7.81,933.99,64.31,942.29,381.91
ai_generated\00050.png,AI Generated,,1.0,0.0,0.377,2.31,36,2.76,5.26,3.67,8.3,915.68,48.74,923.93,779.67
ai_generated\00051.png,AI Generated,,1.0,0.0,0.0231,2.28,53,2.3,15.95,7.78,10.6,1852.55,121.81,1909.11,718.77
ai_generated\00052.png,AI Generated,,1.0,0.0,0.1109,2.57,35,2.62,15.21,6.18,8.32,1095.18,93.56,1145.3,553.86
ai_generated\00053.png,AI Generated,,1.0,0.0,0.0078,2.45,35,2.75,11.57,6.96,10.63,1438.99,111.34,1512.82,424.17
ai_generated\00054.png,AI Generated,,1.0,0.0,0.3256,3.0,33,2.96,15.34,6.96,9.59,1753.57,102.48,1779.31,882.21
ai_generated\00055.png,AI Generated,,1.0,0.0,0.0092,1.92,20,2.01,9.64,4.5,6.9,824.79,53.81,841.94,627.74
ai_generated\00056.png,AI Generated,,1.0,0.0,0.0751,2.92,27,2.54,10.22,5.55,6.16,797.59,71.21,812.78,255.27
ai_generated\00057.png,AI Generated,,1.0,0.0,0.2125,2.99,47,3.27,12.45,6.12,9.81,1950.33,82.9,1991.39,412.06
ai_generated\00058.png,AI Generated,,1.0,0.0,0.0064,4.27,40,3.64,32.24,25.47,20.66,12993.92,296.24,13163.59,3441.99
ai_generated\00059.png,AI Generated,,0.9726,0.0,0.4396,3.8,31,3.61,23.44,10.79,11.73,2616.43,146.63,2654.02,274.16
ai_generated\00060.png,AI Generated,,1.0,0.0,0.2353,2.1,57,3.01,7.31,3.8,7.42,733.74,50.41,714.44,386.96
ai_generated\00061.png,AI Generated,,1.0,0.0,0.253,2.37,58,3.07,12.82,5.12,7.7,963.87,78.95,992.67,374.14
ai_generated\00062.png,AI Generated,,1.0,0.0,0.1914,3.01,42,3.63,14.51,7.74,11.91,2551.7,93.49,2554.19,401.99
ai_generated\00063.png,AI Generated,,1.0,0.0,0.1477,1.86,15,1.76,12.37,8.42,14.41,3084.37,95.09,3116.11,739.56
ai_generated\00064.png,AI Generated,,0.9841,0.0,0.3908,3.36,54,3.98,9.26,4.23,5.97,683.46,54.86,691.76,237.12
ai_generated\00065.png,AI Generated,,0.9886,0.0,0.074,3.16,96,6.03,9.45,3.81,7.66,772.56,62.26,804.71,161.99
ai_generated\00066.png,AI Generated,,0.1795,0.0,0.3698,1.38,30,2.24,8.95,2.95,6.03,593.23,43.18,611.38,446.9
ai_generated\00067.png,AI Generated,,1.0,0.0,0.2657,4.14,52,3.97,20.04,11.94,12.39,3854.2,132.06,3892.48,1257.34
ai_generated\00068.png,AI Generated,,0.9938,0.0,0.2451,3.08,56,3.14,17.05,6.23,7.47,1157.18,103.81,1175.61,360.5
ai_generated\00069.png,AI Generated,,1.0,0.0,0.0484,3.05,39,2.66,3.25,5.24,5.86,746.15,57.56,785.28,217.51
ai_generated\00070.png,AI Generated,,0.9344,0.0,0.1003,3.22,23,2.59,31.14,10.2,8.99,1936.83,145.33,1969.27,179.54
ai_generated\00071.png,AI Generated,,0.9888,0.0,0.3001,2.81,31,2.84,14.99,7.65,10.72,2202.74,107.03,2254.04,882.75
ai_generated\00072.png,AI Generated,,1.0,0.0,0.1339,3.82,36,3.44,17.43,6.94,6.83,1110.96,84.89,1138.64,348.42
ai_generated\00073.png,AI Generated,,1.0,0.0,0.3899,2.2,23,2.07,7.1,4.21,6.53,784.24,50.26,804.51,308.61
ai_generated\00074.png,AI Generated,,1.0,0.0,0.0594,2.67,46,2.84,12.38,5.11,8.61,1160.39,67.89,1187.33,825.49
ai_generated\00075.png,AI Generated,,0.9996,0.0,0.2635,1.41,22,2.02,7.28,4.59,10.27,1521.41,67.3,1553.7,222.67
ai_generated\00076.png,AI Generated,,1.0,0.0,0.3732,4.52,67,5.6,20.27,10.22,13.6,4387.11,126.18,4434.49,1597.03
ai_generated\00077.png,AI Generated,,1.0,0.0,0.0044,4.11,52,3.93,18.24,8.48,9.01,2054.07,111.68,2093.37,439.91
ai_generated\00078.png,AI Generated,,1.0,0.0,0.3475,4.35,70,4.64,18.8,10.06,12.6,2962.27,122.01,2975.75,242.73
ai_generated\00079.png,AI Generated,,1.0,0.0,0.0936,2.23,39,2.62,4.32,3.18,5.75,522.42,42.65,524.72,310.45
ai_generated\00080.png,AI Generated,,1.0,0.0,0.0301,4.44,130,6.19,18.77,12.14,17.04,4905.59,142.64,4968.51,1946.45
ai_generated\00081.png,AI Generated,,0.9992,0.0,0.0495,3.66,51,3.35,35.57,16.97,14.23,6128.32,167.41,6180.49,1394.83
ai_generated\00082.png,AI Generated,,1.0,0.0,0.2339,4.53,55,4.28,24.94,8.98,8.93,1788.16,117.29,1799.41,472.48
ai_generated\00083.png,AI Generated,,1.0,0.0,0.0346,2.25,27,2.3,2.78,2.21,3.12,171.38,31.12,176.26,116.91
ai_generated\00084.png,AI Generated,,1.0,0.0,0.3712,5.96,83,7.21,19.92,8.67,10.05,2574.76,91.59,2598.56,1303.93
ai_generated\00085.png,AI Generated,,1.0,0.0,0.3137,3.65,35,3.14,17.57,6.92,6.91,1371.8,82.65,1396.82,418.28
ai_generated\00086.png,AI Generated,,0.9891,0.0,0.21,4.43,81,5.14,17.59,7.62,8.81,1689.45,94.6,1706.32,237.41
ai_generated\00087.png,AI Generated,,1.0,0.0,0.3775,1.88,15,1.79,14.09,4.76,6.25,613.75,65.51,627.39,428.32
ai_generated\00088.png,AI Generated,,1.0,0.0,0.1816,5.84,61,5.79,23.0,12.09,13.97,5109.83,124.99,5131.09,2563.87
ai_generated\00089.png,AI Generated,,1.0,0.0,0.1056,2.72,31,2.76,13.89,7.04,11.13,2239.27,97.7,2252.19,1434.63
ai_generated\00090.png,AI Generated,,0.9999,0.0,0.2928,3.47,45,3.57,10.38,3.93,4.81,407.36,62.34,419.63,96.19
ai_generated\00091.png,AI Generated,,0.9524,0.0,0.2272,3.31,62,3.68,9.11,5.67,7.95,1190.95,69.77,1222.64,148.41
ai_generated\00092.png,AI Generated,,0.9969,0.0,0.4703,3.6,34,3.39,16.95,5.96,6.69,844.02,92.69,864.14,70.94
ai_generated\00093.png,AI Generated,,1.0,0.0,0.2717,5.66,104,7.61,17.51,13.06,17.72,5923.6,148.43,5998.81,2329.08
ai_generated\00094.png,AI Generated,,1.0,0.0,0.2622,2.04,18,2.14,16.74,9.27,13.28,3542.2,107.28,3601.04,2578.8
ai_generated\00095.png,AI Generated,,1.0,0.0,0.2662,6.09,52,5.56,18.28,8.67,7.08,1971.86,82.84,1992.22,328.57
ai_generated\00096.png,AI Generated,,0.9998,0.0,0.0735,3.84,33,3.17,29.25,9.58,8.14,2247.58,103.42,2285.44,265.18
ai_generated\00097.png,AI Generated,,0.9855,0.0,0.1854,3.98,65,4.4,20.09,10.12,12.68,3241.63,122.22,3266.47,1096.44
ai_generated\00098.png,AI Generated,,0.935,0.0,0.1498,2.72,46,3.02,10.88,5.94,8.62,1293.69,69.51,1312.05,673.08
ai_generated\00099.png,AI Generated,,0.9989,0.0,0.0101,4.73,35,3.86,28.41,8.5,7.27,1514.23,111.95,1539.16,293.07
ai_generated\00100.png,AI Generated,,1.0,0.0,0.092,2.38,42,2.69,11.77,5.98,8.94,1180.6,80.93,1205.98,158.63
ai_generated\00101.png,AI Generated,,0.9368,0.0,0.3093,4.4,109,5.03,21.06,9.55,10.72,2313.71,123.94,2358.41,683.13
ai_generated\00102.png,AI Generated,,1.0,0.0,0.0157,2.85,33,2.35,0.89,4.43,4.06,496.19,45.41,511.52,145.73
ai_generated\00103.png,AI Generated,,1.0,0.0,0.3962,2.18,22,2.16,4.08,3.45,4.86,403.1,50.96,412.98,124.54
ai_generated\00104.png,AI Generated,,1.0,0.0,0.4151,5.59,67,5.49,20.75,9.16,9.7,2181.86,120.4,2204.12,351.21
ai_generated\00105.png,AI Generated,,1.0,0.0,0.242,3.01,40,3.05,13.19,6.71,8.49,1485.44,84.63,1495.24,862.23
ai_generated\00106.png,AI Generated,,1.0,0.0,0.177,3.39,40,3.8,14.3,8.67,12.95,3117.84,102.86,3199.28,1334.37
ai_generated\00107.png,AI Generated,,0.9996,0.0,0.2444,4.19,74,4.3,24.56,11.18,11.69,3469.29,131.82,3492.3,653.31
ai_generated\00108.png,AI Generated,,0.9999,0.0,0.1726,3.43,37,3.16,11.02,4.23,4.36,407.2,65.49,422.67,71.87
ai_generated\00109.png,AI Generated,,0.9998,0.0,0.2414,2.92,46,3.19,11.76,5.36,8.37,1097.14,84.39,1124.84,377.74
ai_generated\00110.png,AI Generated,,1.0,0.0,0.0067,1.59,15,1.86,9.45,7.94,15.05,3065.87,105.9,3213.55,844.59
ai_generated\00111.png,AI Generated,,1.0,0.0,0.0303,2.82,66,3.67,11.23,5.9,9.86,1295.01,84.24,1361.06,264.7
ai_generated\00112.png,AI Generated,,1.0,0.0,0.2555,2.81,36,2.98,11.79,5.18,6.72,928.81,61.95,950.41,266.13
ai_generated\00113.png,AI Generated,,1.0,0.0,0.2473,2.17,21,2.15,10.62,4.69,7.04,895.97,80.85,926.45,214.7
ai_generated\00114.png,AI Generated,,0.2599,0.0,0.2333,1.33,12,1.67,9.03,4.97,8.22,850.38,73.51,860.28,68.04
ai_generated\00115.png,AI Generated,,1.0,0.0,0.3074,2.78,31,2.8,14.93,7.44,11.18,2169.74,98.96,2186.81,1066.73
ai_generated\00116.png,AI Generated,,1.0,0.0,0.0057,1.79,33,1.97,17.27,10.98,15.1,2668.72,171.87,2669.17,796.69
ai_generated\00117.png,AI Generated,,0.9961,0.0,0.3133,4.56,98,7.96,9.68,4.07,7.97,987.08,54.83,1007.94,342.22
ai_generated\00118.png,AI Generated,,1.0,0.0,0.0792,5.66,101,7.12,23.62,13.01,15.1,5036.66,154.0,5064.56,935.61
ai_generated\00119.png,AI Generated,,1.0,0.0,0.0185,4.11,37,3.87,15.94,7.87,8.41,1848.26,88.91,1864.55,342.46
ai_generated\00120.png,AI Generated,,1.0,0.0,0.2436,7.5,119,10.76,21.88,14.07,18.5,6956.09,159.27,7114.06,5252.27
ai_generated\00121.png,AI Generated,,0.9977,0.0,0.4288,1.79,32,2.17,7.88,3.24,6.78,642.22,50.36,665.98,446.94
ai_generated\00122.png,AI Generated,,1.0,0.0,0.2082,3.57,39,3.61,0.87,3.82,4.05,560.43,31.43,563.52,33.19
ai_generated\00123.png,AI Generated,,1.0,0.0,0.1854,3.0,27,2.82,13.59,8.69,12.16,3332.3,88.33,3344.16,585.6
ai_generated\00124.png,AI Generated,,1.0,0.0,0.2071,3.26,38,3.23,12.42,6.64,8.66,1202.46,94.42,1207.19,402.88
ai_generated\00125.png,AI Generated,,1.0,0.0,0.1541,3.38,54,3.06,10.97,6.7,7.23,1246.25,77.74,1269.91,434.37
ai_generated\00126.png,AI Generated,,1.0,0.0,0.3275,5.48,80,5.75,24.53,14.06,15.5,5361.08,172.36,5462.68,1021.0
ai_generated\00127.png,AI Generated,,1.0,0.0,0.0048,1.19,37,1.94,2.69,1.38,4.48,232.39,16.33,238.66,166.55
ai_generated\00128.png,AI Generated,,0.9999,0.0,0.312,1.11,57,2.64,4.27,2.63,8.31,845.31,36.85,906.83,139.8
ai_generated\00129.png,AI Generated,,1.0,0.0,0.0137,2.59,17,2.36,21.4,12.97,15.56,5405.34,145.21,5523.09,934.79
ai_generated\00130.png,AI Generated,,1.0,0.0,0.1166,5.59,54,5.09,29.03,12.36,10.79,2997.57,148.93,3040.12,428.1
ai_generated\00131.png,AI Generated,,1.0,0.0,0.1879,2.27,21,1.98,6.82,6.18,10.84,3042.31,60.63,3069.87,544.28
ai_generated\00132.png,AI Generated,,0.9998,0.0,0.0135,1.64,36,2.42,3.64,1.79,4.86,330.81,33.68,337.53,298.96
ai_generated\00133.png,AI Generated,,1.0,0.0,0.1298,3.49,49,4.46,12.6,7.29,10.95,2452.15,76.41,2508.73,574.7
ai_generated\00134.png,AI Generated,,1.0,0.0,0.3615,3.4,103,4.15,11.99,5.5,7.3,878.94,76.56,913.82,412.73
ai_generated\00135.png,AI Generated,,1.0,0.0,0.0056,1.89,16,1.71,6.16,3.44,4.73,346.27,54.26,349.16,218.68
ai_generated\00136.png,AI Generated,,1.0,0.0,0.4623,3.38,52,3.9,7.93,5.36,7.3,1470.8,47.28,1475.04,1162.41
ai_generated\00137.png,AI Generated,,1.0,0.0,0.4379,3.48,50,3.33,23.08,12.28,14.53,4255.51,143.66,4300.78,1112.69
ai_generated\00138.png,AI Generated,,0.9979,0.0,0.309,5.08,51,4.47,14.23,11.17,11.53,3858.2,113.77,3888.79,320.99
ai_generated\00139.png,AI Generated,,1.0,0.0,0.1522,3.03,30,2.68,8.82,4.92,4.86,554.82,76.06,573.68,85.38
ai_generated\00140.png,AI Generated,,0.999,0.0,0.1695,4.51,57,5.06,14.81,7.64,11.41,2347.55,95.58,2362.01,1167.2
ai_generated\00141.png,AI Generated,,1.0,0.0,0.0009,2.26,50,3.33,8.6,5.03,10.77,1819.47,77.47,1847.92,1278.65
ai_generated\00142.png,AI Generated,,1.0,0.0,0.0173,3.02,90,4.65,9.53,4.8,7.24,844.05,73.9,859.58,274.93
ai_generated\00143.png,AI Generated,,0.9992,0.0,0.1883,1.22,16,1.42,3.9,2.29,5.43,492.95,27.2,509.63,354.67
ai_generated\00144.png,AI Generated,,1.0,0.0,0.1465,2.52,50,2.94,3.1,2.38,3.33,197.03,37.72,201.98,77.6
ai_generated\00145.png,AI Generated,,0.9986,0.0,0.2881,3.2,44,3.38,9.99,5.54,8.05,1121.71,75.82,1166.68,354.02
ai_generated\00146.png,AI Generated,,1.0,0.0,0.3707,1.89,52,2.46,5.19,3.34,7.16,651.22,42.67,662.65,389.73
ai_generated\00147.png,AI Generated,,0.9994,0.0,0.4008,1.36,29,2.58,7.48,3.85,9.66,1184.89,55.48,1190.67,244.93
ai_generated\00148.png,AI Generated,,0.9998,0.0,0.1584,4.36,43,3.78,19.33,8.44,7.42,1780.87,88.49,1802.54,88.85
ai_generated\00149.png,AI Generated,,1.0,0.0,0.0347,0.95,12,1.09,2.36,1.41,3.46,122.27,28.59,124.51,68.95
ai_generated\00150.png,AI Generated,,1.0,0.0,0.0097,1.91,24,1.74,13.01,4.71,5.83,607.78,79.19,617.38,85.09
ai_generated\00151.png,AI Generated,,1.0,0.0,0.1861,4.06,78,3.63,23.27,13.72,16.55,5929.26,156.47,6002.09,2304.17
ai_generated\00152.png,AI Generated,,1.0,0.0,0.3938,3.73,37,3.3,16.03,7.44,8.03,1650.35,81.65,1675.73,498.43
ai_generated\00153.png,AI Generated,,0.9999,0.0,0.3312,2.46,57,3.3,7.49,3.31,5.45,564.04,48.25,569.23,309.71
ai_generated\00154.png,AI Generated,,1.0,0.0,0.1209,1.49,31,1.99,2.29,1.64,5.0,257.02,23.05,278.35,103.7
ai_generated\00155.png,AI Generated,,1.0,0.0,0.3981,5.62,77,7.19,17.37,9.88,12.38,3130.38,115.76,3147.12,642.32
ai_generated\00156.png,AI Generated,,1.0,0.0167,0.0711,2.16,66,2.79,9.11,4.89,9.29,1334.27,61.98,1358.33,361.8
ai_generated\00157.png,AI Generated,,1.0,0.0,0.2015,3.39,30,3.21,15.05,6.91,8.23,1642.63,101.17,1661.53,287.38
ai_generated\00158.png,AI Generated,,0.9998,0.0,0.4235,1.64,21,1.71,7.03,2.67,3.32,126.1,52.71,138.56,41.61
ai_generated\00159.png,AI Generated,,1.0,0.0,0.0712,3.49,45,3.37,21.09,8.03,8.3,1636.8,101.31,1656.68,404.83
ai_generated\00160.png,AI Generated,,1.0,0.0,0.1357,1.65,16,1.55,4.0,2.17,4.02,189.83,37.48,195.52,105.18
ai_generated\00161.png,AI Generated,,1.0,0.0,0.3656,3.43,44,3.21,12.16,6.36,7.0,1061.58,81.41,1072.57,429.65
ai_generated\00162.png,AI Generated,,0.9996,0.0,0.0834,3.61,42,3.44,20.23,8.98,9.64,2739.78,93.31,2771.2,2373.81
ai_generated\00163.png,AI Generated,,1.0,0.0,0.3508,4.04,43,3.92,15.83,11.13,15.0,4188.11,144.94,4229.83,976.01
ai_generated\00164.png,AI Generated,,1.0,0.0,0.0687,2.79,38,3.07,13.54,8.86,13.99,3062.16,119.07,3114.47,201.26
ai_generated\00165.png,AI Generated,,1.0,0.0,0.1308,7.09,73,8.65,16.01,10.89,11.83,3336.97,105.05,3355.83,466.43
ai_generated\00166.png,AI Generated,,0.9994,0.0,0.2043,4.87,41,3.98,25.39,14.25,12.25,6073.26,122.16,6131.6,2601.87
ai_generated\00167.png,AI Generated,,0.9306,0.0,0.0278,0.87,12,1.1,0.0,0.67,0.89,14.13,7.65,14.28,0.8
ai_generated\00168.png,AI Generated,,1.0,0.0,0.4899,4.79,88,7.04,25.76,15.29,19.39,8798.08,112.31,8859.13,7402.62
ai_generated\00169.png,AI Generated,,0.9998,0.0,0.3753,1.91,56,3.25,9.12,3.88,7.73,807.6,62.61,811.85,73.48
ai_generated\00170.png,AI Generated,,1.0,0.0,0.0013,5.5,104,8.18,17.33,8.3,12.28,2513.74,115.1,2555.58,1025.17
ai_generated\00171.png,AI Generated,,1.0,0.0,0.2965,1.97,23,2.05,7.48,3.17,4.96,419.48,44.33,426.41,267.81
ai_generated\00172.png,AI Generated,,0.9999,0.0,0.0466,4.71,62,4.46,25.31,12.21,12.32,4935.37,127.03,5011.35,2150.76
ai_generated\00173.png,AI Generated,,1.0,0.0,0.0106,1.12,21,1.41,4.63,1.57,4.17,219.12,22.5,223.67,120.67
ai_generated\00174.png,AI Generated,,0.9995,0.0,0.2912,3.1,38,2.83,11.27,5.95,6.05,912.41,70.85,921.92,180.29
ai_generated\00175.png,AI Generated,,1.0,0.0,0.1768,3.14,58,3.24,12.12,7.79,11.08,2423.57,102.65,2462.87,1182.66
ai_generated\00176.png,AI Generated,,1.0,0.0,0.0982,3.7,65,3.84,11.15,6.82,8.25,1251.04,84.46,1285.94,259.98
ai_generated\00177.png,AI Generated,,1.0,0.0,0.0002,3.02,51,4.06,9.37,5.24,11.09,1827.62,78.95,1907.8,844.86
ai_generated\00178.png,AI Generated,,1.0,0.0,0.2258,3.39,43,3.12,16.73,7.73,8.71,2306.85,96.25,2331.98,1150.56
ai_generated\00179.png,AI Generated,,1.0,0.0,0.0643,1.99,22,2.06,4.1,2.54,3.85,301.74,33.78,312.66,137.55
ai_generated\00180.png,AI Generated,,1.0,0.0,0.0023,4.24,42,4.57,19.86,7.28,8.24,1397.22,86.35,1411.82,251.22
ai_generated\00181.png,AI Generated,,1.0,0.0,0.3167,4.54,50,4.31,18.89,8.24,7.82,1905.87,93.58,1946.2,396.09
ai_generated\00182.png,AI Generated,,1.0,0.0,0.016,2.24,37,2.19,15.93,12.5,16.96,4642.06,153.41,4679.4,1474.24
ai_generated\00183.png,AI Generated,,1.0,0.0,0.0026,3.4,43,3.32,15.74,6.35,7.37,1013.71,86.91,1047.58,191.9
ai_generated\00184.png,AI Generated,,1.0,0.0,0.0251,1.55,81,3.27,0.78,1.03,3.82,169.24,21.39,171.07,162.65
ai_generated\00185.png,AI Generated,,1.0,0.0,0.1044,2.17,26,2.02,8.59,5.67,8.71,1011.04,73.73,1012.54,210.24
ai_generated\00186.png,AI Generated,,1.0,0.0,0.0048,2.97,73,3.46,15.58,11.22,17.24,4537.66,133.08,4615.0,1134.91
ai_generated\00187.png,AI Generated,,0.9998,0.0,0.3663,2.77,49,3.21,13.74,6.52,9.19,1418.7,88.72,1452.06,216.88
ai_generated\00188.png,AI Generated,,0.9946,0.0,0.1776,2.27,54,3.14,6.07,2.95,5.4,491.4,40.52,496.85,129.78
ai_generated\00189.png,AI Generated,,1.0,0.0,0.0483,1.41,23,1.91,2.73,3.16,11.91,1630.4,34.45,1629.09,1359.55
ai_generated\00190.png,AI Generated,,1.0,0.0,0.0033,5.33,67,5.14,26.86,11.6,10.97,3764.55,121.62,3774.72,1011.58
ai_generated\00191.png,AI Generated,,1.0,0.0,0.1999,2.78,21,2.37,12.66,6.07,5.79,1008.23,75.01,1018.4,224.33
ai_generated\00192.png,AI Generated,,1.0,0.0,0.237,5.52,93,7.06,23.03,14.09,15.84,5819.19,149.49,5851.08,2230.75
ai_generated\00193.png,AI Generated,,0.9946,0.0,0.0392,4.39,62,4.99,3.49,3.34,3.62,290.84,45.52,298.07,159.04
ai_generated\00194.png,AI Generated,,1.0,0.0,0.2251,2.74,32,2.58,18.18,7.96,8.8,1422.0,107.3,1470.57,326.98
ai_generated\00195.png,AI Generated,,0.9715,0.0,0.3053,3.79,65,4.58,19.21,7.44,9.19,1797.63,114.3,1838.0,1378.6
ai_generated\00196.png,AI Generated,,1.0,0.0,0.3117,2.07,31,2.53,8.54,2.98,5.45,479.25,43.84,497.72,112.54
ai_generated\00197.png,AI Generated,,1.0,0.0,0.0003,2.62,32,2.81,13.12,4.83,6.41,651.96,76.08,672.07,181.98
ai_generated\00198.png,AI Generated,,1.0,0.0,0.4069,5.75,91,6.6,20.24,9.35,9.81,2936.65,95.8,2952.44,196.68
ai_generated\00199.png,AI Generated,,1.0,0.0,0.3547,2.98,40,2.66,11.83,5.89,5.83,897.15,79.0,906.13,365.47
ai_generated\00200.png,AI Generated,,1.0,0.0,0.4004,4.51,74,4.92,17.03,10.98,13.43,3717.31,120.33,3754.1,1329.26
ai_generated\00201.png,AI Generated,,0.9997,0.0,0.2384,2.84,35,3.0,7.43,6.17,10.7,2359.01,72.46,2360.29,323.34
ai_generated\00202.png,AI Generated,,0.591,0.0,0.0126,4.82,49,4.56,21.06,8.85,9.56,2366.49,101.38,2382.71,890.9
ai_generated\00203.png,AI Generated,,1.0,0.0,0.117,3.37,65,3.92,14.06,7.15,11.32,2785.7,75.23,2803.56,2187.59
ai_generated\00204.png,AI Generated,,0.9989,0.0,0.3215,2.17,79,4.16,10.66,7.2,13.55,2475.31,99.75,2446.44,747.42
ai_generated\00205.png,AI Generated,,1.0,0.0,0.3585,4.27,39,3.82,16.87,6.97,6.09,1155.61,89.34,1172.5,205.96
ai_generated\00206.png,AI Generated,,0.9997,0.0,0.0785,5.26,68,4.93,29.8,8.86,7.87,1678.29,124.33,1709.42,199.29
ai_generated\00207.png,AI Generated,,1.0,0.0,0.0341,2.43,47,3.56,9.99,5.7,10.65,1621.27,78.16,1627.87,123.31
ai_generated\00208.png,AI Generated,,0.9995,0.0,0.2343,2.18,34,2.71,7.84,3.08,5.07,430.72,47.98,441.86,204.32
ai_generated\00209.png,AI Generated,,1.0,0.0,0.2683,2.14,56,4.06,7.21,3.87,9.07,1122.69,55.44,1134.83,153.41
ai_generated\00210.png,AI Generated,,1.0,0.0,0.2946,2.67,45,3.08,9.69,5.06,7.62,970.2,59.44,991.3,531.12
ai_generated\00211.png,AI Generated,,0.9992,0.0,0.3475,4.36,64,4.18,21.72,8.87,8.92,1979.06,107.61,2007.5,230.51
ai_generated\00212.png,AI Generated,,1.0,0.0,0.3795,3.26,42,3.5,15.12,6.46,7.68,1340.26,75.52,1364.26,234.52
ai_generated\00213.png,AI Generated,,1.0,0.0,0.3833,3.52,36,3.09,15.75,6.71,6.64,1135.46,84.89,1145.45,119.29
ai_generated\00214.png,AI Generated,,1.0,0.0,0.3263,2.14,25,2.11,12.6,6.59,9.75,1497.97,89.88,1520.36,859.38
ai_generated\00215.png,AI Generated,,0.9971,0.0,0.1549,3.46,51,3.98,13.74,7.4,9.93,1588.72,101.04,1635.04,373.83
ai_generated\00216.png,AI Generated,,0.9942,0.0,0.1056,3.31,36,3.38,12.26,8.87,14.08,3747.72,103.74,3806.76,2209.29
ai_generated\00217.png,AI Generated,,1.0,0.0,0.1306,4.74,79,4.86,29.06,13.68,13.06,5527.48,150.73,5607.63,877.4
ai_generated\00218.png,AI Generated,,1.0,0.0,0.22,1.87,31,1.97,6.56,3.92,6.83,571.37,56.02,608.54,322.2
ai_generated\00219.png,AI Generated,,1.0,0.0,0.3095,2.61,53,4.09,6.45,3.77,8.05,868.09,56.19,878.82,833.99
ai_generated\00220.png,AI Generated,,0.9999,0.0,0.1429,3.6,37,3.65,23.18,13.29,17.68,8253.67,134.45,8286.75,7668.32
ai_generated\00221.png,AI Generated,,0.9967,0.0,0.312,4.52,61,3.98,23.41,10.87,8.5,3737.09,87.51,3760.6,396.1
ai_generated\00222.png,AI Generated,,1.0,0.0,0.2432,3.74,67,3.09,10.14,8.14,6.9,2015.95,69.88,2035.79,227.04
ai_generated\00223.png,AI Generated,,1.0,0.0,0.0212,2.48,39,2.87,3.78,3.37,5.52,447.47,44.02,456.62,45.32
ai_generated\00224.png,AI Generated,,1.0,0.0,0.3455,3.87,51,4.46,22.59,10.52,11.97,4148.29,112.96,4168.13,1453.14
ai_generated\00225.png,AI Generated,,0.9997,0.0,0.1254,2.7,45,2.92,12.18,5.14,7.47,992.81,79.29,1010.56,197.15
ai_generated\00226.png,AI Generated,,0.999,0.0,0.3255,2.83,94,5.35,10.36,3.86,7.6,702.86,67.53,730.18,358.97
ai_generated\00227.png,AI Generated,,0.9998,0.0,0.2636,4.12,29,3.29,28.94,9.69,8.01,2213.69,105.15,2238.26,123.3
ai_generated\00228.png,AI Generated,,0.9997,0.0,0.158,2.45,42,2.2,1.67,2.72,4.68,446.33,23.34,483.12,98.42
ai_generated\00229.png,AI Generated,,1.0,0.0,0.0035,3.34,69,4.25,14.28,6.35,8.99,1388.54,90.55,1413.47,253.75
ai_generated\00230.png,AI Generated,,1.0,0.0,0.0004,3.42,63,4.17,10.14,6.28,7.79,1321.86,79.89,1343.51,426.83
ai_generated\00231.png,AI Generated,,1.0,0.0,0.4048,1.76,15,1.63,8.46,4.41,7.0,728.44,67.94,764.75,416.86
ai_generated\00232.png,AI Generated,,1.0,0.0,0.3021,3.18,20,2.51,17.79,8.65,7.39,1996.97,91.17,2008.53,345.79
ai_generated\00233.png,AI Generated,,1.0,0.0,0.2724,2.07,43,2.63,4.58,3.82,7.9,1055.96,41.99,1055.55,1118.02
ai_generated\00234.png,AI Generated,,0.9965,0.0,0.4038,3.16,29,2.58,22.82,8.32,7.32,1696.25,97.16,1717.78,306.76
ai_generated\00235.png,AI Generated,,1.0,0.0,0.4786,4.73,61,4.72,27.68,11.82,10.93,4755.98,108.91,4779.2,1008.36
ai_generated\00236.png,AI Generated,,1.0,0.0,0.2491,5.03,87,6.53,16.4,10.71,15.46,3966.5,138.11,3977.09,629.72
ai_generated\00237.png,AI Generated,,0.9999,0.0,0.2597,3.04,31,2.77,6.63,4.69,6.96,1023.32,52.26,1028.53,649.04
ai_generated\00238.png,AI Generated,,1.0,0.0,0.0793,2.94,24,2.52,19.15,9.71,11.92,2794.55,118.54,2800.99,148.84
ai_generated\00239.png,AI Generated,,0.9984,0.0,0.3004,1.48,17,1.63,6.16,4.78,10.29,1288.62,67.88,1307.08,426.34
ai_generated\00240.png,AI Generated,,1.0,0.0,0.1359,0.92,14,1.36,3.78,1.83,5.37,360.76,27.51,378.99,248.72
ai_generated\00241.png,AI Generated,,1.0,0.0,0.3315,3.05,45,3.06,15.93,8.47,10.38,2047.84,105.4,2104.28,673.23
ai_generated\00242.png,AI Generated,,1.0,0.0,0.3737,4.97,63,5.25,21.68,11.74,14.81,4905.57,144.17,4933.64,1546.88
ai_generated\00243.png,AI Generated,,1.0,0.0,0.1285,3.48,43,2.94,22.44,13.57,12.05,4086.37,122.3,4197.73,1235.32
ai_generated\00244.png,AI Generated,,0.9946,0.0,0.3285,4.47,41,4.01,27.69,15.67,16.34,6356.05,180.91,6430.33,2046.16
ai_generated\00245.png,AI Generated,,0.9999,0.0,0.2586,3.1,39,3.36,13.86,5.56,6.34,767.99,74.83,777.34,445.55
ai_generated\00246.png,AI Generated,,0.9999,0.0,0.1066,2.17,14,1.9,17.3,7.7,9.09,1534.3,108.39,1580.91,910.3
ai_generated\00247.png,AI Generated,,0.999,0.0,0.1059,4.01,36,3.74,26.6,21.0,20.0,8361.06,190.44,8425.22,2987.72
ai_generated\00248.png,AI Generated,,0.9996,0.0,0.2022,4.35,39,3.98,23.21,11.63,12.05,3350.25,141.16,3398.21,378.0
ai_generated\00249.png,AI Generated,,1.0,0.0,0.4055,5.59,78,5.69,25.04,10.44,10.81,3366.28,112.27,3405.74,196.04
ai_generated\00250.png,AI Generated,,1.0,0.0,0.2395,3.23,31,2.78,6.34,5.91,6.53,1116.15,64.6,1121.42,467.23
ai_generated\00251.png,AI Generated,,1.0,0.0,0.3942,3.22,32,3.03,10.35,6.74,9.18,1712.58,78.52,1752.83,514.3
ai_generated\00252.png,AI Generated,,0.9998,0.0,0.0176,1.4,38,2.94,5.25,1.84,5.4,442.36,30.45,457.46,227.4
ai_generated\00253.png,AI Generated,,1.0,0.0,0.2295,4.56,68,5.06,19.77,9.48,12.04,3360.6,118.55,3382.61,679.36
ai_generated\00254.png,AI Generated,,0.9954,0.0,0.3804,2.39,27,2.41,7.62,4.4,6.13,614.14,57.91,638.11,405.71
ai_generated\00255.png,AI Generated,,0.3413,0.0,0.3161,3.32,54,3.72,16.36,11.84,19.71,6482.47,125.95,6784.82,6282.37
ai_generated\00256.png,AI Generated,,1.0,0.0,0.0005,2.95,38,2.99,11.52,5.29,7.23,814.59,78.43,823.02,325.07
ai_generated\00257.png,AI Generated,,1.0,0.0,0.0099,1.53,33,2.16,2.92,1.63,4.0,204.61,23.77,215.21,159.79
ai_generated\00258.png,AI Generated,,1.0,0.0,0.0047,2.98,46,3.51,16.56,8.28,12.48,2511.58,124.07,2580.0,826.79
ai_generated\00259.png,AI Generated,,0.9999,0.0,0.1937,3.87,43,3.88,16.54,8.75,10.43,1817.59,114.71,1850.81,138.33
ai_generated\00260.png,AI Generated,,0.5277,0.0,0.2074,4.86,67,4.83,15.39,6.1,6.16,830.91,90.8,843.98,149.62
ai_generated\00261.png,AI Generated,,0.9997,0.0,0.3112,3.49,28,2.93,14.28,6.59,6.03,1038.56,80.68,1048.53,288.33
ai_generated\00262.png,AI Generated,,1.0,0.0,0.0053,2.86,50,3.48,10.77,5.32,8.99,1395.73,72.63,1404.6,526.5
ai_generated\00263.png,AI Generated,,0.9998,0.0,0.086,2.83,24,2.53,13.21,6.36,6.04,975.16,69.53,991.65,291.53
ai_generated\00264.png,AI Generated,,0.9956,0.0,0.2047,3.4,23,2.71,6.51,6.48,5.26,1392.07,53.23,1407.29,196.63
ai_generated\00265.png,AI Generated,,1.0,0.0167,0.0125,3.06,83,4.67,7.39,6.13,12.4,2134.2,79.35,2174.85,1132.24
ai_generated\00266.png,AI Generated,,1.0,0.0,0.0057,1.93,35,2.7,5.1,3.44,7.64,580.85,56.91,592.69,109.04
ai_generated\00267.png,AI Generated,,1.0,0.0,0.1056,3.34,62,3.83,17.93,9.26,11.2,3186.64,97.37,3218.09,1473.13
ai_generated\00268.png,AI Generated,,0.999,0.0,0.0506,1.67,34,2.68,6.17,3.3,8.27,757.22,47.84,757.32,111.87
ai_generated\00269.png,AI Generated,,1.0,0.0,0.1644,2.06,34,2.3,8.88,4.8,8.17,834.68,63.87,836.19,298.89
ai_generated\00270.png,AI Generated,,0.9873,0.0,0.2099,3.96,38,3.71,19.32,9.42,9.68,2490.45,107.08,2520.62,745.15
ai_generated\00271.png,AI Generated,,0.994,0.0,0.3049,6.2,80,6.68,28.32,15.19,14.66,7254.04,146.47,7331.61,2628.47
ai_generated\00272.png,AI Generated,,1.0,0.0,0.0413,4.42,50,4.26,18.44,8.03,9.04,1928.35,103.96,1958.38,884.82
ai_generated\00273.png,AI Generated,,0.9999,0.0,0.3521,4.46,44,4.3,13.1,6.53,7.98,1384.0,90.35,1410.59,219.48
ai_generated\00274.png,AI Generated,,1.0,0.0,0.3016,2.98,82,4.07,8.92,5.2,9.42,1287.24,61.44,1298.13,689.45
ai_generated\00275.png,AI Generated,,1.0,0.0,0.0385,2.11,39,2.51,4.94,3.88,7.43,897.39,46.32,902.84,807.45
ai_generated\00276.png,AI Generated,,1.0,0.0,0.0045,4.99,69,5.42,15.05,7.1,7.61,1447.43,88.79,1472.59,533.95
ai_generated\00277.png,AI Generated,,1.0,0.0,0.2138,3.7,42,3.58,11.96,6.37,7.54,1094.8,83.3,1115.7,259.34
ai_generated\00278.png,AI Generated,,0.3499,0.0,0.046,2.2,30,2.33,8.57,4.61,7.94,996.94,60.79,998.95,868.03
ai_generated\00279.png,AI Generated,,1.0,0.0,0.3398,4.16,64,5.0,23.47,14.04,14.99,7506.17,111.45,7574.92,3353.61
ai_generated\00280.png,AI Generated,,1.0,0.0,0.2994,3.26,22,2.75,27.69,11.18,9.75,2208.83,140.47,2220.6,335.44
ai_generated\00281.png,AI Generated,,0.9834,0.0,0.2664,3.5,57,3.64,21.83,9.4,11.21,2573.97,117.41,2618.18,1337.91
ai_generated\00282.png,AI Generated,,1.0,0.0,0.2675,3.42,55,3.0,18.03,7.25,7.35,1341.18,95.68,1369.11,317.0
ai_generated\00283.png,AI Generated,,0.9912,0.0,0.2677,2.41,18,1.94,4.53,3.86,3.35,361.2,48.45,365.05,51.25
ai_generated\00284.png,AI Generated,,1.0,0.0,0.0774,3.38,71,3.99,14.23,6.01,8.98,1180.03,110.72,1209.55,454.09
ai_generated\00285.png,AI Generated,,1.0,0.0,0.0842,2.14,30,2.02,2.57,2.82,4.42,281.93,39.41,298.42,198.36
ai_generated\00286.png,AI Generated,,0.9997,0.0,0.4037,4.63,53,4.41,17.57,8.01,8.93,2474.26,79.21,2483.98,895.15
ai_generated\00287.png,AI Generated,,1.0,0.0,0.3235,2.84,36,2.83,10.06,4.35,6.09,872.16,60.58,881.67,317.46
ai_generated\00288.png,AI Generated,,1.0,0.0,0.207,2.52,42,2.94,13.38,7.05,11.08,1846.37,86.55,1880.12,1079.05
ai_generated\00289.png,AI Generated,,1.0,0.0,0.3922,2.24,70,3.08,11.43,6.51,11.89,2395.35,77.29,2399.14,1253.68
ai_generated\00290.png,AI Generated,,1.0,0.0,0.2637,3.1,40,3.53,11.58,5.41,7.14,757.39,76.67,770.05,303.89
ai_generated\00291.png,AI Generated,,1.0,0.0,0.3739,3.32,60,3.42,16.6,9.56,12.55,3838.45,105.87,3913.62,2687.25
ai_generated\00292.png,AI Generated,,1.0,0.0,0.0549,3.46,35,3.26,13.93,6.29,7.25,1273.64,75.14,1279.49,212.62
ai_generated\00293.png,AI Generated,,1.0,0.0,0.2059,1.89,30,2.08,2.82,1.73,2.81,115.08,26.0,115.76,36.61
ai_generated\00294.png,AI Generated,,1.0,0.0,0.3391,6.1,101,6.12,27.45,13.2,13.96,4961.9,152.78,5048.93,662.87
ai_generated\00295.png,AI Generated,,1.0,0.0,0.0126,3.82,36,3.1,4.34,6.87,5.88,1584.17,54.42,1594.17,194.04
ai_generated\00296.png,AI Generated,,1.0,0.0,0.3136,2.1,26,2.16,14.3,5.44,7.59,922.05,88.86,943.89,602.39
ai_generated\00297.png,AI Generated,,1.0,0.0,0.1482,3.09,33,2.72,15.9,6.16,6.08,959.18,78.81,970.14,319.56
ai_generated\00298.png,AI Generated,,0.9744,0.0,0.0116,1.15,44,1.71,0.48,0.8,3.05,124.08,7.71,124.17,197.69
ai_generated\00299.png,AI Generated,,1.0,0.0,0.0887,4.36,69,4.99,18.4,8.32,9.73,1760.92,110.46,1790.16,264.44
ai_generated\00300.png,AI Generated,,1.0,0.0,0.2649,3.58,24,2.88,36.83,19.7,15.26,8104.92,185.32,8176.74,946.95
ai_generated\00301.png,AI Generated,,1.0,0.0,0.2462,1.81,34,3.13,8.47,3.19,6.6,560.99,46.62,576.84,194.03
ai_generated\00302.png,AI Generated,,1.0,0.0,0.1656,1.14,10,1.28,7.28,3.43,6.07,403.16,59.86,418.18,76.98
ai_generated\00303.png,AI Generated,,1.0,0.0,0.0406,2.74,47,3.33,11.57,5.15,8.69,1233.64,70.51,1248.27,422.76
ai_generated\00304.png,AI Generated,,1.0,0.0,0.3914,2.92,42,2.73,8.02,5.13,6.62,997.76,60.55,1005.09,754.74
ai_generated\00305.png,AI Generated,,0.9997,0.0,0.3046,3.3,48,3.16,7.17,3.71,4.31,326.44,56.94,332.15,100.16
ai_generated\00306.png,AI Generated,,0.896,0.0,0.0313,1.19,36,2.72,4.94,3.17,9.14,994.15,45.52,1038.41,389.44
ai_generated\00307.png,AI Generated,,1.0,0.0,0.3895,2.57,30,2.22,22.89,14.24,16.23,5770.49,159.08,5897.54,2832.74
ai_generated\00308.png,AI Generated,,1.0,0.0,0.0089,5.35,82,6.32,21.48,11.57,10.31,3626.57,124.25,3649.23,140.23
ai_generated\00309.png,AI Generated,,0.9996,0.0,0.0568,2.6,26,2.42,12.01,6.46,7.84,960.44,82.06,967.84,406.09
ai_generated\00310.png,AI Generated,,1.0,0.0,0.103,1.57,47,2.67,1.7,0.93,2.32,48.21,28.45,55.59,17.71
ai_generated\00311.png,AI Generated,,1.0,0.0,0.0721,3.43,26,2.73,23.7,8.56,7.03,1909.31,88.09,1932.15,136.49
ai_generated\00312.png,AI Generated,,1.0,0.0,0.0188,2.69,40,3.23,11.19,5.01,8.04,1069.48,67.1,1074.91,465.71
ai_generated\00313.png,AI Generated,,0.057,0.0,0.2732,2.34,41,2.35,9.81,3.8,6.31,749.4,50.11,762.02,54.72
ai_generated\00314.png,AI Generated,,1.0,0.0,0.0336,3.65,76,5.45,9.48,4.13,7.08,683.95,60.55,709.84,39.41
ai_generated\00315.png,AI Generated,,0.9997,0.0,0.3151,2.0,19,1.7,0.52,2.14,2.19,115.85,29.49,117.67,37.27
ai_generated\00316.png,AI Generated,,1.0,0.0,0.0778,3.31,28,2.72,22.68,12.39,12.54,5193.15,111.7,5220.0,754.83
ai_generated\00317.png,AI Generated,,1.0,0.0,0.0002,2.89,37,3.03,10.29,5.19,7.03,684.72,74.59,669.37,56.04
ai_generated\00318.png,AI Generated,,0.9996,0.0,0.0236,1.76,66,3.23,5.23,2.75,7.44,781.7,51.74,808.55,558.65
ai_generated\00319.png,AI Generated,,0.999,0.0,0.1231,2.84,53,4.14,13.18,4.59,7.75,854.41,74.45,880.54,425.51
ai_generated\00320.png,AI Generated,,0.9998,0.0,0.2556,4.55,39,4.16,10.55,8.06,7.97,1918.54,75.89,1929.13,658.93
ai_generated\00321.png,AI Generated,,1.0,0.0,0.2256,2.57,82,2.84,16.42,8.44,8.53,1694.58,86.26,1736.32,475.7
ai_generated\00322.png,AI Generated,,1.0,0.0,0.1254,3.23,26,2.8,13.04,6.15,6.17,991.92,74.06,1017.35,303.47
ai_generated\00323.png,AI Generated,,1.0,0.0,0.0434,3.55,40,3.73,16.32,8.05,11.85,2572.7,119.25,2617.73,1212.37
ai_generated\00324.png,AI Generated,,0.9999,0.0,0.2567,1.88,43,2.82,6.04,2.86,6.41,604.22,43.15,617.98,212.62
ai_generated\00325.png,AI Generated,,0.3039,0.0,0.3186,2.15,33,2.8,7.94,3.75,8.54,1086.05,54.38,1118.01,444.92
ai_generated\00326.png,AI Generated,,0.9965,0.0,0.1978,1.62,64,2.48,2.0,1.98,5.79,439.0,25.23,467.55,121.41
ai_generated\00327.png,AI Generated,,0.9981,0.0,0.0857,2.22,29,2.02,6.78,3.61,5.05,523.46,49.53,536.64,352.09
ai_generated\00328.png,AI Generated,,0.9999,0.0,0.3535,3.82,30,3.38,14.48,5.39,5.21,781.28,75.71,788.16,227.63
ai_generated\00329.png,AI Generated,,0.9999,0.0,0.2403,1.12,15,1.16,0.63,1.44,3.45,139.6,20.45,150.24,123.44
ai_generated\00330.png,AI Generated,,1.0,0.0,0.2471,6.0,133,8.83,18.39,8.94,10.73,2473.39,110.84,2488.75,639.6
ai_generated\00331.png,AI Generated,,1.0,0.0,0.2931,2.9,30,2.36,9.16,6.91,7.71,1325.96,88.66,1384.58,306.19
ai_generated\00332.png,AI Generated,,0.4196,0.0,0.3814,2.95,63,3.71,6.99,3.53,6.34,569.43,60.73,580.13,369.58
ai_generated\00333.png,AI Generated,,1.0,0.0,0.1235,1.5,15,1.51,4.27,2.47,4.53,223.03,46.5,240.53,143.1
ai_generated\00334.png,AI Generated,,1.0,0.0,0.1754,4.96,76,5.71,27.09,13.68,14.21,4633.53,180.26,4703.03,834.09
ai_generated\00335.png,AI Generated,,0.9805,0.0,0.1892,3.64,33,3.46,15.95,7.02,8.0,1234.95,87.77,1250.65,325.33
ai_generated\00336.png,AI Generated,,1.0,0.0,0.4024,2.33,36,2.31,7.93,4.33,5.86,550.48,65.48,566.23,187.21
ai_generated\00337.png,AI Generated,,1.0,0.0,0.3028,3.62,67,4.14,13.64,8.34,13.08,2751.7,110.67,2834.88,302.59
ai_generated\00338.png,AI Generated,,0.1797,0.0,0.0221,2.89,44,2.78,3.33,2.84,3.07,177.52,37.27,178.49,65.58
ai_generated\00339.png,AI Generated,,1.0,0.0,0.0095,1.88,31,1.91,2.39,2.5,4.55,287.47,28.2,287.75,276.38
ai_generated\00340.png,AI Generated,,0.9996,0.0,0.348,3.69,70,4.12,15.34,7.94,8.13,1552.16,95.84,1598.6,503.17
ai_generated\00341.png,AI Generated,,1.0,0.0,0.4288,4.7,43,4.37,24.08,10.37,10.16,3782.19,91.83,3810.71,926.35
ai_generated\00342.png,AI Generated,,0.9999,0.0,0.1501,2.62,29,2.63,12.31,5.81,7.94,1048.58,80.23,1055.7,328.56
ai_generated\00343.png,AI Generated,,1.0,0.0,0.0439,3.2,26,2.62,21.97,8.05,7.18,1614.23,92.36,1632.01,130.6
ai_generated\00344.png,AI Generated,,1.0,0.0,0.0002,2.4,55,2.88,4.08,3.63,7.02,894.24,39.59,896.17,855.36
ai_generated\00345.png,AI Generated,,1.0,0.0,0.0993,1.33,20,1.48,1.68,2.25,5.98,369.66,32.55,377.23,238.02
ai_generated\00346.png,AI Generated,,0.992,0.0,0.1743,2.95,28,2.83,19.74,7.03,7.83,1080.93,105.98,1117.41,447.01
ai_generated\00347.png,AI Generated,,1.0,0.0,0.0507,4.35,50,4.04,19.2,9.94,9.52,2822.18,109.08,2837.71,302.35
ai_generated\00348.png,AI Generated,,1.0,0.0,0.0899,2.97,29,2.52,3.29,4.16,4.49,509.26,46.38,515.36,241.6
ai_generated\00349.png,AI Generated,,1.0,0.0,0.4109,3.15,42,3.35,17.5,6.5,8.15,1325.18,86.33,1354.83,1203.15
ai_generated\00350.png,AI Generated,,1.0,0.0,0.392,4.8,86,5.97,21.75,13.36,15.71,5650.05,158.03,5787.6,2350.92
ai_generated\00351.png,AI Generated,,0.9958,0.0,0.0247,2.51,30,2.2,4.03,4.05,7.19,897.92,44.59,913.64,873.52
ai_generated\00352.png,AI Generated,,1.0,0.0,0.0844,1.84,38,2.19,9.76,4.52,8.17,870.57,63.76,893.7,220.33
ai_generated\00353.png,AI Generated,,1.0,0.0,0.0031,2.66,25,2.41,8.97,5.32,7.63,1083.43,75.71,1108.22,662.89
ai_generated\00354.png,AI Generated,,0.9998,0.0,0.2036,3.27,32,2.86,11.22,5.21,5.14,725.95,71.86,741.57,289.33
ai_generated\00355.png,AI Generated,,1.0,0.0,0.0682,2.22,92,3.17,5.52,5.61,8.37,1224.43,57.37,1237.5,1017.51
ai_generated\00356.png,AI Generated,,0.9972,0.0,0.2538,3.12,38,3.54,7.11,4.96,10.18,1603.14,61.84,1612.04,547.12
ai_generated\00357.png,AI Generated,,0.9274,0.0,0.0317,4.68,63,4.19,19.7,11.1,12.13,4047.64,102.78,4090.4,732.16
ai_generated\00358.png,AI Generated,,1.0,0.0,0.3883,2.3,56,2.32,10.97,7.03,10.64,1614.29,77.72,1647.34,967.66
ai_generated\00359.png,AI Generated,,0.9266,0.0,0.0421,2.79,21,2.31,10.3,6.96,7.77,1270.66,88.02,1284.7,254.88
ai_generated\00360.png,AI Generated,,1.0,0.0,0.3667,1.94,23,1.85,6.09,3.27,4.1,283.31,61.93,303.93,113.31
ai_generated\00361.png,AI Generated,,1.0,0.0,0.3342,2.88,44,2.82,11.91,7.48,10.36,1904.31,90.92,2022.24,716.75
ai_generated\00362.png,AI Generated,,1.0,0.0,0.0325,1.9,39,2.25,4.35,2.61,6.15,543.84,34.61,565.73,213.59
ai_generated\00363.png,AI Generated,,1.0,0.0,0.2761,2.42,33,2.07,15.49,5.17,5.44,656.57,89.18,674.59,81.18
ai_generated\00364.png,AI Generated,,1.0,0.0,0.0226,2.89,38,3.84,12.75,5.81,9.9,1844.71,67.22,1873.37,868.2
ai_generated\00365.png,AI Generated,,1.0,0.0,0.3929,3.71,63,4.69,16.75,9.31,13.74,3111.23,105.44,3144.53,1010.85
ai_generated\00366.png,AI Generated,,0.9965,0.0,0.0491,2.16,40,2.71,5.99,2.88,6.0,471.49,51.1,486.55,155.27
ai_generated\00367.png,AI Generated,,1.0,0.0,0.005,4.57,82,6.15,17.99,10.69,13.59,4136.71,114.08,4213.4,1026.38
ai_generated\00368.png,AI Generated,,1.0,0.0,0.2671,1.72,25,2.04,5.46,3.15,6.76,649.06,39.24,651.69,537.51
ai_generated\00369.png,AI Generated,,0.7971,0.0,0.37,4.19,49,4.01,18.55,7.26,8.09,1348.2,99.23,1370.17,430.63
ai_generated\00370.png,AI Generated,,1.0,0.0,0.0016,1.79,24,2.11,5.52,2.87,5.75,406.49,45.5,411.33,285.28
ai_generated\00371.png,AI Generated,,0.9999,0.0,0.078,1.89,36,2.29,7.24,3.68,6.79,587.6,67.29,611.96,306.7
ai_generated\00372.png,AI Generated,,1.0,0.0,0.3764,2.46,27,2.37,10.97,5.68,8.41,1217.32,62.85,1234.16,292.42
ai_generated\00373.png,AI Generated,,1.0,0.0,0.001,3.3,108,6.02,8.9,4.77,10.07,1633.92,59.98,1661.12,515.35
ai_generated\00374.png,AI Generated,,0.4148,0.0,0.2323,1.47,64,2.51,3.79,1.96,5.65,439.85,31.61,449.94,361.76
ai_generated\00375.png,AI Generated,,1.0,0.0,0.256,4.8,84,5.06,18.8,10.69,11.04,2887.24,119.34,2947.89,254.15
ai_generated\00376.png,AI Generated,,1.0,0.0,0.1501,3.27,46,3.2,16.09,7.84,8.18,1999.81,91.21,2013.64,702.96
ai_generated\00377.png,AI Generated,,1.0,0.0,0.2974,1.87,20,1.64,5.24,4.08,4.98,438.16,61.92,442.24,77.35
ai_generated\00378.png,AI Generated,,0.9998,0.0167,0.0389,1.78,43,2.45,9.1,4.92,9.27,1188.22,66.77,1197.59,588.1
ai_generated\00379.png,AI Generated,,0.9999,0.0,0.2384,3.15,57,4.02,9.76,5.66,9.68,1394.16,77.61,1426.92,707.18
ai_generated\00380.png,AI Generated,,1.0,0.0,0.0065,4.67,84,6.01,19.22,10.43,12.78,3285.62,133.4,3332.19,1116.07
ai_generated\00381.png,AI Generated,,0.9951,0.0,0.0459,1.99,13,1.64,13.16,6.73,7.67,1141.34,83.84,1185.14,238.47
ai_generated\00382.png,AI Generated,,1.0,0.0,0.0713,4.15,66,5.05,22.83,10.61,11.14,3388.01,114.15,3408.84,1139.15
ai_generated\00383.png,AI Generated,,1.0,0.0,0.0305,2.47,38,3.26,12.59,5.45,8.22,1006.31,79.46,1020.45,351.46
ai_generated\00384.png,AI Generated,,0.9995,0.0,0.167,1.98,16,2.02,19.37,12.86,17.39,4791.14,163.54,4927.6,1440.67
ai_generated\00385.png,AI Generated,,1.0,0.0,0.0083,3.2,45,4.18,9.55,5.15,10.28,1689.19,60.75,1719.58,727.58
ai_generated\00386.png,AI Generated,,1.0,0.0,0.0087,3.27,54,3.38,8.12,5.14,6.77,855.22,72.85,869.44,181.81
ai_generated\00387.png,AI Generated,,0.9995,0.0,0.3242,3.65,36,3.21,23.1,10.87,12.04,3504.85,129.89,3562.0,1647.61
ai_generated\00388.png,AI Generated,,0.9981,0.0,0.3542,4.9,76,4.64,31.98,13.93,12.48,6039.04,137.01,6086.28,1356.39
ai_generated\00389.png,AI Generated,,1.0,0.0,0.0075,1.98,39,2.14,8.18,4.48,7.13,712.91,60.09,720.19,138.5
ai_generated\00390.png,AI Generated,,1.0,0.0,0.0086,3.49,46,3.4,14.95,5.75,7.06,946.96,92.88,962.71,415.07
ai_generated\00391.png,AI Generated,,1.0,0.0,0.0194,2.59,37,2.6,8.8,4.32,6.48,625.06,67.11,672.97,81.04
ai_generated\00392.png,AI Generated,,1.0,0.0,0.0104,1.69,28,2.11,7.6,2.58,4.43,279.34,41.54,290.13,114.46
ai_generated\00393.png,AI Generated,,0.9994,0.0,0.3132,2.24,21,2.13,15.01,5.83,6.54,952.8,75.21,966.55,578.32
ai_generated\00394.png,AI Generated,,0.9997,0.0,0.2463,1.25,41,2.13,1.83,1.05,3.69,239.6,12.53,241.22,398.84
ai_generated\00395.png,AI Generated,,1.0,0.0,0.3281,3.56,55,3.1,20.66,14.44,17.24,6266.4,169.02,6424.75,2499.92
ai_generated\00396.png,AI Generated,,1.0,0.0,0.1016,1.71,24,1.88,3.64,3.81,6.37,934.14,39.03,958.41,412.94
ai_generated\00397.png,AI Generated,,1.0,0.0,0.263,4.46,60,5.32,13.89,5.62,7.17,1354.7,55.56,1364.32,1156.0
ai_generated\00398.png,AI Generated,,1.0,0.0,0.0243,1.95,29,2.1,8.09,4.65,8.19,839.44,63.72,882.19,116.09
ai_generated\00399.png,AI Generated,,1.0,0.0,0.2687,3.19,56,3.67,11.61,6.12,8.51,1262.78,85.84,1280.14,211.28
ai_generated\00400.png,AI Generated,,0.9936,0.0,0.23,3.73,55,3.85,16.67,8.11,11.65,2821.51,94.32,2838.51,1523.6
ai_generated\00401.png,AI Generated,,1.0,0.0,0.0163,2.57,37,3.0,5.34,3.32,4.35,328.55,46.27,330.57,93.13
ai_generated\00402.png,AI Generated,,0.9999,0.0,0.3101,1.6,28,1.96,6.12,3.98,10.13,1599.71,63.37,1621.43,1788.11
ai_generated\00403.png,AI Generated,,1.0,0.0,0.2898,2.73,16,2.23,24.92,10.59,10.19,2593.89,141.56,2648.19,606.25
ai_generated\00404.png,AI Generated,,0.9999,0.0,0.0102,1.63,26,2.07,5.89,2.85,6.7,562.3,42.43,590.29,193.79
ai_generated\00405.png,AI Generated,,1.0,0.0,0.2828,3.73,74,5.09,9.69,4.9,7.91,1604.86,44.43,1610.62,1969.98
ai_generated\00406.png,AI Generated,,0.9997,0.0,0.1383,2.89,30,2.8,11.68,4.7,5.03,534.11,67.65,542.24,145.9
ai_generated\00407.png,AI Generated,,0.9838,0.0,0.101,4.78,55,5.67,24.38,14.03,16.45,6475.55,168.76,6555.29,2117.35
ai_generated\00408.png,AI Generated,,1.0,0.0,0.0596,2.7,57,4.23,7.24,4.41,11.07,2186.41,49.18,2210.31,934.55
ai_generated\00409.png,AI Generated,,0.9769,0.0,0.1729,3.82,33,3.63,23.02,12.72,16.69,6950.14,125.25,7001.91,4114.45
ai_generated\00410.png,AI Generated,,1.0,0.0,0.0055,3.0,89,5.58,6.65,3.34,7.55,858.87,49.51,877.78,696.91
ai_generated\00411.png,AI Generated,,1.0,0.0,0.1039,2.93,41,2.79,11.99,5.12,5.34,596.52,81.54,611.91,186.57
ai_generated\00412.png,AI Generated,,1.0,0.0,0.0657,1.41,17,1.68,7.31,4.91,9.76,1063.9,70.31,1119.55,753.5
ai_generated\00413.png,AI Generated,,1.0,0.0,0.4007,3.86,71,4.07,18.55,10.39,12.67,2804.75,128.62,2867.62,1197.0
ai_generated\00414.png,AI Generated,,0.9998,0.0,0.0802,4.2,81,5.67,18.73,11.25,15.72,4872.86,171.13,4985.06,2502.41
ai_generated\00415.png,AI Generated,,0.9995,0.0,0.2728,2.55,20,2.33,15.08,9.15,12.44,2545.1,113.59,2586.12,758.22
ai_generated\00416.png,AI Generated,,1.0,0.0,0.3314,3.73,65,3.61,28.08,12.08,12.77,4306.78,144.13,4335.73,2219.85
ai_generated\00417.png,AI Generated,,1.0,0.0,0.4451,2.56,49,3.2,8.45,3.94,5.42,575.43,55.34,579.87,719.86
ai_generated\00418.png,AI Generated,,0.7153,0.0,0.1388,3.42,49,3.39,14.0,7.1,10.62,2277.81,97.05,2319.87,745.43
ai_generated\00419.png,AI Generated,,1.0,0.0,0.0765,1.66,26,2.36,5.12,3.56,8.08,762.28,48.15,762.05,109.37
ai_generated\00420.png,AI Generated,,1.0,0.0,0.3353,2.54,46,3.21,9.14,5.74,9.57,1437.52,71.2,1510.33,467.86
ai_generated\00421.png,AI Generated,,1.0,0.0,0.1354,1.78,29,2.23,6.84,3.23,6.49,646.91,45.89,658.23,578.8
ai_generated\00422.png,AI Generated,,0.9999,0.0,0.0328,1.84,31,2.24,7.95,4.29,8.24,947.83,56.98,964.25,365.8
ai_generated\00423.png,AI Generated,,0.9968,0.0,0.2879,2.13,29,2.25,7.55,4.2,5.66,568.18,54.45,579.01,414.2
ai_generated\00424.png,AI Generated,,1.0,0.0,0.246,3.26,39,2.9,27.72,13.81,13.51,4436.77,178.45,4516.49,1463.31
ai_generated\00425.png,AI Generated,,1.0,0.0,0.271,2.84,35,2.92,10.67,5.74,8.45,1190.69,85.32,1205.56,777.12
ai_generated\00426.png,AI Generated,,1.0,0.0,0.0021,1.62,15,1.76,8.45,5.08,10.07,1515.26,67.39,1528.97,1050.54
ai_generated\00427.png,AI Generated,,1.0,0.0,0.1501,2.51,38,2.18,28.41,17.83,17.07,6663.81,220.7,6842.82,916.48
ai_generated\00428.png,AI Generated,,1.0,0.0,0.0014,3.14,44,3.46,13.2,6.27,8.67,1205.02,88.19,1221.44,254.48
ai_generated\00429.png,AI Generated,,0.9989,0.0,0.1361,2.45,36,2.4,4.24,3.71,5.09,382.72,48.34,385.58,169.53
ai_generated\00430.png,AI Generated,,1.0,0.0,0.15,5.55,113,6.81,25.63,13.0,14.62,5433.99,143.75,5479.75,2813.81
ai_generated\00431.png,AI Generated,,1.0,0.0,0.2372,2.53,52,3.43,3.89,2.84,4.82,410.06,32.03,416.48,244.3
ai_generated\00432.png,AI Generated,,0.9999,0.0,0.0518,3.76,63,3.25,24.9,9.91,9.36,2789.52,109.37,2805.22,564.61
ai_generated\00433.png,AI Generated,,1.0,0.0,0.0739,3.43,30,2.92,11.63,6.71,7.06,1255.77,77.85,1275.17,307.74
ai_generated\00434.png,AI Generated,,1.0,0.0,0.0015,3.84,32,3.22,20.59,6.64,5.9,1025.1,78.1,1037.98,304.16
ai_generated\00435.png,AI Generated,,1.0,0.0,0.0974,5.97,127,7.18,17.0,8.8,12.24,2689.45,135.21,2746.93,1068.12
ai_generated\00436.png,AI Generated,,1.0,0.0,0.0449,1.1,26,1.36,0.62,0.53,1.1,15.28,15.81,15.45,10.32
ai_generated\00437.png,AI Generated,,1.0,0.0,0.4487,3.52,69,3.61,17.05,7.46,9.04,1645.62,124.79,1676.2,434.68
ai_generated\00438.png,AI Generated,,1.0,0.0,0.4149,1.97,34,2.47,7.62,3.85,7.58,852.19,61.29,896.38,315.76
ai_generated\00439.png,AI Generated,,1.0,0.0,0.0007,3.99,75,5.52,14.18,7.56,12.19,2626.38,113.24,2666.99,1188.26
ai_generated\00440.png,AI Generated,,1.0,0.0,0.0778,2.66,42,2.63,16.4,6.58,8.94,1361.57,99.33,1378.55,724.83
ai_generated\00441.png,AI Generated,,1.0,0.0,0.0825,3.45,38,3.24,16.88,7.83,9.21,1700.56,106.94,1716.69,198.86
ai_generated\00442.png,AI Generated,,1.0,0.0,0.1049,2.3,27,2.53,11.63,4.97,8.18,1097.62,76.43,1120.94,506.72
ai_generated\00443.png,AI Generated,,1.0,0.0,0.3588,4.27,48,4.0,26.96,13.16,12.5,5177.99,127.49,5209.19,682.44
ai_generated\00444.png,AI Generated,,1.0,0.0,0.0458,3.74,26,3.05,4.08,4.67,3.84,471.37,51.04,475.61,50.35
ai_generated\00445.png,AI Generated,,1.0,0.0,0.0055,2.53,43,3.37,10.41,6.22,11.75,2190.56,87.86,2246.62,1013.03
ai_generated\00446.png,AI Generated,,1.0,0.0,0.1644,1.38,24,1.4,0.15,0.92,1.35,33.78,13.44,35.01,6.64
ai_generated\00447.png,AI Generated,,1.0,0.0,0.3417,3.61,48,3.43,20.74,10.77,11.88,3673.34,126.07,3728.94,1867.1
ai_generated\00448.png,AI Generated,,1.0,0.0,0.3353,2.74,28,2.31,8.22,4.9,5.91,675.68,56.31,682.06,330.56
ai_generated\00449.png,AI Generated,,0.9999,0.0,0.0609,2.07,51,2.53,6.45,3.64,6.68,596.32,47.6,615.32,659.56
ai_generated\00450.png,AI Generated,,1.0,0.0,0.0384,1.43,45,2.57,4.08,2.24,5.63,395.8,29.61,437.43,394.36
ai_generated\00451.png,AI Generated,,1.0,0.0,0.073,2.56,42,2.7,3.35,4.26,5.62,668.27,42.28,687.05,211.01
ai_generated\00452.png,AI Generated,,1.0,0.0,0.1578,3.94,64,3.72,24.64,11.43,12.68,4386.62,125.5,4464.15,1162.16
ai_generated\00453.png,AI Generated,,1.0,0.0,0.4586,4.34,57,4.61,24.08,15.18,17.75,7261.42,164.92,7416.98,2541.04
ai_generated\00454.png,AI Generated,,0.9998,0.0,0.1274,5.62,68,5.76,25.82,11.84,11.21,4201.2,126.61,4230.57,1208.93
ai_generated\00455.png,AI Generated,,0.9947,0.0,0.1676,4.29,43,3.96,23.47,10.21,10.56,2614.58,125.44,2651.94,930.22
ai_generated\00456.png,AI Generated,,1.0,0.0,0.3916,6.93,103,9.3,21.2,12.57,15.4,4686.64,138.23,4923.31,727.32
ai_generated\00457.png,AI Generated,,1.0,0.0,0.3529,2.54,29,2.58,9.61,4.52,6.0,711.14,58.12,717.11,403.41
ai_generated\00458.png,AI Generated,,1.0,0.0,0.4356,5.19,51,4.74,31.38,21.09,18.13,9348.21,258.5,9481.98,809.5
ai_generated\00459.png,AI Generated,,1.0,0.0,0.1183,1.83,30,2.01,5.15,3.19,5.25,430.3,38.75,451.48,248.45
ai_generated\00460.png,AI Generated,,1.0,0.0,0.4203,3.34,38,3.39,18.74,13.11,17.3,7272.52,137.25,7396.1,3629.36
ai_generated\00461.png,AI Generated,,1.0,0.0,0.1424,2.4,44,2.63,8.98,5.4,8.68,980.66,77.68,985.83,225.51
ai_generated\00462.png,AI Generated,,1.0,0.0,0.006,3.58,90,4.52,17.27,14.37,19.19,6044.33,180.12,6065.9,1850.28
ai_generated\00463.png,AI Generated,,0.9982,0.0,0.0332,3.68,68,4.95,12.43,5.66,8.7,1318.91,84.47,1349.15,251.63
ai_generated\00464.png,AI Generated,,0.9991,0.0,0.1793,3.59,58,4.64,14.75,7.02,9.32,1481.06,100.81,1527.1,308.79
ai_generated\00465.png,AI Generated,,1.0,0.0,0.3885,2.73,39,3.14,13.7,7.11,10.56,1685.65,104.11,1731.57,613.57
ai_generated\00466.png,AI Generated,,1.0,0.0,0.2302,2.59,36,2.98,2.08,3.3,4.46,500.28,34.19,520.16,255.32
ai_generated\00467.png,AI Generated,,1.0,0.0,0.0896,1.7,46,2.97,2.88,1.8,5.39,453.9,23.47,460.11,362.88
ai_generated\00468.png,AI Generated,,0.9988,0.0,0.2575,2.72,62,4.12,13.26,4.38,7.61,934.14,72.23,957.57,504.16
ai_generated\00469.png,AI Generated,,1.0,0.0,0.3362,5.42,79,5.83,32.5,18.0,16.08,8981.11,186.81,9086.36,2068.13
ai_generated\00470.png,AI Generated,,1.0,0.0,0.224,5.27,65,5.28,20.53,9.77,10.07,3551.47,85.45,3569.92,691.1
ai_generated\00471.png,AI Generated,,1.0,0.0,0.0006,3.23,31,2.88,11.1,5.67,5.61,897.75,66.97,908.66,228.21
ai_generated\00472.png,AI Generated,,1.0,0.0,0.0011,4.69,73,4.23,26.2,11.23,9.8,3599.19,117.91,3636.68,839.14
ai_generated\00473.png,AI Generated,,0.9998,0.0,0.3602,2.1,34,2.38,2.66,1.62,2.48,103.86,24.38,105.77,14.44
ai_generated\00474.png,AI Generated,,1.0,0.0,0.0077,3.36,33,3.03,10.25,5.36,5.96,818.84,63.33,835.07,291.57
ai_generated\00475.png,AI Generated,,1.0,0.0,0.3119,3.53,39,3.0,25.29,9.24,8.87,2668.02,105.34,2688.17,1327.82
ai_generated\00476.png,AI Generated,,1.0,0.0,0.1387,1.74,75,3.32,2.23,1.26,3.9,215.24,15.74,217.11,209.61
ai_generated\00477.png,AI Generated,,1.0,0.0,0.0123,2.06,31,2.62,4.01,2.45,4.2,317.72,28.25,326.94,180.58
ai_generated\00478.png,AI Generated,,1.0,0.0,0.2654,2.11,35,2.0,4.7,3.26,4.82,348.08,63.05,367.82,153.49
ai_generated\00479.png,AI Generated,,1.0,0.0,0.0406,3.98,37,3.82,23.18,9.76,10.59,2053.18,147.87,2099.34,606.87
ai_generated\00480.png,AI Generated,,1.0,0.0,0.1343,1.88,25,1.82,5.83,3.0,5.02,363.2,42.01,368.79,273.35
ai_generated\00481.png,AI Generated,,1.0,0.0,0.051,2.55,55,3.09,5.08,3.67,6.67,720.34,49.18,725.21,662.15
ai_generated\00482.png,AI Generated,,1.0,0.0,0.0195,3.16,52,3.84,19.35,23.07,27.44,15920.88,270.82,16175.67,5725.27
ai_generated\00483.png,AI Generated,,1.0,0.0,0.3784,3.34,47,3.37,9.69,5.79,7.1,1052.97,70.62,1072.71,408.63
ai_generated\00484.png,AI Generated,,0.9993,0.0,0.3791,4.91,50,4.33,30.94,9.88,8.34,2230.73,120.61,2274.96,101.06
ai_generated\00485.png,AI Generated,,1.0,0.0,0.0373,2.34,38,2.86,13.7,8.24,15.12,4514.06,88.06,4595.96,3160.51
ai_generated\00486.png,AI Generated,,0.992,0.0,0.2681,3.4,74,3.82,8.98,4.59,5.4,617.2,58.75,628.8,217.69
ai_generated\00487.png,AI Generated,,1.0,0.0,0.0119,2.2,22,2.2,8.98,3.64,5.2,421.58,50.42,430.24,131.32
ai_generated\00488.png,AI Generated,,0.9999,0.0,0.3171,2.94,52,3.28,12.19,5.02,6.67,1002.64,67.79,1020.73,478.25
ai_generated\00489.png,AI Generated,,1.0,0.0,0.2928,2.54,38,2.96,12.05,5.23,8.06,1176.76,77.37,1212.37,477.92
ai_generated\00490.png,AI Generated,,0.9983,0.0,0.3779,3.68,55,4.34,14.78,6.97,10.41,1705.52,93.8,1754.95,413.82
ai_generated\00491.png,AI Generated,,1.0,0.0,0.0035,2.77,116,6.29,10.83,10.21,19.18,6170.43,87.19,6261.28,2091.8
ai_generated\00492.png,AI Generated,,0.886,0.0,0.1271,4.73,64,5.74,16.24,7.04,9.32,1314.23,81.57,1336.52,281.3
ai_generated\00493.png,AI Generated,,1.0,0.0,0.0002,8.72,124,10.67,22.61,15.0,16.8,5926.83,182.53,5976.71,1684.58
ai_generated\00494.png,AI Generated,,0.9999,0.0,0.1838,3.15,46,3.3,14.4,10.17,13.43,2589.56,145.67,2605.78,454.66
ai_generated\00495.png,AI Generated,,1.0,0.0,0.386,3.66,65,4.0,13.82,6.8,9.12,1368.99,96.83,1407.64,970.99
ai_generated\00496.png,AI Generated,,1.0,0.0,0.112,2.51,48,3.13,5.8,3.12,4.77,405.86,42.41,411.87,277.3
ai_generated\00497.png,AI Generated,,1.0,0.0,0.0525,4.35,41,3.92,25.33,10.41,10.44,3109.68,114.07,3144.32,371.13
ai_generated\00498.png,AI Generated,,0.9999,0.0,0.3124,3.36,82,5.29,8.88,4.39,7.19,748.74,57.29,770.64,267.0
ai_generated\00499.png,AI Generated,,1.0,0.0,0.0971,3.69,94,6.48,10.23,12.62,22.46,8235.05,122.97,8454.84,5843.39
ai_generated\00500.png,AI Generated,,0.9999,0.0,0.1654,3.55,35,3.39,22.81,15.15,17.27,6288.64,193.13,6369.78,2099.08
ai_generated\00501.png,AI Generated,,1.0,0.0,0.186,1.25,14,1.52,7.06,5.07,9.81,1088.75,66.07,1075.62,80.52
ai_generated\00502.png,AI Generated,,1.0,0.0,0.0375,2.08,19,1.82,8.28,4.49,6.2,585.18,65.36,609.02,217.78
ai_generated\00503.png,AI Generated,,1.0,0.0,0.049,1.95,25,2.05,6.76,4.13,7.4,879.31,63.82,918.07,311.99
ai_generated\00504.png,AI Generated,,1.0,0.0,0.0861,2.56,37,2.81,6.73,4.84,6.63,735.76,59.52,746.27,493.72
ai_generated\00505.png,AI Generated,,1.0,0.0,0.3084,2.53,45,3.28,5.07,3.47,6.79,517.89,48.42,520.64,132.93
ai_generated\00506.png,AI Generated,,0.9996,0.0,0.1109,2.32,27,2.33,7.42,3.79,6.08,537.19,59.54,554.74,246.5
ai_generated\00507.png,AI Generated,,0.9999,0.0,0.3033,1.92,46,3.18,8.7,4.94,10.9,1546.69,74.31,1558.37,134.08
ai_generated\00508.png,AI Generated,,1.0,0.0,0.0204,2.76,57,4.13,6.94,4.17,9.64,2153.09,38.09,2187.5,1383.31
ai_generated\00509.png,AI Generated,,1.0,0.0,0.1028,2.22,28,2.35,6.45,4.5,8.14,923.01,63.38,940.6,499.63
ai_generated\00510.png,AI Generated,,0.847,0.0,0.2841,2.64,66,4.74,8.51,4.15,8.66,1115.71,58.56,1183.32,233.79
ai_generated\00511.png,AI Generated,,1.0,0.0,0.0517,2.45,35,2.78,4.79,3.62,5.9,477.82,51.01,500.51,255.08
ai_generated\00512.png,AI Generated,,0.999,0.0,0.0777,1.84,21,2.14,14.37,6.44,9.8,1759.79,83.7,1766.7,454.37
ai_generated\00513.png,AI Generated,,1.0,0.0,0.3609,2.71,54,3.84,10.52,4.48,7.96,953.09,66.83,969.0,419.59
ai_generated\00514.png,AI Generated,,0.9974,0.0,0.0981,3.0,22,2.73,16.5,7.35,8.88,1879.06,90.85,1899.08,636.49
ai_generated\00515.png,AI Generated,,0.9984,0.0,0.2407,4.42,40,3.81,22.76,8.37,7.34,1818.97,94.9,1852.41,444.08
ai_generated\00516.png,AI Generated,,1.0,0.0,0.2685,3.19,72,4.07,6.24,4.84,9.47,1475.22,75.88,1514.72,526.75
ai_generated\00517.png,AI Generated,,0.9999,0.0,0.13,0.84,14,1.37,8.23,4.07,9.78,1317.05,65.92,1425.91,1197.49
ai_generated\00518.png,AI Generated,,0.9999,0.0,0.176,3.02,41,3.15,6.92,4.96,5.98,720.79,62.69,742.84,272.67
ai_generated\00519.png,AI Generated,,1.0,0.0,0.0231,3.84,60,4.8,14.14,10.27,16.5,3985.43,123.89,4058.36,1907.74
ai_generated\00520.png,AI Generated,,0.9997,0.0,0.1235,3.6,41,3.58,14.1,7.74,11.2,1992.58,102.42,2011.88,782.46
ai_generated\00521.png,AI Generated,,1.0,0.0,0.2919,4.68,56,4.21,23.16,11.88,11.35,5228.31,100.33,5274.53,1865.43
ai_generated\00522.png,AI Generated,,1.0,0.0,0.1981,1.93,31,2.06,11.67,4.44,6.47,674.53,76.69,693.73,95.36
ai_generated\00523.png,AI Generated,,1.0,0.0,0.0024,4.81,90,6.32,10.32,7.46,9.66,1921.36,95.41,1967.96,289.35
ai_generated\00524.png,AI Generated,,0.9992,0.0,0.2348,4.15,49,3.98,22.55,10.82,12.21,2923.11,142.23,2971.55,742.84
ai_generated\00525.png,AI Generated,,0.9967,0.0,0.1695,1.99,30,1.95,5.24,2.72,3.61,245.04,45.67,247.24,136.14
ai_generated\00526.png,AI Generated,,1.0,0.0,0.2676,2.67,38,2.77,12.7,6.88,9.63,1536.83,89.92,1592.81,1092.73
ai_generated\00527.png,AI Generated,,1.0,0.0,0.0136,2.73,51,3.62,12.4,6.78,11.14,1854.31,100.13,1898.58,1171.39
ai_generated\00528.png,AI Generated,,1.0,0.0,0.3277,3.45,41,3.8,15.44,5.73,6.79,883.68,79.66,899.71,309.78
ai_generated\00529.png,AI Generated,,1.0,0.0,0.0825,3.43,57,3.92,16.84,8.81,12.83,2752.27,131.71,2799.56,955.54
ai_generated\00530.png,AI Generated,,1.0,0.0,0.3863,3.71,31,2.97,29.15,13.9,11.42,4862.81,137.01,4908.42,686.38
ai_generated\00531.png,AI Generated,,1.0,0.0,0.3814,2.93,29,2.97,10.43,6.34,10.54,1908.37,88.95,1933.78,1223.76
ai_generated\00532.png,AI Generated,,0.9999,0.0,0.385,3.4,45,3.15,19.31,6.6,6.78,1189.13,88.81,1204.15,752.52
ai_generated\00533.png,AI Generated,,1.0,0.0,0.0162,2.74,57,3.29,15.53,12.02,18.37,5951.35,147.41,6025.31,1837.67
ai_generated\00534.png,AI Generated,,1.0,0.0,0.3116,2.51,35,2.3,7.9,4.71,6.41,687.12,67.72,696.32,360.34
ai_generated\00535.png,AI Generated,,0.9998,0.0,0.1796,2.7,34,2.92,14.73,6.27,8.32,1213.99,77.06,1238.61,45.94
ai_generated\00536.png,AI Generated,,1.0,0.0,0.0,3.58,46,3.62,15.93,5.3,6.2,624.09,95.82,642.36,149.22
ai_generated\00537.png,AI Generated,,1.0,0.0,0.0056,3.11,48,4.49,9.75,4.82,8.55,1011.29,78.49,1048.12,444.83
ai_generated\00538.png,AI Generated,,1.0,0.0,0.3245,3.7,41,3.55,13.27,5.0,5.47,608.23,72.17,617.76,89.49
ai_generated\00539.png,AI Generated,,1.0,0.0,0.3741,2.58,62,3.45,7.51,4.1,8.25,1021.32,71.08,1035.24,868.91
ai_generated\00540.png,AI Generated,,1.0,0.0,0.2147,2.5,31,2.66,12.77,7.74,12.11,2382.27,102.96,2458.19,1460.22
ai_generated\00541.png,AI Generated,,0.9995,0.0,0.2424,3.37,76,3.77,19.37,9.82,10.97,2461.83,122.09,2488.18,852.99
ai_generated\00542.png,AI Generated,,1.0,0.0,0.1326,2.04,34,2.14,7.08,3.33,5.45,362.2,66.08,379.56,197.55
ai_generated\00543.png,AI Generated,,0.9995,0.0,0.2648,2.62,36,2.74,8.18,4.37,6.98,709.99,60.77,714.36,339.62
ai_generated\00544.png,AI Generated,,1.0,0.0,0.0316,3.26,34,2.91,10.96,6.13,7.18,1007.66,78.43,1044.87,215.69
ai_generated\00545.png,AI Generated,,0.9999,0.0,0.2235,1.31,15,1.7,10.04,3.51,6.54,776.04,46.63,789.2,776.28
ai_generated\00546.png,AI Generated,,1.0,0.0,0.1372,1.96,83,2.66,16.3,7.42,10.64,1670.62,97.33,1672.99,448.29
ai_generated\00547.png,AI Generated,,0.9999,0.0,0.0842,5.59,60,5.33,27.66,10.1,9.69,2219.57,138.39,2261.27,202.07
ai_generated\00548.png,AI Generated,,1.0,0.0,0.1414,7.25,77,7.77,26.67,17.1,16.88,7421.04,210.2,7509.7,1671.77
ai_generated\00549.png,AI Generated,,1.0,0.0,0.001,3.02,33,3.1,11.57,5.32,6.98,972.39,71.93,982.54,358.22
ai_generated\00550.png,AI Generated,,1.0,0.0,0.0177,2.68,55,2.96,16.77,9.93,13.63,2832.48,134.04,2838.08,687.11
ai_generated\00551.png,AI Generated,,0.9999,0.0,0.366,4.31,42,3.86,25.26,10.23,9.59,2826.29,110.56,2851.88,1146.41
ai_generated\00552.png,AI Generated,,1.0,0.0,0.313,5.98,113,7.12,22.24,11.82,13.35,3811.64,132.59,3844.3,793.29
ai_generated\00553.png,AI Generated,,1.0,0.0,0.0811,1.93,15,1.88,13.26,6.04,9.23,1599.17,70.03,1621.71,915.4
ai_generated\00554.png,AI Generated,,1.0,0.0,0.2743,4.73,69,5.43,15.3,6.64,9.47,1667.61,95.5,1676.83,615.19
ai_generated\00555.png,AI Generated,,1.0,0.0,0.2783,2.61,20,2.37,23.52,31.31,29.38,23250.91,206.66,23335.72,7692.78
ai_generated\00556.png,AI Generated,,0.9997,0.0,0.2482,2.24,39,2.42,4.06,2.7,5.98,416.97,28.65,437.83,194.61
ai_generated\00557.png,AI Generated,,1.0,0.0,0.4183,2.42,48,3.14,5.8,3.89,8.05,1142.73,53.63,1149.23,923.0
ai_generated\00558.png,AI Generated,,0.9999,0.0,0.0039,4.34,83,5.53,19.49,6.29,7.41,1086.46,94.68,1114.33,576.83
ai_generated\00559.png,AI Generated,,1.0,0.0,0.0973,2.92,35,2.96,12.71,5.05,5.79,591.76,83.62,606.71,139.48
ai_generated\00560.png,AI Generated,,0.9999,0.0,0.1055,3.22,64,3.99,13.8,6.86,10.01,2310.33,81.83,2322.41,697.7
ai_generated\00561.png,AI Generated,,1.0,0.0,0.0378,1.94,54,3.23,6.55,2.36,4.83,306.88,37.05,316.54,49.74
ai_generated\00562.png,AI Generated,,1.0,0.0,0.3422,1.75,19,1.88,7.87,4.22,7.43,956.32,42.8,977.49,420.2
ai_generated\00563.png,AI Generated,,0.9998,0.0,0.0063,2.14,108,5.95,2.21,1.0,3.29,123.84,13.0,126.52,54.03
ai_generated\00564.png,AI Generated,,0.999,0.0,0.3473,2.28,42,2.75,8.89,4.34,6.55,675.15,65.08,690.14,304.76
ai_generated\00565.png,AI Generated,,1.0,0.0,0.1138,1.86,16,1.77,8.59,3.88,6.25,590.15,55.0,612.8,209.06
ai_generated\00566.png,AI Generated,,0.9997,0.0,0.3187,2.28,31,2.49,6.49,3.79,6.59,617.2,56.34,627.3,272.83
ai_generated\00567.png,AI Generated,,1.0,0.0,0.0532,4.53,102,7.36,18.35,11.13,16.05,5064.51,133.17,5160.66,2794.92
ai_generated\00568.png,AI Generated,,1.0,0.0,0.3474,4.49,58,4.27,27.13,11.18,10.35,4049.47,108.9,4091.67,1337.16
ai_generated\00569.png,AI Generated,,1.0,0.0,0.1656,2.89,61,4.49,11.8,11.47,16.75,3989.67,125.36,3992.64,245.64
ai_generated\00570.png,AI Generated,,1.0,0.0,0.3054,4.09,61,4.15,10.08,3.59,4.15,327.03,58.09,333.88,115.28
ai_generated\00571.png,AI Generated,,1.0,0.0,0.1208,1.92,38,2.38,2.42,1.9,3.8,208.97,28.07,212.13,69.31
ai_generated\00572.png,AI Generated,,0.9978,0.0,0.4546,4.09,36,3.61,27.05,11.71,11.3,4763.61,109.65,4775.0,2443.77
ai_generated\00573.png,AI Generated,,1.0,0.0,0.0679,2.5,36,2.54,2.79,2.18,2.58,147.31,30.5,149.02,52.66
ai_generated\00574.png,AI Generated,,1.0,0.0,0.27,4.5,69,4.36,25.52,13.87,14.74,5562.28,152.19,5596.07,687.95
ai_generated\00575.png,AI Generated,,1.0,0.0,0.3491,2.36,46,3.01,11.88,4.73,7.4,876.81,65.16,900.05,523.33
ai_generated\00576.png,AI Generated,,1.0,0.0,0.0008,2.77,72,4.19,7.47,4.36,7.94,838.95,71.16,879.94,554.42
ai_generated\00577.png,AI Generated,,0.9992,0.0,0.1288,4.74,52,4.84,13.32,6.3,6.62,1091.75,74.48,1101.12,93.67
ai_generated\00578.png,AI Generated,,1.0,0.0,0.0009,2.47,62,3.57,9.92,6.31,11.91,2002.31,83.9,2011.29,333.6
ai_generated\00579.png,AI Generated,,0.9999,0.0,0.2515,4.59,89,5.17,16.99,7.5,9.51,1929.19,95.31,1958.53,747.91
ai_generated\00580.png,AI Generated,,1.0,0.0,0.2325,1.58,14,1.53,11.61,5.23,7.4,771.43,84.92,787.66,152.36
ai_generated\00581.png,AI Generated,,1.0,0.0,0.2379,1.55,31,1.67,3.23,2.08,3.3,174.58,33.19,175.66,135.52
ai_generated\00582.png,AI Generated,,1.0,0.0,0.0406,2.88,26,2.49,14.2,6.03,6.43,876.25,87.61,894.81,542.09
ai_generated\00583.png,AI Generated,,1.0,0.0,0.0712,1.65,22,1.92,5.98,3.29,6.42,498.1,51.77,535.09,246.14
ai_generated\00584.png,AI Generated,,1.0,0.0,0.0422,2.65,39,2.82,14.22,6.49,9.7,1709.25,94.9,1722.44,630.03
ai_generated\00585.png,AI Generated,,0.9869,0.0,0.2848,1.21,33,2.43,3.59,1.45,4.34,255.99,22.01,275.46,126.54
ai_generated\00586.png,AI Generated,,1.0,0.0,0.0639,1.71,16,1.97,4.87,4.51,7.97,1010.72,47.0,1023.45,838.23
ai_generated\00587.png,AI Generated,,1.0,0.0,0.296,3.92,32,3.35,26.2,9.19,8.1,1936.86,113.43,1983.44,145.03
ai_generated\00588.png,AI Generated,,1.0,0.0,0.066,5.37,59,5.01,26.93,10.41,9.68,2938.29,118.45,2962.72,403.26
ai_generated\00589.png,AI Generated,,1.0,0.0,0.2946,3.05,69,3.5,5.53,4.35,5.4,752.45,49.0,762.82,192.61
ai_generated\00590.png,AI Generated,,1.0,0.0,0.005,5.22,80,5.67,24.88,12.82,14.56,4193.17,170.07,4249.11,387.63
ai_generated\00591.png,AI Generated,,1.0,0.0,0.0135,3.33,45,4.16,10.91,5.58,8.45,1024.26,78.89,1045.65,707.11
ai_generated\00592.png,AI Generated,,1.0,0.0,0.006,2.53,90,3.97,8.53,4.38,8.3,1114.29,57.44,1136.0,617.43
ai_generated\00593.png,AI Generated,,1.0,0.1,0.0153,1.76,54,2.53,6.82,3.9,9.01,1025.75,72.64,1041.65,498.34
ai_generated\00594.png,AI Generated,,1.0,0.0,0.024,2.96,46,3.5,9.49,4.27,5.0,469.49,58.86,479.23,179.31
ai_generated\00595.png,AI Generated,,1.0,0.0,0.3882,4.43,59,4.18,15.39,10.75,11.12,4641.82,83.52,4669.04,1482.6
ai_generated\00596.png,AI Generated,,0.9991,0.0,0.3438,6.77,94,8.33,29.18,17.13,16.67,7754.68,202.5,7840.19,1464.85
ai_generated\00597.png,AI Generated,,1.0,0.0,0.42,2.35,23,2.34,13.74,7.08,10.55,1767.35,83.56,1818.89,650.04
ai_generated\00598.png,AI Generated,,1.0,0.0,0.1309,1.35,30,1.76,1.41,1.48,3.51,140.16,19.11,140.44,93.35
ai_generated\00599.png,AI Generated,,1.0,0.0,0.0413,2.22,59,2.75,6.21,2.8,4.87,448.94,35.31,460.79,204.73
ai_generated\00600.png,AI Generated,,1.0,0.0,0.017,2.18,34,2.21,8.58,5.18,8.07,925.09,75.16,963.26,245.3
ai_generated\00601.png,AI Generated,,1.0,0.0,0.2022,5.3,79,7.22,21.56,10.35,12.76,3913.73,123.83,3939.92,931.88
ai_generated\00602.png,AI Generated,,0.9988,0.0,0.4127,1.49,19,1.74,7.78,6.38,15.63,2874.73,91.96,2937.25,3459.62
ai_generated\00603.png,AI Generated,,1.0,0.0,0.0532,2.31,42,3.19,5.05,4.27,10.02,1910.15,53.95,1963.2,299.86
ai_generated\00604.png,AI Generated,,1.0,0.0,0.1353,3.42,32,3.33,10.72,6.61,7.38,1366.54,70.17,1378.47,461.64
ai_generated\00605.png,AI Generated,,1.0,0.0,0.4273,2.95,36,2.54,27.83,12.49,10.4,3078.54,135.73,3134.23,315.24
ai_generated\00606.png,AI Generated,,1.0,0.0,0.0103,7.75,82,7.31,33.58,23.82,21.28,14439.47,236.35,14656.12,1695.09
ai_generated\00607.png,AI Generated,,1.0,0.0,0.2357,3.5,40,3.33,15.9,10.87,15.52,3730.11,135.32,3739.0,1480.23
ai_generated\00608.png,AI Generated,,1.0,0.0,0.2287,1.6,13,1.39,0.33,1.49,2.24,88.73,16.94,89.58,62.9
ai_generated\00609.png,AI Generated,,1.0,0.0,0.3663,3.55,41,3.2,16.93,5.03,5.88,674.38,85.26,697.53,313.65
ai_generated\00610.png,AI Generated,,1.0,0.0,0.0967,2.51,32,2.28,12.78,5.86,7.06,954.11,82.43,1001.81,242.75
ai_generated\00611.png,AI Generated,,1.0,0.0,0.3175,3.08,30,2.62,3.5,5.24,4.66,649.99,60.56,677.33,181.78
ai_generated\00612.png,AI Generated,,0.9999,0.0,0.1059,4.74,48,4.38,30.58,15.68,13.04,6340.2,145.62,6396.31,1757.87
ai_generated\00613.png,AI Generated,,0.9912,0.0,0.2675,3.5,40,3.54,18.19,6.87,7.34,1215.64,91.01,1238.56,30.68
ai_generated\00614.png,AI Generated,,0.9996,0.0,0.2479,2.53,58,3.41,5.56,3.81,7.78,668.63,56.57,671.05,319.83
ai_generated\00615.png,AI Generated,,1.0,0.0,0.0207,2.07,20,1.99,4.74,3.71,5.49,570.29,41.22,574.01,401.84
ai_generated\00616.png,AI Generated,,1.0,0.0,0.0357,2.18,48,2.15,2.6,3.64,6.33,778.98,32.85,780.22,692.66
ai_generated\00617.png,AI Generated,,0.9959,0.0,0.1936,3.85,54,3.54,18.19,8.58,10.12,2559.75,91.56,2575.7,2327.46
ai_generated\00618.png,AI Generated,,1.0,0.0,0.0285,3.3,40,3.04,15.71,7.22,8.61,1470.85,94.8,1520.47,354.87
ai_generated\00619.png,AI Generated,,1.0,0.0,0.0593,2.31,15,2.03,20.75,13.78,19.0,5558.03,140.31,5578.6,238.6
ai_generated\00620.png,AI Generated,,1.0,0.0,0.1758,3.96,69,4.31,11.49,5.95,8.1,1246.39,81.24,1271.31,162.99
ai_generated\00621.png,AI Generated,,1.0,0.0,0.0004,5.32,110,8.51,17.38,8.14,11.61,2955.91,93.37,3009.85,1683.09
ai_generated\00622.png,AI Generated,,1.0,0.0,0.3784,4.19,53,5.07,9.45,4.21,5.81,646.92,51.63,652.61,268.82
ai_generated\00623.png,AI Generated,,1.0,0.0,0.008,3.09,42,3.98,12.05,5.28,9.27,1487.71,78.45,1542.16,1135.07
ai_generated\00624.png,AI Generated,,1.0,0.0333,0.0063,1.29,78,3.23,1.81,1.12,4.66,232.6,19.24,233.35,244.98
ai_generated\00625.png,AI Generated,,1.0,0.0,0.3015,3.74,50,4.18,20.61,9.78,10.85,2207.51,122.84,2228.48,160.18
ai_generated\00626.png,AI Generated,,1.0,0.0,0.0202,4.82,74,6.0,12.66,8.07,12.05,2861.74,99.07,2897.67,1111.37
ai_generated\00627.png,AI Generated,,0.9999,0.0,0.4039,3.68,40,3.44,22.3,10.27,11.58,3140.18,129.22,3217.73,901.6
ai_generated\00628.png,AI Generated,,0.9997,0.0,0.3962,2.3,30,2.45,9.2,4.26,5.88,573.15,59.1,580.4,155.08
ai_generated\00629.png,AI Generated,,1.0,0.0,0.2175,3.39,43,3.2,12.29,7.8,9.38,1858.31,96.37,1904.07,573.0
ai_generated\00630.png,AI Generated,,1.0,0.0,0.2643,4.23,74,4.23,21.05,12.21,14.31,4426.2,136.45,4537.69,1766.5
ai_generated\00631.png,AI Generated,,0.9984,0.0,0.1195,3.15,56,4.39,8.19,4.65,7.68,792.7,66.77,798.87,67.22
ai_generated\00632.png,AI Generated,,0.9999,0.0,0.3136,2.59,51,2.47,15.92,6.13,7.14,1230.11,79.82,1258.07,585.26
ai_generated\00633.png,AI Generated,,1.0,0.0,0.1069,1.34,32,2.11,5.41,2.3,5.12,303.27,42.02,320.03,45.23
ai_generated\00634.png,AI Generated,,1.0,0.0,0.0104,1.86,24,1.84,9.78,6.59,12.28,1947.98,88.18,2086.13,922.05
ai_generated\00635.png,AI Generated,,1.0,0.0,0.3234,1.7,23,2.18,6.05,3.86,8.78,1213.21,51.27,1254.17,1017.43
ai_generated\00636.png,AI Generated,,0.9999,0.0,0.0923,3.87,85,5.19,15.81,9.02,12.64,2950.69,109.57,2978.16,671.48
ai_generated\00637.png,AI Generated,,1.0,0.0,0.0377,4.34,117,7.37,9.31,5.37,8.98,1094.15,66.13,1097.39,341.28
ai_generated\00638.png,AI Generated,,0.9915,0.0,0.4217,1.39,28,2.04,10.84,6.36,10.1,1339.03,89.12,1347.19,186.17
ai_generated\00639.png,AI Generated,,1.0,0.0,0.0243,2.34,40,2.78,5.43,2.73,3.98,240.67,43.69,259.91,23.79
ai_generated\00640.png,AI Generated,,0.9999,0.0,0.3981,3.6,53,3.22,18.24,10.97,10.42,2851.76,99.9,2839.11,589.38
ai_generated\00641.png,AI Generated,,1.0,0.0,0.0281,4.33,69,5.62,18.23,10.65,14.84,4603.4,121.7,4742.73,1788.48
ai_generated\00642.png,AI Generated,,1.0,0.0,0.0116,4.08,39,3.8,20.89,9.3,11.37,2460.95,108.61,2495.86,351.97
ai_generated\00643.png,AI Generated,,1.0,0.0,0.0139,2.27,31,2.39,10.27,5.14,6.5,771.02,77.5,799.82,452.79
ai_generated\00644.png,AI Generated,,0.9999,0.0,0.2224,5.43,72,5.45,14.25,6.13,7.49,1287.11,73.92,1299.73,289.58
ai_generated\00645.png,AI Generated,,1.0,0.0,0.315,2.46,17,2.17,22.42,17.48,21.39,8660.08,187.56,8731.7,4958.83
ai_generated\00646.png,AI Generated,,0.9125,0.0,0.3112,3.51,62,3.42,4.71,3.92,5.12,558.93,44.88,572.89,245.46
ai_generated\00647.png,AI Generated,,1.0,0.0,0.2893,1.19,24,1.43,1.97,2.06,6.62,460.31,29.81,470.52,507.44
ai_generated\00648.png,AI Generated,,1.0,0.0,0.0183,3.55,60,3.38,12.52,9.12,12.16,3114.83,91.75,3246.16,1684.9
ai_generated\00649.png,AI Generated,,1.0,0.0,0.094,2.55,39,3.24,8.37,4.47,8.6,1077.28,63.91,1111.24,103.45
ai_generated\00650.png,AI Generated,,0.9999,0.0,0.0676,3.5,47,2.85,9.24,5.94,5.32,889.75,74.1,923.47,258.31
ai_generated\00651.png,AI Generated,,1.0,0.0,0.2804,3.77,68,4.67,19.51,12.17,16.48,4895.91,143.82,4933.19,2148.0
ai_generated\00652.png,AI Generated,,1.0,0.0,0.2906,0.96,16,1.51,3.58,4.0,9.22,843.77,60.96,844.52,107.62
ai_generated\00653.png,AI Generated,,1.0,0.0,0.2528,3.1,68,3.72,15.0,7.47,10.78,1950.67,95.57,1984.31,844.27
ai_generated\00654.png,AI Generated,,1.0,0.0,0.3134,1.98,30,1.93,0.32,2.04,2.65,147.42,23.85,149.38,79.5
ai_generated\00655.png,AI Generated,,1.0,0.0,0.0318,3.08,36,3.22,10.53,4.81,6.43,777.54,61.37,784.27,122.75
ai_generated\00656.png,AI Generated,,0.999,0.0,0.394,4.93,45,4.86,19.74,13.64,17.82,5964.13,144.8,6014.43,1735.91
ai_generated\00657.png,AI Generated,,1.0,0.0,0.3198,2.38,66,3.22,3.93,2.31,4.18,225.51,32.04,225.43,165.2
ai_generated\00658.png,AI Generated,,1.0,0.0,0.1227,6.59,74,7.96,15.13,7.07,8.96,1676.89,95.95,1702.98,291.65
ai_generated\00659.png,AI Generated,,1.0,0.0,0.0093,1.78,20,1.61,4.1,3.13,4.88,389.8,44.54,392.14,66.95
ai_generated\00660.png,AI Generated,,1.0,0.0,0.0203,1.07,18,1.58,6.2,4.42,11.95,2517.41,50.49,2536.37,413.7
ai_generated\00661.png,AI Generated,,1.0,0.0,0.0026,1.51,18,1.64,10.24,6.09,10.89,1596.4,85.69,1644.89,457.56
ai_generated\00662.png,AI Generated,,1.0,0.0,0.0382,2.88,42,2.71,6.79,4.59,4.95,616.46,56.27,621.73,49.55
ai_generated\00663.png,AI Generated,,1.0,0.0,0.0035,1.78,24,1.97,3.31,1.7,3.37,137.19,29.18,144.02,39.38
ai_generated\00664.png,AI Generated,,0.9997,0.0,0.1751,3.77,71,5.42,15.11,8.77,13.82,3063.14,113.62,3126.3,923.87
ai_generated\00665.png,AI Generated,,1.0,0.0,0.1429,3.9,127,5.77,5.73,5.71,13.03,2619.81,70.6,2637.18,1162.12
ai_generated\00666.png,AI Generated,,1.0,0.0,0.0068,2.04,32,2.83,5.82,2.53,5.69,409.82,38.76,422.52,150.17
ai_generated\00667.png,AI Generated,,1.0,0.0,0.2338,1.36,16,1.38,3.34,2.03,4.34,197.89,27.52,208.74,55.01
ai_generated\00668.png,AI Generated,,1.0,0.0,0.3598,2.78,88,3.41,13.39,7.52,11.51,2262.21,101.04,2289.87,242.43
ai_generated\00669.png,AI Generated,,0.9999,0.0,0.2705,3.02,103,3.9,13.91,9.3,15.89,3943.52,113.46,3967.91,2259.35
ai_generated\00670.png,AI Generated,,0.9999,0.0,0.3867,3.08,67,3.1,14.71,7.48,9.07,1575.46,94.12,1591.64,960.43
ai_generated\00671.png,AI Generated,,1.0,0.0,0.0391,2.32,97,3.49,9.94,4.7,9.47,1753.13,54.92,1765.4,1004.49
ai_generated\00672.png,AI Generated,,0.9996,0.0,0.2136,3.56,67,5.33,11.75,6.46,10.7,2192.13,71.08,2213.62,1037.07
ai_generated\00673.png,AI Generated,,0.9707,0.0,0.1351,5.33,47,5.64,19.0,7.14,8.79,1474.32,105.41,1501.57,111.19
ai_generated\00674.png,AI Generated,,0.9842,0.0,0.3803,3.21,88,3.28,14.1,7.41,8.61,1497.24,98.6,1523.67,394.94
ai_generated\00675.png,AI Generated,,0.9995,0.0,0.2709,2.33,65,3.93,6.21,3.23,7.14,771.44,47.51,824.79,158.94
ai_generated\00676.png,AI Generated,,1.0,0.0,0.0308,2.2,34,2.63,8.36,4.63,7.96,800.89,66.9,844.21,171.35
ai_generated\00677.png,AI Generated,,1.0,0.0,0.1989,3.12,35,2.89,7.12,5.27,6.3,702.3,71.56,759.26,64.66
ai_generated\00678.png,AI Generated,,1.0,0.0,0.0098,4.67,60,5.3,16.28,10.84,16.37,4713.63,155.51,4771.4,3745.7
ai_generated\00679.png,AI Generated,,1.0,0.0,0.013,2.92,34,2.83,18.33,7.25,8.77,1295.53,119.02,1338.32,505.0
ai_generated\00680.png,AI Generated,,0.9999,0.0,0.21,5.06,71,5.61,14.75,9.12,13.31,3352.79,102.63,3421.78,1011.06
ai_generated\00681.png,AI Generated,,0.9997,0.0,0.169,3.33,54,3.28,18.62,9.29,10.59,2089.63,116.43,2136.79,364.48
ai_generated\00682.png,AI Generated,,0.9981,0.0,0.2818,2.68,36,2.98,6.63,4.32,6.31,680.88,50.79,689.36,151.4
ai_generated\00683.png,AI Generated,,1.0,0.0,0.4767,2.09,37,2.32,2.81,2.12,4.2,213.53,26.13,214.58,42.44
ai_generated\00684.png,AI Generated,,0.9999,0.0,0.3098,7.13,64,6.49,18.16,9.27,7.98,2529.1,83.53,2567.0,589.61
ai_generated\00685.png,AI Generated,,1.0,0.0,0.001,2.08,35,2.75,8.2,4.94,10.12,1286.25,73.29,1288.11,180.11
ai_generated\00686.png,AI Generated,,1.0,0.0,0.0284,1.96,47,2.64,4.66,3.34,7.14,728.86,50.16,738.94,352.29
ai_generated\00687.png,AI Generated,,0.9931,0.0,0.3413,4.13,66,4.74,19.79,8.6,9.35,2445.24,112.47,2473.1,1857.1
ai_generated\00688.png,AI Generated,,1.0,0.0,0.026,4.45,49,3.99,24.35,7.77,7.11,1470.36,97.43,1490.72,714.7
ai_generated\00689.png,AI Generated,,1.0,0.0,0.0967,5.28,93,6.35,29.23,13.16,11.86,4461.68,129.92,4488.6,479.19
ai_generated\00690.png,AI Generated,,1.0,0.0,0.2238,3.87,112,3.97,27.0,17.05,18.39,6904.4,191.17,6903.29,2911.3
ai_generated\00691.png,AI Generated,,1.0,0.0,0.0041,1.69,45,3.05,3.11,1.73,4.98,300.76,23.16,320.13,165.76
ai_generated\00692.png,AI Generated,,1.0,0.0,0.0007,2.83,60,3.39,14.45,6.44,8.81,1397.83,106.31,1430.48,798.72
ai_generated\00693.png,AI Generated,,0.9999,0.0,0.3519,1.71,17,1.72,3.59,2.33,2.87,173.39,33.17,177.14,84.76
ai_generated\00694.png,AI Generated,,1.0,0.0,0.0644,5.7,91,7.56,22.2,10.03,12.5,3550.33,120.75,3606.71,907.37
ai_generated\00695.png,AI Generated,,0.9999,0.0,0.0913,3.42,45,3.68,13.48,6.52,8.32,1554.68,73.94,1583.74,1001.06
ai_generated\00696.png,AI Generated,,0.9997,0.0,0.0354,0.63,14,1.07,3.86,2.25,6.07,450.62,38.07,481.86,434.44
ai_generated\00697.png,AI Generated,,0.9993,0.0,0.3117,3.57,47,3.34,23.86,10.42,11.2,3027.97,122.98,3093.78,857.54
ai_generated\00698.png,AI Generated,,0.9999,0.0,0.4335,2.39,28,2.13,9.59,4.53,5.54,589.08,60.05,597.18,210.71
ai_generated\00699.png,AI Generated,,1.0,0.0,0.0002,2.92,40,3.07,8.09,5.65,7.71,992.44,86.37,1042.92,206.03
ai_generated\00700.png,AI Generated,,1.0,0.0333,0.3048,3.04,41,2.96,23.93,10.24,10.16,2945.38,136.82,2995.49,589.57
ai_generated\00701.png,AI Generated,,1.0,0.0,0.0019,2.35,55,3.39,9.44,5.49,10.49,1385.83,82.63,1393.18,757.53
ai_generated\00702.png,AI Generated,,1.0,0.0,0.1697,3.29,21,2.57,34.26,18.39,14.12,10432.15,139.38,10477.5,744.85
ai_generated\00703.png,AI Generated,,1.0,0.0,0.2344,3.08,56,3.77,13.11,5.7,8.88,1488.78,63.96,1502.44,1287.34
ai_generated\00704.png,AI Generated,,0.9999,0.0,0.1114,5.34,49,4.95,28.42,10.14,9.19,2212.37,126.62,2229.97,247.04
ai_generated\00705.png,AI Generated,,0.9999,0.0,0.3971,2.73,34,2.64,9.36,6.16,8.28,1554.95,63.24,1581.78,969.98
ai_generated\00706.png,AI Generated,,1.0,0.0,0.1758,3.2,40,3.49,15.89,5.84,7.33,974.32,75.1,1000.53,520.96
ai_generated\00707.png,AI Generated,,0.9998,0.0,0.2333,6.68,59,6.0,35.7,18.14,14.13,10098.4,146.61,10172.29,1194.25
ai_generated\00708.png,AI Generated,,1.0,0.0,0.0131,2.82,49,3.65,11.31,5.94,10.5,1867.24,77.51,1890.78,1529.19
ai_generated\00709.png,AI Generated,,1.0,0.0,0.0053,2.41,38,2.87,7.75,3.75,6.55,599.8,56.64,612.77,254.79
ai_generated\00710.png,AI Generated,,1.0,0.0,0.1375,3.66,68,6.41,8.99,4.06,8.54,1067.3,49.43,1091.57,814.54
ai_generated\00711.png,AI Generated,,1.0,0.0,0.0424,1.24,15,1.22,1.59,2.71,6.94,446.9,39.3,447.26,48.6
ai_generated\00712.png,AI Generated,,1.0,0.0,0.2962,3.82,72,4.47,18.51,10.69,13.96,3216.99,128.67,3248.73,270.89
ai_generated\00713.png,AI Generated,,1.0,0.0,0.3984,3.87,34,3.16,15.2,8.54,9.1,2456.43,79.74,2471.27,1155.87
ai_generated\00714.png,AI Generated,,1.0,0.0,0.0025,1.64,16,1.88,11.51,6.6,12.42,2391.68,95.24,2435.74,640.27
ai_generated\00715.png,AI Generated,,1.0,0.0,0.0048,2.87,23,2.44,13.77,5.18,5.15,643.57,75.36,656.56,141.85
ai_generated\00716.png,AI Generated,,1.0,0.0,0.0588,5.36,80,6.44,18.35,7.71,9.44,1671.83,96.72,1726.23,900.69
ai_generated\00717.png,AI Generated,,1.0,0.0,0.0014,1.94,43,2.11,2.21,2.3,2.61,120.98,37.13,124.42,64.61
ai_generated\00718.png,AI Generated,,1.0,0.0,0.003,5.02,100,7.37,16.22,6.46,8.46,1703.33,83.22,1747.17,1031.52
ai_generated\00719.png,AI Generated,,1.0,0.0,0.2739,2.54,22,2.27,10.83,4.98,6.28,692.83,66.39,703.95,276.4
ai_generated\00720.png,AI Generated,,0.9996,0.0,0.1794,3.3,41,2.99,18.78,8.11,8.22,1758.15,89.45,1773.02,537.64
ai_generated\00721.png,AI Generated,,1.0,0.0,0.061,2.56,23,2.36,6.89,3.96,5.82,618.35,49.51,633.45,172.27
ai_generated\00722.png,AI Generated,,1.0,0.0,0.0686,1.85,22,1.95,6.74,3.12,4.91,336.43,54.77,342.09,201.98
ai_generated\00723.png,AI Generated,,0.9261,0.0,0.319,1.37,58,3.16,4.86,2.26,6.66,675.96,30.65,692.33,829.41
ai_generated\00724.png,AI Generated,,1.0,0.0,0.389,7.11,102,8.55,32.69,19.0,17.17,8679.43,231.59,8804.57,3577.0
ai_generated\00725.png,AI Generated,,1.0,0.0,0.3727,3.66,42,3.87,11.38,6.82,9.93,2232.48,73.22,2260.33,1241.74
ai_generated\00726.png,AI Generated,,1.0,0.0,0.3457,2.0,23,1.88,11.24,4.05,4.9,357.63,78.27,362.98,205.25
ai_generated\00727.png,AI Generated,,1.0,0.0,0.3723,4.65,56,4.51,25.89,10.72,10.64,2526.31,141.97,2540.01,943.28
ai_generated\00728.png,AI Generated,,1.0,0.0,0.0323,4.44,51,4.92,16.35,8.17,10.65,2182.2,113.72,2258.84,409.54
ai_generated\00729.png,AI Generated,,0.9999,0.0,0.0045,3.11,37,2.85,10.55,5.17,5.64,695.82,68.28,707.88,102.06
ai_generated\00730.png,AI Generated,,1.0,0.0,0.2686,5.14,80,5.06,26.58,11.12,10.72,3165.38,130.96,3208.51,434.06
ai_generated\00731.png,AI Generated,,1.0,0.0,0.0388,2.41,61,3.11,4.21,3.26,6.84,547.34,55.42,583.75,168.8
ai_generated\00732.png,AI Generated,,1.0,0.0,0.3094,2.0,43,2.16,3.0,3.27,6.25,542.49,43.35,568.07,324.6
ai_generated\00733.png,AI Generated,,1.0,0.0,0.34,2.21,45,2.72,7.4,4.08,8.67,1358.61,57.28,1389.94,555.53
ai_generated\00734.png,AI Generated,,1.0,0.0,0.0884,3.12,18,2.44,15.94,15.19,14.26,10233.08,87.96,10341.48,7290.35
ai_generated\00735.png,AI Generated,,1.0,0.0,0.0339,2.09,24,2.14,12.81,6.04,9.3,1440.78,85.62,1460.43,468.02
ai_generated\00736.png,AI Generated,,0.9664,0.0,0.3534,0.67,13,1.5,6.04,3.37,9.55,1237.48,46.43,1266.55,420.13
ai_generated\00737.png,AI Generated,,0.9997,0.0,0.2998,2.51,36,2.78,6.27,4.35,7.11,715.71,47.81,717.37,565.26
ai_generated\00738.png,AI Generated,,1.0,0.0,0.2051,2.14,60,2.67,5.94,3.8,7.56,915.89,55.88,933.45,210.36
ai_generated\00739.png,AI Generated,,0.9999,0.0,0.3413,2.93,36,3.08,12.08,7.15,10.08,1735.87,86.13,1757.12,358.65
ai_generated\00740.png,AI Generated,,1.0,0.0,0.1121,2.29,23,2.14,5.45,3.69,5.91,789.99,39.47,801.07,518.52
ai_generated\00741.png,AI Generated,,1.0,0.0,0.0733,1.81,66,3.14,3.79,4.19,11.33,2080.98,52.91,2130.22,1272.15
ai_generated\00742.png,AI Generated,,1.0,0.0,0.1081,3.68,69,4.61,12.23,9.35,14.48,3516.86,119.04,3580.74,2503.91
ai_generated\00743.png,AI Generated,,0.9919,0.0,0.1836,2.29,31,2.3,9.3,4.78,7.95,1003.42,61.97,1013.49,548.2
ai_generated\00744.png,AI Generated,,1.0,0.0,0.3782,2.68,38,2.91,10.5,4.38,7.49,1073.48,55.3,1089.48,490.47
ai_generated\00745.png,AI Generated,,0.9999,0.0,0.2828,4.55,129,4.51,10.78,7.95,9.52,2227.26,75.55,2243.51,1102.31
ai_generated\00746.png,AI Generated,,1.0,0.0,0.0604,1.16,14,1.45,4.99,4.58,10.65,1074.85,65.6,1114.75,848.3
ai_generated\00747.png,AI Generated,,0.9829,0.0,0.1016,3.33,31,2.76,26.32,11.27,10.55,3033.93,106.94,3044.89,495.59
ai_generated\00748.png,AI Generated,,1.0,0.0,0.2935,3.46,40,3.3,23.37,10.69,11.81,3719.32,126.18,3753.85,1462.22
ai_generated\00749.png,AI Generated,,1.0,0.0,0.3926,2.56,35,2.29,13.76,7.69,9.6,1851.14,82.48,1860.8,1041.28
ai_generated\00750.png,AI Generated,,1.0,0.0,0.377,2.05,26,2.24,6.02,4.08,6.25,637.54,45.47,642.12,401.75
ai_generated\00751.png,AI Generated,,1.0,0.0,0.0982,2.53,32,2.46,2.8,3.47,5.2,382.48,45.68,383.19,174.25
ai_generated\00752.png,AI Generated,,1.0,0.0,0.389,3.24,40,3.9,14.69,5.67,7.35,996.55,76.51,1004.31,620.28
ai_generated\00753.png,AI Generated,,1.0,0.0,0.2557,3.91,36,3.7,21.42,9.36,11.08,2150.23,145.38,2230.39,1052.13
ai_generated\00754.png,AI Generated,,1.0,0.0,0.0533,3.97,132,5.7,13.24,7.55,11.01,2320.17,87.84,2354.44,621.24
ai_generated\00755.png,AI Generated,,1.0,0.0,0.3472,3.58,48,3.62,20.48,6.96,8.34,1234.66,110.59,1246.91,233.93
ai_generated\00756.png,AI Generated,,1.0,0.0,0.3173,3.12,23,2.6,4.33,3.88,3.35,413.45,45.06,419.9,152.08
ai_generated\00757.png,AI Generated,,0.9997,0.0,0.0591,2.3,33,2.09,8.47,4.03,5.05,473.41,61.33,479.03,108.47
ai_generated\00758.png,AI Generated,,1.0,0.0,0.0852,1.88,58,4.09,4.41,2.55,7.08,514.62,38.03,551.44,548.79
ai_generated\00759.png,AI Generated,,1.0,0.0,0.1279,2.71,29,2.65,12.36,5.89,7.58,1083.44,94.71,1101.42,86.65
ai_generated\00760.png,AI Generated,,1.0,0.0,0.3009,3.88,81,4.03,22.99,10.4,11.41,3231.68,125.17,3271.01,1137.14
ai_generated\00761.png,AI Generated,,0.9999,0.0,0.0939,3.12,72,2.98,11.38,4.7,5.23,552.12,75.38,564.41,199.62
ai_generated\00762.png,AI Generated,,1.0,0.0,0.2162,3.54,79,4.44,14.23,5.67,7.27,805.82,91.84,859.33,76.7
ai_generated\00763.png,AI Generated,,1.0,0.0,0.1206,2.63,22,2.58,10.81,10.02,11.94,4769.45,90.0,4794.66,1320.17
ai_generated\00764.png,AI Generated,,1.0,0.0,0.3246,3.38,36,3.16,15.55,8.46,9.28,1854.27,102.22,1871.97,338.22
ai_generated\00765.png,AI Generated,,1.0,0.0,0.2124,2.48,22,2.18,13.92,6.23,7.8,1070.26,93.09,1076.75,357.44
ai_generated\00766.png,AI Generated,,1.0,0.0,0.1404,5.46,80,6.01,20.81,10.93,12.64,4660.87,119.92,4774.14,2644.81
ai_generated\00767.png,AI Generated,,1.0,0.0,0.1875,1.8,30,1.56,0.46,2.55,3.67,231.15,22.17,232.2,178.8
ai_generated\00768.png,AI Generated,,0.9999,0.0,0.0729,5.37,69,5.48,21.22,8.8,8.44,1759.34,103.39,1770.16,288.69
ai_generated\00769.png,AI Generated,,0.9939,0.0,0.0046,3.43,46,3.26,15.62,8.45,10.85,2600.18,103.44,2650.83,926.69
ai_generated\00770.png,AI Generated,,1.0,0.0,0.3495,2.48,29,2.33,6.76,4.0,5.22,553.81,56.16,561.79,247.34
ai_generated\00771.png,AI Generated,,0.9999,0.0,0.0954,1.29,32,2.11,6.05,3.89,9.33,1050.19,61.9,1166.13,544.12
ai_generated\00772.png,AI Generated,,1.0,0.0,0.0415,2.29,15,1.89,7.51,6.39,6.46,1010.0,67.87,1021.34,290.41
ai_generated\00773.png,AI Generated,,1.0,0.0,0.2582,5.96,64,5.42,33.18,12.67,10.37,4106.21,126.01,4133.84,198.55
ai_generated\00774.png,AI Generated,,1.0,0.0,0.0441,4.55,52,4.26,22.61,12.14,11.12,5112.08,104.59,5153.99,2213.15
ai_generated\00775.png,AI Generated,,0.8064,0.0,0.3976,4.36,61,4.61,21.91,11.75,13.7,3855.26,143.17,3941.68,2510.15
ai_generated\00776.png,AI Generated,,1.0,0.0,0.1409,2.9,80,4.1,5.8,2.98,5.23,401.87,51.15,412.12,136.93
ai_generated\00777.png,AI Generated,,1.0,0.0,0.0556,3.77,47,3.41,10.58,6.81,7.23,1286.9,85.11,1344.45,305.43
ai_generated\00778.png,AI Generated,,1.0,0.0,0.012,1.87,27,1.97,2.4,2.03,3.4,156.68,26.65,157.42,72.99
ai_generated\00779.png,AI Generated,,1.0,0.0,0.3798,4.29,57,4.7,21.3,11.51,14.03,4265.34,127.87,4331.27,1701.07
ai_generated\00780.png,AI Generated,,1.0,0.0,0.4178,3.07,35,2.96,14.64,7.76,9.04,1706.45,94.35,1739.68,1013.03
ai_generated\00781.png,AI Generated,,1.0,0.0,0.3431,2.78,30,2.43,8.06,4.96,6.55,944.45,56.15,955.52,580.04
ai_generated\00782.png,AI Generated,,1.0,0.0,0.2688,2.84,61,2.84,3.8,3.56,3.88,334.48,43.59,342.23,164.92
ai_generated\00783.png,AI Generated,,0.9906,0.0,0.3762,1.72,12,1.49,10.11,5.13,5.67,526.84,79.32,550.81,183.16
ai_generated\00784.png,AI Generated,,1.0,0.0,0.0128,2.57,25,2.55,23.27,13.97,16.89,6087.44,199.0,6203.2,2589.11
ai_generated\00785.png,AI Generated,,1.0,0.0,0.2002,5.35,62,5.12,23.97,11.07,11.31,3158.14,124.82,3185.38,1096.16
ai_generated\00786.png,AI Generated,,0.9948,0.0,0.0404,2.69,17,2.29,33.4,16.97,14.49,6282.44,219.6,6332.58,1373.89
ai_generated\00787.png,AI Generated,,1.0,0.0,0.45,3.74,57,3.48,20.42,7.36,7.53,1483.43,94.1,1519.26,188.25
ai_generated\00788.png,AI Generated,,1.0,0.0,0.0172,2.99,86,4.52,11.84,6.14,9.47,1272.85,84.14,1294.39,328.15
ai_generated\00789.png,AI Generated,,1.0,0.0,0.1157,2.53,34,2.59,4.96,2.81,3.36,215.83,38.41,220.48,102.97
ai_generated\00790.png,AI Generated,,0.9999,0.0,0.1656,4.53,37,4.06,27.58,16.33,17.23,7534.93,180.92,7598.99,2036.39
ai_generated\00791.png,AI Generated,,0.9999,0.0,0.3057,2.35,25,2.09,3.41,6.55,5.02,868.63,42.95,875.2,79.65
ai_generated\00792.png,AI Generated,,1.0,0.0,0.0009,1.55,15,1.6,7.86,5.19,9.82,1536.02,71.93,1555.61,1239.62
ai_generated\00793.png,AI Generated,,1.0,0.0,0.3494,3.13,69,3.25,12.76,8.38,12.58,2652.98,102.74,2717.31,977.3
ai_generated\00794.png,AI Generated,,1.0,0.0,0.0029,2.16,18,2.02,15.39,9.77,13.83,3488.01,119.1,3595.25,915.52
ai_generated\00795.png,AI Generated,,1.0,0.0,0.2787,4.76,53,5.12,21.33,14.3,16.88,5529.25,189.79,5668.81,1661.48
ai_generated\00796.png,AI Generated,,0.9989,0.0,0.2722,1.3,67,3.72,6.05,3.81,11.2,1919.41,43.4,1983.74,338.81
ai_generated\00797.png,AI Generated,,1.0,0.0,0.0984,2.47,15,1.99,7.71,5.57,5.01,788.6,58.76,792.94,254.33
ai_generated\00798.png,AI Generated,,1.0,0.0,0.001,6.18,79,7.6,13.36,5.54,7.34,1026.34,82.9,1044.81,243.43
ai_generated\00799.png,AI Generated,,1.0,0.0,0.2161,1.56,24,1.84,5.84,3.3,7.66,746.85,56.13,805.02,260.72
ai_generated\00800.png,AI Generated,,1.0,0.0,0.2076,2.65,52,2.99,7.86,3.32,5.23,465.25,45.72,472.14,74.09
ai_generated\00801.png,AI Generated,,0.9999,0.0,0.0964,2.16,63,3.58,13.19,11.03,19.14,5375.18,140.52,5687.9,558.22
ai_generated\00802.png,AI Generated,,1.0,0.0,0.1922,4.62,73,5.28,25.96,14.3,15.53,6422.18,164.31,6568.99,2559.2
ai_generated\00803.png,AI Generated,,1.0,0.0,0.2356,4.24,53,4.37,25.92,18.37,20.05,9611.64,200.91,9786.39,1607.21
ai_generated\00804.png,AI Generated,,1.0,0.0,0.19,2.6,52,3.11,4.39,3.26,7.38,774.71,46.33,776.19,1039.11
ai_generated\00805.png,AI Generated,,0.9995,0.0,0.0239,1.42,14,1.86,11.18,5.64,10.75,1728.92,84.84,1745.02,185.96
ai_generated\00806.png,AI Generated,,0.9711,0.0,0.039,4.45,75,4.65,17.32,8.14,10.04,2098.98,100.47,2131.74,123.82
ai_generated\00807.png,AI Generated,,1.0,0.0,0.1075,1.62,24,1.76,3.78,2.76,5.28,399.95,36.7,405.26,178.25
ai_generated\00808.png,AI Generated,,1.0,0.0,0.0694,4.37,56,4.01,19.09,7.93,7.32,1578.79,94.63,1615.15,231.82
ai_generated\00809.png,AI Generated,,0.9434,0.0,0.3575,0.71,20,1.6,3.23,0.61,1.93,56.81,11.52,58.02,46.87
ai_generated\00810.png,AI Generated,,1.0,0.0,0.0055,2.58,47,2.81,11.61,4.19,6.12,586.89,74.69,600.5,130.56
ai_generated\00811.png,AI Generated,,1.0,0.0,0.4421,4.48,56,4.39,21.44,12.6,14.53,4721.52,151.78,4819.48,1621.85
ai_generated\00812.png,AI Generated,,1.0,0.0,0.0063,3.35,62,3.7,10.5,5.44,7.86,951.71,74.66,965.64,589.32
ai_generated\00813.png,AI Generated,,1.0,0.0,0.329,1.42,16,1.48,4.6,2.49,4.11,241.21,34.46,243.31,110.4
ai_generated\00814.png,AI Generated,,0.9996,0.0,0.3673,4.99,52,4.58,26.12,7.83,7.16,1193.21,114.35,1226.58,82.31
ai_generated\00815.png,AI Generated,,0.9987,0.0,0.2575,3.29,44,3.48,11.81,8.15,10.54,2792.01,80.39,2797.7,868.66
ai_generated\00816.png,AI Generated,,1.0,0.0,0.0065,1.33,13,1.33,6.87,2.76,3.86,219.81,50.52,223.3,104.17
ai_generated\00817.png,AI Generated,,1.0,0.0,0.0013,1.89,35,2.35,4.72,3.97,8.37,837.65,54.96,840.82,359.11
ai_generated\00818.png,AI Generated,,0.9999,0.0,0.1171,1.96,63,2.86,2.94,2.86,8.44,1208.58,29.94,1230.45,912.66
ai_generated\00819.png,AI Generated,,0.9999,0.0,0.4136,4.28,59,4.12,14.01,7.51,6.92,1808.44,71.15,1821.48,705.74
ai_generated\00820.png,AI Generated,,0.9997,0.0,0.1768,2.96,28,2.73,5.35,4.2,4.36,584.03,47.07,592.04,418.98
ai_generated\00821.png,AI Generated,,1.0,0.0,0.1142,2.92,45,2.98,6.1,5.04,7.94,1093.21,60.84,1110.91,725.16
ai_generated\00822.png,AI Generated,,1.0,0.0,0.2547,2.78,31,2.74,14.85,6.83,8.9,1636.68,92.33,1672.63,309.27
ai_generated\00823.png,AI Generated,,1.0,0.0,0.3516,2.59,58,3.45,8.13,5.04,9.66,1357.95,61.39,1401.65,343.9
ai_generated\00824.png,AI Generated,,0.9999,0.0,0.2589,1.95,23,2.06,5.54,2.51,3.59,201.54,41.17,203.83,28.6
ai_generated\00825.png,AI Generated,,1.0,0.0,0.0021,1.81,18,1.86,9.52,6.79,12.36,2143.65,88.72,2199.26,261.92
ai_generated\00826.png,AI Generated,,0.9999,0.0,0.2735,2.72,28,2.51,12.84,5.72,7.03,913.68,87.2,923.64,500.45
ai_generated\00827.png,AI Generated,,1.0,0.0,0.0093,1.61,22,1.93,12.43,4.77,7.9,936.33,61.6,947.0,315.28
ai_generated\00828.png,AI Generated,,0.952,0.0,0.1683,3.21,41,3.18,21.39,15.92,19.87,9941.04,162.02,10015.55,4659.81
ai_generated\00829.png,AI Generated,,1.0,0.0,0.0097,2.49,49,2.73,12.95,5.5,7.58,961.27,71.91,1012.07,496.94
ai_generated\00830.png,AI Generated,,1.0,0.0,0.4024,3.44,39,3.66,10.44,7.1,9.92,1700.99,86.95,1766.44,576.29
ai_generated\00831.png,AI Generated,,1.0,0.0,0.091,1.13,86,2.47,0.54,0.51,1.68,32.61,6.33,32.87,38.09
ai_generated\00832.png,AI Generated,,0.9926,0.0,0.2868,3.61,76,4.28,17.03,8.84,12.09,2543.44,121.02,2618.09,390.77
ai_generated\00833.png,AI Generated,,1.0,0.0,0.03,1.69,35,2.14,5.63,4.03,8.53,897.01,56.21,918.22,301.3
ai_generated\00834.png,AI Generated,,1.0,0.0,0.0556,1.72,40,1.94,12.15,5.86,10.22,1707.77,73.78,1730.15,1238.93
ai_generated\00835.png,AI Generated,,1.0,0.0,0.3171,3.45,53,3.63,17.86,8.67,11.32,2334.3,129.98,2368.29,938.77
ai_generated\00836.png,AI Generated,,0.9999,0.0,0.235,3.16,30,2.67,22.92,7.92,7.55,1436.29,111.67,1470.19,602.58
ai_generated\00837.png,AI Generated,,0.9999,0.0,0.3775,5.53,69,5.71,24.73,15.75,18.07,7734.41,173.73,7908.66,2539.72
ai_generated\00838.png,AI Generated,,1.0,0.0,0.0576,1.01,10,1.11,4.2,2.84,6.02,307.82,51.75,310.42,90.72
ai_generated\00839.png,AI Generated,,1.0,0.0,0.1383,2.5,51,2.56,7.21,4.39,5.72,604.43,58.52,616.52,94.79
ai_generated\00840.png,AI Generated,,1.0,0.0,0.183,2.59,51,3.13,6.97,3.31,5.36,499.79,53.19,519.89,359.9
ai_generated\00841.png,AI Generated,,0.9998,0.0,0.3209,1.53,18,1.62,9.83,5.34,8.66,991.33,81.7,1000.75,616.95
ai_generated\00842.png,AI Generated,,1.0,0.0,0.0659,1.92,50,2.75,5.87,2.61,6.06,528.64,43.82,536.33,502.11
ai_generated\00843.png,AI Generated,,1.0,0.0,0.2656,3.23,35,3.32,9.86,6.85,9.81,1657.21,92.95,1691.52,682.13
ai_generated\00844.png,AI Generated,,1.0,0.0,0.261,4.97,96,5.04,13.59,9.77,11.48,3481.44,97.58,3515.63,1579.58
ai_generated\00845.png,AI Generated,,1.0,0.0,0.1049,3.01,39,3.27,10.35,4.81,7.85,1105.42,69.67,1126.64,692.89
ai_generated\00846.png,AI Generated,,0.9,0.0,0.0531,5.4,40,4.56,30.93,11.78,9.57,3133.68,128.69,3239.94,412.03
ai_generated\00847.png,AI Generated,,0.9996,0.0,0.0192,2.84,32,2.64,13.27,6.14,7.98,973.51,82.91,1001.01,461.78
ai_generated\00848.png,AI Generated,,0.9978,0.0,0.4094,4.74,56,5.03,17.69,9.39,11.27,2765.9,107.46,2787.22,1848.65
ai_generated\00849.png,AI Generated,,0.9895,0.0,0.2658,1.23,28,2.54,6.71,4.87,12.14,1792.55,62.59,1845.35,622.3
ai_generated\00850.png,AI Generated,,1.0,0.0,0.3297,2.24,48,2.71,10.19,5.52,9.03,1839.81,55.07,1877.3,1024.31
ai_generated\00851.png,AI Generated,,1.0,0.0,0.2013,1.67,19,1.48,0.47,2.22,2.95,178.72,25.19,189.48,55.8
ai_generated\00852.png,AI Generated,,1.0,0.0,0.4506,5.2,93,6.52,22.03,20.01,20.55,8150.33,243.86,8231.33,1842.64
ai_generated\00853.png,AI Generated,,1.0,0.0,0.3279,2.8,31,3.48,2.72,4.0,6.71,846.15,39.25,925.53,314.86
ai_generated\00854.png,AI Generated,,1.0,0.0,0.0011,2.18,41,2.22,3.66,3.41,5.18,420.34,38.43,520.51,286.51
ai_generated\00855.png,AI Generated,,1.0,0.0,0.4191,2.91,35,2.57,15.48,6.13,6.4,903.53,93.2,926.14,150.5
ai_generated\00856.png,AI Generated,,0.9983,0.0,0.0887,3.07,51,3.17,10.98,5.77,7.91,1028.01,83.26,1040.48,292.82
ai_generated\00857.png,AI Generated,,0.986,0.0,0.2797,2.22,106,4.1,7.23,3.4,7.68,865.53,59.23,908.81,1064.16
ai_generated\00858.png,AI Generated,,0.9933,0.0,0.3341,3.14,45,3.18,14.04,7.58,11.36,2148.09,120.81,2224.57,1073.49
ai_generated\00859.png,AI Generated,,1.0,0.0,0.085,2.53,51,3.46,8.08,4.23,8.81,933.04,67.19,937.84,772.08
ai_generated\00860.png,AI Generated,,0.9843,0.0,0.3005,7.91,131,9.74,23.43,9.05,9.87,2442.48,111.0,2473.45,584.35
ai_generated\00861.png,AI Generated,,1.0,0.0,0.2631,3.41,46,3.6,19.42,17.03,22.78,13444.8,144.92,13496.14,4073.14
ai_generated\00862.png,AI Generated,,1.0,0.0,0.1646,2.45,25,2.04,7.45,5.14,5.75,655.63,55.93,671.28,234.75
ai_generated\00863.png,AI Generated,,1.0,0.0,0.008,4.69,46,4.25,21.86,8.83,8.27,2130.95,94.84,2160.66,532.32
ai_generated\00864.png,AI Generated,,0.9982,0.0,0.0412,1.16,86,3.85,2.64,1.39,5.7,320.93,19.31,327.17,168.98
ai_generated\00865.png,AI Generated,,1.0,0.0,0.1416,1.93,23,1.97,16.14,9.0,12.75,2391.16,105.14,2449.19,881.22
ai_generated\00866.png,AI Generated,,1.0,0.0,0.1112,2.61,17,2.17,18.2,7.98,9.29,1950.16,97.33,1968.51,994.21
ai_generated\00867.png,AI Generated,,0.9999,0.0,0.0398,1.32,26,1.45,0.0,1.05,1.59,43.16,13.17,43.34,37.01
ai_generated\00868.png,AI Generated,,1.0,0.0,0.1026,3.19,99,4.15,9.52,4.83,8.14,1106.59,73.67,1116.21,661.44
ai_generated\00869.png,AI Generated,,1.0,0.0,0.1658,3.39,59,3.8,9.36,5.71,10.58,1995.17,77.59,2016.94,843.85
ai_generated\00870.png,AI Generated,,1.0,0.0,0.0049,1.69,62,2.04,5.2,2.44,4.51,253.73,38.83,264.66,58.0
ai_generated\00871.png,AI Generated,,0.9833,0.0,0.235,6.53,103,8.06,18.07,7.52,9.66,1956.95,92.78,1993.8,685.22
ai_generated\00872.png,AI Generated,,1.0,0.0,0.4235,4.14,92,4.83,18.88,12.67,15.78,5989.78,144.26,6196.28,4373.19
ai_generated\00873.png,AI Generated,,0.9974,0.0,0.0354,3.17,39,3.14,7.01,3.61,3.76,315.7,47.61,321.9,102.3
ai_generated\00874.png,AI Generated,,0.9996,0.0,0.306,4.91,55,4.95,25.67,11.49,12.29,3589.53,128.41,3617.41,342.63
ai_generated\00875.png,AI Generated,,1.0,0.0,0.3359,1.97,33,1.99,4.22,3.75,7.32,746.86,46.67,773.79,381.44
ai_generated\00876.png,AI Generated,,0.9993,0.0,0.2022,1.41,21,1.51,2.09,2.13,3.9,217.2,23.64,218.35,211.01
ai_generated\00877.png,AI Generated,,1.0,0.0,0.2487,3.96,50,4.64,17.82,10.09,14.19,3604.66,115.76,3676.37,1290.22
ai_generated\00878.png,AI Generated,,1.0,0.0,0.3867,4.12,67,4.8,13.98,8.59,11.99,2609.92,100.46,2629.06,971.8
ai_generated\00879.png,AI Generated,,1.0,0.0,0.0301,4.46,59,4.12,25.42,9.36,8.78,2126.78,110.71,2144.61,719.04
ai_generated\00880.png,AI Generated,,1.0,0.0,0.0177,4.16,72,5.68,12.73,8.62,14.13,3764.45,89.65,3874.94,1159.21
ai_generated\00881.png,AI Generated,,1.0,0.0,0.0564,2.01,29,2.22,7.01,4.4,7.51,713.68,57.14,738.08,57.06
ai_generated\00882.png,AI Generated,,1.0,0.0,0.2915,4.1,65,4.14,17.24,9.44,10.22,2374.39,115.23,2409.57,291.73
ai_generated\00883.png,AI Generated,,1.0,0.0,0.3156,2.98,35,2.89,11.87,5.32,8.23,1328.79,83.11,1347.76,609.48
ai_generated\00884.png,AI Generated,,1.0,0.0,0.0484,1.9,14,1.77,19.12,9.73,11.92,2449.23,128.08,2579.25,224.49
ai_generated\00885.png,AI Generated,,1.0,0.0,0.1296,3.75,35,3.07,20.71,8.12,6.83,1864.56,86.8,1883.18,281.22
ai_generated\00886.png,AI Generated,,1.0,0.0,0.3834,5.01,66,4.94,23.82,9.43,8.98,2699.81,94.94,2713.83,725.31
ai_generated\00887.png,AI Generated,,0.9999,0.0,0.0181,2.17,44,2.62,9.2,4.66,7.61,885.81,66.31,892.44,214.16
ai_generated\00888.png,AI Generated,,1.0,0.0,0.3391,2.61,42,2.97,14.06,6.16,8.07,1657.24,70.11,1685.76,1143.16
ai_generated\00889.png,AI Generated,,1.0,0.0,0.002,3.23,66,3.79,12.76,6.74,9.99,2085.74,78.98,2104.0,726.54
ai_generated\00890.png,AI Generated,,1.0,0.0,0.2587,1.45,34,2.22,2.73,2.0,6.75,694.72,25.07,741.13,247.1
ai_generated\00891.png,AI Generated,,1.0,0.0,0.2348,3.39,51,3.04,16.71,6.9,7.34,1481.22,82.18,1493.0,398.71
ai_generated\00892.png,AI Generated,,1.0,0.0,0.189,2.11,36,2.64,10.25,5.26,9.37,1218.65,79.4,1230.36,873.58
ai_generated\00893.png,AI Generated,,0.912,0.0,0.4019,1.67,44,2.46,8.33,4.93,10.62,1501.24,66.2,1535.31,1080.63
ai_generated\00894.png,AI Generated,,1.0,0.0,0.0056,1.5,27,1.54,2.33,1.98,4.48,243.13,27.8,243.71,231.55
ai_generated\00895.png,AI Generated,,1.0,0.0,0.016,2.48,35,2.69,12.12,6.85,10.68,1548.57,99.73,1565.09,251.39
ai_generated\00896.png,AI Generated,,1.0,0.0,0.323,1.93,14,1.84,10.78,5.53,7.32,920.95,88.04,943.02,144.49
ai_generated\00897.png,AI Generated,,1.0,0.0,0.0005,0.8,9,0.77,0.84,0.69,1.52,25.03,17.3,26.9,14.51
ai_generated\00898.png,AI Generated,,0.9975,0.0,0.4152,4.48,68,5.68,17.7,10.91,14.44,3572.35,151.91,3591.22,2440.1
ai_generated\00899.png,AI Generated,,1.0,0.0,0.3799,1.05,11,0.99,0.52,0.8,1.18,22.06,12.19,22.19,2.6
ai_generated\00900.png,AI Generated,,1.0,0.0,0.0056,1.89,85,4.11,5.24,1.83,4.28,264.75,29.57,269.26,64.56
ai_generated\00901.png,AI Generated,,0.999,0.0,0.3755,3.85,46,3.51,17.97,7.97,8.71,1860.89,108.45,1889.44,606.69
ai_generated\00902.png,AI Generated,,1.0,0.0,0.1016,3.28,58,3.26,21.34,9.68,10.83,2924.42,104.9,2942.06,881.04
ai_generated\00903.png,AI Generated,,0.9999,0.0,0.052,3.49,44,3.22,14.34,6.83,8.06,1354.37,92.12,1364.16,470.63
ai_generated\00904.png,AI Generated,,1.0,0.0,0.0228,4.04,62,4.44,18.81,11.26,15.16,5333.41,116.2,5369.41,2935.65
ai_generated\00905.png,AI Generated,,1.0,0.0,0.4399,5.36,66,6.06,20.4,8.64,10.19,1970.57,97.53,1999.21,958.18
ai_generated\00906.png,AI Generated,,1.0,0.0,0.0677,4.76,45,4.51,25.62,17.6,18.02,7757.23,220.72,7916.76,796.97
ai_generated\00907.png,AI Generated,,1.0,0.0,0.349,4.94,52,4.6,31.85,14.24,13.06,4895.94,170.54,4953.64,2384.42
ai_generated\00908.png,AI Generated,,1.0,0.0,0.397,2.11,19,2.05,17.04,8.0,10.54,1878.3,105.74,1941.43,623.02
ai_generated\00909.png,AI Generated,,1.0,0.0,0.1869,3.31,31,2.81,22.71,8.91,8.04,2038.08,94.68,2059.17,838.63
ai_generated\00910.png,AI Generated,,1.0,0.0,0.0279,5.78,79,6.91,21.3,12.05,14.47,3658.84,148.52,3747.11,413.28
ai_generated\00911.png,AI Generated,,1.0,0.0,0.0006,2.4,67,2.83,14.86,11.22,16.14,4504.29,150.89,4626.15,705.68
ai_generated\00912.png,AI Generated,,1.0,0.0,0.0444,1.69,32,2.11,2.69,1.45,3.0,137.64,23.03,144.9,71.42
ai_generated\00913.png,AI Generated,,1.0,0.0,0.0008,1.92,51,2.29,2.7,2.33,4.96,274.28,40.0,275.74,166.51
ai_generated\00914.png,AI Generated,,0.9999,0.0,0.393,3.4,43,3.88,18.96,9.08,10.59,1841.47,121.13,1877.2,602.22
ai_generated\00915.png,AI Generated,,0.9998,0.0,0.1135,3.88,99,6.63,9.59,6.43,12.47,2218.01,90.96,2425.1,477.23
ai_generated\00916.png,AI Generated,,0.9993,0.0,0.3256,3.12,47,2.95,22.86,8.55,9.14,2084.99,114.0,2120.6,621.52
ai_generated\00917.png,AI Generated,,1.0,0.0,0.032,2.58,42,2.96,5.66,4.09,7.29,881.93,46.42,900.51,355.1
ai_generated\00918.png,AI Generated,,1.0,0.0,0.026,2.94,53,3.72,9.42,4.67,9.26,1454.4,68.82,1473.44,377.79
ai_generated\00919.png,AI Generated,,0.9996,0.0,0.0157,2.74,47,3.2,13.08,5.19,7.48,920.51,78.3,958.61,530.13
ai_generated\00920.png,AI Generated,,1.0,0.0,0.0269,3.7,59,4.64,12.54,6.51,10.76,2617.33,67.4,2664.32,827.54
ai_generated\00921.png,AI Generated,,1.0,0.0,0.347,2.63,25,2.35,18.66,7.0,7.93,1277.45,107.87,1299.88,546.46
ai_generated\00922.png,AI Generated,,1.0,0.0,0.1494,3.13,31,2.82,24.27,9.61,9.19,1910.21,109.45,1953.1,264.45
ai_generated\00923.png,AI Generated,,1.0,0.0,0.1492,1.45,35,1.6,8.7,5.36,9.72,1079.64,76.38,1105.93,265.73
ai_generated\00924.png,AI Generated,,1.0,0.0,0.2511,4.03,49,3.56,20.29,8.41,8.71,1927.44,101.21,1959.8,313.58
ai_generated\00925.png,AI Generated,,0.9983,0.0,0.004,0.33,11,0.72,1.53,0.41,1.4,23.55,7.66,24.11,18.59
ai_generated\00926.png,AI Generated,,1.0,0.0,0.0119,3.0,33,3.28,11.91,5.38,9.04,1420.73,83.56,1429.33,844.63
ai_generated\00927.png,AI Generated,,1.0,0.0,0.2955,3.71,144,6.84,12.3,9.75,13.93,3043.54,112.85,3068.62,1680.69
ai_generated\00928.png,AI Generated,,0.9993,0.0,0.0,1.57,106,2.04,0.44,1.87,3.27,213.16,22.62,213.86,163.37
ai_generated\00929.png,AI Generated,,0.9999,0.0,0.4032,1.51,14,1.33,1.18,1.7,2.58,84.08,24.39,85.37,44.73
ai_generated\00930.png,AI Generated,,1.0,0.0,0.0079,3.9,45,3.84,16.73,6.2,6.93,992.69,85.4,1010.51,186.57
ai_generated\00931.png,AI Generated,,1.0,0.0,0.2737,1.3,32,1.96,3.06,1.91,6.13,499.57,27.29,514.82,356.47
ai_generated\00932.png,AI Generated,,1.0,0.0,0.3311,10.23,103,12.59,22.11,15.38,18.07,6955.88,173.35,7079.26,1113.76
ai_generated\00933.png,AI Generated,,0.9994,0.0,0.3034,6.93,54,6.2,16.52,8.38,8.04,1951.43,88.6,1985.27,633.24
ai_generated\00934.png,AI Generated,,1.0,0.0,0.0148,3.06,31,3.07,19.08,7.42,9.26,1563.37,114.61,1581.37,355.7
ai_generated\00935.png,AI Generated,,1.0,0.0,0.204,4.34,78,4.51,22.43,10.77,10.75,3673.7,102.2,3683.32,493.52
ai_generated\00936.png,AI Generated,,1.0,0.0,0.0031,1.04,15,1.6,8.46,6.52,15.29,4059.23,78.57,4094.61,1518.27
ai_generated\00937.png,AI Generated,,1.0,0.0,0.0787,4.03,86,4.1,17.33,7.94,9.26,1666.3,108.8,1723.0,251.55
ai_generated\00938.png,AI Generated,,1.0,0.0,0.1357,3.57,48,4.32,15.8,8.72,12.25,2822.71,101.64,2861.89,1191.7
ai_generated\00939.png,AI Generated,,1.0,0.0,0.309,2.17,15,1.97,18.68,9.03,10.69,2049.89,118.55,2082.97,447.82
ai_generated\00940.png,AI Generated,,1.0,0.0,0.184,2.37,31,2.28,2.67,2.46,2.43,139.4,37.07,142.49,15.78
ai_generated\00941.png,AI Generated,,0.9998,0.0,0.3929,2.64,36,2.5,4.33,5.78,13.12,2706.81,61.47,2717.25,488.36
ai_generated\00942.png,AI Generated,,1.0,0.0,0.0191,3.75,41,3.36,8.46,5.97,6.56,1019.71,79.88,1031.97,324.27
ai_generated\00943.png,AI Generated,,1.0,0.0,0.195,4.19,50,4.53,17.6,15.18,21.23,10880.05,134.13,10958.77,7190.18
ai_generated\00944.png,AI Generated,,1.0,0.0,0.3519,2.37,40,2.83,4.42,2.44,4.69,336.58,33.04,338.83,188.87
ai_generated\00945.png,AI Generated,,1.0,0.0,0.1097,2.26,64,2.88,4.88,3.4,5.14,564.91,39.39,571.14,370.61
ai_generated\00946.png,AI Generated,,1.0,0.0,0.0171,3.83,83,4.32,6.21,7.72,8.44,1928.55,76.38,1937.99,100.39
ai_generated\00947.png,AI Generated,,0.9995,0.0,0.0034,4.02,49,4.35,9.36,5.44,8.38,1230.01,68.11,1241.23,319.43
ai_generated\00948.png,AI Generated,,0.9999,0.0,0.1099,2.51,40,3.34,12.15,5.1,8.24,926.02,72.85,949.15,776.65
ai_generated\00949.png,AI Generated,,1.0,0.0,0.1404,4.1,48,3.85,11.27,5.13,5.32,836.82,59.93,839.87,169.36
ai_generated\00950.png,AI Generated,,1.0,0.0,0.1378,1.27,15,1.38,5.62,2.44,3.86,234.11,35.54,239.7,29.79
ai_generated\00951.png,AI Generated,,0.9209,0.0,0.043,3.0,21,2.36,20.91,9.56,8.97,2469.48,94.4,2481.51,951.65
ai_generated\00952.png,AI Generated,,0.9999,0.0,0.2887,3.37,29,2.91,17.6,8.67,10.87,2699.89,108.36,2728.69,713.14
ai_generated\00953.png,AI Generated,,1.0,0.0,0.2786,2.89,49,2.83,15.34,6.04,8.51,1357.04,89.04,1380.45,395.05
ai_generated\00954.png,AI Generated,,1.0,0.0,0.0015,4.1,78,4.21,10.16,7.21,7.38,1538.53,78.48,1597.67,571.11
ai_generated\00955.png,AI Generated,,1.0,0.0,0.3567,3.93,70,5.0,16.46,8.64,12.47,2648.65,104.08,2693.6,636.6
ai_generated\00956.png,AI Generated,,1.0,0.0,0.3001,3.94,66,4.43,14.79,7.98,11.15,2326.33,104.16,2356.51,440.86
ai_generated\00957.png,AI Generated,,1.0,0.0,0.0076,4.13,45,3.88,26.23,20.65,19.11,10530.3,190.53,10613.91,1620.58
ai_generated\00958.png,AI Generated,,0.9999,0.0,0.1612,4.78,50,4.41,13.82,6.11,5.57,1062.13,67.32,1067.23,342.31
ai_generated\00959.png,AI Generated,,1.0,0.0,0.118,2.05,24,2.3,12.78,7.63,13.37,2685.51,117.98,2707.85,1156.72
ai_generated\00960.png,AI Generated,,1.0,0.0,0.0058,4.08,66,4.66,15.01,7.8,10.17,1736.36,115.6,1793.5,659.52
ai_generated\00961.png,AI Generated,,1.0,0.0,0.2463,2.32,14,2.04,14.41,6.91,8.53,1485.3,89.42,1515.81,412.34
ai_generated\00962.png,AI Generated,,1.0,0.0,0.0494,2.4,34,2.71,9.76,4.08,6.06,512.5,59.51,531.6,87.35
ai_generated\00963.png,AI Generated,,0.966,0.0,0.3034,3.19,27,2.62,21.56,6.84,5.92,1090.45,90.7,1109.94,135.34
ai_generated\00964.png,AI Generated,,1.0,0.0,0.0437,7.4,62,7.83,26.07,13.29,11.82,3195.14,223.1,3326.82,1218.44
ai_generated\00965.png,AI Generated,,1.0,0.0,0.2794,2.08,21,1.86,8.52,3.72,4.42,343.83,56.67,352.7,102.04
ai_generated\00966.png,AI Generated,,1.0,0.0,0.1029,1.79,22,2.06,9.91,4.04,6.44,630.94,70.32,643.66,183.17
ai_generated\00967.png,AI Generated,,0.9927,0.0,0.4023,4.54,46,4.06,32.59,10.31,8.92,2403.76,128.05,2436.01,807.35
ai_generated\00968.png,AI Generated,,1.0,0.0,0.3754,3.95,42,3.68,19.87,10.82,13.25,4023.46,129.49,4052.78,1486.79
ai_generated\00969.png,AI Generated,,1.0,0.0,0.0754,3.67,71,3.9,18.0,5.96,7.2,1056.67,87.26,1087.75,487.22
ai_generated\00970.png,AI Generated,,1.0,0.0,0.1427,5.64,63,5.84,21.84,11.78,13.68,3947.08,159.65,4009.96,1263.86
ai_generated\00971.png,AI Generated,,1.0,0.0,0.3588,3.51,34,2.98,17.6,6.75,6.0,1114.88,82.99,1132.32,191.91
ai_generated\00972.png,AI Generated,,1.0,0.0,0.328,2.03,41,2.67,6.48,2.74,5.32,440.19,65.23,447.02,297.17
ai_generated\00973.png,AI Generated,,1.0,0.0,0.1614,3.47,37,3.24,15.54,6.49,7.78,1166.41,90.14,1186.39,367.36
ai_generated\00974.png,AI Generated,,0.9996,0.0,0.3181,4.13,118,6.72,12.18,6.24,10.54,1651.82,93.95,1687.97,1264.42
ai_generated\00975.png,AI Generated,,1.0,0.0,0.0013,1.72,17,1.64,14.6,5.19,6.31,704.22,90.71,728.85,246.66
ai_generated\00976.png,AI Generated,,1.0,0.0,0.0499,2.86,56,3.43,8.99,5.27,8.2,981.87,67.0,994.03,995.82
ai_generated\00977.png,AI Generated,,1.0,0.0,0.1833,3.12,40,2.83,24.66,13.64,15.16,6614.17,145.88,6695.31,218.7
ai_generated\00978.png,AI Generated,,1.0,0.0,0.0005,2.19,45,2.42,11.65,5.27,8.25,971.51,94.21,988.96,434.53
ai_generated\00979.png,AI Generated,,1.0,0.0,0.284,1.95,25,2.3,11.85,6.01,9.72,1695.88,81.81,1725.6,1143.13
ai_generated\00980.png,AI Generated,,1.0,0.0,0.0037,2.83,53,3.35,7.56,3.99,7.65,970.83,51.87,973.35,920.4
ai_generated\00981.png,AI Generated,,1.0,0.0,0.1418,3.92,63,4.29,16.77,9.0,10.66,3195.37,96.24,3214.44,1916.28
ai_generated\00982.png,AI Generated,,0.9999,0.0,0.3961,5.13,87,6.98,19.82,8.64,10.2,1910.51,118.2,1934.17,732.7
ai_generated\00983.png,AI Generated,,0.9998,0.0,0.1449,2.84,34,2.4,2.11,3.84,3.52,381.33,39.95,385.57,109.47
ai_generated\00984.png,AI Generated,,1.0,0.0,0.3661,4.17,52,3.94,23.25,14.25,15.68,5653.38,168.87,5799.87,1035.95
ai_generated\00985.png,AI Generated,,1.0,0.0,0.0708,2.29,28,2.16,11.31,5.74,8.47,1313.79,76.41,1328.56,965.66
ai_generated\00986.png,AI Generated,,1.0,0.0,0.1648,3.41,60,3.57,7.55,5.24,6.28,1044.51,57.52,1057.75,786.4
ai_generated\00987.png,AI Generated,,0.9988,0.0167,0.2382,2.83,33,3.03,14.56,4.28,6.54,678.38,79.9,697.33,582.56
ai_generated\00988.png,AI Generated,,0.9848,0.0,0.0004,5.96,59,5.83,24.31,14.57,14.85,6410.99,162.94,6452.36,621.61
ai_generated\00989.png,AI Generated,,1.0,0.0,0.3551,3.9,49,4.45,9.47,5.74,6.84,1092.92,60.13,1098.17,528.48
ai_generated\00990.png,AI Generated,,1.0,0.0,0.3056,3.33,93,5.89,11.51,5.83,10.5,1831.15,67.78,1853.54,1225.88
ai_generated\00991.png,AI Generated,,1.0,0.0,0.2442,5.56,92,7.33,17.27,8.09,10.24,2311.07,88.35,2313.31,1611.08
ai_generated\00992.png,AI Generated,,1.0,0.0,0.0013,1.55,39,2.23,3.88,2.15,4.67,271.42,34.65,276.92,89.83
ai_generated\00993.png,AI Generated,,1.0,0.0,0.2027,2.62,45,2.64,7.94,5.75,6.61,828.69,73.97,861.28,474.24
ai_generated\00994.png,AI Generated,,1.0,0.0,0.0219,2.04,35,2.38,8.47,3.77,6.39,638.45,49.47,654.02,388.42
ai_generated\00995.png,AI Generated,,1.0,0.0,0.3954,2.02,20,1.98,9.25,3.91,7.47,731.49,54.11,734.4,675.47
ai_generated\00996.png,AI Generated,,1.0,0.0,0.3568,4.91,71,5.62,28.47,10.91,10.39,3012.76,129.07,3037.11,499.35
ai_generated\00997.png,AI Generated,,1.0,0.0,0.0623,7.48,119,10.23,24.13,17.16,19.37,7401.54,200.37,7514.54,2368.33
ai_generated\00998.png,AI Generated,,1.0,0.0,0.3222,2.63,35,2.73,4.38,4.13,6.09,640.32,47.22,642.87,133.01
ai_generated\00999.png,AI Generated,,1.0,0.0,0.2908,2.62,61,3.86,13.54,7.7,12.69,2626.43,99.14,2687.52,909.88
ai_generated\ai_0001.jpg,AI Generated,,0.9993,0.2194,0.001,3.51,30,3.13,24.51,11.61,12.82,5489.22,109.8,5555.89,3277.71
ai_generated\ai_0002.jpg,AI Generated,,0.0003,0.1596,0.0001,4.21,37,3.41,22.18,11.7,12.75,6303.73,95.36,6356.02,3094.34
ai_generated\ai_0003.jpg,AI Generated,,0.9608,0.1469,0.2586,2.06,27,1.94,11.75,4.65,7.07,668.13,72.07,682.37,537.39
ai_generated\ai_0004.jpg,AI Generated,,1.0,0.1029,0.1473,2.78,28,2.44,9.91,5.77,6.86,1147.8,63.56,1165.93,997.93
ai_generated\ai_0005.jpg,AI Generated,,0.9999,0.2293,0.3928,1.5,18,1.52,6.38,3.78,8.37,836.84,52.84,840.63,1003.64
ai_generated\ai_0006.jpg,AI Generated,,0.0001,0.0778,0.0,4.26,32,3.48,24.52,10.89,10.67,4196.93,103.06,4244.08,1987.48
ai_generated\ai_0007.jpg,AI Generated,,0.5849,0.2222,0.01,2.21,25,2.34,9.25,5.82,11.97,2140.28,61.64,2165.17,1133.9
ai_generated\ai_0008.jpg,AI Generated,,0.0247,0.3986,0.0174,1.97,30,2.21,8.4,6.34,13.53,2877.38,68.0,2892.63,1690.78
ai_generated\ai_0009.jpg,AI Generated,,0.977,0.4139,0.0029,1.71,29,2.15,4.72,3.28,8.87,1050.04,39.27,1059.29,802.55
ai_generated\ai_0010.jpg,AI Generated,,0.9936,0.1769,0.0171,2.15,24,2.32,7.98,5.29,11.44,1934.1,54.42,1947.1,1010.22
ai_generated\ai_0011.jpg,AI Generated,,0.1006,0.1907,0.0011,2.6,26,2.32,8.74,5.96,10.37,1686.47,70.5,1701.51,1384.63
ai_generated\ai_0012.jpg,AI Generated,,0.9875,0.1572,0.0953,3.5,28,2.85,12.58,8.38,9.92,2738.28,71.36,2760.06,1077.4
ai_generated\ai_0013.jpg,AI Generated,,0.9992,0.135,0.1483,1.3,17,1.24,8.06,4.04,10.72,1327.04,57.85,1331.63,1657.06
ai_generated\ai_0014.jpg,AI Generated,,0.6851,0.21,0.0001,3.0,20,2.54,11.61,7.37,10.19,2250.92,67.05,2268.81,896.27
ai_generated\ai_0015.jpg,AI Generated,,0.5428,0.2449,0.001,2.9,23,2.62,11.81,7.03,10.61,2220.82,70.45,2233.29,1279.35
ai_generated\ai_0016.jpg,AI Generated,,0.9046,0.2642,0.0066,2.34,21,2.3,6.0,5.05,11.14,1752.99,51.86,1759.13,1342.19
ai_generated\ai_0017.jpg,AI Generated,,0.0644,0.17,0.0011,2.29,19,2.15,9.11,5.11,7.37,973.71,62.33,984.35,564.41
ai_generated\ai_0018.jpg,AI Generated,,0.0413,0.1645,0.0002,2.99,28,2.63,7.74,6.7,12.2,2554.29,57.67,2567.29,1681.1
ai_generated\ai_0019.jpg,AI Generated,,0.9881,0.0748,0.0009,4.45,33,3.62,31.92,15.34,14.13,6480.91,163.01,6577.76,1518.36
ai_generated\ai_0020.jpg,AI Generated,,0.9823,0.1633,0.0027,3.28,21,2.68,24.13,12.14,12.86,5262.68,110.49,5318.21,3266.71
ai_generated\ai_0021.jpg,AI Generated,,0.0143,0.1916,0.0001,2.86,23,2.57,22.42,9.96,12.43,2772.04,127.37,2829.38,2461.43
ai_generated\ai_0022.jpg,AI Generated,,0.6208,0.0715,0.0002,4.11,31,3.34,33.77,20.54,18.03,12564.11,183.5,12697.39,3599.05
ai_generated\ai_0023.jpg,AI Generated,,0.5925,0.068,0.001,4.22,30,3.49,31.47,18.76,18.3,10176.17,183.45,10293.27,4649.26
ai_generated\ai_0024.jpg,AI Generated,,0.9964,0.333,0.0581,1.99,23,2.15,10.04,5.2,10.55,1517.83,67.09,1537.16,1589.33
ai_generated\ai_0025.jpg,AI Generated,,0.8543,0.2745,0.0016,1.66,21,1.81,4.99,4.31,8.14,939.31,50.43,951.31,621.24
ai_generated\ai_0026.jpg,AI Generated,,0.9997,0.1724,0.2438,1.25,18,1.29,2.11,2.46,7.66,692.01,30.64,694.55,732.22
ai_generated\ai_0027.jpg,AI Generated,,0.2614,0.2505,0.0008,2.28,24,2.35,6.56,3.73,5.22,503.09,48.09,510.73,423.42
ai_generated\ai_0028.jpg,AI Generated,,0.0005,0.2235,0.0007,1.03,18,1.06,4.56,2.42,7.95,716.1,53.23,718.51,957.1
ai_generated\ai_0029.jpg,AI Generated,,0.7486,0.0892,0.0002,2.08,20,1.9,10.28,5.0,8.24,966.31,62.97,979.17,506.93
ai_generated\ai_0030.jpg,AI Generated,,0.0253,0.2924,0.4533,1.26,17,1.44,1.88,2.17,4.65,296.37,26.75,298.23,340.77
ai_generated\ai_0031.jpg,AI Generated,,0.0691,0.2114,0.0036,2.77,27,2.54,7.36,5.43,8.51,1415.48,56.53,1425.36,817.79
ai_generated\ai_0032.jpg,AI Generated,,0.9747,0.1319,0.0156,3.63,24,2.92,23.47,11.44,11.71,5182.23,97.03,5226.29,2478.35
ai_generated\ai_0033.jpg,AI Generated,,0.9156,0.0563,0.0008,4.16,40,3.41,31.37,15.4,13.85,8015.62,134.47,8095.88,2526.23
ai_generated\ai_0034.jpg,AI Generated,,0.0606,0.3338,0.0029,2.73,23,2.48,15.68,6.92,9.38,2074.91,80.64,2095.89,1459.6
ai_generated\ai_0035.jpg,AI Generated,,0.9918,0.219,0.0026,2.89,32,2.71,14.41,6.93,9.6,2148.37,77.57,2169.19,1764.14
ai_generated\ai_0036.jpg,AI Generated,,0.1351,0.1481,0.0001,3.78,30,3.25,25.8,11.88,11.81,4486.73,126.76,4540.44,2891.94
ai_generated\ai_0037.jpg,AI Generated,,0.5781,0.1035,0.0004,3.17,33,2.87,16.69,7.28,9.62,1915.22,91.91,1941.13,1542.89
ai_generated\ai_0038.jpg,AI Generated,,0.0088,0.1856,0.0003,2.82,28,2.45,12.25,6.55,9.73,1915.71,73.8,1932.62,1342.13
ai_generated\ai_0039.jpg,AI Generated,,0.0168,0.1358,0.0001,3.18,34,2.81,19.65,8.29,10.06,2579.42,93.8,2606.97,1316.98
ai_generated\ai_0040.jpg,AI Generated,,0.4595,0.1333,0.0005,3.17,29,2.84,15.11,6.9,10.5,1976.18,85.82,1996.29,1384.84
ai_generated\ai_0041.jpg,AI Generated,,0.0222,0.2164,0.0001,3.2,28,2.71,21.32,9.22,11.5,3491.44,104.67,3526.15,2475.65
ai_generated\ai_0042.jpg,AI Generated,,0.0267,0.1038,0.0003,2.78,29,2.37,10.3,5.25,6.88,943.53,68.96,954.31,661.73
ai_generated\ai_0043.jpg,AI Generated,,0.168,0.1719,0.0023,3.06,27,2.68,18.11,7.67,8.79,1919.6,86.13,1943.56,1192.21
ai_generated\ai_0044.jpg,AI Generated,,0.8522,0.3934,0.0495,1.91,22,2.12,2.8,3.43,7.17,878.74,32.21,892.5,849.17
ai_generated\ai_0045.jpg,AI Generated,,0.9944,0.1635,0.0062,3.32,31,2.86,16.4,8.27,10.79,2435.44,90.15,2454.11,1336.94
ai_generated\ai_0046.jpg,AI Generated,,0.886,0.1961,0.001,2.95,22,2.47,15.23,7.35,9.09,1981.51,77.87,1998.54,1366.87
ai_generated\ai_0047.jpg,AI Generated,,0.9713,0.0955,0.0002,4.28,32,3.43,27.63,13.15,13.63,6236.77,113.89,6284.22,2681.93
ai_generated\ai_0048.jpg,AI Generated,,0.9166,0.1907,0.0237,2.62,25,2.43,8.73,5.64,11.58,2126.22,58.05,2133.29,2460.71
ai_generated\ai_0049.jpg,AI Generated,,0.0035,0.3407,0.0002,1.37,20,1.71,4.05,2.55,6.8,788.06,29.76,795.46,857.09
ai_generated\ai_0050.jpg,AI Generated,,0.9629,0.2589,0.218,1.57,40,2.47,2.74,1.82,5.27,379.74,21.4,380.93,487.26
ai_generated\ai_0051.jpg,AI Generated,,0.9069,0.3493,0.1357,1.1,28,1.73,1.97,1.06,3.01,119.78,13.49,121.03,89.68
ai_generated\ai_0052.jpg,AI Generated,,0.0544,0.1565,0.1708,1.57,25,1.96,2.58,1.61,4.64,255.39,19.24,257.16,282.13
ai_generated\ai_0053.jpg,AI Generated,,0.9536,0.3455,0.2978,1.95,35,2.61,2.38,2.2,6.35,505.4,23.16,506.07,888.83
ai_generated\ai_0054.jpg,AI Generated,,0.9575,0.0904,0.223,0.64,18,1.17,0.78,0.61,4.02,174.44,5.33,174.08,236.15
ai_generated\ai_0055.jpg,AI Generated,,0.9989,0.3434,0.0002,2.79,29,2.89,12.51,5.35,10.47,1490.72,79.41,1519.36,1321.93
ai_generated\ai_0056.jpg,AI Generated,,0.2969,0.3165,0.0066,2.77,34,2.69,15.44,6.75,9.55,2308.0,71.53,2321.68,2262.23
ai_generated\ai_0057.jpg,AI Generated,,0.8968,0.1336,0.0005,3.8,33,3.18,25.59,9.41,9.78,2566.2,107.01,2597.95,790.64
ai_generated\ai_0058.jpg,AI Generated,,0.0065,0.1528,0.0002,3.58,30,3.05,17.98,7.52,8.91,2253.3,84.99,2273.79,1476.36
ai_generated\ai_0059.jpg,AI Generated,,0.0055,0.2002,0.0,2.56,26,2.4,10.9,4.63,5.67,711.25,58.63,724.87,479.96
ai_generated\ai_0060.jpg,AI Generated,,0.6331,0.4093,0.0809,1.76,19,1.72,11.11,4.42,7.92,826.84,65.84,838.94,650.13
ai_generated\ai_0061.jpg,AI Generated,,0.1243,0.0925,0.3752,3.74,32,3.26,18.76,6.34,6.07,1145.1,80.85,1165.06,514.41
ai_generated\ai_0062.jpg,AI Generated,,0.3144,0.0666,0.0003,4.13,31,3.5,23.2,7.74,8.64,1615.77,90.1,1645.33,872.35
ai_generated\ai_0063.jpg,AI Generated,,0.7736,0.2353,0.004,3.61,28,3.15,15.26,6.93,9.71,1912.8,65.82,1927.08,837.13
ai_generated\ai_0064.jpg,AI Generated,,0.7879,0.1604,0.0037,2.09,23,2.09,3.89,2.76,4.64,292.79,47.35,298.57,198.7
ai_generated\ai_0065.jpg,AI Generated,,0.9424,0.1622,0.0006,3.01,28,2.72,19.93,6.85,10.09,1580.89,85.88,1603.67,1225.73
ai_generated\ai_0066.jpg,AI Generated,,0.8532,0.1459,0.0015,3.49,26,2.97,6.98,5.29,5.79,1065.45,50.16,1076.0,378.67
ai_generated\ai_0067.jpg,AI Generated,,0.0121,0.151,0.0122,0.7,13,0.85,1.22,1.63,8.95,875.63,24.56,874.94,1089.01
ai_generated\ai_0068.jpg,AI Generated,,0.9647,0.291,0.0009,1.9,24,2.18,11.72,5.44,10.16,1783.55,73.37,1813.86,1294.96
ai_generated\ai_0069.jpg,AI Generated,,0.9793,0.1927,0.0379,1.04,17,1.19,4.84,2.4,9.36,968.94,43.83,971.3,1097.2
ai_generated\ai_0070.jpg,AI Generated,,0.8714,0.2184,0.0008,2.09,34,2.45,13.01,6.75,12.06,2592.99,81.5,2641.44,1947.28
ai_generated\ai_0071.jpg,AI Generated,,0.9401,0.4588,0.0131,1.47,28,1.86,4.48,2.52,8.38,920.37,37.46,927.83,885.67
ai_generated\ai_0072.jpg,AI Generated,,0.7823,0.1266,0.0002,2.67,22,2.37,22.14,7.79,8.97,1711.0,98.26,1740.52,1027.98
ai_generated\ai_0073.jpg,AI Generated,,0.0043,0.242,0.0,3.45,42,3.17,17.16,8.06,11.02,2382.57,96.94,2430.44,1913.74
ai_generated\ai_0074.jpg,AI Generated,,0.011,0.3388,0.0068,2.25,29,3.11,12.05,8.09,15.6,4478.92,80.05,4551.41,3685.57
ai_generated\ai_0075.jpg,AI Generated,,0.9154,0.0578,0.0043,4.1,31,3.27,34.95,13.87,12.22,5056.9,149.85,5136.79,812.06
ai_generated\ai_0076.jpg,AI Generated,,0.96,0.1033,0.0313,2.8,25,2.59,10.59,5.18,9.58,1337.64,66.71,1350.1,812.74
ai_generated\ai_0077.jpg,AI Generated,,0.9992,0.2677,0.1538,2.23,24,2.25,10.43,4.0,7.11,790.38,63.93,804.12,594.73
ai_generated\ai_0078.jpg,AI Generated,,0.9999,0.2049,0.3045,1.68,22,1.75,7.34,3.19,6.33,480.31,60.47,489.11,492.53
ai_generated\ai_0079.jpg,AI Generated,,0.9779,0.266,0.4762,0.45,13,0.87,1.32,1.39,8.79,841.18,9.01,839.59,996.96
ai_generated\ai_0080.jpg,AI Generated,,0.9866,0.459,0.4152,0.69,20,1.37,2.21,2.06,11.16,1366.49,17.77,1367.94,1603.35
ai_generated\ai_0081.jpg,AI Generated,,0.9972,0.3468,0.3391,1.14,13,1.36,8.85,3.94,11.17,1399.51,54.78,1405.21,1455.07
ai_generated\ai_0082.jpg,AI Generated,,0.9799,0.2661,0.3151,1.36,24,1.89,4.06,2.12,5.66,339.59,32.87,347.85,300.39
ai_generated\ai_0083.jpg,AI Generated,,0.6321,0.1358,0.2469,0.97,20,1.3,2.46,1.84,7.75,663.89,22.14,664.34,771.96
ai_generated\ai_0084.jpg,AI Generated,,0.5177,0.2929,0.2232,1.3,24,1.57,3.47,2.09,7.53,625.45,27.95,626.35,715.08
ai_generated\ai_0085.jpg,AI Generated,,0.8121,0.3171,0.2425,1.1,17,1.4,4.33,2.81,11.16,1414.5,30.68,1417.11,1582.65
ai_generated\ai_0086.jpg,AI Generated,,0.9999,0.2248,0.1577,1.4,19,1.49,4.75,2.85,8.9,884.57,46.78,891.45,1086.22
ai_generated\ai_0087.jpg,AI Generated,,0.0249,0.1661,0.0074,3.52,31,2.98,13.97,7.62,12.3,2574.32,76.74,2590.83,1987.25
ai_generated\ai_0088.jpg,AI Generated,,0.0847,0.3876,0.0171,1.62,30,2.34,5.69,3.1,9.95,1305.38,39.52,1318.01,1550.14
ai_generated\ai_0089.jpg,AI Generated,,0.2627,0.1758,0.0008,3.36,31,2.97,15.0,8.9,13.0,3589.11,84.12,3617.11,1650.78
ai_generated\ai_0090.jpg,AI Generated,,0.771,0.241,0.3954,1.46,24,1.65,4.42,3.6,12.01,1690.89,40.12,1694.63,1831.48
ai_generated\ai_0091.jpg,AI Generated,,0.9997,0.216,0.0077,2.18,27,2.46,14.33,6.65,11.55,2451.12,79.18,2477.38,2143.22
ai_generated\ai_0092.jpg,AI Generated,,0.8201,0.3309,0.0003,1.85,28,2.29,9.07,4.29,8.59,1385.9,49.54,1400.03,755.9
ai_generated\ai_0093.jpg,AI Generated,,0.999,0.3699,0.0731,1.24,19,1.51,4.34,2.99,9.66,1100.91,34.4,1104.43,794.2
ai_generated\ai_0094.jpg,AI Generated,,0.9545,0.2769,0.2651,1.7,24,2.12,6.79,3.32,7.88,839.88,44.89,852.47,512.79
ai_generated\ai_0095.jpg,AI Generated,,0.6992,0.2915,0.017,1.88,20,1.95,7.12,3.96,8.52,1052.66,49.72,1057.75,825.7
ai_generated\ai_0096.jpg,AI Generated,,0.9984,0.3757,0.0002,2.09,24,2.33,14.37,5.99,10.53,2028.46,70.48,2046.72,1124.67
ai_generated\ai_0097.jpg,AI Generated,,0.0052,0.2654,0.0006,3.39,32,3.04,19.15,8.93,10.51,3243.96,91.83,3278.74,2127.87
ai_generated\ai_0098.jpg,AI Generated,,0.9126,0.1191,0.0002,3.5,34,2.99,26.99,10.22,11.32,2640.94,132.15,2692.07,1529.12
ai_generated\ai_0099.jpg,AI Generated,,0.2684,0.1289,0.0,3.56,32,3.07,24.44,9.64,11.97,3607.54,110.73,3640.59,2496.11
ai_generated\ai_0100.jpg,AI Generated,,0.9662,0.1801,0.0002,3.12,25,2.77,17.39,7.54,11.21,2422.43,74.43,2440.53,1071.16
ai_generated\ai_0101.jpg,AI Generated,,0.0363,0.2028,0.0002,1.97,22,1.86,13.3,4.94,8.89,1044.78,82.65,1060.63,841.91
ai_generated\ai_0102.jpg,AI Generated,,0.9098,0.176,0.0,3.38,27,2.94,26.2,11.74,13.7,4539.19,135.78,4588.0,2737.09
ai_generated\ai_0103.jpg,AI Generated,,0.084,0.08,0.0002,4.38,36,3.54,22.0,9.06,9.28,2900.91,90.67,2932.76,1061.77
ai_generated\ai_0104.jpg,AI Generated,,0.1784,0.0979,0.0,3.73,34,2.98,27.85,14.41,13.86,5825.7,153.55,5899.29,1918.33
ai_generated\ai_0105.jpg,AI Generated,,0.601,0.2458,0.0006,2.55,30,2.91,9.81,4.66,9.24,1411.54,67.18,1437.21,933.8
ai_generated\ai_0106.jpg,AI Generated,,0.0331,0.352,0.0314,2.84,44,3.04,13.26,6.31,9.29,2179.88,70.07,2202.48,2381.92
ai_generated\ai_0107.jpg,AI Generated,,0.6586,0.2004,0.0029,3.4,33,3.28,15.29,6.72,10.02,2462.52,78.54,2494.8,1330.4
ai_generated\ai_0108.jpg,AI Generated,,0.0034,0.3784,0.1648,2.41,41,2.63,8.9,3.79,7.49,848.91,53.35,859.36,1006.53
ai_generated\ai_0109.jpg,AI Generated,,0.4266,0.1231,0.3543,1.51,20,1.61,2.57,2.14,2.63,118.24,38.8,122.15,54.44
ai_generated\ai_0110.jpg,AI Generated,,0.0907,0.0501,0.002,3.24,25,2.7,17.75,6.58,9.15,1511.68,81.71,1525.14,794.23
ai_generated\ai_0111.jpg,AI Generated,,0.7955,0.1616,0.1215,1.86,19,1.78,13.03,4.37,5.06,447.15,65.94,458.5,284.18
ai_generated\ai_0112.jpg,AI Generated,,0.8972,0.0469,0.002,4.21,30,3.36,27.72,12.08,11.64,4756.73,118.4,4824.34,1073.97
ai_generated\ai_0113.jpg,AI Generated,,0.9811,0.1542,0.0446,1.91,21,1.87,4.96,3.92,8.6,1043.67,46.32,1046.81,1138.04
ai_generated\ai_0114.jpg,AI Generated,,0.8006,0.1784,0.0141,3.14,24,2.66,15.94,6.12,7.76,1254.63,78.4,1269.18,601.89
ai_generated\ai_0115.jpg,AI Generated,,0.54,0.0926,0.3194,0.82,19,1.14,1.44,1.64,8.4,769.32,23.08,768.72,1067.87
ai_generated\ai_0116.jpg,AI Generated,,0.0747,0.3546,0.0004,1.63,23,2.22,7.65,3.05,5.71,492.67,45.53,508.2,494.1
ai_generated\ai_0117.jpg,AI Generated,,0.623,0.3599,0.0024,1.89,24,2.14,10.44,4.49,8.04,846.75,71.35,872.82,832.92
ai_generated\ai_0118.jpg,AI Generated,,0.7074,0.2311,0.0598,1.2,15,1.29,4.08,2.84,10.11,1136.17,37.63,1140.62,1617.07
ai_generated\ai_0119.jpg,AI Generated,,0.7553,0.2578,0.0724,1.65,23,2.12,8.04,3.33,6.3,496.13,55.35,518.7,600.64
ai_generated\ai_0120.jpg,AI Generated,,0.0116,0.3924,0.0015,1.38,26,1.84,2.5,2.29,8.34,824.63,28.03,828.28,826.14
ai_generated\ai_0121.jpg,AI Generated,,0.0012,0.0771,0.0001,3.68,30,3.11,17.82,7.87,9.68,2285.43,88.13,2311.23,891.32
ai_generated\ai_0122.jpg,AI Generated,,0.9966,0.2015,0.0034,1.7,20,1.88,6.88,3.66,9.26,1060.36,51.04,1066.72,1079.19
ai_generated\ai_0123.jpg,AI Generated,,0.104,0.1434,0.0001,2.23,24,2.33,8.2,4.17,9.22,1115.57,62.87,1133.16,712.22
ai_generated\ai_0124.jpg,AI Generated,,0.9703,0.1618,0.0001,2.62,28,2.57,12.94,5.65,11.28,1818.52,76.14,1844.37,1605.49
ai_generated\ai_0125.jpg,AI Generated,,0.0006,0.1392,0.0005,1.36,17,1.35,7.3,2.96,6.77,536.7,54.69,540.81,639.81
ai_generated\ai_0126.jpg,AI Generated,,0.1434,0.1092,0.0005,3.76,36,3.32,17.58,8.49,10.97,2546.59,105.95,2605.25,1515.2
ai_generated\ai_0127.jpg,AI Generated,,0.0053,0.2559,0.0003,3.42,41,3.57,19.97,10.88,15.64,6086.05,112.11,6146.79,4274.16
ai_generated\ai_0128.jpg,AI Generated,,0.0044,0.1247,0.0,4.47,31,3.65,25.8,9.85,10.08,2785.41,112.75,2824.27,1108.16
ai_generated\ai_0129.jpg,AI Generated,,0.9917,0.2239,0.0055,2.4,26,2.42,9.97,6.1,13.47,2487.38,73.06,2517.7,1736.77
ai_generated\ai_0130.jpg,AI Generated,,0.0032,0.1213,0.0004,3.85,28,3.08,26.53,12.27,13.43,5701.66,106.9,5735.39,2039.2
ai_generated\ai_0131.jpg,AI Generated,,0.0309,0.127,0.0005,3.96,32,3.26,22.8,10.67,11.64,4128.68,110.74,4171.73,2080.59
ai_generated\ai_0132.jpg,AI Generated,,0.0171,0.3749,0.1933,3.02,34,3.18,17.31,8.55,11.87,3351.27,84.74,3385.5,3166.06
ai_generated\ai_0133.jpg,AI Generated,,0.9435,0.2824,0.1154,2.07,27,2.5,5.94,3.3,8.73,1016.72,47.02,1028.84,755.96
ai_generated\ai_0134.jpg,AI Generated,,0.8053,0.4008,0.008,1.53,30,2.0,5.16,2.82,8.15,870.09,39.41,883.1,605.99
ai_generated\ai_0135.jpg,AI Generated,,0.9986,0.1928,0.3579,1.88,27,2.06,6.27,3.23,8.6,936.74,48.45,942.38,842.61
ai_generated\ai_0136.jpg,AI Generated,,0.7499,0.1632,0.0032,1.88,37,2.41,6.72,3.34,8.76,960.04,43.74,972.57,529.43
ai_generated\ai_0137.jpg,AI Generated,,0.0976,0.2237,0.0006,1.62,29,1.97,4.86,2.75,6.88,731.91,42.46,739.44,849.4
ai_generated\ai_0138.jpg,AI Generated,,0.9879,0.2363,0.0014,1.5,27,1.84,3.25,2.82,10.16,1315.64,40.19,1319.06,1571.34
ai_generated\ai_0139.jpg,AI Generated,,0.4535,0.1047,0.0247,1.94,18,1.65,6.33,4.85,9.34,1155.75,60.43,1165.5,1060.4
ai_generated\ai_0140.jpg,AI Generated,,0.0273,0.0687,0.0003,4.0,32,3.18,30.49,13.89,13.31,6452.15,132.32,6527.54,2438.11
ai_generated\ai_0141.jpg,AI Generated,,0.4196,0.1684,0.0,2.51,27,2.4,12.61,5.41,8.52,1169.1,78.37,1188.45,501.41
ai_generated\ai_0142.jpg,AI Generated,,0.1841,0.2594,0.0006,2.39,24,2.29,18.85,7.26,10.94,1970.84,108.97,2005.48,1325.39
ai_generated\ai_0143.jpg,AI Generated,,0.8081,0.0943,0.0122,3.21,24,2.66,14.8,7.44,8.39,1888.86,80.79,1908.79,681.25
ai_generated\ai_0144.jpg,AI Generated,,0.9794,0.272,0.0013,2.12,25,2.31,11.42,4.79,8.4,1134.53,70.68,1150.48,791.02
ai_generated\ai_0145.jpg,AI Generated,,0.379,0.2642,0.0862,1.97,30,2.11,10.84,4.0,8.06,792.83,67.72,810.35,1093.17
ai_generated\ai_0146.jpg,AI Generated,,0.992,0.1486,0.0001,2.98,27,2.67,18.18,7.98,10.22,2006.07,103.69,2064.78,1025.62
ai_generated\ai_0147.jpg,AI Generated,,0.5029,0.1401,0.2508,2.96,25,2.64,15.43,6.15,8.88,1300.05,88.96,1323.05,761.55
ai_generated\ai_0148.jpg,AI Generated,,0.0031,0.1605,0.0,3.1,25,2.71,20.49,8.68,12.21,2486.37,111.6,2533.55,1646.49
ai_generated\ai_0149.jpg,AI Generated,,0.9876,0.3424,0.0008,2.93,33,3.01,20.05,9.68,12.43,3626.11,116.15,3689.94,2575.2
ai_generated\ai_0150.jpg,AI Generated,,0.037,0.1791,0.0002,2.4,28,2.67,12.96,7.21,14.08,2974.17,79.25,3007.8,1896.25
ai_generated\ai_0151.jpg,AI Generated,,0.9748,0.1568,0.0,2.95,34,2.81,12.49,5.83,8.49,1446.26,70.73,1467.99,779.52
ai_generated\ai_0152.jpg,AI Generated,,0.0163,0.2387,0.0003,3.22,34,3.21,13.01,6.39,10.14,1992.52,74.42,2012.7,1907.83
ai_generated\ai_0153.jpg,AI Generated,,0.5477,0.1597,0.0297,2.64,28,2.68,13.17,5.09,7.55,972.08,72.7,982.62,571.68
ai_generated\ai_0154.jpg,AI Generated,,0.9296,0.1114,0.1442,1.42,19,1.44,7.72,3.46,10.21,1174.66,56.51,1180.84,1504.6
ai_generated\ai_0155.jpg,AI Generated,,0.5629,0.1759,0.2978,1.8,20,1.9,6.96,2.93,7.05,579.5,50.31,589.98,702.09
ai_generated\ai_0156.jpg,AI Generated,,0.9988,0.318,0.0681,1.67,29,2.01,6.73,2.79,6.22,493.48,53.56,505.41,454.53
ai_generated\ai_0157.jpg,AI Generated,,0.0086,0.1971,0.0006,3.84,37,3.36,23.49,9.3,10.61,2590.57,113.54,2634.23,1299.98
ai_generated\ai_0158.jpg,AI Generated,,0.0424,0.0552,0.0009,3.37,31,2.89,22.55,8.6,10.37,2232.23,110.62,2275.06,1344.84
ai_generated\ai_0159.jpg,AI Generated,,0.0282,0.1395,0.0014,3.53,33,3.16,9.54,5.69,7.33,1240.47,59.01,1254.73,794.35
ai_generated\ai_0160.jpg,AI Generated,,0.8615,0.1152,0.0037,3.52,39,3.12,17.17,8.31,11.07,2708.28,93.13,2745.93,1894.44
ai_generated\ai_0161.jpg,AI Generated,,0.0064,0.4255,0.1168,2.61,33,2.8,12.22,5.31,8.27,1155.19,72.78,1173.71,1001.78
ai_generated\ai_0162.jpg,AI Generated,,0.2679,0.1811,0.0002,4.13,38,3.66,14.86,8.35,11.43,3130.03,83.39,3160.94,2086.16
ai_generated\ai_0163.jpg,AI Generated,,0.79,0.2843,0.1915,1.75,21,1.86,3.41,2.22,5.04,344.21,35.04,348.84,373.26
ai_generated\ai_0164.jpg,AI Generated,,0.0542,0.247,0.1039,1.55,25,1.57,2.13,2.54,6.17,501.39,31.66,503.58,616.12
ai_generated\ai_0165.jpg,AI Generated,,0.0196,0.0983,0.1792,4.17,34,3.4,22.18,8.92,9.94,2654.52,97.12,2677.89,1155.93
ai_generated\ai_0166.jpg,AI Generated,,0.0804,0.19,0.0002,1.98,30,2.02,7.61,3.8,7.1,733.87,55.49,740.2,498.22
ai_generated\ai_0167.jpg,AI Generated,,0.9994,0.112,0.0064,2.41,20,1.98,5.79,4.48,6.35,731.33,49.43,739.2,346.43
ai_generated\ai_0168.jpg,AI Generated,,0.0281,0.2469,0.0002,2.89,31,2.82,10.99,5.86,9.91,1696.84,66.77,1711.72,1272.44
ai_generated\ai_0169.jpg,AI Generated,,0.6177,0.3538,0.0098,1.46,30,1.95,3.88,3.29,10.77,1492.23,31.4,1502.66,1366.05
ai_generated\ai_0170.jpg,AI Generated,,0.1788,0.2112,0.0002,2.06,25,2.33,9.71,4.92,12.5,2023.27,63.15,2032.6,1600.49
ai_generated\ai_0171.jpg,AI Generated,,0.1527,0.25,0.001,1.6,24,1.93,5.71,3.21,9.26,1052.88,48.87,1060.66,939.87
ai_generated\ai_0172.jpg,AI Generated,,0.0024,0.2205,0.0,2.85,27,2.84,15.65,6.77,11.52,2289.24,88.08,2320.3,1059.87
ai_generated\ai_0173.jpg,AI Generated,,0.7701,0.5379,0.0034,1.56,23,1.87,5.5,2.73,5.22,387.48,43.79,395.88,412.15
ai_generated\ai_0174.jpg,AI Generated,,0.3126,0.3781,0.2273,1.93,21,2.29,6.5,5.0,11.64,2193.8,44.72,2199.11,2001.22
ai_generated\ai_0175.jpg,AI Generated,,0.6433,0.1675,0.002,2.05,25,2.12,10.2,4.36,8.32,940.76,70.13,955.81,859.53
ai_generated\ai_0176.jpg,AI Generated,,0.6187,0.3544,0.3996,1.62,20,1.92,7.36,3.08,6.21,495.23,49.42,505.22,621.8
ai_generated\ai_0177.jpg,AI Generated,,0.8915,0.124,0.0985,1.12,14,1.06,3.24,3.3,9.32,1002.93,52.51,1005.23,1170.03
ai_generated\ai_0178.jpg,AI Generated,,0.9999,0.1068,0.0066,1.85,19,1.66,14.01,4.93,8.21,914.63,73.5,926.55,826.49
ai_generated\ai_0179.jpg,AI Generated,,0.9052,0.208,0.0613,1.55,20,1.7,6.78,3.61,8.29,883.89,51.51,892.93,695.68
ai_generated\ai_0180.jpg,AI Generated,,0.7062,0.162,0.3529,0.78,10,0.88,1.42,1.69,7.14,558.62,21.31,558.99,640.43
ai_generated\ai_0181.jpg,AI Generated,,0.9538,0.1408,0.006,2.18,20,2.12,11.37,5.46,9.87,1437.33,62.9,1460.18,730.92
ai_generated\ai_0182.jpg,AI Generated,,1.0,0.1694,0.0225,2.38,25,2.15,8.44,4.9,6.13,778.02,58.29,793.27,373.7
ai_generated\ai_0183.jpg,AI Generated,,0.4027,0.0997,0.0017,3.41,29,2.95,24.54,9.44,10.01,2507.96,104.72,2545.09,919.96
ai_generated\ai_0184.jpg,AI Generated,,0.8379,0.528,0.3832,0.81,30,1.73,2.21,2.14,9.48,1067.19,18.48,1077.74,891.28
ai_generated\ai_0185.jpg,AI Generated,,0.999,0.3647,0.0535,1.15,26,2.0,4.5,3.08,10.29,1385.25,30.33,1407.41,1243.18
ai_generated\ai_0186.jpg,AI Generated,,0.9782,0.1656,0.0084,2.49,27,2.31,11.24,5.2,6.73,830.27,66.82,843.91,436.1
ai_generated\ai_0187.jpg,AI Generated,,0.9997,0.4411,0.0128,1.29,23,1.81,6.11,3.42,8.92,1053.28,40.68,1063.6,1006.31
ai_generated\ai_0188.jpg,AI Generated,,0.9722,0.167,0.0029,1.93,24,2.03,6.81,5.39,9.93,1468.91,57.63,1482.13,764.37
ai_generated\ai_0189.jpg,AI Generated,,0.9946,0.4082,0.0861,2.27,31,2.86,11.94,6.13,12.48,2927.02,58.78,2952.95,2160.47
ai_generated\ai_0190.jpg,AI Generated,,0.9707,0.3009,0.3591,1.07,19,1.38,3.16,2.2,6.26,527.53,28.46,529.84,662.97
ai_generated\ai_0191.jpg,AI Generated,,0.9817,0.2932,0.2845,2.4,21,2.44,9.55,4.92,7.82,1099.54,56.98,1118.0,655.69
ai_generated\ai_0192.jpg,AI Generated,,0.9393,0.2069,0.0218,1.47,23,2.12,5.86,3.31,9.87,1173.0,35.6,1185.81,767.42
ai_generated\ai_0193.jpg,AI Generated,,0.8348,0.0689,0.1032,3.48,26,2.84,20.76,10.19,10.93,3294.23,92.33,3312.98,707.59
ai_generated\ai_0194.jpg,AI Generated,,0.5442,0.3048,0.0151,2.65,40,3.4,13.19,6.04,11.35,2013.47,66.6,2032.74,1197.34
ai_generated\ai_0195.jpg,AI Generated,,0.9999,0.3534,0.4036,1.23,26,2.0,2.93,1.9,7.62,631.64,22.87,636.82,688.92
ai_generated\ai_0196.jpg,AI Generated,,0.9997,0.1244,0.3489,3.05,20,2.49,6.24,5.81,5.88,1024.96,60.31,1044.9,316.42
ai_generated\ai_0197.jpg,AI Generated,,0.9865,0.2144,0.0247,3.06,33,2.96,13.78,6.4,9.7,1883.86,73.93,1916.11,1330.93
ai_generated\ai_0198.jpg,AI Generated,,0.0574,0.0636,0.0049,4.16,29,3.31,30.97,14.3,12.89,6234.05,119.13,6278.65,1965.98
ai_generated\ai_0199.jpg,AI Generated,,0.3869,0.2922,0.0046,1.5,24,1.81,5.28,3.78,11.63,1566.47,53.55,1583.66,1637.19
ai_generated\ai_0200.jpg,AI Generated,,0.9992,0.4745,0.0385,1.37,20,1.82,5.11,2.42,7.23,683.12,30.79,688.25,637.04
ai_generated\ai_0201.jpg,AI Generated,,0.9726,0.1941,0.008,2.08,24,1.99,10.35,4.13,7.69,903.51,66.23,914.77,712.32
ai_generated\ai_0202.jpg,AI Generated,,1.0,0.2157,0.3676,1.34,21,1.53,3.99,2.38,6.45,477.32,38.78,485.98,499.27
ai_generated\ai_0203.jpg,AI Generated,,0.5165,0.2273,0.0664,1.66,29,2.16,6.88,3.74,10.68,1556.76,50.05,1590.27,880.7
ai_generated\ai_0204.jpg,AI Generated,,0.0355,0.1588,0.0031,2.43,27,2.48,15.13,5.94,9.8,1491.82,82.71,1546.78,1200.07
ai_generated\ai_0205.jpg,AI Generated,,0.9948,0.4304,0.0051,2.06,41,2.55,6.35,3.72,6.93,849.67,48.35,861.5,871.7
ai_generated\ai_0206.jpg,AI Generated,,0.4005,0.1218,0.0047,3.92,34,3.29,23.41,13.8,16.01,5877.69,145.9,5944.64,2678.87
ai_generated\ai_0207.jpg,AI Generated,,0.6816,0.2008,0.0035,2.76,29,2.76,9.14,4.41,6.68,949.29,59.56,961.87,657.8
ai_generated\ai_0208.jpg,AI Generated,,0.1665,0.1045,0.0204,3.57,32,2.95,12.51,7.9,8.44,2244.43,71.46,2262.5,760.04
ai_generated\ai_0209.jpg,AI Generated,,0.702,0.1216,0.0468,3.42,36,3.0,14.84,7.2,8.65,1791.37,83.67,1828.4,732.45
ai_generated\ai_0210.jpg,AI Generated,,0.611,0.1867,0.0217,2.35,33,2.42,8.2,4.29,6.61,776.01,56.83,788.71,727.51
ai_generated\ai_0211.jpg,AI Generated,,0.9944,0.438,0.1505,1.09,22,1.59,2.56,1.88,5.71,435.37,20.34,439.99,366.23
ai_generated\ai_0212.jpg,AI Generated,,0.004,0.1684,0.294,3.45,40,3.37,12.66,6.43,10.32,1679.07,78.16,1697.87,665.62
ai_generated\ai_0213.jpg,AI Generated,,0.9994,0.186,0.2893,2.4,31,2.44,11.0,4.52,7.14,789.14,65.7,800.78,727.49
ai_generated\ai_0214.jpg,AI Generated,,0.974,0.1023,0.0011,4.01,30,3.21,28.57,11.2,10.63,3867.48,98.94,3897.3,915.44
ai_generated\ai_0215.jpg,AI Generated,,1.0,0.1295,0.2725,3.24,33,2.9,20.87,7.04,8.37,1183.29,100.61,1212.08,592.56
ai_generated\ai_0216.jpg,AI Generated,,0.4984,0.2367,0.0002,3.46,27,2.93,12.47,8.28,11.22,2970.41,70.05,2986.89,1235.33
ai_generated\ai_0217.jpg,AI Generated,,0.9972,0.103,0.011,1.33,22,1.3,4.01,4.13,9.83,1154.65,52.21,1156.76,1246.1
ai_generated\ai_0218.jpg,AI Generated,,0.2189,0.3946,0.0002,1.39,24,1.97,4.47,3.23,10.3,1389.71,29.07,1389.35,1071.52
ai_generated\ai_0219.jpg,AI Generated,,0.9958,0.1794,0.4247,3.11,27,2.66,21.37,8.94,10.44,2338.62,87.83,2363.55,957.25
ai_generated\ai_0220.jpg,AI Generated,,0.8918,0.2087,0.0003,1.32,31,1.54,3.62,3.26,6.51,575.38,41.03,588.61,306.0
ai_generated\ai_0221.jpg,AI Generated,,0.9998,0.2338,0.4147,1.39,26,1.65,5.54,3.15,7.51,761.53,53.64,771.04,735.72
ai_generated\ai_0222.jpg,AI Generated,,0.4245,0.2618,0.0016,1.82,23,2.0,8.0,4.23,7.58,794.12,62.25,815.08,704.33
ai_generated\ai_0223.jpg,AI Generated,,0.0448,0.3707,0.0003,2.07,28,2.55,11.62,6.04,12.93,2781.42,64.1,2803.33,1154.78
ai_generated\ai_0224.jpg,AI Generated,,1.0,0.2503,0.1747,2.77,30,2.68,17.38,8.36,11.46,2625.68,90.72,2663.83,1476.12
ai_generated\ai_0225.jpg,AI Generated,,0.9984,0.1624,0.0026,2.68,27,2.58,19.56,6.48,8.41,1232.71,100.08,1262.75,463.65
ai_generated\ai_0226.jpg,AI Generated,,0.9807,0.4405,0.2774,1.82,35,2.8,6.28,3.37,9.61,1278.23,33.5,1287.17,784.68
ai_generated\ai_0227.jpg,AI Generated,,0.9746,0.065,0.2833,3.97,32,3.2,32.66,16.57,14.36,6500.14,157.69,6572.21,1605.36
ai_generated\ai_0228.jpg,AI Generated,,0.9788,0.1119,0.2694,3.3,25,2.7,24.89,9.71,9.69,2707.88,94.73,2735.55,1260.3
ai_generated\ai_0229.jpg,AI Generated,,0.9998,0.1686,0.0311,2.02,20,1.83,5.36,3.91,7.94,833.0,50.43,839.3,713.69
ai_generated\ai_0230.jpg,AI Generated,,0.4543,0.1237,0.2169,3.56,25,2.83,11.85,9.22,9.74,3327.09,67.28,3344.22,1379.82
ai_generated\ai_0231.jpg,AI Generated,,0.9765,0.0895,0.0557,2.42,26,2.2,18.62,5.5,8.86,1051.17,95.71,1070.74,812.99
ai_generated\ai_0232.jpg,AI Generated,,0.9502,0.205,0.0011,3.69,31,3.38,19.14,8.8,10.6,2661.35,94.67,2699.17,1533.18
ai_generated\ai_0233.jpg,AI Generated,,0.9867,0.1258,0.1989,3.11,25,2.69,18.76,8.63,9.98,2641.02,88.21,2672.03,2013.28
ai_generated\ai_0234.jpg,AI Generated,,0.004,0.1017,0.0004,3.77,30,3.16,12.18,8.2,9.97,2775.03,70.34,2795.51,1259.0
ai_generated\ai_0235.jpg,AI Generated,,1.0,0.1944,0.3977,2.84,25,2.64,16.67,6.58,9.89,1515.18,94.92,1548.41,809.9
ai_generated\ai_0236.jpg,AI Generated,,0.8826,0.2944,0.009,2.36,28,2.81,13.92,8.32,14.94,4234.89,82.28,4274.08,2906.41
ai_generated\ai_0237.jpg,AI Generated,,0.9239,0.0921,0.0088,4.05,31,3.43,28.69,11.11,11.97,3083.67,143.73,3144.44,925.71
ai_generated\ai_0238.jpg,AI Generated,,0.9957,0.2204,0.3807,3.63,39,3.35,24.26,9.25,10.56,2657.89,112.29,2705.11,1587.47
ai_generated\ai_0239.jpg,AI Generated,,0.2191,0.0793,0.003,4.39,35,3.67,30.9,14.99,14.24,7396.38,133.0,7461.0,2097.36
ai_generated\ai_0240.jpg,AI Generated,,0.9913,0.2875,0.0022,1.49,23,1.88,6.21,4.58,9.49,1385.01,50.57,1396.51,1439.01
ai_generated\ai_0241.jpg,AI Generated,,0.9851,0.2203,0.0182,2.01,29,2.09,3.36,3.42,8.85,987.24,44.55,987.89,920.65
ai_generated\ai_0242.jpg,AI Generated,,0.3198,0.0733,0.0052,4.06,32,3.38,27.65,12.48,12.6,3974.58,152.66,4036.91,1535.2
ai_generated\ai_0243.jpg,AI Generated,,0.3532,0.1899,0.0513,2.45,24,2.3,17.52,6.04,9.85,1346.2,90.54,1366.93,1100.82
ai_generated\ai_0244.jpg,AI Generated,,0.5804,0.1092,0.0098,4.03,26,3.28,28.64,13.3,13.59,5991.25,124.88,6039.66,3753.7
ai_generated\ai_0245.jpg,AI Generated,,0.9991,0.1929,0.1921,3.22,30,2.86,18.63,8.12,11.2,2318.37,93.4,2326.1,1263.71
ai_generated\ai_0246.jpg,AI Generated,,0.932,0.1477,0.0,3.98,35,3.37,27.5,14.22,15.41,6663.9,148.34,6728.47,3429.71
ai_generated\ai_0247.jpg,AI Generated,,0.9981,0.3539,0.1922,0.67,18,1.11,2.0,1.8,7.01,554.44,17.31,555.53,553.52
ai_generated\ai_0248.jpg,AI Generated,,0.4296,0.1303,0.007,2.3,34,2.51,11.97,7.19,12.01,2735.74,83.04,2771.13,1658.06
ai_generated\ai_0249.jpg,AI Generated,,0.9813,0.1447,0.004,2.0,24,1.87,11.53,6.28,8.72,1179.49,74.64,1192.08,668.98
ai_generated\ai_0250.jpg,AI Generated,,0.5226,0.3151,0.0521,2.07,35,2.62,9.27,4.48,7.87,906.93,57.97,922.85,648.59
ai_generated\ai_0251.jpg,AI Generated,,0.7492,0.4035,0.0579,1.79,21,2.23,11.71,5.86,11.87,2173.42,60.68,2191.89,1320.15
ai_generated\ai_0252.jpg,AI Generated,,0.9815,0.1965,0.4038,0.84,15,0.98,1.78,1.51,5.52,334.14,21.66,334.5,353.73
ai_generated\ai_0253.jpg,AI Generated,,0.2511,0.2567,0.004,2.8,43,2.51,3.83,5.28,8.54,1311.97,48.81,1319.28,596.47
ai_generated\ai_0254.jpg,AI Generated,,0.8382,0.1551,0.0022,3.17,22,2.57,6.98,7.07,9.2,1876.5,61.56,1889.19,857.28
ai_generated\ai_0255.jpg,AI Generated,,0.9801,0.1629,0.0196,3.4,25,2.79,20.88,9.4,10.22,3015.34,86.52,3047.67,1285.55
ai_generated\ai_0256.jpg,AI Generated,,0.4483,0.1948,0.0123,2.5,23,2.58,16.09,7.98,11.77,3246.72,88.6,3328.76,3095.3
ai_generated\ai_0257.jpg,AI Generated,,0.877,0.3094,0.0041,2.68,21,2.47,14.47,8.28,12.3,3563.96,73.22,3578.67,2879.3
ai_generated\ai_0258.jpg,AI Generated,,0.8374,0.23,0.2611,2.69,24,2.49,14.99,6.53,9.36,1650.11,73.35,1668.08,868.31
ai_generated\ai_0259.jpg,AI Generated,,0.0078,0.3452,0.0019,2.12,28,2.34,9.59,4.99,8.43,1275.88,61.2,1296.28,967.45
ai_generated\ai_0260.jpg,AI Generated,,0.3335,0.2321,0.0005,1.69,31,2.37,6.88,3.99,11.06,1613.39,47.14,1627.84,836.76
ai_generated\ai_0261.jpg,AI Generated,,0.0339,0.1901,0.0124,2.72,26,2.59,12.12,7.17,10.4,2574.75,74.01,2593.18,1703.85
ai_generated\ai_0262.jpg,AI Generated,,0.0037,0.2999,0.0001,2.92,29,2.98,21.07,9.61,14.5,3912.64,108.34,3950.77,2278.52
ai_generated\ai_0263.jpg,AI Generated,,0.3564,0.0994,0.0025,2.62,24,2.36,12.77,7.21,11.51,2122.96,85.53,2149.87,812.32
ai_generated\ai_0264.jpg,AI Generated,,0.9959,0.2142,0.0089,1.71,22,2.02,6.56,4.23,9.4,1246.34,51.2,1264.93,774.29
ai_generated\ai_0265.jpg,AI Generated,,0.8146,0.1972,0.0011,1.35,27,1.82,7.17,3.0,6.67,627.19,40.33,646.96,406.93
ai_generated\ai_0266.jpg,AI Generated,,0.9971,0.2672,0.0124,1.57,19,1.59,4.4,2.54,5.54,414.77,43.85,422.06,328.99
ai_generated\ai_0267.jpg,AI Generated,,0.982,0.2793,0.0001,1.81,17,1.87,9.87,5.3,10.82,1494.51,77.5,1518.2,1228.07
ai_generated\ai_0268.jpg,AI Generated,,0.7508,0.2747,0.0005,2.25,23,2.33,11.41,5.37,8.89,1310.47,62.24,1322.91,866.93
ai_generated\ai_0269.jpg,AI Generated,,0.0269,0.2898,0.0011,2.33,30,2.46,15.64,7.27,12.09,2550.4,96.3,2571.44,2401.7
ai_generated\ai_0270.jpg,AI Generated,,0.15,0.244,0.008,2.21,22,2.42,8.68,4.94,11.06,1725.53,52.84,1739.56,1280.63
ai_generated\ai_0271.jpg,AI Generated,,0.9902,0.3118,0.0005,2.03,24,2.1,8.97,5.02,9.48,1414.71,56.08,1424.05,868.13
ai_generated\ai_0272.jpg,AI Generated,,0.9262,0.3874,0.1686,0.96,21,1.48,4.09,2.95,10.49,1278.18,32.26,1282.96,1257.72
ai_generated\ai_0273.jpg,AI Generated,,0.4801,0.2464,0.0936,1.97,27,2.19,9.72,4.36,8.72,1085.47,60.83,1101.34,1080.35
ai_generated\ai_0274.jpg,AI Generated,,0.8823,0.3543,0.0005,2.14,25,2.58,14.16,7.59,14.03,3448.83,78.16,3478.83,1812.8
ai_generated\ai_0275.jpg,AI Generated,,0.9981,0.3185,0.0091,1.37,21,1.71,6.87,4.69,11.52,1761.2,53.96,1784.02,1664.02
ai_generated\ai_0276.jpg,AI Generated,,0.9957,0.3749,0.0016,1.83,23,2.07,9.35,4.86,8.97,1300.08,60.3,1322.88,1292.59
ai_generated\ai_0277.jpg,AI Generated,,0.3358,0.4411,0.0003,1.86,29,2.26,7.49,5.32,12.1,2369.57,50.32,2386.97,1928.47
ai_generated\ai_0278.jpg,AI Generated,,0.0072,0.2298,0.0002,2.98,32,2.84,11.47,6.73,9.86,1895.47,62.64,1911.59,792.22
ai_generated\ai_0279.jpg,AI Generated,,0.9844,0.1905,0.0294,1.43,24,1.66,4.1,3.56,7.25,701.54,45.37,711.91,488.11
ai_generated\ai_0280.jpg,AI Generated,,0.7331,0.4071,0.0018,1.6,22,2.3,7.85,4.32,11.49,2065.03,37.38,2079.6,1256.08
ai_generated\ai_0281.jpg,AI Generated,,0.9938,0.5241,0.0041,1.01,28,1.71,2.68,1.91,6.72,587.24,17.98,593.36,558.25
ai_generated\ai_0282.jpg,AI Generated,,0.9732,0.2735,0.008,2.01,26,2.19,11.28,6.77,12.14,2575.29,77.22,2594.11,2964.79
ai_generated\ai_0283.jpg,AI Generated,,0.7801,0.1451,0.356,1.32,17,1.39,7.59,4.82,10.31,1321.4,57.18,1334.38,1046.33
ai_generated\ai_0284.jpg,AI Generated,,0.9878,0.2454,0.2279,1.04,14,1.27,4.43,2.64,7.88,724.96,34.93,726.4,717.99
ai_generated\ai_0285.jpg,AI Generated,,0.9962,0.3528,0.3863,1.11,18,1.51,6.09,3.74,12.07,1706.31,43.56,1715.18,1859.65
ai_generated\ai_0286.jpg,AI Generated,,0.0203,0.1469,0.0007,3.56,35,3.07,19.91,11.98,15.71,7546.99,97.57,7584.58,4792.77
ai_generated\ai_0287.jpg,AI Generated,,0.0223,0.2974,0.022,2.17,21,2.19,11.64,5.7,9.63,1451.4,69.13,1472.48,1138.28
ai_generated\ai_0288.jpg,AI Generated,,0.949,0.2372,0.0021,1.68,28,2.03,7.26,5.58,10.28,1716.32,58.86,1731.89,952.04
ai_generated\ai_0289.jpg,AI Generated,,0.7371,0.2099,0.0617,2.81,29,3.01,15.72,7.74,11.11,2094.18,103.48,2144.62,1537.86
ai_generated\ai_0290.jpg,AI Generated,,0.9428,0.354,0.002,1.53,25,1.74,3.62,3.93,8.72,1011.29,42.47,1018.62,709.89
ai_generated\ai_0291.jpg,AI Generated,,0.1991,0.4385,0.0031,1.62,32,1.91,4.51,3.19,9.37,1096.44,46.83,1105.59,1019.1
ai_generated\ai_0292.jpg,AI Generated,,0.9997,0.2575,0.0092,2.64,38,3.02,13.79,7.47,12.72,3452.87,89.83,3479.87,4216.24
ai_generated\ai_0293.jpg,AI Generated,,0.9996,0.1727,0.0089,2.42,32,2.51,9.17,5.09,8.79,1306.85,59.08,1319.65,817.66
ai_generated\ai_0294.jpg,AI Generated,,0.0807,0.1272,0.0002,3.64,36,3.37,25.12,15.07,17.68,10216.45,126.9,10302.22,7326.21
ai_generated\ai_0295.jpg,AI Generated,,0.9669,0.2415,0.1773,1.77,21,1.87,10.79,5.68,9.99,1515.02,61.74,1526.24,1436.73
ai_generated\ai_0296.jpg,AI Generated,,1.0,0.2872,0.0062,1.56,29,1.94,7.58,4.08,9.73,1268.16,46.98,1276.43,1035.65
ai_generated\ai_0297.jpg,AI Generated,,0.9849,0.1786,0.0136,2.59,23,2.46,11.56,6.7,10.57,2134.41,76.48,2164.09,1134.03
ai_generated\ai_0298.jpg,AI Generated,,0.0768,0.2274,0.002,2.42,23,2.34,11.94,5.77,9.74,1513.04,78.48,1526.89,1287.93
ai_generated\ai_0299.jpg,AI Generated,,0.7443,0.2765,0.0031,2.27,35,2.37,8.34,4.67,8.74,1190.9,58.31,1218.32,997.05
ai_generated\ai_0300.jpg,AI Generated,,0.9948,0.1516,0.2511,0.8,25,1.61,2.46,1.79,6.83,738.76,24.17,761.16,1378.96
ai_generated\ai_0301.jpg,AI Generated,,0.0115,0.2069,0.0091,1.51,24,1.79,6.67,3.69,10.73,1384.79,53.41,1392.02,1763.16
ai_generated\ai_0302.jpg,AI Generated,,0.0378,0.3366,0.0514,1.44,39,1.83,4.22,3.49,9.66,1114.2,48.63,1125.19,952.05
ai_generated\ai_0303.jpg,AI Generated,,0.8574,0.1329,0.3493,1.3,30,1.54,6.21,2.84,6.98,541.8,50.52,559.67,485.85
ai_generated\ai_0304.jpg,AI Generated,,0.2928,0.2428,0.0037,1.3,35,1.56,4.45,3.23,6.27,528.93,44.2,534.83,514.4
ai_generated\ai_0305.jpg,AI Generated,,0.1737,0.2199,0.0024,1.34,24,1.71,4.3,2.82,5.69,441.12,38.67,454.53,250.62
ai_generated\ai_0306.jpg,AI Generated,,0.5122,0.0757,0.0074,3.68,43,3.23,25.42,13.13,14.31,5519.38,137.59,5582.47,2001.08
ai_generated\ai_0307.jpg,AI Generated,,0.9996,0.48,0.3651,0.73,21,1.49,2.02,1.53,7.56,623.22,13.84,627.11,650.31
ai_generated\ai_0308.jpg,AI Generated,,0.9998,0.1941,0.0996,1.88,19,1.84,11.96,4.75,6.94,799.25,70.05,819.35,516.85
ai_generated\ai_0309.jpg,AI Generated,,0.9985,0.181,0.0868,1.37,23,1.49,3.34,3.51,5.5,413.84,47.98,419.79,299.08
ai_generated\ai_0310.jpg,AI Generated,,1.0,0.4085,0.2982,1.07,23,1.7,3.0,1.8,6.66,496.79,21.65,498.43,399.45
ai_generated\ai_0311.jpg,AI Generated,,0.9134,0.1822,0.1398,1.1,18,1.26,6.02,3.62,6.98,631.37,57.78,640.49,461.04
ai_generated\ai_0312.jpg,AI Generated,,0.997,0.5559,0.207,1.11,32,1.8,2.08,1.97,8.35,831.31,21.37,838.72,703.61
ai_generated\ai_0313.jpg,AI Generated,,0.4788,0.3039,0.0154,1.2,21,1.83,4.82,3.36,11.18,1695.91,28.03,1705.6,1470.24
ai_generated\ai_0314.jpg,AI Generated,,0.0004,0.2414,0.0124,0.6,11,0.76,1.16,1.85,8.96,880.36,25.69,879.76,1038.62
ai_generated\ai_0315.jpg,AI Generated,,0.2727,0.1016,0.0099,0.9,14,0.98,3.89,2.27,8.8,862.34,45.08,887.69,1154.29
ai_generated\ai_0316.jpg,AI Generated,,0.9379,0.2389,0.2313,1.41,22,1.82,5.07,3.37,8.27,907.67,34.2,923.83,622.9
ai_generated\ai_0317.jpg,AI Generated,,0.9981,0.1658,0.2803,0.93,20,1.12,2.48,3.21,11.61,1499.71,38.56,1498.81,2011.69
ai_generated\ai_0318.jpg,AI Generated,,0.2351,0.0468,0.0045,2.51,21,2.41,15.01,7.45,12.02,2358.27,69.52,2381.79,1314.0
ai_generated\ai_0319.jpg,AI Generated,,0.0112,0.1743,0.0051,1.02,17,1.22,3.08,1.56,4.82,251.78,31.7,254.98,294.97
ai_generated\ai_0320.jpg,AI Generated,,0.0012,0.0748,0.0001,3.04,27,2.71,17.84,9.42,11.33,2905.45,96.23,2933.71,714.68
ai_generated\ai_0321.jpg,AI Generated,,0.7289,0.1812,0.0013,1.87,24,2.06,7.62,4.9,9.46,1233.69,49.72,1238.31,923.09
ai_generated\ai_0322.jpg,AI Generated,,0.8697,0.2334,0.3798,2.12,30,2.47,3.56,3.31,7.49,765.63,35.28,769.06,733.55
ai_generated\ai_0323.jpg,AI Generated,,0.9245,0.3349,0.2426,1.66,22,1.74,6.47,3.53,8.18,768.09,54.87,782.56,721.81
ai_generated\ai_0324.jpg,AI Generated,,0.9917,0.1777,0.4794,2.13,30,2.53,9.61,4.94,10.08,1459.16,61.89,1491.69,1039.22
ai_generated\ai_0325.jpg,AI Generated,,0.22,0.3063,0.1942,1.26,31,1.7,1.7,1.34,4.18,212.63,23.35,214.67,223.15
ai_generated\ai_0326.jpg,AI Generated,,0.9866,0.1971,0.1788,1.31,25,1.71,2.31,1.64,5.99,396.32,24.53,396.64,506.99
ai_generated\ai_0327.jpg,AI Generated,,0.3867,0.2243,0.0487,1.77,25,1.92,11.12,4.15,7.99,841.77,54.06,849.92,743.72
ai_generated\ai_0328.jpg,AI Generated,,0.0037,0.1111,0.0058,1.01,20,1.26,1.87,1.47,5.34,314.55,30.9,318.67,428.74
ai_generated\ai_0329.jpg,AI Generated,,0.084,0.2706,0.3993,1.52,23,1.55,3.09,3.29,10.87,1372.21,34.09,1373.11,1755.21
ai_generated\ai_0330.jpg,AI Generated,,0.201,0.285,0.4128,1.11,18,1.39,1.33,1.82,7.27,641.98,21.67,642.78,928.87
ai_generated\ai_0331.jpg,AI Generated,,0.8859,0.4213,0.004,2.68,33,3.06,16.15,7.4,11.32,2825.55,81.67,2853.9,2206.54
ai_generated\ai_0332.jpg,AI Generated,,0.9995,0.2017,0.0111,2.16,39,2.62,8.08,5.13,12.73,1905.1,66.12,1944.27,2027.51
ai_generated\ai_0333.jpg,AI Generated,,0.9963,0.1769,0.0038,1.58,24,1.82,4.37,3.04,8.87,1001.63,39.02,1006.68,715.47
ai_generated\ai_0334.jpg,AI Generated,,1.0,0.2993,0.045,1.58,22,1.96,5.66,3.17,8.97,1135.43,35.12,1151.14,761.64
ai_generated\ai_0335.jpg,AI Generated,,0.9995,0.1867,0.3498,1.27,20,1.51,2.15,1.44,5.27,307.52,27.25,308.96,347.66
ai_generated\ai_0336.jpg,AI Generated,,0.991,0.3111,0.0195,2.16,34,2.79,7.38,3.4,6.74,788.54,45.63,812.05,639.94
ai_generated\ai_0337.jpg,AI Generated,,0.9991,0.1341,0.0748,1.75,22,1.76,7.1,3.88,7.59,796.04,51.8,802.63,689.51
ai_generated\ai_0338.jpg,AI Generated,,0.5887,0.1398,0.1473,3.2,27,2.75,12.84,6.91,8.93,1761.8,72.58,1784.81,1011.5
ai_generated\ai_0339.jpg,AI Generated,,0.8405,0.3514,0.0316,2.51,24,2.5,11.95,7.16,13.33,3221.95,67.21,3237.12,2147.94
ai_generated\ai_0340.jpg,AI Generated,,0.1031,0.2848,0.0008,1.42,20,1.59,4.35,3.65,11.42,1650.13,39.22,1652.46,1410.99
ai_generated\ai_0341.jpg,AI Generated,,0.9999,0.1356,0.0058,2.22,24,2.19,7.66,4.67,7.07,869.91,56.13,881.9,619.15
ai_generated\ai_0342.jpg,AI Generated,,0.6774,0.2415,0.0088,1.46,22,1.61,6.77,3.68,8.5,906.36,53.23,910.5,1027.47
ai_generated\ai_0343.jpg,AI Generated,,0.0027,0.2278,0.0311,1.11,12,1.23,5.94,3.69,12.15,1651.3,52.83,1666.57,2016.12
ai_generated\ai_0344.jpg,AI Generated,,0.9995,0.3063,0.0282,1.15,19,1.39,4.11,1.9,5.16,297.51,37.38,304.0,364.72
ai_generated\ai_0345.jpg,AI Generated,,0.985,0.2042,0.0022,2.43,21,2.18,6.67,4.5,6.63,861.82,52.58,871.05,492.95
ai_generated\ai_0346.jpg,AI Generated,,0.9458,0.3136,0.0218,1.69,22,1.85,7.51,3.59,8.32,917.86,52.12,924.77,963.63
ai_generated\ai_0347.jpg,AI Generated,,0.9994,0.2311,0.2094,0.88,13,1.15,3.29,1.55,3.69,118.48,39.39,133.35,136.61
ai_generated\ai_0348.jpg,AI Generated,,0.9939,0.251,0.1282,1.22,18,1.4,4.93,2.26,5.06,322.43,43.06,329.53,275.89
ai_generated\ai_0349.jpg,AI Generated,,0.0013,0.1439,0.0045,0.62,13,0.8,2.81,2.58,13.91,2114.83,41.14,2117.5,2544.33
ai_generated\ai_0350.jpg,AI Generated,,0.9993,0.227,0.049,2.39,28,2.19,16.37,6.31,7.77,1122.72,88.37,1144.48,590.46
ai_generated\ai_0351.jpg,AI Generated,,0.9715,0.2061,0.0129,1.57,21,1.68,6.11,3.22,6.75,652.3,48.14,665.44,440.82
ai_generated\ai_0352.jpg,AI Generated,,0.945,0.2357,0.3277,0.77,15,0.93,3.78,1.84,6.9,523.34,41.38,528.97,853.08
ai_generated\ai_0353.jpg,AI Generated,,0.2666,0.2064,0.0068,1.21,18,1.29,5.62,2.41,6.53,471.07,47.98,480.48,580.82
ai_generated\ai_0354.jpg,AI Generated,,0.1403,0.2171,0.2189,0.75,10,0.9,2.1,1.58,7.12,548.4,31.92,549.74,983.29
ai_generated\ai_0355.jpg,AI Generated,,0.7388,0.142,0.017,1.24,29,1.25,5.84,2.76,5.59,364.76,52.16,381.13,522.32
ai_generated\ai_0356.jpg,AI Generated,,0.9439,0.3396,0.3568,0.93,12,1.21,2.44,2.21,9.13,946.72,26.52,946.2,1258.43
ai_generated\ai_0357.jpg,AI Generated,,0.6306,0.3867,0.2476,0.99,18,1.2,2.32,2.05,8.61,837.37,28.44,839.36,1007.01
ai_generated\ai_0358.jpg,AI Generated,,0.8832,0.1963,0.3773,0.93,22,1.03,3.15,1.69,4.57,235.69,34.1,239.19,324.41
ai_generated\ai_0359.jpg,AI Generated,,0.9976,0.3087,0.0012,1.42,20,1.62,4.56,3.31,9.92,1192.93,43.53,1201.53,1130.56
ai_generated\ai_0360.jpg,AI Generated,,0.9325,0.226,0.3814,0.74,12,0.87,2.06,1.83,6.94,531.39,31.14,532.47,911.62
ai_generated\ai_0361.jpg,AI Generated,,0.0331,0.1271,0.0005,1.56,21,1.62,4.19,3.4,8.6,951.28,37.58,953.83,926.77
ai_generated\ai_0362.jpg,AI Generated,,0.4766,0.1378,0.0215,1.1,20,1.28,3.66,1.88,6.04,401.71,40.66,405.14,576.47
ai_generated\ai_0363.jpg,AI Generated,,1.0,0.2149,0.3152,0.91,12,1.03,3.02,1.57,4.51,229.17,28.52,232.76,266.93
ai_generated\ai_0364.jpg,AI Generated,,0.9999,0.2221,0.1022,1.35,18,1.49,4.76,2.3,5.38,364.05,46.18,372.04,386.12
ai_generated\ai_0365.jpg,AI Generated,,0.9226,0.138,0.0591,1.47,22,1.67,3.2,1.97,4.98,306.39,29.63,310.72,409.75
ai_generated\ai_0366.jpg,AI Generated,,0.9831,0.2054,0.0243,1.41,18,1.54,6.42,3.05,7.31,643.65,47.89,656.93,773.15
ai_generated\ai_0367.jpg,AI Generated,,0.157,0.1672,0.1068,1.17,14,1.28,3.79,2.0,6.46,473.79,36.29,477.84,590.9
ai_generated\ai_0368.jpg,AI Generated,,0.1135,0.1818,0.0003,1.51,20,1.55,5.22,3.59,9.43,1097.74,48.65,1100.92,1398.32
ai_generated\ai_0369.jpg,AI Generated,,0.9587,0.1972,0.0005,2.86,20,2.57,9.64,5.94,7.35,1381.76,63.16,1397.62,784.99
ai_generated\ai_0370.jpg,AI Generated,,0.9981,0.2152,0.077,1.96,27,2.0,10.57,4.96,7.11,848.2,71.19,866.2,623.95
ai_generated\ai_0371.jpg,AI Generated,,0.0017,0.1924,0.0008,2.25,23,2.06,10.15,4.76,6.88,895.44,63.3,922.93,496.02
ai_generated\ai_0372.jpg,AI Generated,,0.8249,0.2854,0.0005,2.39,20,2.36,7.66,4.9,6.62,1210.5,53.63,1239.74,1134.05
ai_generated\ai_0373.jpg,AI Generated,,0.6049,0.2387,0.0002,2.02,19,1.93,6.15,4.07,7.12,842.67,49.7,849.58,619.28
ai_generated\ai_0374.jpg,AI Generated,,0.9996,0.1423,0.2132,1.1,14,1.08,4.6,2.1,4.39,217.54,46.56,234.44,415.33
ai_generated\ai_0375.jpg,AI Generated,,0.9894,0.1986,0.0394,3.08,30,2.87,16.49,6.93,9.44,1886.18,83.03,1910.86,1325.23
ai_generated\ai_0376.jpg,AI Generated,,0.9973,0.0954,0.286,1.15,14,1.2,2.19,1.79,6.12,418.65,31.59,419.9,456.3
ai_generated\ai_0377.jpg,AI Generated,,0.6376,0.2763,0.0655,1.41,21,1.8,6.13,3.79,10.1,1626.04,48.63,1644.2,1982.33
ai_generated\ai_0378.jpg,AI Generated,,0.9636,0.1878,0.0011,1.65,18,1.62,6.38,3.39,6.24,542.26,53.48,558.03,503.37
ai_generated\ai_0379.jpg,AI Generated,,0.9472,0.1665,0.332,0.79,11,0.96,2.27,1.59,5.3,304.81,33.59,310.08,552.43
ai_generated\ai_0380.jpg,AI Generated,,0.0777,0.1911,0.001,1.82,21,1.83,11.19,4.5,7.05,751.03,65.05,761.76,532.19
ai_generated\ai_0381.jpg,AI Generated,,0.5951,0.2395,0.0022,1.48,25,1.62,4.45,2.36,4.99,348.08,39.08,354.05,327.85
ai_generated\ai_0382.jpg,AI Generated,,0.9992,0.3399,0.0144,2.01,20,2.19,6.91,4.19,6.73,880.09,50.44,888.65,606.52
ai_generated\ai_0383.jpg,AI Generated,,0.9987,0.2207,0.0016,3.08,26,2.87,26.54,10.39,11.27,3285.0,114.43,3331.75,1574.56
ai_generated\ai_0384.jpg,AI Generated,,1.0,0.2881,0.0565,1.43,20,1.63,4.74,2.4,4.96,335.17,41.97,339.37,295.89
ai_generated\ai_0385.jpg,AI Generated,,0.4203,0.2756,0.0476,1.76,23,1.83,3.1,2.64,3.82,295.14,31.77,299.85,199.93
ai_generated\ai_0386.jpg,AI Generated,,0.2509,0.1192,0.0115,1.71,17,1.58,8.22,3.82,7.56,706.55,63.05,713.8,699.16
ai_generated\ai_0387.jpg,AI Generated,,0.0882,0.4273,0.0152,1.38,19,1.74,5.19,4.17,12.86,1992.85,48.66,1998.63,2006.22
ai_generated\ai_0388.jpg,AI Generated,,0.6445,0.3519,0.0124,1.42,20,1.62,3.84,2.9,9.02,962.33,36.51,971.83,980.65
ai_generated\ai_0389.jpg,AI Generated,,0.7165,0.1761,0.0002,2.39,23,2.32,12.19,5.83,8.94,1273.31,76.18,1302.77,790.82
ai_generated\ai_0390.jpg,AI Generated,,0.7757,0.25,0.0045,1.9,18,2.0,5.27,3.83,5.78,587.45,46.61,598.14,569.34
ai_generated\ai_0391.jpg,AI Generated,,0.8797,0.2414,0.0051,2.64,28,2.49,20.37,8.07,10.2,2166.35,89.79,2192.66,1433.39
ai_generated\ai_0392.jpg,AI Generated,,0.9969,0.139,0.0096,3.11,31,2.76,21.13,9.58,11.96,3119.41,103.65,3169.17,1571.33
ai_generated\ai_0393.jpg,AI Generated,,0.9987,0.1555,0.0047,1.71,22,1.77,4.34,3.55,7.8,821.95,44.03,830.69,766.1
ai_generated\ai_0394.jpg,AI Generated,,0.7436,0.3647,0.002,2.93,23,2.91,12.48,7.88,13.66,3796.18,67.0,3814.31,2236.28
ai_generated\ai_0395.jpg,AI Generated,,0.8776,0.1068,0.0001,2.98,26,2.51,12.79,7.21,10.45,2013.25,79.12,2034.43,1166.56
ai_generated\ai_0396.jpg,AI Generated,,0.8881,0.3499,0.0026,1.74,28,1.91,4.05,2.99,6.72,665.2,35.68,668.34,627.7
ai_generated\ai_0397.jpg,AI Generated,,0.9233,0.2491,0.1653,2.6,26,2.5,13.89,4.85,7.5,930.49,77.48,954.63,582.65
ai_generated\ai_0398.jpg,AI Generated,,0.9638,0.3088,0.013,2.53,30,2.83,16.73,7.79,12.14,3071.71,94.45,3109.1,3152.51
ai_generated\ai_0399.jpg,AI Generated,,0.1128,0.2105,0.0001,3.62,33,3.1,28.45,11.84,12.75,3414.51,151.89,3474.22,1757.79
ai_generated\ai_0400.jpg,AI Generated,,0.076,0.1303,0.0,2.59,30,2.43,13.67,5.56,9.7,1305.48,92.77,1327.84,836.46
ai_generated\ai_0401.jpg,AI Generated,,0.0049,0.3364,0.0002,2.3,30,2.52,12.25,5.91,11.5,2223.3,73.74,2249.46,1300.04
ai_generated\ai_0402.jpg,AI Generated,,0.9983,0.2787,0.0115,3.21,34,3.14,15.65,7.36,11.28,2464.75,87.25,2493.18,2383.32
ai_generated\ai_0403.jpg,AI Generated,,0.0421,0.1094,0.0157,1.85,21,1.69,10.87,5.04,9.59,1189.28,73.23,1204.54,1323.65
ai_generated\ai_0404.jpg,AI Generated,,0.9955,0.1077,0.0122,2.11,17,1.85,15.48,6.08,9.15,1274.18,84.71,1299.41,823.53
ai_generated\ai_0405.jpg,AI Generated,,0.9909,0.24,0.0002,3.13,29,2.9,13.93,8.11,11.66,3563.91,75.23,3593.33,2911.22
ai_generated\ai_0406.jpg,AI Generated,,0.9999,0.1422,0.0685,1.42,24,1.36,5.49,3.43,8.13,790.19,51.96,796.23,902.83
ai_generated\ai_0407.jpg,AI Generated,,0.9401,0.2313,0.0005,3.06,25,2.72,12.45,8.48,11.08,3540.13,75.83,3579.93,4204.55
ai_generated\ai_0408.jpg,AI Generated,,0.7587,0.2551,0.0069,1.29,19,1.63,5.75,2.79,6.0,445.09,46.03,455.87,454.83
ai_generated\ai_0409.jpg,AI Generated,,0.978,0.2031,0.3346,0.84,10,0.96,3.25,1.9,6.87,516.82,31.36,518.17,705.81
ai_generated\ai_0410.jpg,AI Generated,,0.9864,0.107,0.0007,2.25,26,2.2,10.4,5.85,12.2,2150.86,71.4,2168.71,2050.14
ai_generated\ai_0411.jpg,AI Generated,,0.9936,0.1641,0.1555,1.52,16,1.45,3.23,2.72,5.26,381.58,36.41,384.49,355.7
ai_generated\ai_0412.jpg,AI Generated,,0.9982,0.2166,0.0206,1.63,19,1.88,5.66,3.45,8.43,993.82,47.94,1003.34,1489.18
ai_generated\ai_0413.jpg,AI Generated,,0.9934,0.1819,0.0791,1.22,15,1.28,4.68,2.61,7.77,677.2,48.32,678.88,880.19
ai_generated\ai_0414.jpg,AI Generated,,0.3794,0.2019,0.0003,3.14,27,2.99,16.8,7.56,9.98,2543.75,84.87,2567.2,2212.27
ai_generated\ai_0415.jpg,AI Generated,,0.0079,0.1519,0.0062,1.62,17,1.61,5.66,3.0,5.11,396.6,41.55,406.03,299.29
ai_generated\ai_0416.jpg,AI Generated,,0.7036,0.1892,0.0015,2.45,20,2.3,7.71,4.86,8.34,1327.34,57.4,1336.79,954.23
ai_generated\ai_0417.jpg,AI Generated,,0.9673,0.1722,0.0078,1.36,26,1.49,4.66,2.67,8.74,870.19,44.04,871.64,1126.26
ai_generated\ai_0418.jpg,AI Generated,,0.997,0.2254,0.0302,1.86,20,2.07,10.59,5.21,9.78,1688.57,68.06,1711.45,1663.2
ai_generated\ai_0419.jpg,AI Generated,,0.6781,0.2094,0.0097,1.68,17,1.67,2.72,2.48,4.27,300.52,34.71,304.25,334.82
ai_generated\ai_0420.jpg,AI Generated,,0.9998,0.1222,0.3543,1.2,11,1.21,4.21,2.39,4.65,264.57,45.45,272.36,355.7
ai_generated\ai_0421.jpg,AI Generated,,0.8321,0.3461,0.0109,1.67,22,1.79,4.01,3.3,9.64,1157.92,42.95,1160.47,1337.11
ai_generated\ai_0422.jpg,AI Generated,,0.9036,0.3382,0.0156,2.71,36,2.84,10.55,6.5,12.52,2867.54,62.5,2877.5,1836.72
ai_generated\ai_0423.jpg,AI Generated,,0.994,0.1794,0.0035,2.07,33,2.04,8.63,4.31,7.18,781.36,61.61,793.95,534.95
ai_generated\ai_0424.jpg,AI Generated,,0.7479,0.2208,0.0087,0.97,12,1.05,5.18,2.12,5.06,291.55,35.95,297.39,365.16
ai_generated\ai_0425.jpg,AI Generated,,0.968,0.2502,0.0001,1.62,20,1.69,4.39,2.59,4.56,291.82,41.14,297.59,343.05
ai_generated\ai_0426.jpg,AI Generated,,0.9968,0.1232,0.0013,1.54,22,1.62,6.21,2.93,5.64,420.56,43.4,429.6,427.29
ai_generated\ai_0427.jpg,AI Generated,,0.2016,0.2341,0.0011,1.55,19,1.65,4.3,3.26,7.72,790.43,34.89,794.28,634.21
ai_generated\ai_0428.jpg,AI Generated,,0.9844,0.237,0.0005,2.11,25,2.21,9.47,4.61,8.11,1029.15,65.77,1052.0,908.55
ai_generated\ai_0429.jpg,AI Generated,,0.9748,0.1101,0.0116,1.88,23,1.97,7.67,4.32,10.17,1439.05,59.53,1447.21,1728.47
ai_generated\ai_0430.jpg,AI Generated,,0.3143,0.1897,0.0049,2.2,21,2.05,10.07,5.24,9.75,1343.27,69.95,1358.55,1195.73
ai_generated\ai_0431.jpg,AI Generated,,0.2132,0.1796,0.0005,2.65,22,2.49,14.03,6.31,8.42,1745.45,76.3,1766.11,1066.02
ai_generated\ai_0432.jpg,AI Generated,,0.0218,0.0442,0.0,4.07,34,3.27,28.67,12.18,11.35,4862.92,114.97,4914.43,1092.03
ai_generated\ai_0433.jpg,AI Generated,,0.9991,0.1381,0.1861,1.1,12,1.11,3.78,2.96,8.43,809.02,41.12,817.91,881.51
ai_generated\ai_0434.jpg,AI Generated,,0.0114,0.2379,0.0115,2.62,29,2.58,6.03,4.71,8.67,1208.56,52.74,1223.59,989.99
ai_generated\ai_0435.jpg,AI Generated,,0.9754,0.1515,0.1961,1.73,25,1.74,6.19,4.19,10.88,1376.92,62.51,1384.19,1693.1
ai_generated\ai_0436.jpg,AI Generated,,0.9866,0.2693,0.0023,3.38,27,2.97,28.24,14.21,15.67,6554.81,138.48,6614.27,3273.16
ai_generated\ai_0437.jpg,AI Generated,,0.9994,0.2039,0.3613,1.01,16,1.2,5.18,3.1,10.96,1309.05,52.51,1324.76,1710.03
ai_generated\ai_0438.jpg,AI Generated,,0.9781,0.1778,0.0016,1.56,21,1.63,11.0,4.83,11.75,1656.92,68.42,1662.23,1920.72
ai_generated\ai_0439.jpg,AI Generated,,0.6563,0.0989,0.0078,1.58,16,1.45,13.15,4.51,5.64,459.25,78.4,474.84,374.81
ai_generated\ai_0440.jpg,AI Generated,,0.769,0.2122,0.0001,1.6,24,1.7,8.52,3.92,6.68,586.74,60.03,599.35,291.97
ai_generated\ai_0441.jpg,AI Generated,,0.917,0.2719,0.0093,1.38,20,1.68,7.08,3.69,8.75,914.88,58.54,939.1,902.47
ai_generated\ai_0442.jpg,AI Generated,,0.6786,0.2135,0.3802,1.12,19,1.18,6.57,3.42,10.6,1246.27,55.21,1256.54,1364.24
ai_generated\ai_0443.jpg,AI Generated,,0.8073,0.1612,0.0021,2.19,21,2.09,7.42,4.83,9.86,1354.33,64.95,1373.62,1123.67
ai_generated\ai_0444.jpg,AI Generated,,0.9887,0.1085,0.0145,1.8,23,1.82,10.31,5.45,10.44,1378.68,83.65,1423.02,1801.67
ai_generated\ai_0445.jpg,AI Generated,,0.034,0.3996,0.0023,1.05,22,1.77,5.25,3.76,14.04,2270.42,37.49,2284.52,2446.74
ai_generated\ai_0446.jpg,AI Generated,,0.0435,0.1298,0.0007,0.98,13,0.97,3.54,2.56,10.29,1175.93,53.81,1177.07,1838.26
ai_generated\ai_0447.jpg,AI Generated,,0.9999,0.1431,0.2065,1.57,15,1.45,7.23,3.68,5.61,418.69,58.27,426.28,251.5
ai_generated\ai_0448.jpg,AI Generated,,0.0705,0.1965,0.0011,1.38,16,1.34,7.73,3.15,6.87,546.3,65.49,559.18,632.51
ai_generated\ai_0449.jpg,AI Generated,,0.9997,0.1291,0.1173,1.96,20,1.87,9.41,5.16,9.44,1208.9,71.55,1224.76,1026.73
ai_generated\ai_0450.jpg,AI Generated,,0.9991,0.1754,0.2769,1.09,19,1.19,2.4,1.58,5.36,320.03,33.65,322.61,346.16
ai_generated\ai_0451.jpg,AI Generated,,0.0032,0.1633,0.1569,1.08,15,1.1,3.89,3.09,11.34,1431.36,45.02,1444.56,1967.05
ai_generated\ai_0452.jpg,AI Generated,,0.7155,0.1344,0.0131,1.3,21,1.28,3.22,2.23,6.43,469.72,41.87,471.62,740.57
ai_generated\ai_0453.jpg,AI Generated,,0.9995,0.2055,0.0461,1.31,18,1.34,2.06,2.3,6.94,578.96,27.72,580.67,670.17
ai_generated\ai_0454.jpg,AI Generated,,0.7368,0.1082,0.0033,1.21,13,1.16,4.33,3.68,10.44,1258.3,56.22,1263.23,1442.8
ai_generated\ai_0455.jpg,AI Generated,,0.001,0.2011,0.0032,0.99,17,1.0,2.48,1.91,6.64,489.89,41.72,493.69,658.96
ai_generated\ai_0456.jpg,AI Generated,,0.9856,0.3014,0.3558,1.03,17,1.22,3.16,1.61,4.76,249.78,28.3,253.68,289.85
ai_generated\ai_0457.jpg,AI Generated,,0.0007,0.168,0.0081,1.21,19,1.24,5.54,2.57,5.51,347.6,52.1,353.51,329.45
ai_generated\ai_0458.jpg,AI Generated,,0.989,0.296,0.1728,1.42,17,1.69,9.88,4.58,11.36,1520.32,67.29,1542.75,1844.97
ai_generated\ai_0459.jpg,AI Generated,,0.1192,0.2641,0.0006,1.65,18,1.97,4.97,4.04,12.71,2040.34,42.0,2048.04,1883.36
ai_generated\ai_0460.jpg,AI Generated,,0.9946,0.19,0.0002,2.58,24,2.51,13.45,5.99,8.56,1409.06,73.0,1437.79,1000.4
ai_generated\ai_0461.jpg,AI Generated,,0.5381,0.1572,0.0064,0.96,15,1.08,3.25,1.99,7.17,569.69,45.59,574.26,675.61
ai_generated\ai_0462.jpg,AI Generated,,0.0137,0.1956,0.0006,1.92,25,1.9,8.85,5.01,10.0,1355.79,66.06,1368.71,1358.68
ai_generated\ai_0463.jpg,AI Generated,,0.9927,0.413,0.0025,1.39,23,1.93,5.18,2.94,8.86,1031.49,33.64,1051.33,709.97
ai_generated\ai_0464.jpg,AI Generated,,0.9219,0.2731,0.0036,1.75,24,2.04,6.4,3.53,8.48,994.33,47.76,1009.83,570.32
ai_generated\ai_0465.jpg,AI Generated,,0.9987,0.1513,0.0091,2.0,35,2.23,9.04,4.45,9.21,1182.27,59.54,1204.26,562.59
ai_generated\ai_0466.jpg,AI Generated,,0.7117,0.1852,0.1672,2.22,29,2.46,9.92,4.49,7.84,1095.44,62.44,1110.66,1013.08
ai_generated\ai_0467.jpg,AI Generated,,0.8068,0.3413,0.4,1.91,28,2.21,6.8,3.09,6.81,841.1,47.29,858.26,718.38
ai_generated\ai_0468.jpg,AI Generated,,0.9983,0.3416,0.0102,1.29,27,1.63,3.82,1.98,5.95,418.4,30.39,422.42,338.94
ai_generated\ai_0469.jpg,AI Generated,,0.9504,0.2465,0.015,1.77,18,1.76,4.03,3.01,4.84,371.19,42.89,374.59,282.59
ai_generated\ai_0470.jpg,AI Generated,,0.1841,0.2889,0.0022,1.23,16,1.24,6.89,3.13,6.85,567.53,55.54,576.94,643.69
ai_generated\ai_0471.jpg,AI Generated,,0.9854,0.1248,0.0007,2.15,20,2.22,7.75,5.18,11.39,1833.76,57.05,1842.99,1800.76
ai_generated\ai_0472.jpg,AI Generated,,0.5204,0.228,0.0003,2.7,25,2.5,14.61,7.05,10.12,2126.07,74.75,2140.96,1859.89
ai_generated\ai_0473.jpg,AI Generated,,0.7814,0.1512,0.0004,2.9,31,2.76,13.16,6.09,9.79,1707.88,75.59,1723.62,1067.02
ai_generated\ai_0474.jpg,AI Generated,,0.0621,0.1366,0.0005,2.39,27,2.21,11.97,6.21,9.57,1487.53,74.48,1517.68,616.63
ai_generated\ai_0475.jpg,AI Generated,,0.2379,0.3736,0.045,1.85,24,2.16,7.17,3.92,7.92,1020.98,51.82,1034.21,1315.27
ai_generated\ai_0476.jpg,AI Generated,,0.9034,0.2013,0.0001,3.47,26,2.95,21.87,10.31,11.68,3995.64,94.71,4030.06,1902.59
ai_generated\ai_0477.jpg,AI Generated,,0.4833,0.2774,0.0001,2.0,25,2.19,9.97,4.94,9.89,1511.71,71.03,1523.84,1505.81
ai_generated\ai_0478.jpg,AI Generated,,0.998,0.1871,0.0021,1.16,19,1.44,4.8,2.46,8.59,809.96,42.02,818.25,1046.26
ai_generated\ai_0479.jpg,AI Generated,,0.9948,0.3187,0.0073,2.2,29,2.45,11.3,5.97,12.04,2258.98,75.05,2286.76,2318.81
ai_generated\ai_0480.jpg,AI Generated,,0.0492,0.2273,0.0002,1.95,21,1.98,8.57,4.93,7.91,958.14,67.28,965.02,819.56
ai_generated\ai_0481.jpg,AI Generated,,0.075,0.0458,0.0018,3.82,31,3.12,20.21,8.6,9.5,2303.57,92.73,2328.03,1115.43
ai_generated\ai_0482.jpg,AI Generated,,0.4424,0.0805,0.0019,3.74,24,2.98,23.61,11.49,10.99,4843.98,91.58,4874.28,1313.12
ai_generated\ai_0483.jpg,AI Generated,,0.9881,0.0758,0.0992,3.16,23,2.68,21.37,8.46,8.4,1946.55,92.59,1973.33,613.0
ai_generated\ai_0484.jpg,AI Generated,,0.0026,0.1237,0.0003,3.38,31,2.92,16.96,8.32,9.89,2493.0,93.0,2524.3,986.03
ai_generated\ai_0485.jpg,AI Generated,,0.8322,0.1297,0.003,1.74,19,1.71,6.62,4.45,10.34,1332.56,56.68,1343.05,1159.97
ai_generated\ai_0486.jpg,AI Generated,,0.9939,0.1843,0.0001,3.44,25,2.88,15.59,8.4,10.2,2792.72,76.21,2820.3,1353.47
ai_generated\ai_0487.jpg,AI Generated,,0.0646,0.2529,0.0082,1.73,20,1.89,7.17,3.22,5.45,539.26,45.83,547.07,552.59
ai_generated\ai_0488.jpg,AI Generated,,0.9886,0.2371,0.0122,1.46,23,1.66,5.4,2.38,5.7,391.92,44.12,396.71,365.93
ai_generated\ai_0489.jpg,AI Generated,,0.9746,0.1678,0.0321,2.32,19,2.05,21.32,8.37,10.46,1828.59,111.49,1865.86,1153.13
ai_generated\ai_0490.jpg,AI Generated,,0.7638,0.1879,0.0002,2.47,25,2.45,10.4,5.56,8.65,1203.24,72.66,1227.06,744.97
ai_generated\ai_0491.jpg,AI Generated,,0.9961,0.3287,0.0143,1.56,21,1.74,6.92,3.29,7.18,691.32,57.43,706.14,714.22
ai_generated\ai_0492.jpg,AI Generated,,0.9976,0.2048,0.3926,1.99,15,1.75,7.03,4.76,7.26,806.02,60.54,816.72,521.25
ai_generated\ai_0493.jpg,AI Generated,,0.2364,0.1498,0.0064,1.28,11,1.18,5.7,3.33,6.67,550.62,55.92,557.74,657.54
ai_generated\ai_0494.jpg,AI Generated,,0.7073,0.2012,0.0035,1.1,19,1.2,3.93,2.8,9.11,950.31,40.51,952.83,1256.47
ai_generated\ai_0495.jpg,AI Generated,,0.0645,0.1733,0.0004,3.38,26,2.76,16.08,8.37,10.8,2924.56,86.74,2947.27,1623.07
ai_generated\ai_0496.jpg,AI Generated,,0.9998,0.2141,0.2977,1.39,23,1.45,5.67,2.78,6.15,450.96,54.15,454.23,549.12
ai_generated\ai_0497.jpg,AI Generated,,0.0575,0.1021,0.001,1.76,13,1.52,11.16,4.84,7.3,767.46,71.36,778.99,709.91
ai_generated\ai_0498.jpg,AI Generated,,0.8488,0.1742,0.2742,0.89,11,0.97,6.6,3.39,10.33,1209.47,60.47,1217.12,1590.08
ai_generated\ai_0499.jpg,AI Generated,,0.3877,0.1447,0.1953,1.1,19,1.13,4.01,3.15,10.12,1165.9,51.77,1167.21,1305.81
ai_generated\ai_0500.jpg,AI Generated,,0.9475,0.144,0.0039,2.23,20,2.01,11.73,4.98,7.12,883.88,66.68,898.83,421.4
manipulated\00006_fake.jpg,Manipulated,,0.476,0.2644,0.0005,1.5,21,1.68,12.24,6.98,9.94,1987.06,77.76,2215.36,2156.09
manipulated\00009_fake.jpg,Manipulated,,0.0001,0.2631,0.0004,0.9,42,1.3,9.41,3.92,5.32,393.34,62.63,404.31,299.49
manipulated\00010_fake_01.jpg,Manipulated,,0.0136,0.4435,0.0006,1.66,24,1.73,13.49,5.41,7.35,627.55,93.2,727.13,715.75
manipulated\00010_fake_02.png,Manipulated,,0.0117,0.3317,0.0002,4.46,127,4.73,17.98,9.26,10.84,2270.66,108.66,2353.8,1699.22
manipulated\00011_fake.jpg,Manipulated,,0.0016,0.2769,0.0664,0.45,18,0.77,2.48,1.86,3.6,123.82,30.53,131.51,157.12
manipulated\00015_fake.jpg,Manipulated,,0.0,0.3307,0.0,1.77,44,2.04,12.67,5.88,8.64,1224.04,74.65,1623.77,2714.02
manipulated\00016_fake.jpg,Manipulated,,0.0,0.1951,0.0,1.67,33,1.8,15.89,8.29,11.15,2241.36,101.62,2165.05,1522.04
manipulated\00018_fake.jpg,Manipulated,,0.0,0.3012,0.0002,1.25,25,1.61,4.46,1.91,3.08,85.61,43.47,102.45,166.43
manipulated\00021_fake.jpg,Manipulated,,0.0,0.0906,0.0,0.0,3,0.08,1.43,0.81,1.22,12.84,30.67,17.42,15.45
manipulated\00022_fake.jpg,Manipulated,,0.0001,0.3261,0.0309,2.34,53,2.66,22.77,10.01,11.74,1991.98,149.0,1881.27,1539.78
manipulated\00027_fake.jpg,Manipulated,,0.0,0.3595,0.0,1.56,37,2.15,7.5,6.22,11.42,2253.16,74.76,2256.31,1729.64
manipulated\00028_fake.jpg,Manipulated,,0.0,0.3104,0.0,0.97,31,1.41,5.21,2.7,4.97,268.47,44.75,269.07,274.67
manipulated\00030_fake.jpg,Manipulated,,0.0,0.3653,0.0,1.97,46,2.63,7.51,6.01,11.01,1787.38,70.47,1738.32,1804.52
manipulated\00031_fake.jpg,Manipulated,,0.0,0.2825,0.2225,1.02,49,1.92,2.94,1.97,5.05,247.67,33.34,301.47,411.55
manipulated\00032_fake.jpg,Manipulated,,0.0001,0.2661,0.0008,1.22,33,1.61,6.9,3.76,7.57,819.25,55.18,885.41,1677.61
manipulated\00035_fake.jpg,Manipulated,,0.0001,0.1651,0.0006,0.68,17,0.93,3.01,1.49,2.08,44.05,39.41,57.69,68.24
manipulated\00041_fake.jpg,Manipulated,,0.0,0.3271,0.0,1.53,42,1.98,13.98,6.38,8.86,1175.71,83.84,1216.23,956.13
manipulated\00044_fake.jpg,Manipulated,,0.0,0.3119,0.0081,0.93,17,1.23,8.17,4.31,8.57,949.28,65.24,917.76,1223.29
manipulated\00047_fake_01.jpg,Manipulated,,0.0001,0.319,0.0,0.56,19,0.9,6.77,4.62,9.42,1171.85,60.25,1180.06,1790.93
manipulated\00047_fake_02.jpg,Manipulated,,0.0001,0.1387,0.0,1.14,17,1.34,17.55,10.37,14.02,3766.92,122.1,4258.82,3024.86
manipulated\00050_fake.jpg,Manipulated,,0.0017,0.2446,0.0002,0.96,16,1.12,7.85,4.08,5.68,605.87,50.88,1068.92,1324.51
manipulated\00057_fake.jpg,Manipulated,,0.0,0.4042,0.0,2.14,62,3.54,14.19,8.17,11.16,2092.26,99.57,2163.78,1363.71
manipulated\00059_fake.jpg,Manipulated,,0.0,0.1613,0.0001,0.78,21,0.94,3.03,2.18,2.86,114.87,41.29,121.33,124.78
manipulated\00065_fake.jpg,Manipulated,,0.0001,0.3538,0.0012,1.39,24,1.53,14.66,8.17,10.85,2322.73,94.03,2129.55,2702.21
manipulated\00073_fake.jpg,Manipulated,,0.0,0.3934,0.0075,0.89,27,1.2,5.51,2.93,5.63,332.83,47.27,331.88,338.19
manipulated\00076_fake.jpg,Manipulated,,0.0,0.1577,0.0,0.84,10,0.87,10.31,3.77,4.15,263.36,71.43,264.71,188.47
manipulated\00079_fake.jpg,Manipulated,,0.0001,0.2635,0.0015,1.4,26,1.78,9.97,5.39,9.78,1356.78,75.21,1329.86,2243.07
manipulated\00088_fake.jpg,Manipulated,,0.0001,0.3384,0.0,1.54,23,1.8,21.93,16.43,21.65,8921.46,165.23,8661.77,7534.3
manipulated\00089_fake.jpg,Manipulated,,0.0,0.3266,0.0004,0.69,11,0.92,2.64,1.15,1.72,29.9,34.35,30.77,28.68
manipulated\00090_fake.jpg,Manipulated,,0.0002,0.2299,0.0003,1.32,16,1.37,6.61,4.35,8.09,767.74,67.55,932.63,1108.47
manipulated\00095_fake.jpg,Manipulated,,0.0,0.3417,0.0,1.17,32,1.7,5.3,2.27,3.55,144.36,38.1,132.56,183.24
manipulated\00097_fake.jpg,Manipulated,,0.0013,0.301,0.007,1.08,24,1.28,13.31,4.8,5.48,603.64,60.45,526.59,453.56
manipulated\00099_fake.jpg,Manipulated,,0.0,0.2051,0.0005,0.97,14,1.01,14.0,5.32,5.7,540.48,81.61,511.47,330.47
manipulated\00104_fake.jpg,Manipulated,,0.0,0.3528,0.0001,2.0,47,2.92,8.09,3.48,5.32,280.37,63.86,285.46,260.46
manipulated\00107_fake.jpg,Manipulated,,0.1158,0.1446,0.0006,0.11,13,0.44,15.13,7.63,10.27,2204.75,89.31,2547.02,1898.24
manipulated\00109_fake.jpg,Manipulated,,0.0157,0.3524,0.0001,1.29,33,1.73,8.3,4.32,6.53,407.7,80.41,484.52,524.66
manipulated\c8t64te_0.jpg,Manipulated,,0.0036,0.3154,0.141,0.57,19,0.97,4.22,2.29,4.11,203.69,36.22,213.3,306.51
manipulated\c8t9rsw_0.jpg,Manipulated,,0.0441,0.3377,0.0299,0.34,18,0.68,3.48,2.04,4.0,192.3,29.73,198.91,307.14
manipulated\c8tt7fg_0.jpg,Manipulated,,0.0003,0.3545,0.0,1.25,101,2.32,6.18,3.16,5.3,482.56,46.24,489.99,886.84
manipulated\c8ttni9_0.jpg,Manipulated,,0.0,0.4,0.0,1.41,83,2.43,6.81,3.15,4.86,300.97,49.81,317.14,398.23
manipulated\c8ttxcu_0.jpg,Manipulated,,0.0,0.3881,0.0,1.25,76,2.27,6.4,3.54,5.83,509.37,50.77,518.69,705.28
manipulated\c8tvsnn_0.jpg,Manipulated,,0.0,0.3084,0.0,1.07,91,2.15,5.96,3.16,5.92,441.28,47.59,453.68,720.42
manipulated\c8twn73_0.jpg,Manipulated,,0.0,0.3382,0.0,1.05,46,1.71,5.72,3.05,4.85,296.58,47.07,312.74,398.95
manipulated\c8twvej_0.jpg,Manipulated,,0.0001,0.3725,0.0,1.28,52,2.05,6.48,3.04,4.83,290.47,48.39,302.92,376.05
manipulated\c8tx1h1_0.jpg,Manipulated,,0.0,0.3132,0.0002,0.55,36,1.11,5.62,2.88,4.84,288.83,45.48,301.29,396.36
manipulated\c8txu5x_0.jpg,Manipulated,,0.0,0.3967,0.0,1.3,51,2.05,5.04,2.79,4.6,271.06,42.88,286.03,375.94
manipulated\c8ty2bs_0.jpg,Manipulated,,0.0,0.2755,0.0307,0.85,28,1.31,4.5,1.7,3.01,77.99,36.91,85.31,92.24
manipulated\c8tzqf0_0.jpg,Manipulated,,0.098,0.2771,0.2064,1.32,68,1.77,7.22,3.23,4.75,398.33,47.74,386.49,560.61
manipulated\c8u0rrz_0.jpg,Manipulated,,0.0004,0.3683,0.0001,2.35,105,3.87,8.9,4.27,6.69,831.56,55.52,819.45,970.35
manipulated\c8u0wl4_0.jpg,Manipulated,,0.0,0.3685,0.0001,2.21,94,3.4,8.97,4.46,7.23,968.61,57.38,939.48,1237.41
manipulated\c8u4gpd_0.jpg,Manipulated,,0.9003,0.206,0.0996,0.99,22,1.26,3.98,1.98,3.19,113.84,44.72,117.17,100.37
manipulated\c8ua0at_0.jpg,Manipulated,,0.0,0.4356,0.0024,1.07,41,1.48,8.35,4.97,8.51,1960.36,58.36,1777.55,6029.8
manipulated\c8uaap3_0.jpg,Manipulated,,0.0738,0.2872,0.0003,1.38,47,1.5,12.63,6.94,8.42,1994.03,67.23,1995.99,1719.95
manipulated\c8uaesm_0.jpg,Manipulated,,0.0543,0.2673,0.0001,0.8,50,1.34,13.35,7.38,8.96,2456.25,69.19,2458.12,2313.03
manipulated\c8ubux0_0.jpg,Manipulated,,0.0104,0.3009,0.028,1.65,21,1.77,14.63,8.56,10.2,3542.89,72.45,3541.57,3389.77
manipulated\c8uc2z3_0.jpg,Manipulated,,0.0008,0.2046,0.0,0.65,27,1.13,11.86,7.85,10.25,3080.29,72.37,3156.99,3158.31
manipulated\c8ucm3b_0.jpg,Manipulated,,0.0297,0.2582,0.0001,1.12,28,1.43,11.73,5.85,6.98,1236.96,64.27,1260.52,1093.88
manipulated\c8ue2m3_0.jpg,Manipulated,,0.0005,0.2016,0.0,0.71,25,1.19,30.02,18.16,18.47,11460.25,160.18,12178.76,9408.94
manipulated\c8ufqah_0.png,Manipulated,,0.0,0.4285,0.0,1.41,59,2.29,9.03,4.59,7.96,883.12,66.32,972.57,1366.91
manipulated\c8ufr4g_0.jpg,Manipulated,,0.0057,0.1399,0.3088,1.16,19,1.08,1.07,1.76,3.27,137.39,27.17,156.28,430.6
manipulated\c8uiv5e_0.jpg,Manipulated,,0.0015,0.1349,0.4258,0.53,19,0.84,1.15,1.81,3.29,139.44,27.88,156.86,427.6
manipulated\c8ulbmf_0.jpg,Manipulated,,0.0,0.2904,0.0,2.41,28,2.46,11.18,6.54,11.31,2538.71,71.57,2523.36,3655.46
manipulated\c8umnyd_0.jpg,Manipulated,,0.0286,0.2695,0.1018,0.49,82,1.26,1.95,3.3,4.45,410.85,35.08,419.13,342.75
manipulated\c8uopdm_0.jpg,Manipulated,,0.0004,0.2698,0.0285,0.75,35,1.16,5.59,2.62,5.11,295.25,43.51,291.78,486.55
manipulated\c8v1094_0.png,Manipulated,,0.034,0.2782,0.0003,0.84,46,1.61,5.98,2.95,5.07,343.64,48.4,356.86,379.31
manipulated\c8v26qj_0.png,Manipulated,,0.0032,0.2146,0.0,0.46,64,0.98,5.7,3.06,5.65,389.35,50.33,396.51,558.82
manipulated\c8v2pbm_0.jpg,Manipulated,,0.0001,0.1493,0.0025,0.24,12,0.6,2.23,1.12,2.61,76.1,19.32,78.48,118.93
manipulated\c8v2xno_0.jpg,Manipulated,,0.0003,0.1847,0.0001,0.83,36,1.71,2.32,1.36,3.04,159.67,19.62,158.16,362.8
manipulated\c8v3tc5_0.png,Manipulated,,0.0087,0.3026,0.0001,0.65,42,1.16,4.46,2.56,4.43,243.29,42.92,268.0,246.84
manipulated\c8v5c8j_0.jpg,Manipulated,,0.0,0.1178,0.414,1.35,70,1.78,4.52,3.8,5.39,463.38,47.48,455.29,432.64
manipulated\c8v70y3_0.png,Manipulated,,0.0049,0.2554,0.0,0.65,29,1.21,5.48,2.81,4.77,282.37,47.34,302.82,292.14
manipulated\c8vemkb_0.jpg,Manipulated,,0.002,0.2322,0.0058,0.08,17,0.4,9.17,4.29,7.6,924.46,63.56,923.33,1333.05
manipulated\c8vepqy_0.jpg,Manipulated,,0.0,0.1952,0.0166,0.48,18,0.9,6.89,2.71,4.31,209.74,52.83,219.94,265.9
manipulated\c8vfd6x_0.jpg,Manipulated,,0.0001,0.2431,0.0315,0.93,54,1.43,9.1,4.2,7.5,886.14,63.77,885.66,1365.81
manipulated\c8vgphr_0.jpg,Manipulated,,0.0,0.2574,0.0003,4.26,110,4.32,12.81,7.61,10.89,2375.56,89.24,2369.12,2097.38
manipulated\c8vi1sj_0.png,Manipulated,,0.0,0.3402,0.0,1.48,44,2.01,8.08,4.55,7.75,910.69,62.74,961.81,1631.6
manipulated\c8viohc_0.jpg,Manipulated,,0.0001,0.2272,0.0037,0.37,32,0.89,5.58,2.15,4.06,200.95,38.46,207.89,301.44
manipulated\c8vizkp_0.jpg,Manipulated,,0.0,0.2476,0.0036,0.31,25,0.78,5.68,2.27,5.12,277.49,40.33,285.26,523.52
manipulated\c8vkbiq_0.jpg,Manipulated,,0.0005,0.1156,0.0829,0.27,8,0.59,4.74,1.73,3.57,140.22,34.25,147.33,240.68
manipulated\c8vkf28_0.jpg,Manipulated,,0.0,0.467,0.023,0.85,29,1.38,9.29,4.12,6.9,879.6,55.36,899.54,1191.14
manipulated\c8vklwm_0.png,Manipulated,,0.0,0.3741,0.0,1.38,50,2.15,8.26,4.49,7.87,940.02,62.47,995.88,1661.52
manipulated\c8vm7al_0.jpg,Manipulated,,0.0,0.3895,0.0,1.41,44,2.07,7.9,4.42,7.87,946.76,61.58,996.04,1663.95
manipulated\c8vnyrx_0.jpg,Manipulated,,0.0,0.3595,0.0,1.41,51,2.01,7.3,3.76,6.64,626.38,55.62,641.33,878.64
manipulated\c8vo3wv_0.jpg,Manipulated,,0.0,0.4918,0.0001,1.31,61,2.72,10.37,4.22,7.19,731.46,62.89,729.56,1212.72
manipulated\c8vol8v_0.jpg,Manipulated,,0.0,0.2439,0.0056,0.34,18,0.75,6.18,2.25,4.3,212.52,41.73,220.76,389.85
manipulated\c8voq23_0.jpg,Manipulated,,0.0009,0.2458,0.0162,1.01,42,1.44,12.33,5.24,8.11,1069.56,75.52,1072.93,1322.45
manipulated\c8vpmfd_0.jpg,Manipulated,,0.0001,0.1668,0.0037,0.33,25,0.81,5.9,2.12,4.0,180.39,39.28,187.44,260.35
manipulated\c8vqhe0_0.jpg,Manipulated,,0.064,0.3091,0.0001,0.84,17,1.25,6.65,2.96,5.36,381.59,47.32,398.54,382.69
manipulated\c8w0a7n_0.jpg,Manipulated,,0.002,0.339,0.0002,1.73,63,2.3,7.89,3.85,6.96,577.71,64.5,573.25,683.71
manipulated\c8w0r2r_0.jpg,Manipulated,,0.0002,0.2285,0.0001,1.23,38,1.56,8.94,4.65,6.68,740.23,59.37,775.95,736.39
manipulated\c8w0y2v_0.jpg,Manipulated,,0.0014,0.2761,0.0,0.99,48,1.65,7.36,4.19,6.67,746.03,51.03,775.76,846.41
manipulated\c8w5v0p_0.jpg,Manipulated,,0.0002,0.2724,0.0,1.21,47,1.77,8.8,4.85,7.41,905.54,59.3,931.64,879.04
manipulated\c8wantc_0.jpg,Manipulated,,0.0005,0.3468,0.0,0.95,31,1.29,8.06,4.0,6.44,687.69,52.93,702.49,990.09
manipulated\c8wars7_0.jpg,Manipulated,,0.0005,0.2641,0.018,0.62,11,0.8,2.9,2.31,3.27,154.36,34.35,157.3,164.99
manipulated\c8wbo4v_0.jpg,Manipulated,,0.0,0.3924,0.0013,1.08,101,2.31,10.76,5.23,8.06,1034.6,69.02,1061.06,1086.31
manipulated\c8wc5ln_0.png,Manipulated,,0.0101,0.31,0.0244,0.62,20,0.95,8.54,3.52,6.11,598.86,47.97,591.11,826.36
manipulated\c8wc6jq_0.png,Manipulated,,0.0106,0.5291,0.3086,1.51,68,2.21,9.4,3.8,6.46,731.82,48.4,759.79,976.32
manipulated\c8wcfx9_0.jpg,Manipulated,,0.0491,0.348,0.0376,1.79,43,2.49,10.92,4.33,5.53,417.89,73.46,440.02,372.25
manipulated\c8wclzm_0.jpg,Manipulated,,0.0028,0.3312,0.0197,0.87,57,1.41,11.15,4.58,7.9,1032.37,59.5,1012.84,1466.72
manipulated\c8wcodr_0.jpg,Manipulated,,0.1609,0.3455,0.3989,2.4,78,3.45,14.89,7.44,10.78,2321.82,85.88,2377.64,1173.32
manipulated\c8wcpg5_0.png,Manipulated,,0.0,0.3553,0.0,1.11,52,2.4,8.1,3.3,6.09,514.74,51.25,519.46,761.77
manipulated\c8wdsc1_0.jpg,Manipulated,,0.0018,0.1518,0.0053,2.82,52,2.49,15.38,8.89,11.02,2523.69,97.66,2578.35,1435.81
manipulated\c8wrczy_0.jpg,Manipulated,,0.0026,0.11,0.4887,0.88,36,1.4,1.72,1.01,2.84,78.83,17.81,85.93,172.56
manipulated\c8wrglm_0.jpg,Manipulated,,0.0,0.3524,0.0,1.75,118,3.82,9.15,6.47,12.54,2370.31,87.77,3290.63,5235.5
manipulated\c8wrw4f_0.jpg,Manipulated,,0.0002,0.1233,0.0019,0.71,28,1.01,1.57,1.72,2.11,57.82,33.45,60.9,46.09
manipulated\c8wry2k_0.jpg,Manipulated,,0.0006,0.2816,0.0017,0.72,34,1.12,4.97,2.28,4.9,284.92,36.19,279.13,435.38
manipulated\c8wt4r2_0.jpg,Manipulated,,0.0,0.2505,0.0,0.31,13,0.6,2.78,1.65,2.88,82.78,33.91,85.35,120.76
manipulated\c8wtc5y_0.jpg,Manipulated,,0.0001,0.3781,0.0001,0.61,40,1.17,4.92,2.77,6.12,452.64,40.38,446.25,659.14
manipulated\c8wte77_0.jpg,Manipulated,,0.0129,0.3353,0.0037,0.36,41,1.06,3.65,1.8,3.61,172.43,29.41,169.64,369.82
manipulated\c8wufvd_0.png,Manipulated,,0.0,0.3782,0.0,1.74,120,3.83,9.26,6.44,12.52,2360.81,87.42,3284.38,5249.4
manipulated\c8wuvts_0.png,Manipulated,,0.0,0.4187,0.0,1.76,120,3.94,9.13,6.49,12.55,2372.58,87.76,3294.29,5244.42
manipulated\c8wvegs_0.jpg,Manipulated,,0.0687,0.2908,0.2873,1.03,68,1.9,3.4,2.21,5.7,253.79,39.83,270.34,476.22
manipulated\c8wwgw2_0.jpg,Manipulated,,0.0487,0.3553,0.1738,0.54,18,0.9,12.0,4.76,7.94,998.58,60.45,1108.86,1472.54
manipulated\c8wwrie_0.jpg,Manipulated,,0.6357,0.2995,0.3988,0.78,32,1.15,5.95,3.49,6.08,660.89,41.81,674.64,1395.69
manipulated\c8wx8en_0.jpg,Manipulated,,0.0,0.1882,0.0001,0.88,56,1.2,2.46,2.28,3.18,135.84,33.82,135.49,241.45
manipulated\c8wxqdn_0.jpg,Manipulated,,0.0002,0.2083,0.0009,0.46,90,1.15,2.73,2.25,4.31,242.67,30.16,251.63,467.51
manipulated\c8wyxuh_0.jpg,Manipulated,,0.0151,0.3691,0.0003,1.62,74,2.3,12.92,5.84,7.71,1192.19,85.18,1140.15,1402.03
manipulated\c8wz8qw_0.jpg,Manipulated,,0.0,0.1019,0.0005,0.3,9,0.57,1.53,1.31,2.09,46.07,25.59,47.14,86.34
manipulated\c8wziyg_0.jpg,Manipulated,,0.0171,0.311,0.0021,0.36,19,0.78,10.62,8.79,15.74,5165.89,89.0,5045.54,6346.9
manipulated\c8x0x1t_0.jpg,Manipulated,,0.0014,0.5164,0.0012,0.63,55,1.79,3.71,3.33,10.23,1214.22,43.12,1222.47,3013.3
manipulated\c8x1pe8_0.jpg,Manipulated,,0.0007,0.3906,0.0005,1.31,73,2.37,6.89,3.64,6.85,669.9,49.54,671.04,815.91
manipulated\c8x27kq_0.jpg,Manipulated,,0.0,0.193,0.0146,0.67,32,1.16,5.16,3.2,5.04,265.27,51.52,279.14,322.14
manipulated\c8x2s20_0.jpg,Manipulated,,0.0003,0.2693,0.0021,0.6,19,0.94,5.55,3.09,6.13,515.73,42.71,505.29,688.02
manipulated\c8x3rcx_0.jpg,Manipulated,,0.0,0.1961,0.0259,0.45,71,1.03,5.3,3.27,5.14,281.76,52.29,296.2,342.59
manipulated\c8x9xkj_0.jpg,Manipulated,,0.0234,0.3197,0.4119,0.55,32,1.04,3.54,2.31,4.21,217.12,38.16,227.97,299.32
manipulated\c8xa1qd_0.jpg,Manipulated,,0.001,0.2492,0.4045,0.75,26,1.08,6.35,3.04,4.92,323.35,47.05,335.63,291.33
manipulated\c8xanp8_0.png,Manipulated,,0.8459,0.4032,0.3793,0.85,61,1.37,4.28,2.17,4.26,213.2,37.89,224.19,284.18
manipulated\c8xbjz3_0.jpg,Manipulated,,0.0001,0.3581,0.0011,1.81,50,2.35,7.08,3.58,6.41,435.36,61.94,427.95,405.32
manipulated\c8xd6bv_0.jpg,Manipulated,,0.0001,0.324,0.1132,0.55,31,1.02,5.2,2.57,4.33,238.65,41.77,247.26,247.92
manipulated\c8xgdhj_0.jpg,Manipulated,,0.0,0.2486,0.0,0.39,19,0.89,8.39,4.08,7.83,750.63,59.81,808.12,958.12
manipulated\c8xgnf4_0.jpg,Manipulated,,0.0059,0.2744,0.0019,0.93,41,1.45,3.9,3.67,5.9,582.55,43.94,578.87,572.57
manipulated\c8xhzdr_0.jpg,Manipulated,,0.0,0.1576,0.0001,1.04,35,1.33,5.15,3.58,6.09,499.67,53.36,489.06,661.46
manipulated\c8xkcsl_0.jpg,Manipulated,,0.0004,0.2122,0.0002,0.75,24,1.12,4.25,2.78,6.4,693.49,34.63,625.76,1454.05
manipulated\c8xtrds_0.jpg,Manipulated,,0.0002,0.2691,0.4288,0.6,23,0.99,6.45,4.77,9.3,1113.47,64.83,1072.41,1538.27
manipulated\c8xujpn_0.jpg,Manipulated,,0.0032,0.1951,0.1806,0.89,25,1.27,2.82,1.71,3.26,132.78,30.82,136.77,206.48
manipulated\c8y2qcw_0.jpg,Manipulated,,0.0003,0.3877,0.0037,1.22,92,1.92,8.58,5.26,8.19,1183.41,68.82,1236.81,1839.9
manipulated\c8y2vvo_0.jpg,Manipulated,,0.0001,0.3216,0.0727,0.77,16,1.05,8.71,4.94,7.73,935.16,69.53,973.91,1308.38
manipulated\c8y31sd_0.jpg,Manipulated,,0.0054,0.393,0.0503,1.47,70,1.96,7.13,4.14,7.04,688.67,59.03,789.24,1074.45
manipulated\c8y3utt_0.jpg,Manipulated,,0.0813,0.3612,0.1742,1.2,45,1.74,8.17,4.47,7.08,691.52,65.32,790.93,993.68
manipulated\c8y55d9_0.jpg,Manipulated,,0.0032,0.4026,0.0021,1.54,50,1.97,7.97,4.87,7.47,1000.91,64.47,1073.84,1484.78
manipulated\c8y9zbo_0.jpg,Manipulated,,0.0005,0.3874,0.0001,1.52,32,1.93,7.64,4.15,6.83,631.39,61.74,733.59,989.36
manipulated\c8yaujz_0.jpg,Manipulated,,0.0001,0.171,0.0115,1.27,29,1.31,4.55,2.48,3.91,196.6,47.97,194.97,390.36
manipulated\c8yb71t_0.jpg,Manipulated,,0.0007,0.3584,0.0012,0.7,18,1.02,7.82,3.99,6.98,597.72,61.88,666.68,815.03
manipulated\c8yc2ry_0.jpg,Manipulated,,0.0,0.2215,0.0001,0.54,8,0.78,4.95,1.97,2.81,76.19,45.0,79.11,78.85
manipulated\c8ydsfu_0.jpg,Manipulated,,0.0012,0.2689,0.0005,1.75,65,2.18,9.26,4.78,7.0,764.25,63.92,766.69,708.65
manipulated\c8ye71b_0.jpg,Manipulated,,0.0011,0.3922,0.0005,1.33,110,1.93,7.91,4.54,7.28,802.59,63.09,903.93,1117.7
manipulated\c8yhtxf_0.jpg,Manipulated,,0.0028,0.1211,0.0,2.54,48,2.65,13.77,6.31,7.89,825.49,100.64,861.51,453.91
manipulated\c8yib78_0.png,Manipulated,,0.0007,0.3399,0.0126,0.96,38,1.49,3.25,1.36,2.69,72.29,28.16,72.76,83.69
manipulated\c8yipuf_0.jpg,Manipulated,,0.0002,0.2334,0.0001,1.38,58,2.42,8.04,3.91,7.6,852.01,62.69,926.75,1686.36
manipulated\c8yjs3y_0.jpg,Manipulated,,0.0004,0.2734,0.04,0.91,42,1.62,5.09,2.61,5.85,287.12,48.01,294.49,417.8
manipulated\c8yjscj_0.png,Manipulated,,0.0006,0.1854,0.0485,1.27,30,1.3,4.16,2.08,4.89,243.73,33.6,240.78,405.71
manipulated\c8yjv4u_0.jpg,Manipulated,,0.0,0.0844,0.0008,1.41,20,1.34,4.66,3.51,4.86,365.04,48.14,367.35,539.33
manipulated\c8ynnae_0.jpg,Manipulated,,0.0,0.1382,0.0707,1.85,32,1.85,4.66,4.4,5.38,541.59,50.82,535.26,521.78
manipulated\c8ypb15_0.jpg,Manipulated,,0.0014,0.3068,0.0044,1.5,41,2.17,4.71,2.99,6.96,570.53,43.98,542.37,825.22
manipulated\c8yqawk_0.png,Manipulated,,0.0066,0.1932,0.4303,1.67,36,1.89,4.88,2.84,5.58,538.93,39.44,522.0,806.27
manipulated\c8yv0ld_0.jpg,Manipulated,,0.0787,0.3823,0.0386,0.44,34,0.87,3.65,2.57,4.8,287.24,35.11,314.16,370.91
manipulated\c8z1qqq_0.jpg,Manipulated,,0.0002,0.191,0.0002,0.94,32,1.53,7.01,4.24,8.54,1016.48,49.6,977.8,936.77
manipulated\c8z27jg_0.jpg,Manipulated,,0.0001,0.2393,0.2773,0.54,63,1.48,3.9,4.21,13.2,3100.68,40.44,3143.48,6710.09
manipulated\c8z2itj_0.jpg,Manipulated,,0.0001,0.1113,0.3275,2.47,25,2.18,28.31,10.34,9.4,2742.46,108.53,2758.52,1529.18
manipulated\c8z31h1_0.jpg,Manipulated,,0.0006,0.3548,0.0568,1.59,93,2.56,3.58,3.38,7.9,729.81,46.47,650.67,1126.64
manipulated\c8z3et9_0.jpg,Manipulated,,0.0009,0.1059,0.2758,0.6,108,2.43,1.84,2.1,7.84,1046.54,24.54,1057.28,3668.76
manipulated\c8z3l9n_0.jpg,Manipulated,,0.0,0.2858,0.0269,1.42,95,2.36,4.81,3.7,8.57,930.06,48.48,885.2,1437.71
manipulated\c8z3m7v_0.jpg,Manipulated,,0.0,0.2276,0.262,0.85,32,1.61,4.85,3.24,7.36,734.63,42.22,771.38,1211.13
manipulated\c8z4ldo_0.jpg,Manipulated,,0.0009,0.3635,0.2321,0.39,40,0.8,4.07,3.07,7.82,791.36,39.04,815.86,1578.61
manipulated\c8z4o30_0.jpg,Manipulated,,0.0037,0.25,0.3186,0.47,90,0.99,2.14,2.23,5.58,477.71,29.16,483.52,811.82
manipulated\c8z50ak_0.png,Manipulated,,0.0012,0.1189,0.2782,0.39,62,1.13,1.71,1.81,5.66,399.83,23.83,407.31,800.82
manipulated\c8zax0v_0.jpg,Manipulated,,0.0226,0.1887,0.0084,0.59,23,1.11,2.01,2.01,3.73,195.64,27.62,198.27,456.91
manipulated\c8zexo2_0.jpg,Manipulated,,0.0,0.1298,0.0096,3.69,83,3.85,13.11,7.61,9.77,2025.54,85.88,1945.42,1977.83
manipulated\c8zezwq_0.jpg,Manipulated,,0.0042,0.183,0.3957,0.76,18,1.02,8.89,4.67,6.78,777.23,63.36,788.75,1052.77
manipulated\c8zf0hg_0.jpg,Manipulated,,0.0001,0.2631,0.0005,2.25,62,2.78,7.4,3.55,5.34,444.37,50.7,467.84,445.82
manipulated\c8zg45r_0.jpg,Manipulated,,0.0018,0.1518,0.391,0.42,7,0.63,5.09,2.5,2.77,97.12,54.68,112.04,70.19
manipulated\c8zj217_0.jpg,Manipulated,,0.0,0.2638,0.0004,0.62,21,1.01,7.24,3.33,7.26,614.22,52.54,791.42,1339.03
manipulated\c8zj234_0.jpg,Manipulated,,0.0,0.4275,0.0001,2.56,82,4.27,11.41,5.26,7.92,1305.47,58.86,1306.27,1761.29
manipulated\c8zjhlp_0.jpg,Manipulated,,0.0003,0.2329,0.0002,4.26,153,6.35,16.08,10.6,15.79,4733.87,119.02,4737.27,2965.28
manipulated\c8zjp3h_0.jpg,Manipulated,,0.0,0.264,0.0071,0.58,12,0.89,5.26,2.42,5.08,269.54,43.87,266.15,493.69
manipulated\c8zmf37_0.jpg,Manipulated,,0.0055,0.247,0.0192,0.89,60,1.59,5.98,2.88,5.62,444.87,50.95,447.07,800.3
manipulated\c8zpxv6_0.jpg,Manipulated,,0.0001,0.326,0.003,0.74,52,1.35,5.15,2.5,5.72,385.81,42.96,377.11,869.2
manipulated\c8zqh4c_0.jpg,Manipulated,,0.0626,0.1445,0.0182,0.65,36,1.06,1.78,0.99,2.41,64.49,20.93,64.36,191.92
manipulated\c8zsg4j_0.jpg,Manipulated,,0.0531,0.2925,0.0033,0.84,24,1.15,3.24,1.74,4.63,282.18,33.48,300.44,823.6
manipulated\c8zsnr4_0.png,Manipulated,,0.0001,0.2895,0.0006,5.8,62,5.5,12.27,6.82,8.91,1879.22,70.87,1871.18,1504.53
manipulated\c8zstoa_0.jpg,Manipulated,,0.0003,0.2047,0.0001,0.63,32,1.16,21.52,10.68,11.69,3617.41,113.72,3682.97,2045.39
manipulated\c8zt718_0.png,Manipulated,,0.0,0.2051,0.3359,0.66,31,1.26,2.14,1.26,3.75,139.99,21.45,129.88,312.31
manipulated\c8zta7f_0.jpg,Manipulated,,0.0,0.1062,0.0,0.52,21,0.85,1.5,1.11,2.07,44.89,26.39,47.7,93.2
manipulated\c8ztmnk_0.jpg,Manipulated,,0.0,0.4085,0.0,1.16,34,1.45,21.11,13.39,17.74,5524.68,149.92,5405.42,6371.35
manipulated\c8zttpz_0.png,Manipulated,,0.0001,0.2552,0.0366,1.79,46,2.19,8.31,5.07,9.57,1353.26,64.04,1270.43,1109.61
manipulated\c8ztu03_0.jpg,Manipulated,,0.0,0.0568,0.3021,0.51,43,1.46,3.38,1.36,4.46,223.03,22.34,198.3,436.1
manipulated\c8zu1fj_0.jpg,Manipulated,,0.0006,0.3634,0.0001,2.16,63,2.58,17.82,8.2,11.28,2317.92,112.48,2459.86,1982.64
manipulated\c8zuhhz_0.jpg,Manipulated,,0.0,0.3868,0.089,1.39,61,2.19,4.35,2.39,4.78,356.17,39.81,339.2,558.4
manipulated\c8zv3tl_0.jpg,Manipulated,,0.0002,0.224,0.0012,1.65,72,2.29,8.68,5.86,8.58,1275.4,70.81,1412.29,1529.81
manipulated\c8zvzmp_0.jpg,Manipulated,,0.0004,0.1637,0.0003,1.21,65,1.77,2.64,1.83,4.41,223.0,35.15,233.11,467.58
manipulated\c8zw8i7_0.jpg,Manipulated,,0.0003,0.2454,0.0305,1.61,65,2.82,5.3,2.94,5.99,422.97,46.79,374.86,567.98
manipulated\c8zwpv6_0.jpg,Manipulated,,0.0,0.3632,0.0024,1.31,50,1.97,4.28,2.39,5.2,297.55,40.64,269.95,440.39
manipulated\c8zymv9_0.jpg,Manipulated,,0.0095,0.2107,0.0003,2.2,43,2.48,20.88,6.78,8.27,1213.89,98.97,1223.79,1491.06
manipulated\c9026js_0.jpg,Manipulated,,0.9994,0.2933,0.3829,1.7,29,1.83,9.53,4.75,8.07,784.06,72.53,788.79,746.47
manipulated\c90580v_0.jpg,Manipulated,,0.0152,0.2078,0.0005,2.47,62,2.75,8.12,4.18,4.94,458.17,55.24,454.27,588.96
manipulated\c908vvn_0.jpg,Manipulated,,0.2595,0.1262,0.0014,0.55,38,1.04,1.19,0.97,1.69,31.26,22.18,33.36,60.26
manipulated\c908yxz_0.jpg,Manipulated,,0.0,0.3726,0.0001,0.58,34,1.14,1.86,1.81,3.42,139.57,26.44,148.57,186.39
manipulated\c909zbe_0.jpg,Manipulated,,0.0,0.2892,0.3366,0.03,7,0.2,2.18,1.98,3.72,170.13,28.47,179.78,280.98
manipulated\c90c2o3_0.jpg,Manipulated,,0.1039,0.1288,0.0026,0.63,39,1.13,1.18,0.99,1.66,30.33,22.26,32.28,50.37
manipulated\c90cqnr_0.jpg,Manipulated,,0.0002,0.3612,0.0002,0.92,38,1.65,15.01,7.22,9.67,1254.41,111.8,1461.91,1520.0
manipulated\c90d7x7_0.jpg,Manipulated,,0.0698,0.3982,0.0037,1.24,74,1.97,6.24,2.79,4.75,329.41,48.02,338.23,459.01
manipulated\c90d9fr_0.jpg,Manipulated,,0.1652,0.2422,0.0009,0.78,146,1.65,1.84,1.34,3.51,151.44,26.62,157.31,782.15
manipulated\c90dflh_0.jpg,Manipulated,,0.1,0.3311,0.2088,0.87,30,1.21,7.68,2.84,5.29,366.59,43.02,405.81,593.03
manipulated\c90do08_0.jpg,Manipulated,,0.0,0.2747,0.0,1.97,63,2.73,23.21,19.23,22.2,11322.6,181.15,10120.44,5349.29
manipulated\c90dujh_0.jpg,Manipulated,,0.0006,0.3048,0.009,0.54,25,0.77,1.89,1.87,3.09,148.76,26.17,166.46,282.74
manipulated\c90dutg_0.jpg,Manipulated,,0.0,0.331,0.0,1.94,68,2.87,10.75,4.68,6.91,630.5,71.76,677.41,570.37
manipulated\c90ef5n_0.jpg,Manipulated,,0.0011,0.2788,0.0885,0.56,13,0.85,9.47,3.54,5.55,425.83,55.57,448.61,514.92
manipulated\c90eken_0.jpg,Manipulated,,0.0005,0.2927,0.0011,0.84,26,1.19,9.21,3.63,5.97,523.73,53.92,557.18,715.01
manipulated\c90hy8l_0.jpg,Manipulated,,0.1588,0.1277,0.0019,0.64,60,1.13,1.38,1.05,1.94,44.62,23.05,46.97,165.17
manipulated\c90i4n3_0.jpg,Manipulated,,0.0002,0.2368,0.0004,1.65,52,2.25,11.13,5.11,5.92,664.47,73.74,657.78,527.86
manipulated\c90k1ai_0.jpg,Manipulated,,0.0321,0.466,0.3188,1.45,27,1.7,10.61,7.75,10.75,2837.28,77.39,2888.06,3018.19
manipulated\c90lr6w_0.jpg,Manipulated,,0.9779,0.1641,0.3945,0.77,36,1.17,2.76,1.25,3.48,93.15,27.45,95.55,209.19
manipulated\c90mtx6_0.jpg,Manipulated,,0.0153,0.3663,0.0019,1.24,52,2.18,5.48,3.03,5.96,470.31,44.84,470.02,376.03
manipulated\c90n1qm_0.jpg,Manipulated,,0.0004,0.2375,0.4284,1.14,44,1.39,8.68,4.38,5.56,634.91,58.54,612.19,724.96
manipulated\c90o4ei_0.jpg,Manipulated,,0.001,0.227,0.0123,0.86,23,1.02,9.13,4.15,5.19,548.17,57.66,529.87,612.3
manipulated\c90oh9u_0.jpg,Manipulated,,0.0033,0.3177,0.0,1.19,65,2.21,9.17,4.67,8.72,1025.53,65.11,1112.7,845.5
manipulated\c90okur_0.jpg,Manipulated,,0.0056,0.5388,0.0001,0.98,62,2.17,4.14,2.15,6.08,406.92,36.56,408.47,411.1
manipulated\c90omlo_0.jpg,Manipulated,,0.1027,0.1997,0.0861,0.78,25,1.18,7.83,5.24,8.88,1118.75,65.24,1127.55,1615.47
manipulated\c90prjy_0.jpg,Manipulated,,0.0146,0.3351,0.0025,1.2,50,2.22,5.43,3.01,5.95,467.62,44.62,466.47,375.07
manipulated\c90pt3k_0.jpg,Manipulated,,0.0274,0.367,0.0029,1.24,52,2.18,5.43,3.01,5.91,463.27,44.45,461.78,367.32
manipulated\c90pv3g_0.png,Manipulated,,0.0006,0.2295,0.0,0.45,31,0.87,4.5,2.51,4.66,290.26,41.48,273.28,471.89
manipulated\c90q0i2_0.jpg,Manipulated,,0.0112,0.2791,0.0034,0.47,29,1.1,5.66,3.2,6.26,506.29,47.7,520.13,519.23
manipulated\c90q79y_0.jpg,Manipulated,,0.0134,0.295,0.0095,0.95,34,1.53,5.43,2.96,5.84,446.5,44.23,445.83,351.84
manipulated\c90ra8t_0.jpg,Manipulated,,0.1607,0.322,0.2642,2.55,75,3.77,12.21,5.1,8.13,814.52,78.49,847.8,404.49
manipulated\c90rlp6_0.jpg,Manipulated,,0.9929,0.317,0.3516,0.98,40,1.38,9.06,4.22,7.31,589.68,65.54,602.1,572.73
manipulated\c90sb3t_0.jpg,Manipulated,,0.0227,0.2463,0.0043,1.86,24,1.89,8.55,4.47,7.42,825.99,61.26,835.26,378.06
manipulated\c90yb6c_0.jpg,Manipulated,,0.0001,0.3508,0.0046,1.31,53,2.0,8.69,5.89,12.07,1974.83,76.32,2267.51,2800.61
manipulated\c90z7wb_0.png,Manipulated,,0.0172,0.2954,0.1552,1.49,39,1.85,7.81,3.83,7.67,603.43,59.7,671.61,697.71
manipulated\c90zh16_0.jpg,Manipulated,,0.0003,0.2125,0.0005,0.79,25,1.11,4.68,3.12,4.95,375.2,40.02,344.35,374.17
manipulated\c90zhs7_0.jpg,Manipulated,,0.0001,0.1076,0.001,1.21,83,1.78,0.88,0.99,2.3,65.37,16.23,65.57,196.06
manipulated\c910bn6_0.jpg,Manipulated,,0.0769,0.2299,0.0006,2.25,75,2.56,18.43,6.55,6.87,1005.87,85.71,1002.21,692.13
manipulated\c910wxp_0.jpg,Manipulated,,0.0001,0.363,0.0301,0.91,27,1.39,7.74,4.14,6.91,653.74,52.03,662.87,758.23
manipulated\c911e7z_0.jpg,Manipulated,,0.0011,0.2636,0.058,0.44,41,1.14,3.55,1.65,3.71,158.04,32.04,165.7,290.97
manipulated\c911vlp_0.jpg,Manipulated,,0.0024,0.3155,0.0072,0.47,38,1.09,4.86,2.09,3.73,155.67,44.48,171.82,229.86
manipulated\c912un2_0.jpg,Manipulated,,0.2637,0.3753,0.001,0.77,31,1.02,7.61,3.86,5.76,601.84,51.54,617.7,694.69
manipulated\c9132um_0.jpg,Manipulated,,0.0,0.2827,0.0,0.78,27,1.21,12.51,6.62,8.69,1246.2,88.62,1188.3,763.64
manipulated\c91338s_0.jpg,Manipulated,,0.0004,0.3146,0.0003,0.58,29,1.07,5.08,2.3,4.09,198.76,45.81,213.94,319.35
manipulated\c9163k4_0.jpg,Manipulated,,0.0027,0.2499,0.0125,0.86,40,1.16,4.78,2.9,5.22,325.3,47.48,340.34,367.26
manipulated\c91681h_0.jpg,Manipulated,,0.0195,0.1855,0.3462,0.82,82,1.53,1.75,1.41,3.76,215.67,28.1,233.07,772.74
manipulated\c9187tg_0.jpg,Manipulated,,0.0139,0.3206,0.0813,1.47,37,2.25,10.19,10.71,19.18,4727.25,128.09,4919.38,3409.4
manipulated\c919ztm_0.jpg,Manipulated,,0.0017,0.2757,0.006,0.06,14,0.34,4.86,2.16,3.83,171.12,44.81,186.32,248.38
manipulated\c91g0zs_0.jpg,Manipulated,,0.0639,0.4665,0.1535,0.08,10,0.32,9.63,5.43,10.55,1824.03,73.34,1859.73,2585.39
manipulated\c91g223_0.jpg,Manipulated,,0.0125,0.2331,0.0029,1.25,43,1.56,5.21,3.69,4.74,351.55,52.19,366.26,302.51
manipulated\c91gqec_0.jpg,Manipulated,,0.0034,0.381,0.0005,1.31,47,1.89,10.24,5.51,9.77,1403.95,74.71,1352.26,1656.34
manipulated\c91h0oh_0.png,Manipulated,,0.0018,0.3869,0.0092,0.78,44,1.27,7.44,3.39,5.1,368.69,57.3,374.65,345.85
manipulated\c91h8oi_0.jpg,Manipulated,,0.0001,0.3782,0.0,0.58,30,1.13,5.21,5.06,5.53,869.65,51.03,888.44,613.46
manipulated\c91hclm_0.jpg,Manipulated,,0.0,0.1733,0.0127,0.95,14,0.98,5.96,4.09,4.95,564.83,53.06,582.47,449.63
manipulated\c91kvfk_0.jpg,Manipulated,,0.0005,0.3568,0.0001,1.37,47,1.89,2.85,2.28,5.19,290.44,35.42,304.34,351.95
manipulated\c91lgra_0.jpg,Manipulated,,0.0008,0.2931,0.0007,0.67,43,1.15,3.71,2.14,4.42,206.85,40.73,215.39,194.55
manipulated\c91lxbv_0.jpg,Manipulated,,0.0003,0.1678,0.0024,1.29,41,1.37,17.75,6.61,6.93,964.85,87.27,991.55,850.87
manipulated\c91mttb_0.png,Manipulated,,0.0024,0.3001,0.0,2.44,137,4.29,8.3,6.03,12.09,1970.88,76.66,1960.63,2525.0
manipulated\c91nl9x_0.jpg,Manipulated,,0.0046,0.3024,0.0001,1.83,93,2.87,2.22,1.97,5.07,343.42,30.97,351.02,874.85
manipulated\c91o1ca_0.jpg,Manipulated,,0.0001,0.3617,0.0003,1.05,96,1.94,3.71,2.39,5.14,281.91,37.46,310.22,347.27
manipulated\c91o8wl_0.jpg,Manipulated,,0.3225,0.1885,0.1593,0.95,32,1.37,10.65,5.52,9.64,1179.33,85.29,1322.39,1531.69
manipulated\c91oecj_0.jpg,Manipulated,,0.0001,0.3434,0.0001,1.06,41,1.68,3.07,2.17,4.6,237.5,34.7,236.59,524.12
manipulated\c91ot4e_0.jpg,Manipulated,,0.0009,0.301,0.0002,1.08,122,2.56,4.26,2.54,5.75,388.76,44.26,401.2,702.67
manipulated\c91pkp5_0.jpg,Manipulated,,0.0,0.2883,0.0004,1.06,49,1.83,6.26,4.22,8.57,1154.25,52.89,1122.56,1623.46
manipulated\c91qncg_0.jpg,Manipulated,,0.0008,0.2949,0.0001,0.71,17,1.08,2.64,2.08,4.68,228.06,32.79,241.4,224.23
manipulated\c91s2tg_0.jpg,Manipulated,,0.0007,0.1817,0.0282,0.34,14,0.67,1.54,1.24,1.87,42.09,26.88,46.24,81.9
manipulated\c91t61z_0.jpg,Manipulated,,0.0,0.0492,0.0008,0.03,7,0.21,1.24,0.8,2.31,66.24,25.6,69.73,448.7
manipulated\c91tgga_0.jpg,Manipulated,,0.0072,0.5391,0.0108,0.97,126,3.98,10.59,6.26,10.67,1914.81,80.88,1904.47,1922.34
manipulated\c91ujvf_0.jpg,Manipulated,,0.8047,0.3815,0.0003,2.37,136,5.45,5.46,3.85,7.92,1165.02,45.01,1167.73,2308.53
manipulated\c91wof4_0.jpg,Manipulated,,0.0019,0.3497,0.0,2.19,80,2.94,7.8,3.16,4.2,220.29,63.76,220.13,311.77
manipulated\c91x9y7_0.jpg,Manipulated,,0.7944,0.4107,0.0008,2.55,132,5.3,6.06,4.13,7.89,1137.57,48.68,1141.02,2159.05
manipulated\c91z2wh_0.jpg,Manipulated,,0.0018,0.059,0.0021,0.31,15,0.62,4.6,2.3,4.76,346.0,29.75,370.02,850.69
manipulated\c923dj8_0.jpg,Manipulated,,0.1275,0.4884,0.0021,2.21,134,5.04,8.68,5.53,10.33,2025.88,62.74,2031.13,3236.85
manipulated\c925i21_0.jpg,Manipulated,,0.0394,0.368,0.0009,0.87,18,1.18,5.27,3.07,6.48,591.66,44.45,599.97,787.53
manipulated\c9266q1_0.jpg,Manipulated,,0.0017,0.1892,0.0001,1.23,34,1.48,3.31,2.78,5.53,403.47,34.94,426.64,666.35
manipulated\c926it4_0.jpg,Manipulated,,0.0012,0.3673,0.0015,0.95,71,1.51,6.41,3.01,5.57,343.19,47.36,375.65,537.95
manipulated\c928p9k_0.png,Manipulated,,0.0001,0.2172,0.0001,2.42,77,3.22,5.15,3.09,6.08,695.96,52.62,699.7,1208.17
manipulated\c929r39_0.jpg,Manipulated,,0.0015,0.2938,0.4146,0.57,18,0.83,6.95,3.15,4.39,323.18,48.54,354.0,454.3
manipulated\c92a3eh_0.jpg,Manipulated,,0.0001,0.1711,0.089,0.28,16,0.59,3.21,1.83,3.02,117.34,32.97,124.24,216.63
manipulated\c92ai3g_0.png,Manipulated,,0.0053,0.3363,0.0,0.7,27,1.3,5.72,4.38,10.06,1614.28,58.58,1419.06,1862.22
manipulated\c92atfy_0.jpg,Manipulated,,0.0,0.302,0.0004,1.42,46,1.88,4.81,3.84,9.88,1261.99,41.17,1276.03,1312.68
manipulated\c92cabj_0.jpg,Manipulated,,0.0134,0.3485,0.0001,1.39,59,1.85,5.65,3.58,6.95,632.67,47.4,626.24,826.37
manipulated\c92cltu_0.jpg,Manipulated,,0.0013,0.3278,0.0003,1.33,46,1.66,3.78,2.81,6.31,507.19,37.39,525.97,770.61
manipulated\c92coio_0.jpg,Manipulated,,0.015,0.1285,0.0154,0.05,5,0.26,3.11,4.0,4.97,846.54,36.3,862.83,710.4
manipulated\c92dxhr_0.jpg,Manipulated,,0.0,0.2714,0.005,1.9,56,2.25,5.38,2.74,5.11,323.41,47.94,320.54,336.17
manipulated\c92ebc2_0.jpg,Manipulated,,0.0003,0.1499,0.0004,0.34,53,1.12,1.44,1.61,4.79,400.04,23.42,397.57,1611.2
manipulated\c92glob_0.jpg,Manipulated,,0.004,0.2036,0.0001,0.53,14,0.82,3.64,2.35,4.29,220.05,38.51,220.83,269.58
manipulated\c92gt3h_0.jpg,Manipulated,,0.0001,0.3403,0.0011,1.42,75,2.3,5.04,2.79,6.76,595.69,44.04,558.97,1092.04
manipulated\c92gvqy_0.jpg,Manipulated,,0.0002,0.3726,0.2304,3.12,117,4.88,15.75,10.87,10.52,3064.34,88.08,3048.09,2861.58
manipulated\c92jm4u_0.jpg,Manipulated,,0.0002,0.2368,0.4291,0.59,29,0.9,7.41,3.4,5.07,433.31,51.35,464.46,664.21
manipulated\c92lydr_0.jpg,Manipulated,,0.0004,0.3504,0.1625,0.47,38,0.9,6.81,3.15,4.42,331.48,48.01,366.78,513.92
manipulated\c92m6qm_0.png,Manipulated,,0.1627,0.3643,0.0026,1.42,63,3.17,4.44,3.82,10.3,1177.48,51.43,1018.32,1533.14
manipulated\c92n9gt_0.png,Manipulated,,0.0001,0.2461,0.0026,0.31,28,0.97,12.23,5.99,10.26,1614.14,82.92,1813.43,2023.3
manipulated\c92nwb3_0.jpg,Manipulated,,0.0,0.0709,0.0002,1.58,57,1.94,2.59,1.75,3.56,139.67,27.23,147.36,252.32
manipulated\c92onbn_0.png,Manipulated,,0.0003,0.3195,0.001,0.52,23,0.93,12.3,5.73,9.37,1276.46,80.94,1480.93,1591.87
manipulated\c92p68x_0.jpg,Manipulated,,0.0003,0.276,0.0005,0.49,51,1.07,11.94,5.69,9.46,1299.22,80.2,1502.28,1597.3
manipulated\c92pqca_0.jpg,Manipulated,,0.0004,0.4234,0.0009,1.28,49,2.16,12.48,5.79,9.34,1354.03,78.94,1530.69,1622.46
manipulated\c92q0xi_0.jpg,Manipulated,,0.0001,0.0413,0.0005,0.28,12,0.58,0.65,0.86,1.7,37.52,17.66,37.27,227.8
manipulated\c92q0yd_0.jpg,Manipulated,,0.0001,0.3753,0.0417,2.28,84,3.67,9.57,7.26,12.23,2410.01,85.05,2390.73,1889.14
manipulated\c92q4n1_0.jpg,Manipulated,,0.0003,0.2148,0.0002,2.54,97,2.89,11.2,4.68,5.95,496.23,75.55,517.8,690.92
manipulated\c92qhl9_0.jpg,Manipulated,,0.0002,0.3361,0.0009,0.68,38,1.26,11.62,5.47,9.21,1216.28,78.19,1427.72,1607.23
manipulated\c92qres_0.jpg,Manipulated,,0.0309,0.0904,0.0431,0.8,36,1.14,0.95,0.87,2.09,51.13,16.1,48.11,150.25
manipulated\c92qw48_0.jpg,Manipulated,,0.0001,0.3164,0.0007,1.02,74,1.65,12.08,5.8,9.56,1347.66,81.14,1555.17,1639.14
manipulated\c92qy35_0.png,Manipulated,,0.0,0.4416,0.0007,0.96,93,1.85,7.56,5.22,11.53,1813.47,66.27,1826.01,2399.0
manipulated\c92rwnu_0.png,Manipulated,,0.0011,0.3918,0.0017,0.48,46,1.17,12.09,5.67,9.34,1256.05,80.55,1462.58,1597.51
manipulated\c92s0oq_0.jpg,Manipulated,,0.0001,0.2664,0.0002,1.05,28,1.16,3.54,2.17,5.52,337.2,40.8,327.29,747.51
manipulated\c92s1zk_0.jpg,Manipulated,,0.0,0.2605,0.0014,0.56,25,0.87,2.92,1.75,4.25,183.04,33.62,186.89,311.81
manipulated\c92slcj_0.jpg,Manipulated,,0.0003,0.1774,0.0006,0.15,23,0.6,11.54,5.65,9.47,1315.98,78.61,1520.86,1609.03
manipulated\c92sqgw_0.jpg,Manipulated,,0.0001,0.3057,0.0013,0.69,57,1.37,11.81,5.64,9.4,1269.06,79.35,1474.78,1596.52
manipulated\c92us74_0.jpg,Manipulated,,0.0,0.2053,0.0002,0.57,20,0.93,2.89,1.84,4.27,187.31,34.64,191.11,317.12
manipulated\c92uvo3_0.jpg,Manipulated,,0.0002,0.3842,0.0009,0.76,77,1.6,11.79,5.65,9.37,1264.56,79.84,1470.47,1587.44
manipulated\c92wjsi_0.jpg,Manipulated,,0.0004,0.1967,0.0761,0.79,29,1.03,5.04,2.8,3.31,162.52,49.68,157.11,169.26
manipulated\c92wo0u_0.jpg,Manipulated,,0.0,0.4453,0.0011,1.12,35,1.74,7.79,5.09,10.59,1556.28,64.57,1450.84,1882.0
manipulated\c92xk95_0.jpg,Manipulated,,0.0,0.2723,0.0,0.6,16,0.86,2.96,1.77,4.32,192.77,34.19,197.78,334.66
manipulated\c92zq41_0.jpg,Manipulated,,0.0052,0.2115,0.0134,0.87,46,1.14,1.8,1.1,2.17,50.64,21.4,63.74,125.19
manipulated\c92zvkq_0.jpg,Manipulated,,0.0984,0.2315,0.4137,0.73,17,0.94,3.37,1.62,2.28,68.91,34.04,74.6,68.75
manipulated\c9306r3_0.jpg,Manipulated,,0.0001,0.2851,0.0003,0.6,11,0.81,5.48,2.43,3.89,193.28,49.12,203.79,205.23
manipulated\c930hby_0.png,Manipulated,,0.0002,0.2233,0.0001,0.63,45,1.06,3.51,1.82,3.06,129.16,40.73,129.69,216.83
manipulated\c933r08_0.jpg,Manipulated,,0.0003,0.3537,0.0001,1.1,48,1.71,5.36,3.92,7.43,760.95,51.5,765.93,1026.79
manipulated\c934im7_0.jpg,Manipulated,,0.0,0.4734,0.0,2.15,71,3.06,8.38,5.89,10.29,1753.55,73.61,1573.69,1970.79
manipulated\c9350xa_0.jpg,Manipulated,,0.0014,0.3432,0.0001,1.02,27,1.39,4.75,3.69,7.26,705.6,49.51,716.34,991.39
manipulated\c935pb2_0.jpg,Manipulated,,0.0002,0.3543,0.0,3.14,108,5.45,13.01,9.44,13.0,3443.8,100.44,3483.43,2976.85
manipulated\c936lfy_0.jpg,Manipulated,,0.0,0.3538,0.0002,1.12,98,2.04,5.74,4.25,7.94,850.63,56.4,852.64,1175.7
manipulated\c936xo5_0.png,Manipulated,,0.0019,0.3975,0.0003,1.49,58,1.8,4.73,3.58,6.86,645.72,47.92,666.89,841.05
manipulated\c938omt_0.png,Manipulated,,0.0062,0.3877,0.0002,1.43,34,1.58,4.58,3.63,7.09,690.84,48.36,735.57,880.98
manipulated\c93czl5_0.jpg,Manipulated,,0.0,0.1973,0.0009,0.9,44,1.75,8.1,4.59,6.34,866.41,59.08,865.09,985.82
manipulated\c93e2q1_0.png,Manipulated,,0.0,0.2223,0.005,3.86,105,4.25,15.5,9.5,12.51,3892.29,88.11,3997.18,3770.42
manipulated\c93f747_0.jpg,Manipulated,,0.0,0.2061,0.0336,0.52,32,0.93,4.43,2.52,5.4,323.17,44.72,327.49,611.58
manipulated\c93ft3o_0.jpg,Manipulated,,0.0002,0.2016,0.0052,0.61,14,0.88,3.17,1.91,3.79,139.85,33.6,164.43,297.47
manipulated\c93g8n1_0.jpg,Manipulated,,0.0004,0.2615,0.0,1.14,55,1.88,17.39,8.38,9.96,2016.0,98.41,2150.52,1314.74
manipulated\c93hbzp_0.png,Manipulated,,0.0001,0.0552,0.3301,0.63,73,1.71,2.46,1.48,4.42,231.77,22.36,243.39,525.64
manipulated\c93hgyn_0.jpg,Manipulated,,0.0003,0.3018,0.0534,1.99,98,2.91,8.16,4.01,7.05,621.32,62.15,638.75,992.04
manipulated\c93hwyp_0.jpg,Manipulated,,0.0108,0.3618,0.0492,0.86,29,1.19,3.0,2.0,4.32,259.29,29.31,268.88,491.73
manipulated\c93i12g_0.jpg,Manipulated,,0.0007,0.0291,0.0001,0.02,13,0.21,0.68,0.91,2.59,83.68,12.83,83.06,379.97
manipulated\c93idi8_0.jpg,Manipulated,,0.0198,0.2301,0.0935,0.92,21,1.05,2.58,1.27,2.12,49.29,27.94,69.89,115.41
manipulated\c93ie4w_0.jpg,Manipulated,,0.0221,0.2667,0.2797,2.2,70,3.03,6.99,2.6,5.17,345.99,56.13,350.12,691.12
manipulated\c93is7s_0.jpg,Manipulated,,0.0,0.2054,0.3437,0.05,7,0.3,5.26,2.88,5.86,398.03,49.3,400.27,639.66
manipulated\c93j7x2_0.jpg,Manipulated,,0.0,0.2248,0.2422,0.79,41,1.11,4.42,2.5,5.25,301.88,44.38,307.44,546.91
manipulated\c93k770_0.jpg,Manipulated,,0.0,0.0328,0.0002,0.32,15,0.71,1.78,1.17,3.56,131.71,17.84,140.41,289.35
manipulated\c93kbyf_0.jpg,Manipulated,,0.3596,0.2933,0.0202,0.68,12,0.83,8.38,3.72,4.79,422.26,55.2,405.75,422.55
manipulated\c93ls41_0.jpg,Manipulated,,0.0001,0.2161,0.0001,1.08,72,1.84,7.82,3.57,6.11,449.09,61.48,669.55,1510.34
manipulated\c93me8y_0.png,Manipulated,,0.0248,0.3573,0.0295,0.82,54,2.07,3.02,2.89,10.79,1321.07,38.34,1395.96,2385.79
manipulated\c93mz9d_0.jpg,Manipulated,,0.0006,0.5145,0.0019,1.29,63,2.48,4.92,2.52,6.75,572.81,34.04,578.83,796.54
manipulated\c93p653_0.jpg,Manipulated,,0.0,0.1392,0.0014,1.23,32,1.41,10.81,4.04,5.33,406.3,79.0,412.54,1106.25
manipulated\c93yj46_0.jpg,Manipulated,,0.001,0.2203,0.0005,0.74,39,1.03,11.45,6.81,10.88,1976.23,79.77,2288.75,2394.58
manipulated\c93yxq8_0.jpg,Manipulated,,0.0128,0.1191,0.0021,0.87,24,1.21,1.45,1.09,2.08,54.37,20.88,53.92,105.61
manipulated\c93z6zn_0.jpg,Manipulated,,0.0035,0.066,0.0196,1.02,26,1.46,2.84,1.83,5.51,477.43,23.18,460.4,1000.41
manipulated\c93zcf5_0.jpg,Manipulated,,0.0,0.4029,0.0,2.14,87,3.23,11.78,6.23,9.07,1697.2,72.43,1742.24,1712.19
manipulated\c93zetz_0.jpg,Manipulated,,0.0215,0.1349,0.0061,0.57,46,1.6,1.89,1.9,3.99,225.1,21.82,234.4,475.16
manipulated\c940xti_0.jpg,Manipulated,,0.0094,0.0656,0.0231,1.07,33,1.73,2.31,1.76,5.48,525.96,20.56,504.22,1006.11
manipulated\c9418yh_0.jpg,Manipulated,,0.0011,0.3944,0.0,2.03,106,3.56,11.44,5.79,8.63,1458.32,69.17,1499.64,1519.29
manipulated\c942gr7_0.jpg,Manipulated,,0.0005,0.291,0.0,1.86,71,2.64,11.02,5.4,7.83,1041.82,70.49,1127.23,1071.69
manipulated\c942wsd_0.jpg,Manipulated,,0.0001,0.396,0.0,2.52,111,3.87,11.52,5.85,8.77,1526.48,70.3,1567.15,1621.47
manipulated\c944h7f_0.png,Manipulated,,0.1832,0.1622,0.2751,1.04,80,1.6,0.35,1.13,2.72,89.41,13.47,93.04,318.42
manipulated\c944m4x_0.jpg,Manipulated,,0.0001,0.3285,0.0001,1.23,38,1.78,11.47,5.6,8.56,1347.02,69.7,1385.57,1465.23
manipulated\c946fyh_0.jpg,Manipulated,,0.2044,0.1407,0.0882,0.5,18,0.91,4.51,2.17,4.58,258.98,48.12,235.52,422.44
manipulated\c9471hz_0.jpg,Manipulated,,0.0672,0.1834,0.0516,1.25,58,2.06,2.86,1.86,5.28,456.88,24.26,444.59,881.37
manipulated\c9479yq_0.jpg,Manipulated,,0.0674,0.0776,0.0032,1.06,34,1.68,3.69,2.09,5.61,481.45,28.86,464.85,945.72
manipulated\c9482ja_0.jpg,Manipulated,,0.0562,0.1059,0.2836,0.2,7,0.48,1.28,1.11,1.83,36.31,25.17,37.4,46.43
manipulated\c948ak3_0.png,Manipulated,,0.0662,0.0668,0.3307,0.96,30,1.4,2.74,1.7,5.21,430.24,22.29,414.35,952.43
manipulated\c948lks_0.jpg,Manipulated,,0.0002,0.2059,0.003,1.08,22,1.35,8.72,4.46,7.57,750.38,71.72,750.39,831.44
manipulated\c949b58_0.jpg,Manipulated,,0.0,0.1318,0.0633,0.41,7,0.58,0.62,3.12,2.73,200.09,37.22,203.55,70.0
manipulated\c949n9f_0.jpg,Manipulated,,0.003,0.0541,0.0027,0.6,26,1.2,2.88,1.83,5.48,455.54,23.73,437.67,907.08
manipulated\c949vtj_0.png,Manipulated,,1.0,0.0682,0.3441,1.62,62,2.23,4.32,2.42,5.09,383.36,30.26,424.88,540.48
manipulated\c949wvr_0.jpg,Manipulated,,0.0004,0.1645,0.0026,0.27,14,0.57,0.64,0.96,1.56,27.62,16.76,28.35,30.24
manipulated\c949yvb_0.jpg,Manipulated,,0.0,0.0894,0.0,0.41,8,0.59,0.87,3.28,2.91,229.59,39.59,232.64,105.78
manipulated\c94a4qa_0.jpg,Manipulated,,0.0,0.3234,0.0015,0.65,55,1.27,2.26,2.31,3.18,177.02,35.17,183.04,214.24
manipulated\c94amkh_0.png,Manipulated,,0.0094,0.0873,0.0135,1.0,30,1.44,2.52,1.72,5.26,441.02,22.07,424.19,951.44
manipulated\c94b087_0.jpg,Manipulated,,0.0002,0.1206,0.0029,0.28,15,0.69,1.17,0.8,1.37,20.61,24.45,20.95,31.49
manipulated\c94bbxr_0.jpg,Manipulated,,0.0058,0.5105,0.086,2.58,154,5.75,8.31,4.48,9.44,1567.21,59.48,1471.56,2541.96
manipulated\c94cmpk_0.jpg,Manipulated,,0.0,0.0708,0.0061,0.23,11,0.58,1.58,1.07,3.61,143.56,19.85,151.89,247.97
manipulated\c94cpfe_0.jpg,Manipulated,,0.0,0.3829,0.0,2.0,94,2.8,3.93,2.76,6.18,552.1,36.82,521.31,885.48
manipulated\c94ctu2_0.jpg,Manipulated,,0.0073,0.0642,0.012,0.47,20,0.93,2.39,1.58,5.25,440.37,20.31,421.66,970.05
manipulated\c94ddtu_0.jpg,Manipulated,,0.0022,0.1636,0.0034,0.29,15,0.6,3.94,1.89,2.84,104.33,36.55,105.65,186.91
manipulated\c94e0w4_0.jpg,Manipulated,,0.0272,0.0638,0.0615,0.94,64,1.74,1.82,1.28,5.15,372.66,18.66,362.63,1157.81
manipulated\c94ei0s_0.jpg,Manipulated,,0.0009,0.1419,0.0735,0.04,9,0.2,1.74,1.03,2.91,84.02,20.35,86.3,196.13
manipulated\c94ejp7_0.jpg,Manipulated,,0.0,0.3372,0.0,1.06,41,1.62,12.74,6.1,9.89,1558.87,84.24,1586.14,3213.42
manipulated\c94epq9_0.jpg,Manipulated,,0.3015,0.35,0.2558,2.24,48,3.41,15.18,7.79,11.55,3138.46,87.6,3189.28,3433.32
manipulated\c94f1jd_0.jpg,Manipulated,,0.0002,0.3276,0.0001,1.41,56,1.88,3.39,1.95,2.39,76.08,41.66,80.07,89.51
manipulated\c94f69a_0.jpg,Manipulated,,0.0102,0.3684,0.0103,1.46,119,2.39,5.14,2.94,5.35,443.6,39.3,436.26,746.59
manipulated\c94fett_0.jpg,Manipulated,,0.0,0.288,0.1347,1.14,39,1.6,13.53,6.71,9.12,1522.48,81.04,1533.79,2394.72
manipulated\c94fusp_0.jpg,Manipulated,,0.093,0.4527,0.0111,1.33,75,2.61,4.45,2.79,6.91,633.55,40.15,650.65,948.7
manipulated\c94fzwl_0.jpg,Manipulated,,0.0024,0.3361,0.0084,1.11,73,2.05,6.93,4.69,8.13,1395.57,53.09,1320.19,1805.98
manipulated\c94gj9u_0.jpg,Manipulated,,0.0002,0.3389,0.0,1.65,36,2.16,8.76,3.85,6.63,524.05,74.66,711.15,1156.49
manipulated\c94gwuu_0.jpg,Manipulated,,0.004,0.0629,0.0093,0.3,21,0.6,0.4,0.55,1.18,12.05,18.22,13.1,43.61
manipulated\c94gx14_0.jpg,Manipulated,,0.0054,0.3108,0.0049,1.01,54,1.51,6.39,4.17,7.51,972.27,51.29,922.5,1408.9
manipulated\c94h2qf_0.jpg,Manipulated,,0.0103,0.3113,0.0081,0.88,73,1.44,5.9,4.31,7.88,1287.5,48.21,1218.13,1788.48
manipulated\c94i3fa_0.png,Manipulated,,0.0067,0.1,0.0029,0.07,15,0.56,1.4,2.7,13.62,2503.32,28.32,2317.9,3333.66
manipulated\c94ilwx_0.jpg,Manipulated,,0.0031,0.3526,0.0041,1.18,51,2.03,4.38,2.26,5.24,323.62,42.63,326.66,856.61
manipulated\c94kqhs_0.jpg,Manipulated,,0.3126,0.0663,0.3498,0.95,34,1.41,1.16,1.0,2.62,102.51,13.38,98.61,237.09
manipulated\c94l7xc_0.jpg,Manipulated,,0.0005,0.368,0.0001,1.18,53,1.86,3.18,1.72,2.51,79.13,37.4,83.42,109.16
manipulated\c94m47r_0.jpg,Manipulated,,0.0285,0.1,0.0243,1.38,85,4.35,4.23,2.95,9.45,767.49,39.24,1084.31,1782.73
manipulated\c94n3m0_0.jpg,Manipulated,,0.0,0.4413,0.0003,1.74,63,2.21,8.92,7.94,16.24,2812.47,104.6,2749.22,2816.22
manipulated\c94nt6e_0.jpg,Manipulated,,0.1553,0.1514,0.0004,3.62,76,3.9,4.93,4.52,5.39,834.01,46.88,838.48,584.0
manipulated\c94nvm9_0.jpg,Manipulated,,0.0003,0.0832,0.0005,0.31,9,0.64,0.85,1.1,1.8,42.14,17.31,46.77,101.56
manipulated\c94o4hp_0.jpg,Manipulated,,0.0014,0.062,0.0001,0.22,10,0.5,0.85,1.07,1.81,42.46,16.67,47.26,104.28
manipulated\c94o5rb_0.jpg,Manipulated,,0.0035,0.2562,0.0095,0.41,23,0.75,1.76,1.79,3.75,231.51,23.71,265.24,866.16
manipulated\c94o928_0.jpg,Manipulated,,0.0002,0.2748,0.0018,2.52,82,3.64,8.46,4.53,6.8,585.13,74.68,555.6,628.29
manipulated\c94objl_0.jpg,Manipulated,,0.0038,0.192,0.0003,0.94,28,1.26,1.57,1.69,3.39,194.3,23.95,229.52,817.57
manipulated\c94obyg_0.jpg,Manipulated,,0.0001,0.0739,0.0003,0.23,8,0.51,0.9,1.12,1.84,43.87,17.6,48.76,104.05
manipulated\c94odrd_0.jpg,Manipulated,,0.0004,0.2425,0.0005,0.8,19,1.12,1.09,1.32,2.1,70.64,19.53,81.57,193.84
manipulated\c94og9i_0.jpg,Manipulated,,0.0002,0.1686,0.0001,0.75,14,0.98,1.18,1.33,2.48,92.31,19.27,92.64,260.93
manipulated\c94ol6h_0.jpg,Manipulated,,0.0044,0.0672,0.0005,0.23,10,0.51,1.49,1.25,2.19,53.16,22.62,60.28,114.64
manipulated\c94onxp_0.jpg,Manipulated,,0.0019,0.1103,0.0001,0.36,11,0.62,5.01,4.15,5.02,543.69,50.09,558.18,495.12
manipulated\c94os8l_0.jpg,Manipulated,,0.0078,0.2414,0.0009,0.93,57,1.78,1.55,1.37,2.89,80.22,24.12,79.97,140.92
manipulated\c94otp8_0.png,Manipulated,,0.0009,0.3557,0.0003,1.95,64,3.05,8.3,3.78,6.0,515.49,64.51,516.39,513.72
manipulated\c94ouih_0.jpg,Manipulated,,0.0213,0.1691,0.0101,1.94,42,1.86,2.5,2.07,3.16,132.47,33.21,139.04,199.3
manipulated\c94ov3d_0.png,Manipulated,,0.0065,0.2748,0.0449,0.25,17,0.73,5.58,2.82,4.02,166.17,55.57,180.43,175.93
manipulated\c94ovkm_0.jpg,Manipulated,,0.9796,0.1586,0.0024,1.69,47,1.86,3.74,1.93,3.01,101.02,42.88,117.29,132.22
manipulated\c94oxzj_0.jpg,Manipulated,,0.0018,0.2074,0.2825,2.83,45,2.89,8.77,4.3,5.2,482.49,64.09,491.79,409.43
manipulated\c94oyfj_0.jpg,Manipulated,,0.0004,0.0577,0.0,0.22,7,0.5,0.88,1.12,1.85,44.01,17.71,48.94,105.02
manipulated\c94p9wa_0.jpg,Manipulated,,0.8614,0.1756,0.4046,0.27,31,0.67,0.67,0.74,1.93,60.28,12.27,61.9,292.44
manipulated\c94pnq5_0.jpg,Manipulated,,0.0001,0.2578,0.0007,1.0,26,1.33,1.02,1.45,2.84,144.87,18.38,160.62,516.16
manipulated\c94psva_0.jpg,Manipulated,,0.0033,0.0403,0.0107,0.21,7,0.49,0.59,0.83,1.42,24.08,13.93,27.25,68.01
manipulated\c94psxr_0.jpg,Manipulated,,0.0,0.1962,0.0,0.82,40,1.2,7.01,2.68,3.74,178.43,52.3,189.03,190.54
manipulated\c94q3kl_0.jpg,Manipulated,,0.0001,0.0911,0.0001,0.45,17,0.77,0.7,1.02,1.75,38.44,16.93,43.85,100.94
manipulated\c94q8ji_0.jpg,Manipulated,,0.0001,0.2833,0.0002,1.02,77,1.5,1.43,1.76,3.19,188.48,22.0,210.34,549.38
manipulated\c94qgem_0.jpg,Manipulated,,0.0001,0.5255,0.0,1.76,83,3.44,4.99,3.8,8.49,883.6,60.87,837.37,1095.59
manipulated\c94r82x_0.jpg,Manipulated,,0.0002,0.1052,0.0002,0.3,18,0.67,0.9,1.13,1.85,44.65,17.7,49.67,104.51
manipulated\c94rqra_0.jpg,Manipulated,,0.0001,0.1337,0.008,0.02,8,0.19,1.3,1.72,2.75,128.88,21.79,132.98,358.26
manipulated\c94rx11_0.jpg,Manipulated,,0.0,0.3372,0.0,1.03,34,1.81,7.75,4.24,6.61,470.9,68.92,486.76,407.52
manipulated\c94s183_0.jpg,Manipulated,,0.0242,0.2918,0.074,0.57,19,0.92,2.58,1.33,2.74,78.27,26.98,83.13,119.96
manipulated\c94s6nu_0.jpg,Manipulated,,0.0986,0.0709,0.3511,0.32,16,0.65,1.41,1.02,2.6,85.38,21.13,87.59,231.32
manipulated\c94soye_0.png,Manipulated,,0.0001,0.3526,0.0,1.25,35,1.88,4.85,3.02,6.09,479.85,42.15,456.02,459.06
manipulated\c94tbw3_0.jpg,Manipulated,,0.0008,0.1021,0.0003,0.26,14,0.58,0.92,1.19,1.93,48.07,18.6,53.22,106.96
manipulated\c94ueeu_0.jpg,Manipulated,,0.0001,0.2972,0.0001,1.13,40,1.53,2.07,2.44,5.06,517.31,27.44,549.22,1859.04
manipulated\c94vd78_0.jpg,Manipulated,,0.0001,0.0628,0.0123,0.38,15,0.65,2.43,3.77,4.64,476.19,38.97,517.41,986.14
manipulated\c94vln6_0.jpg,Manipulated,,0.0,0.1564,0.0,0.81,28,1.07,5.7,3.96,6.17,578.85,54.8,562.76,874.75
manipulated\c94vpjk_0.jpg,Manipulated,,0.0007,0.1674,0.0001,2.11,53,2.52,4.84,3.73,3.79,358.65,51.91,348.84,201.17
manipulated\c94waqq_0.jpg,Manipulated,,0.0051,0.0744,0.0029,0.82,112,2.66,3.55,1.85,5.16,297.04,28.07,285.06,520.99
manipulated\c94ygpb_0.jpg,Manipulated,,0.0483,0.3148,0.1201,0.33,14,0.72,5.06,2.68,5.84,369.31,41.61,385.05,424.98
manipulated\c951j7v_0.jpg,Manipulated,,0.001,0.3233,0.0765,1.4,36,1.74,7.64,2.9,5.08,312.36,46.67,329.5,413.36
manipulated\c952fpe_0.jpg,Manipulated,,0.0004,0.2756,0.0002,1.38,44,1.83,4.23,2.26,6.4,467.97,44.22,1413.51,3696.44
manipulated\c952g1p_0.jpg,Manipulated,,0.0054,0.2536,0.002,1.32,36,1.67,7.34,4.37,7.15,699.23,64.15,634.78,460.96
manipulated\c952ngn_0.jpg,Manipulated,,0.0012,0.4608,0.0018,0.73,47,1.78,4.96,2.5,5.84,404.6,41.22,417.29,624.91
manipulated\c956eb7_0.jpg,Manipulated,,0.6391,0.1869,0.2183,0.38,22,0.7,2.26,1.7,3.28,118.24,27.75,122.85,244.76
manipulated\c956l7o_0.png,Manipulated,,0.009,0.2735,0.0166,1.42,26,1.37,6.08,2.44,3.26,133.74,47.22,139.61,146.96
manipulated\c956q0k_0.jpg,Manipulated,,0.0027,0.2503,0.4027,0.76,34,1.16,4.32,1.96,3.44,131.59,35.64,137.2,196.47
manipulated\c956yew_0.jpg,Manipulated,,0.0118,0.1427,0.0022,0.32,12,0.6,5.96,3.28,6.8,613.1,40.13,630.37,1101.27
manipulated\c957j9n_0.jpg,Manipulated,,0.0,0.2753,0.0,1.8,46,1.93,8.19,4.62,7.75,744.74,65.96,711.74,1064.5
manipulated\c957juh_0.jpg,Manipulated,,0.0,0.1348,0.4128,0.75,21,1.07,3.37,1.93,3.06,90.88,35.95,96.52,127.65
manipulated\c957rl8_0.jpg,Manipulated,,0.6468,0.2276,0.4009,1.1,51,1.82,5.75,3.07,4.94,303.04,45.1,393.56,605.92
manipulated\c957wt6_0.jpg,Manipulated,,0.0005,0.6002,0.0006,0.71,65,1.8,4.08,1.73,3.86,119.9,44.4,169.07,299.32
manipulated\c957wve_0.jpg,Manipulated,,0.1377,0.2982,0.0011,0.68,59,1.46,3.23,2.08,4.41,229.57,34.31,234.67,341.81
manipulated\c957x7p_0.jpg,Manipulated,,0.0,0.4536,0.0,0.31,8,0.57,2.48,1.88,4.69,248.11,28.45,105.94,154.93
manipulated\c958b7f_0.jpg,Manipulated,,0.0231,0.0692,0.0005,0.41,15,0.73,4.41,2.45,5.78,406.13,35.3,411.51,1292.77
manipulated\c958erg_0.jpg,Manipulated,,0.0,0.3892,0.0001,1.74,47,1.99,6.72,3.63,6.22,570.79,47.14,571.66,738.08
manipulated\c958gik_0.jpg,Manipulated,,0.0008,0.4924,0.0056,1.43,87,2.51,7.84,5.14,8.84,1999.2,51.05,1925.71,3781.53
manipulated\c958j97_0.png,Manipulated,,0.0,0.3585,0.0006,0.53,39,0.96,3.39,2.16,4.07,219.18,40.25,224.72,256.23
manipulated\c9595sv_0.jpg,Manipulated,,0.9973,0.2543,0.4127,0.94,22,1.34,4.33,2.8,4.3,270.47,39.53,374.98,544.25
manipulated\c959a6e_0.jpg,Manipulated,,0.0,0.293,0.0,1.0,55,1.5,10.4,5.71,9.16,1381.36,74.62,2162.13,5046.68
manipulated\c95aqlb_0.jpg,Manipulated,,0.1669,0.1297,0.3646,0.93,69,1.52,2.49,1.6,3.68,179.74,29.33,182.17,357.51
manipulated\c95biez_0.jpg,Manipulated,,0.0,0.2802,0.0,1.24,49,1.62,15.24,6.36,8.48,1314.63,84.11,1341.15,1122.62
manipulated\c95c3yu_0.png,Manipulated,,0.0,0.416,0.0002,1.05,48,1.71,7.37,3.55,6.26,582.99,47.69,581.68,728.97
manipulated\c95flen_0.jpg,Manipulated,,0.0191,0.1185,0.0029,0.83,17,1.0,7.99,4.24,5.5,500.92,57.4,514.89,474.08
manipulated\c95fx63_0.png,Manipulated,,0.0007,0.2041,0.0002,3.63,66,3.73,13.7,9.68,12.68,3223.35,108.24,3248.93,2130.16
manipulated\c95gkhl_0.jpg,Manipulated,,0.0022,0.1436,0.0,0.87,25,1.18,1.15,1.07,1.66,27.45,27.56,29.38,43.4
manipulated\c95h4kd_0.jpg,Manipulated,,0.0063,0.2014,0.0,0.35,16,0.64,0.89,1.15,1.68,37.35,20.19,38.84,52.04
manipulated\c95ho7w_0.jpg,Manipulated,,0.0048,0.3089,0.0004,2.04,47,2.71,12.41,5.51,7.31,840.37,77.78,861.89,609.58
manipulated\c95hsqp_0.jpg,Manipulated,,0.0002,0.143,0.0001,0.93,46,1.33,1.3,1.1,1.81,38.13,26.95,36.89,56.74
manipulated\c95hyjq_0.png,Manipulated,,0.0255,0.3498,0.0933,1.59,62,2.08,8.38,4.49,7.77,905.25,65.06,989.69,951.38
manipulated\c95iajl_0.jpg,Manipulated,,0.2943,0.1196,0.0001,0.24,8,0.53,1.91,1.24,2.01,39.75,26.33,42.65,58.01
manipulated\c95illf_0.jpg,Manipulated,,0.0001,0.1231,0.0017,0.86,39,1.21,1.53,1.11,2.14,47.29,27.67,45.47,153.02
manipulated\c95je2e_0.jpg,Manipulated,,0.0,0.1468,0.0002,0.88,38,1.3,1.5,1.13,1.77,31.14,28.37,31.75,51.72
manipulated\c95kdy8_0.jpg,Manipulated,,0.4788,0.0921,0.0859,1.22,37,2.14,4.24,1.73,3.81,183.62,27.24,180.44,406.74
manipulated\c95kras_0.jpg,Manipulated,,0.0003,0.1113,0.0,0.75,77,1.26,1.08,1.03,1.48,24.46,26.61,24.98,26.08
manipulated\c95ku3b_0.jpg,Manipulated,,0.0,0.1656,0.0004,0.76,20,0.84,2.85,3.58,3.72,356.32,40.77,354.86,256.21
manipulated\c95lr06_0.jpg,Manipulated,,0.098,0.2248,0.0053,1.29,40,1.51,15.81,6.86,8.89,1729.55,93.25,1839.35,1957.58
manipulated\c95lzlj_0.jpg,Manipulated,,0.005,0.1434,0.0001,0.85,33,1.22,1.35,1.12,1.84,40.63,27.62,40.21,108.63
manipulated\c95m7eb_0.jpg,Manipulated,,0.0009,0.1319,0.0001,0.91,31,1.31,1.7,1.16,1.74,31.59,29.88,32.88,40.95
manipulated\c95mu70_0.jpg,Manipulated,,0.002,0.107,0.0002,0.8,51,1.35,1.39,1.19,2.76,104.63,27.65,98.53,446.91
manipulated\c95nmhg_0.jpg,Manipulated,,0.0001,0.1768,0.0001,0.78,57,1.84,7.2,3.38,4.99,361.07,47.33,365.8,368.57
manipulated\c95o67f_0.jpg,Manipulated,,0.0,0.1197,0.0001,0.86,48,1.38,1.38,1.2,2.74,86.25,27.93,82.44,303.39
manipulated\c95occz_0.jpg,Manipulated,,0.0093,0.1816,0.0389,0.45,16,0.79,0.91,0.92,3.37,131.35,23.73,125.12,877.9
manipulated\c95qbrf_0.jpg,Manipulated,,0.0081,0.1016,0.0022,1.08,43,1.8,3.58,2.14,6.17,584.59,26.31,560.8,1403.28
manipulated\c95srb7_0.jpg,Manipulated,,0.0008,0.1918,0.0154,0.74,14,0.84,23.19,10.27,10.93,2189.49,146.35,2236.19,1961.55
manipulated\c95t0d9_0.jpg,Manipulated,,0.0405,0.2206,0.0003,0.92,55,1.79,5.99,5.08,10.57,1935.18,52.27,1853.42,3639.53
manipulated\c95utnm_0.jpg,Manipulated,,0.0001,0.1802,0.001,1.11,29,1.35,7.02,3.01,4.56,263.77,60.11,277.17,335.31
manipulated\c95uufr_0.jpg,Manipulated,,0.9707,0.1706,0.1477,0.4,13,0.69,3.5,2.58,4.65,346.23,34.17,351.21,941.67
manipulated\c95uyty_0.jpg,Manipulated,,0.0001,0.3762,0.0343,0.6,30,1.07,2.66,1.57,4.95,245.77,31.5,470.09,2158.38
manipulated\c95wc8c_0.jpg,Manipulated,,0.4618,0.4223,0.0029,2.42,87,2.84,18.81,9.28,12.01,2566.84,109.54,2695.97,2234.7
manipulated\c95wl0v_0.jpg,Manipulated,,0.0181,0.5225,0.0238,1.69,116,3.13,10.57,6.14,11.76,2263.89,69.42,2302.9,2898.84
manipulated\c95woiz_0.jpg,Manipulated,,0.0212,0.0867,0.0012,0.99,24,1.43,6.23,6.16,10.72,2513.6,56.86,2412.06,4376.0
manipulated\c95y02z_0.jpg,Manipulated,,0.1901,0.1119,0.001,0.59,91,1.63,4.14,2.7,5.63,558.5,28.24,535.57,1056.2
manipulated\c95z458_0.jpg,Manipulated,,0.0102,0.0974,0.0002,1.05,24,1.45,7.96,6.54,10.87,2597.76,63.18,2492.96,4336.5
manipulated\c966md3_0.jpg,Manipulated,,0.0,0.2651,0.0,2.09,138,2.86,2.34,2.71,3.35,230.62,32.57,237.89,167.97
manipulated\c967vk6_0.jpg,Manipulated,,0.0426,0.1719,0.2835,0.7,83,1.45,2.59,1.93,3.7,239.52,30.34,247.1,598.01
manipulated\c9684z1_0.jpg,Manipulated,,0.0007,0.1389,0.0567,0.6,46,1.13,2.57,1.89,4.07,269.98,28.85,277.24,655.99
manipulated\c9689r9_0.png,Manipulated,,0.2098,0.3099,0.3328,2.03,86,3.34,5.99,3.28,7.92,1209.39,38.76,1232.5,2421.12
manipulated\c968kn0_0.jpg,Manipulated,,0.0238,0.3645,0.0007,1.83,70,2.91,5.58,2.77,4.71,196.32,54.46,208.7,337.05
manipulated\c968obk_0.jpg,Manipulated,,0.0061,0.057,0.102,0.58,32,0.95,1.55,1.01,2.17,59.74,25.24,60.36,164.92
manipulated\c968udn_0.jpg,Manipulated,,0.0007,0.1708,0.0007,0.85,40,1.3,3.4,2.32,3.89,297.29,33.55,305.82,480.8
manipulated\c968x5d_0.jpg,Manipulated,,0.0003,0.3646,0.0044,2.43,66,2.63,10.46,5.1,8.26,996.26,69.93,1047.38,1631.24
manipulated\c96bh08_0.jpg,Manipulated,,0.0,0.4131,0.0142,1.39,59,2.03,9.3,4.51,8.7,855.75,72.13,844.02,1639.34
manipulated\c96blfp_0.jpg,Manipulated,,0.0002,0.2081,0.0001,1.59,24,1.63,20.52,10.68,13.05,4643.72,104.95,4799.0,5080.26
manipulated\c96c40d_0.png,Manipulated,,0.3046,0.2332,0.119,0.45,30,0.98,4.09,1.5,3.6,97.06,36.58,101.06,143.95
manipulated\c96c9hk_0.jpg,Manipulated,,0.0466,0.3541,0.0029,1.32,47,2.0,2.0,1.86,3.5,166.03,26.47,145.05,217.29
manipulated\c96cbvq_0.jpg,Manipulated,,0.0052,0.3449,0.0494,2.45,48,2.61,4.17,2.33,3.49,150.04,46.21,155.7,112.9
manipulated\c96cglv_0.jpg,Manipulated,,0.0083,0.2368,0.4264,0.79,27,1.06,16.85,6.29,6.49,1233.72,79.37,1312.04,1520.4
manipulated\c96cha8_0.png,Manipulated,,0.0288,0.1,0.0533,0.51,37,1.4,2.43,2.14,7.53,711.77,23.9,687.97,1034.83
manipulated\c96d4mq_0.jpg,Manipulated,,0.0046,0.1277,0.0208,0.48,31,0.97,1.67,0.81,3.33,135.25,17.92,135.88,463.92
manipulated\c96dewj_0.jpg,Manipulated,,0.0037,0.5412,0.0834,1.01,33,1.62,4.9,3.52,9.09,1175.09,44.59,1284.61,2249.73
manipulated\c96dfr7_0.jpg,Manipulated,,0.1222,0.2159,0.0002,1.37,114,3.44,20.46,9.08,10.2,2755.46,101.11,2705.37,2662.79
manipulated\c96dm5n_0.jpg,Manipulated,,0.0,0.0673,0.2384,0.25,10,0.51,1.95,1.12,2.72,58.91,33.27,62.62,227.71
manipulated\c96ese6_0.jpg,Manipulated,,0.0,0.1341,0.0701,2.6,48,2.77,3.63,4.02,3.88,587.1,44.36,594.44,329.74
manipulated\c96euuf_0.jpg,Manipulated,,0.0,0.1017,0.0003,0.26,14,0.57,1.35,1.13,2.46,56.8,26.01,59.77,183.42
manipulated\c96qatb_0.jpg,Manipulated,,0.0002,0.5173,0.0048,1.16,68,1.83,4.74,3.05,7.77,835.56,40.78,881.84,1496.36
manipulated\c96z6j0_0.jpg,Manipulated,,0.0007,0.5461,0.0003,0.45,9,0.7,15.59,7.73,12.06,2819.33,81.99,2966.64,4016.62
manipulated\c96zxum_0.jpg,Manipulated,,0.0601,0.1953,0.0,3.11,112,4.07,19.11,9.65,12.52,2896.12,118.7,3265.31,2168.02
manipulated\c9705ty_0.jpg,Manipulated,,0.0095,0.4963,0.0003,0.53,14,0.81,15.8,7.89,12.12,2856.39,84.34,3001.29,3969.9
manipulated\c970m97_0.jpg,Manipulated,,0.1668,0.1347,0.1298,0.35,20,0.73,0.98,1.2,2.77,99.24,16.56,96.81,288.11
manipulated\c970mrg_0.jpg,Manipulated,,0.0051,0.5003,0.0128,0.56,17,0.87,15.99,8.0,12.31,2944.06,85.21,3092.44,4079.63
manipulated\c970ssc_0.jpg,Manipulated,,0.0,0.247,0.0001,1.44,41,1.82,4.65,3.57,5.32,416.56,50.46,410.95,386.81
manipulated\c970wej_0.jpg,Manipulated,,0.0018,0.2931,0.056,1.45,51,1.94,12.69,6.12,9.29,1019.63,88.6,1132.2,950.6
manipulated\c970x7m_0.jpg,Manipulated,,0.0003,0.42,0.0,0.52,11,0.73,15.18,7.43,11.53,2644.01,83.06,2796.93,3995.22
manipulated\c9724qm_0.png,Manipulated,,0.0001,0.2601,0.4355,1.82,89,2.67,3.97,2.47,6.14,432.4,44.17,460.29,714.14
manipulated\c9729qx_0.jpg,Manipulated,,0.037,0.3955,0.0027,1.71,89,2.83,9.3,4.82,7.53,917.95,63.65,945.61,1066.0
manipulated\c972iqs_0.jpg,Manipulated,,0.1802,0.2967,0.1241,0.76,67,1.68,2.52,2.0,4.41,268.3,31.93,288.14,496.51
manipulated\c972p3n_0.jpg,Manipulated,,0.0037,0.2333,0.0072,0.92,73,1.97,4.17,1.98,4.96,300.69,32.63,317.38,784.73
manipulated\c972y81_0.jpg,Manipulated,,0.004,0.4962,0.0151,0.58,18,0.88,16.07,8.07,12.32,2959.07,85.86,3107.33,4072.82
manipulated\c973pl2_0.png,Manipulated,,0.0,0.2758,0.0,1.6,64,2.42,14.06,7.11,9.95,1589.61,90.62,1588.13,1035.26
manipulated\c976lta_0.jpg,Manipulated,,0.0,0.5022,0.0,1.31,105,2.79,4.68,4.26,10.58,1594.01,48.55,1562.94,1886.3
manipulated\c978035_0.jpg,Manipulated,,0.0071,0.5239,0.0027,0.56,19,0.86,15.75,7.94,12.29,2926.34,84.34,3076.79,4099.36
manipulated\c979s43_0.jpg,Manipulated,,0.0089,0.2403,0.0002,2.51,106,3.61,9.53,4.41,8.2,825.55,66.48,821.12,1405.23
manipulated\c97ai36_0.png,Manipulated,,0.0006,0.5167,0.0374,1.23,60,2.27,4.34,3.01,6.78,505.15,42.58,518.98,739.53
manipulated\c97ffgf_0.jpg,Manipulated,,0.0002,0.2963,0.4957,1.52,34,1.73,6.03,2.84,4.66,333.44,44.2,310.44,530.2
manipulated\c97gn0w_0.png,Manipulated,,0.0003,0.3177,0.0002,0.98,57,1.8,4.97,3.01,6.86,628.42,42.44,828.78,1524.58
manipulated\c97jfxe_0.png,Manipulated,,0.0017,0.3953,0.0006,1.3,40,1.78,9.4,4.49,6.15,621.28,64.42,598.28,552.25
manipulated\c97knp0_0.jpg,Manipulated,,0.0001,0.2113,0.2185,1.24,51,1.71,16.93,8.06,10.24,1585.58,112.5,1738.25,1081.02
manipulated\c97mvm4_0.jpg,Manipulated,,0.0097,0.148,0.0032,0.89,20,1.2,21.84,15.25,17.83,10019.6,137.64,10193.26,5216.08
manipulated\c97n72x_0.jpg,Manipulated,,0.0002,0.0544,0.061,0.28,11,0.62,1.0,0.78,2.82,70.94,15.7,73.94,152.01
manipulated\c97nhib_0.png,Manipulated,,0.0002,0.1846,0.1915,0.99,50,1.51,2.69,1.09,2.87,74.08,21.28,94.53,246.69
manipulated\c97npfo_0.jpg,Manipulated,,0.0022,0.2629,0.0149,0.68,22,1.05,4.09,2.3,3.82,176.66,36.69,182.24,246.34
manipulated\c97ofea_0.jpg,Manipulated,,0.1894,0.2671,0.0973,0.85,59,1.34,4.84,2.77,5.65,421.45,41.94,629.11,1393.12
manipulated\c97ot02_0.jpg,Manipulated,,0.0003,0.2508,0.016,0.65,16,0.93,2.11,1.71,2.56,89.33,29.4,126.96,233.64
manipulated\c97p12w_0.jpg,Manipulated,,0.0018,0.3481,0.1386,0.93,27,1.42,4.58,2.45,5.09,329.32,37.47,414.63,617.95
manipulated\c97p9cf_0.jpg,Manipulated,,0.0009,0.2172,0.0003,0.65,22,1.04,4.88,2.65,4.61,282.27,41.15,284.31,443.54
manipulated\c97pbie_0.jpg,Manipulated,,0.2018,0.325,0.2237,1.68,83,2.26,3.38,1.73,4.01,180.25,35.96,224.12,585.08
manipulated\c97pme4_0.jpg,Manipulated,,0.0011,0.2293,0.0009,0.75,30,1.18,4.75,2.61,4.52,266.74,40.65,270.1,437.2
manipulated\c97qfid_0.jpg,Manipulated,,0.0008,0.2514,0.0009,0.8,37,1.39,5.12,2.71,4.63,278.01,42.83,280.68,432.08
manipulated\c97qk9d_0.png,Manipulated,,0.0008,0.4161,0.0018,1.17,53,1.89,4.62,2.46,6.29,476.66,31.14,478.78,609.35
manipulated\c97qqbo_0.jpg,Manipulated,,0.0,0.2034,0.0001,1.41,41,2.05,23.12,12.02,13.72,5386.09,112.53,5329.36,3330.94
manipulated\c97qyg0_0.jpg,Manipulated,,0.001,0.2312,0.0015,0.8,48,1.36,4.79,2.6,4.47,253.94,41.04,256.38,318.55
manipulated\c97rh7u_0.jpg,Manipulated,,0.9819,0.288,0.1126,0.81,18,1.08,2.68,1.23,3.41,129.07,23.85,121.89,243.9
manipulated\c97shkd_0.jpg,Manipulated,,0.0033,0.6545,0.0042,1.48,38,2.44,4.39,3.3,9.89,1074.04,46.88,1494.24,1865.33
manipulated\c97sv42_0.png,Manipulated,,0.0005,0.2129,0.0005,0.6,46,1.02,4.9,2.67,4.72,291.88,41.35,295.53,460.05
manipulated\c97te6m_0.jpg,Manipulated,,0.0008,0.2281,0.0005,0.78,36,1.35,4.61,2.56,4.51,264.01,40.24,265.94,440.01
manipulated\c97u2q9_0.jpg,Manipulated,,0.001,0.1964,0.0191,0.67,27,1.19,4.25,2.28,3.85,172.18,37.86,177.07,229.44
manipulated\c97ub08_0.jpg,Manipulated,,0.5378,0.2313,0.0644,0.75,19,1.05,1.79,1.15,3.07,85.17,23.06,91.86,95.22
manipulated\c97up6j_0.jpg,Manipulated,,0.0,0.2325,0.0002,2.09,43,2.39,7.04,5.12,7.66,1001.34,58.01,1175.0,1654.24
manipulated\c97v6ia_0.jpg,Manipulated,,0.0018,0.2517,0.0007,0.75,50,1.41,4.92,2.71,4.79,301.61,42.73,313.05,484.38
manipulated\c97vf7q_0.jpg,Manipulated,,0.3196,0.1768,0.2103,2.25,62,2.33,4.58,3.34,4.22,357.8,45.78,363.94,385.88
manipulated\c97vlit_0.jpg,Manipulated,,0.1266,0.3273,0.0204,1.36,61,2.38,10.63,5.36,9.47,1663.79,62.19,1684.59,1899.77
manipulated\c97xpjh_0.png,Manipulated,,0.1134,0.2694,0.3748,0.81,40,1.13,1.27,0.77,2.52,67.81,15.9,70.58,131.48
manipulated\c980b28_0.png,Manipulated,,0.9244,0.4123,0.0461,2.18,68,3.23,13.38,5.54,7.17,1122.06,70.9,1146.57,883.06
manipulated\c980uto_0.jpg,Manipulated,,0.0001,0.3446,0.0008,1.19,34,1.59,4.58,2.48,3.46,168.77,38.23,181.3,173.2
manipulated\c9813uk_0.jpg,Manipulated,,0.0,0.2831,0.0,0.91,57,1.59,10.18,4.94,6.96,841.05,67.27,870.42,698.46
manipulated\c9825wp_0.jpg,Manipulated,,0.9612,0.4835,0.0021,0.85,32,1.21,6.43,4.24,8.74,869.99,56.27,933.17,931.85
manipulated\c9829t7_0.png,Manipulated,,0.0,0.4189,0.0006,2.41,106,4.07,10.38,7.9,15.54,4453.4,90.24,4191.1,4519.64
manipulated\c98625n_0.jpg,Manipulated,,0.0017,0.3041,0.0277,1.47,60,2.08,5.52,3.25,5.76,420.42,49.77,417.76,633.5
manipulated\c986who_0.jpg,Manipulated,,0.0043,0.3603,0.3756,0.41,17,0.77,8.93,5.31,10.82,1655.93,64.07,1655.88,3081.57
manipulated\c9876y4_0.jpg,Manipulated,,0.0001,0.1008,0.0049,0.94,21,1.28,1.86,1.45,1.87,49.79,30.15,63.42,82.65
manipulated\c987rum_0.jpg,Manipulated,,0.0035,0.3067,0.012,1.49,46,2.12,5.78,3.34,5.92,452.34,50.96,447.86,678.32
manipulated\c98aivj_0.jpg,Manipulated,,0.4952,0.3481,0.096,0.62,20,1.0,3.9,2.68,6.72,617.53,32.67,4690.49,19248.27
manipulated\c98el2l_0.jpg,Manipulated,,0.0084,0.4204,0.0209,2.44,129,7.64,4.5,6.28,17.29,3691.65,64.44,4783.07,6441.11
manipulated\c98iwaf_0.jpg,Manipulated,,0.0001,0.4679,0.0003,2.71,70,3.92,5.81,3.88,8.37,851.06,56.19,911.85,1052.69
manipulated\c98jqgu_0.jpg,Manipulated,,0.0003,0.1857,0.0002,1.09,18,1.15,13.81,6.45,8.39,1830.99,69.3,2089.77,2270.59
manipulated\c98jxiu_0.jpg,Manipulated,,0.0493,0.2846,0.0114,1.24,75,1.71,12.73,5.55,7.76,1151.3,79.48,1178.67,947.76
manipulated\c98koeq_0.jpg,Manipulated,,0.0,0.4284,0.0004,1.32,32,1.63,6.98,3.82,4.72,279.03,63.49,303.63,281.93
manipulated\c98mhwt_0.jpg,Manipulated,,0.0001,0.1108,0.0065,0.38,14,0.64,9.89,3.9,4.8,360.68,63.38,375.65,440.56
manipulated\c98ojjv_0.jpg,Manipulated,,0.254,0.2077,0.0207,0.95,37,1.21,6.08,2.81,3.79,187.71,50.26,190.91,224.55
manipulated\c98ow2q_0.jpg,Manipulated,,0.0001,0.352,0.0504,0.74,51,1.33,3.99,2.06,4.8,259.7,35.44,250.01,370.5
manipulated\c98qgm4_0.jpg,Manipulated,,0.0015,0.279,0.0037,0.55,22,0.99,5.24,2.62,4.84,323.05,39.12,327.04,470.09
manipulated\c98rtgo_0.png,Manipulated,,0.0,0.3947,0.0315,0.72,46,1.23,4.8,2.45,5.53,353.79,41.02,336.12,454.18
manipulated\c98s4at_0.jpg,Manipulated,,0.0001,0.155,0.0015,0.51,17,0.69,3.46,1.82,3.02,88.1,36.18,92.36,116.75
manipulated\c98s7f2_0.jpg,Manipulated,,0.0067,0.3657,0.0041,0.46,21,0.84,4.55,2.9,7.31,728.78,43.6,693.69,1257.15
manipulated\c98uwak_0.png,Manipulated,,0.0001,0.3707,0.0443,1.1,109,3.06,5.23,3.12,8.24,1030.59,45.6,926.13,2730.26
manipulated\c98wx7s_0.jpg,Manipulated,,0.0072,0.2073,0.0026,0.69,52,1.38,5.31,2.55,4.9,274.98,53.96,256.63,498.78
manipulated\c98x46e_0.jpg,Manipulated,,0.0049,0.2694,0.0001,1.28,33,1.54,11.81,5.77,8.45,1016.43,89.4,1004.6,1031.65
manipulated\c990uno_0.jpg,Manipulated,,0.0008,0.2968,0.0139,0.75,34,1.26,8.94,3.89,5.33,549.62,58.47,563.0,575.34
manipulated\c992737_0.jpg,Manipulated,,0.0,0.3351,0.0024,1.35,56,2.2,4.08,2.74,7.09,602.61,40.34,564.08,1182.15
manipulated\c9929g3_0.jpg,Manipulated,,0.8377,0.0248,0.1661,0.34,46,1.04,0.73,0.42,1.48,19.99,9.47,20.24,45.76
manipulated\c992d5i_0.jpg,Manipulated,,0.0004,0.2817,0.0001,1.02,37,1.8,2.65,1.7,4.11,198.59,29.06,190.96,322.7
manipulated\c992enl_0.jpg,Manipulated,,0.0007,0.2579,0.0034,1.05,54,1.73,2.45,1.56,3.84,171.02,27.46,163.19,311.8
manipulated\c99303g_0.jpg,Manipulated,,0.0,0.909,0.0,1.75,125,3.29,7.27,4.33,8.65,1289.09,46.88,1300.36,1611.11
manipulated\c993kz0_0.jpg,Manipulated,,0.0,0.2178,0.0,0.28,15,0.6,4.29,2.26,3.13,124.56,40.02,132.29,135.42
manipulated\c993qje_0.jpg,Manipulated,,0.0002,0.3882,0.2468,1.16,64,2.34,4.76,2.81,3.99,298.89,38.85,318.29,320.5
manipulated\c993ui8_0.jpg,Manipulated,,0.0005,0.2608,0.0048,0.95,38,1.56,2.01,1.54,3.79,176.36,25.84,174.94,278.45
manipulated\c994ew8_0.jpg,Manipulated,,0.0031,0.2571,0.1847,1.3,56,1.65,2.61,1.46,3.26,118.8,27.21,117.31,212.12
manipulated\c994oht_0.jpg,Manipulated,,0.0,0.2551,0.0,0.48,16,0.75,4.2,2.16,3.48,148.07,38.96,154.8,200.95
manipulated\c995efy_0.jpg,Manipulated,,0.0,0.3072,0.0,1.38,50,1.9,16.48,6.94,9.77,1627.33,108.78,1681.26,1294.17
manipulated\c995ny6_0.jpg,Manipulated,,0.0126,0.0988,0.0266,0.35,11,0.72,2.11,1.35,3.53,143.59,24.76,145.1,241.44
manipulated\c995td6_0.jpg,Manipulated,,0.1075,0.438,0.0,1.23,45,1.78,4.04,3.01,5.19,304.4,49.21,294.07,331.91
manipulated\c9969p0_0.jpg,Manipulated,,0.0245,0.383,0.0,1.02,36,1.61,4.33,3.15,5.39,337.97,50.22,322.71,361.53
manipulated\c9977lj_0.jpg,Manipulated,,0.0,0.3284,0.0,1.33,86,3.07,3.36,2.19,5.81,440.77,33.36,428.8,665.18
manipulated\c998fw2_0.jpg,Manipulated,,0.0347,0.399,0.0002,0.85,81,1.41,4.9,3.62,6.77,518.96,57.02,660.79,1259.4
manipulated\c9996ea_0.jpg,Manipulated,,0.0,0.2146,0.0,0.3,20,0.65,4.77,2.63,4.7,346.06,43.19,354.89,1348.72
manipulated\c99ae5w_0.jpg,Manipulated,,0.0063,0.4129,0.0,1.09,36,1.62,3.94,3.0,5.18,304.22,48.46,293.29,329.17
manipulated\c99b3oc_0.jpg,Manipulated,,0.0176,0.4515,0.0482,2.04,73,2.9,4.25,3.07,7.12,663.07,40.7,735.26,1117.58
manipulated\c99bz7g_0.png,Manipulated,,0.0007,0.3064,0.0269,1.49,82,2.15,4.36,2.74,4.61,228.16,48.89,249.66,198.33
manipulated\c99gesu_0.jpg,Manipulated,,0.2701,0.3233,0.0016,1.57,71,2.4,15.49,6.7,8.71,1646.96,91.48,1765.52,1963.63
manipulated\c99grkg_0.jpg,Manipulated,,0.8998,0.247,0.0013,1.31,52,1.78,15.4,6.65,8.65,1600.8,91.65,1702.9,1751.49
manipulated\c99hbe0_0.jpg,Manipulated,,0.0002,0.3292,0.0298,1.1,51,2.01,9.24,4.61,6.67,617.39,67.62,647.12,581.67
manipulated\c99hkdk_0.jpg,Manipulated,,0.7531,0.2282,0.0082,0.59,15,0.9,11.03,4.38,6.07,468.32,72.79,488.29,470.54
manipulated\c99hksz_0.jpg,Manipulated,,0.6957,0.2752,0.0146,1.07,66,1.86,4.27,4.16,5.83,629.47,51.49,626.73,687.38
manipulated\c99i7gc_0.jpg,Manipulated,,0.0519,0.2031,0.0016,1.18,17,1.33,15.64,6.77,8.81,1696.72,92.48,1807.38,1968.21
manipulated\c99ilht_0.jpg,Manipulated,,0.0005,0.2289,0.0003,1.23,64,1.99,10.45,5.88,7.56,888.6,78.36,881.6,849.47
manipulated\c99ixjq_0.jpg,Manipulated,,0.0001,0.3332,0.0306,1.14,51,2.02,9.09,4.45,6.35,548.04,66.26,573.13,498.41
manipulated\c99lb7m_0.jpg,Manipulated,,0.0099,0.2927,0.0276,0.23,59,0.73,3.95,3.06,5.77,523.01,37.31,520.31,679.99
manipulated\c99lcrp_0.jpg,Manipulated,,0.0253,0.284,0.0073,0.4,15,0.75,5.92,2.34,4.23,214.05,48.53,224.4,528.57
manipulated\c99lrlg_0.jpg,Manipulated,,0.2838,0.2567,0.1109,0.71,10,0.88,7.67,3.81,6.02,452.84,61.29,472.84,486.25
manipulated\c99meyn_0.jpg,Manipulated,,0.0,0.2472,0.002,0.95,17,1.16,9.36,5.15,7.19,861.55,69.07,892.66,749.47
manipulated\c99mhvd_0.jpg,Manipulated,,0.0003,0.3339,0.0051,1.54,71,2.67,9.81,5.03,7.7,857.23,68.72,885.59,847.54
manipulated\c99par4_0.png,Manipulated,,0.0015,0.2164,0.0006,0.83,31,1.15,6.11,2.59,4.13,181.01,49.97,196.03,191.63
manipulated\c99pq37_0.jpg,Manipulated,,0.0361,0.3224,0.0297,0.68,19,1.13,5.29,4.56,10.6,1409.34,61.85,1358.34,2716.33
manipulated\c99s1ad_0.jpg,Manipulated,,0.0,0.3139,0.0001,0.88,74,1.82,4.96,3.07,6.9,611.63,44.01,603.45,704.26
manipulated\c99twh4_0.jpg,Manipulated,,0.5268,0.2571,0.0079,0.65,26,0.97,5.4,2.77,5.91,371.41,48.66,386.66,407.02
manipulated\c99utti_0.jpg,Manipulated,,0.0001,0.3802,0.0001,0.91,29,1.28,5.31,3.39,6.96,581.57,46.76,574.49,815.39
manipulated\c99v20p_0.jpg,Manipulated,,0.0715,0.2043,0.0032,1.16,38,1.33,12.92,5.35,6.65,671.05,78.85,707.19,697.88
manipulated\c99wbld_0.jpg,Manipulated,,0.001,0.2408,0.0211,0.56,29,0.96,3.3,1.52,2.95,78.92,29.92,97.52,145.63
manipulated\c99wogs_0.jpg,Manipulated,,0.0002,0.3828,0.0001,0.91,40,1.33,5.55,3.49,7.08,606.12,48.08,599.54,814.03
manipulated\c99wyrv_0.jpg,Manipulated,,0.0003,0.2523,0.3285,0.43,46,1.01,3.92,2.6,5.14,384.61,36.66,390.82,765.84
manipulated\c99xlov_0.jpg,Manipulated,,0.8771,0.1016,0.4218,1.21,60,2.5,1.74,0.9,3.21,133.92,16.76,128.42,472.52
manipulated\c9a0d39_0.jpg,Manipulated,,0.1495,0.1024,0.0035,0.29,20,0.58,1.5,1.23,2.76,78.06,25.39,80.18,214.48
manipulated\c9a0ogm_0.jpg,Manipulated,,0.2117,0.1001,0.2259,0.18,9,0.46,1.4,1.03,2.41,69.01,17.14,71.28,175.03
manipulated\c9a0vxj_0.jpg,Manipulated,,0.9164,0.1179,0.001,0.24,9,0.51,1.44,1.15,2.32,64.14,19.26,65.88,139.9
manipulated\c9a0wf8_0.jpg,Manipulated,,0.0091,0.324,0.0002,0.85,24,1.23,3.17,2.29,3.95,277.33,29.23,282.24,450.32
manipulated\c9a13b5_0.jpg,Manipulated,,0.0135,0.092,0.0001,0.26,10,0.53,1.45,1.18,2.38,66.86,19.86,69.06,149.38
manipulated\c9a16se_0.png,Manipulated,,0.0014,0.4775,0.001,1.67,108,3.83,3.53,2.12,5.79,412.41,30.73,411.33,573.36
manipulated\c9a3qjw_0.jpg,Manipulated,,0.3703,0.2671,0.0174,0.7,55,1.16,3.78,3.24,4.94,614.12,33.69,634.08,835.69
manipulated\c9a43jm_0.jpg,Manipulated,,0.0853,0.29,0.1121,0.84,87,1.23,3.66,2.87,4.68,373.46,34.05,375.91,498.43
manipulated\c9a5zop_0.jpg,Manipulated,,0.001,0.1003,0.007,0.3,60,1.02,3.13,2.38,3.67,192.06,32.69,195.96,347.15
manipulated\c9a6u1u_0.png,Manipulated,,0.2409,0.314,0.0002,1.89,50,2.14,3.41,2.66,4.49,362.84,32.32,371.35,466.67
manipulated\c9aati3_0.jpg,Manipulated,,0.0001,0.3395,0.0,1.06,46,1.81,6.74,4.08,7.83,734.89,62.37,761.44,733.58
manipulated\c9abglu_0.jpg,Manipulated,,0.0003,0.3235,0.0019,0.82,32,1.18,11.9,6.81,11.64,2926.32,73.89,2928.52,4049.04
manipulated\c9abrtp_0.jpg,Manipulated,,0.003,0.2846,0.0441,0.65,75,1.46,7.73,4.27,7.27,721.47,63.34,731.55,597.39
manipulated\c9acbml_0.jpg,Manipulated,,0.0044,0.3481,0.0272,1.44,62,2.43,8.73,4.46,7.48,686.41,69.77,684.6,640.06
manipulated\c9aeqqk_0.jpg,Manipulated,,0.0046,0.4181,0.1935,1.28,46,2.08,3.92,2.9,6.05,528.74,41.93,519.31,821.5
manipulated\c9afm8r_0.jpg,Manipulated,,0.0001,0.1546,0.0002,0.61,32,1.03,1.0,1.23,2.1,64.41,17.43,64.86,100.41
manipulated\c9ag2ll_0.jpg,Manipulated,,0.0,0.3322,0.0007,0.88,82,1.85,7.17,3.31,5.85,454.35,52.6,466.9,456.28
manipulated\c9aj3nm_0.jpg,Manipulated,,0.0001,0.1476,0.0024,0.97,41,1.4,1.07,0.9,3.0,75.59,19.99,97.43,412.54
manipulated\c9ajz8e_0.jpg,Manipulated,,0.0064,0.0922,0.0,0.47,13,0.83,4.62,2.47,5.23,387.69,33.93,471.09,744.75
manipulated\c9alf9o_0.jpg,Manipulated,,0.0,0.1127,0.0,0.75,15,1.06,8.41,5.23,9.92,1359.04,60.62,1425.33,2061.13
manipulated\c9alw3v_0.png,Manipulated,,0.002,0.5045,0.0022,1.94,111,3.52,5.57,3.74,8.22,964.04,55.56,838.62,1570.97
manipulated\c9amlei_0.jpg,Manipulated,,0.1126,0.3608,0.45,0.54,24,0.92,4.38,2.6,5.46,418.69,39.53,409.16,1066.36
manipulated\c9an6i7_0.png,Manipulated,,0.0133,0.3748,0.0017,1.6,102,2.38,6.64,4.47,10.71,1925.8,64.49,1700.99,4432.11
manipulated\c9anb73_0.jpg,Manipulated,,0.0003,0.5934,0.0069,2.21,91,4.11,5.15,5.06,11.48,1589.25,65.08,1583.24,1949.88
manipulated\c9aq17o_0.jpg,Manipulated,,0.0001,0.1854,0.3067,0.48,27,0.87,11.5,5.09,7.25,809.52,68.69,820.44,918.44
manipulated\c9arquy_0.jpg,Manipulated,,0.756,0.288,0.0003,1.08,25,1.53,12.68,6.2,9.11,1436.27,85.13,1427.87,1444.2
manipulated\c9atqpq_0.jpg,Manipulated,,0.0009,0.2674,0.0001,0.69,27,1.12,4.02,2.31,4.3,260.32,36.73,275.12,421.15
manipulated\c9au1qa_0.jpg,Manipulated,,0.0002,0.2228,0.0,0.59,49,1.06,4.02,2.33,4.46,283.76,35.96,297.14,445.62
manipulated\c9axg8n_0.jpg,Manipulated,,0.0,0.3258,0.0,1.53,39,1.94,11.72,6.52,10.38,1786.46,82.09,1771.06,1599.19
manipulated\c9axqrl_0.jpg,Manipulated,,0.0014,0.3574,0.0,1.52,45,2.14,8.03,4.31,8.25,995.72,57.12,946.04,1175.39
manipulated\c9ay9o7_0.jpg,Manipulated,,0.0,0.2997,0.0,2.32,78,3.1,13.24,6.03,8.01,932.39,87.52,993.58,917.79
manipulated\c9ayosx_0.jpg,Manipulated,,0.0004,0.2844,0.0034,0.49,32,1.05,2.25,2.54,3.76,220.19,35.62,250.89,916.5
manipulated\c9ayp33_0.jpg,Manipulated,,0.0,0.1765,0.0,0.55,54,1.17,1.83,1.94,2.86,138.19,28.6,143.31,196.35
manipulated\c9aysiu_0.jpg,Manipulated,,0.0003,0.0925,0.0011,0.56,27,0.97,1.57,0.95,2.82,81.75,21.06,85.24,201.55
manipulated\c9az9ha_0.jpg,Manipulated,,0.0001,0.1872,0.0001,0.48,15,0.8,1.59,1.83,2.52,118.75,26.77,122.99,167.56
manipulated\c9b0gy6_0.jpg,Manipulated,,0.003,0.157,0.3999,0.37,27,0.85,2.55,2.37,8.8,844.94,34.83,841.21,1600.61
manipulated\c9b0mve_0.jpg,Manipulated,,0.0023,0.331,0.0006,0.29,16,0.68,10.66,4.41,6.86,1001.16,48.71,1051.75,1335.93
manipulated\c9b0xit_0.jpg,Manipulated,,0.0004,0.2442,0.0097,1.68,24,1.65,9.89,4.0,5.35,302.2,71.4,308.43,264.66
manipulated\c9b0yv0_0.jpg,Manipulated,,0.0,0.2666,0.0001,0.88,42,1.54,12.72,5.38,8.14,887.45,80.21,921.34,848.08
manipulated\c9b10e8_0.jpg,Manipulated,,0.0304,0.2031,0.0003,0.65,15,0.87,1.59,1.76,2.99,130.64,27.41,130.68,196.97
manipulated\c9b11xy_0.jpg,Manipulated,,0.0018,0.3747,0.0013,0.7,27,0.92,11.35,4.5,5.62,598.84,58.27,604.03,618.5
manipulated\c9b2vt4_0.jpg,Manipulated,,0.0,0.2286,0.0,1.19,31,1.47,11.89,6.9,11.6,1881.18,86.65,1841.71,1958.01
manipulated\c9b6d4b_0.jpg,Manipulated,,0.0021,0.1427,0.0046,0.35,7,0.59,1.24,1.37,2.02,62.33,24.57,66.7,92.7
manipulated\c9b6ddb_0.jpg,Manipulated,,0.0115,0.1927,0.0006,0.37,10,0.62,1.46,1.52,2.39,85.39,25.52,87.79,121.98
manipulated\c9befb1_0.jpg,Manipulated,,0.0005,0.1254,0.0922,1.07,23,1.24,1.78,1.23,2.07,42.05,29.24,51.51,66.58
manipulated\c9bhen2_0.jpg,Manipulated,,0.0189,0.2922,0.0006,1.42,21,1.55,6.56,3.71,7.67,687.89,56.8,706.88,946.89
manipulated\c9biybz_0.jpg,Manipulated,,0.5072,0.1575,0.0132,0.48,15,0.8,2.84,2.0,3.45,144.2,43.81,150.13,374.59
manipulated\c9bkfb3_0.jpg,Manipulated,,0.0774,0.1523,0.4279,0.63,20,0.9,3.8,2.14,3.83,177.92,45.37,184.04,365.29
manipulated\c9bl9ay_0.jpg,Manipulated,,0.0006,0.107,0.014,0.45,40,0.91,3.62,1.9,5.65,320.28,30.53,292.31,879.08
manipulated\c9bldbp_0.png,Manipulated,,0.9407,0.2956,0.4283,1.86,33,1.89,12.87,4.88,6.83,593.44,78.81,642.68,533.14
manipulated\c9blqqz_0.jpg,Manipulated,,0.0,0.2376,0.3522,0.73,14,0.93,5.4,2.79,3.88,194.58,47.89,194.89,232.36
manipulated\c9bly1t_0.jpg,Manipulated,,0.9848,0.1143,0.4074,0.48,29,0.83,2.92,2.23,2.92,111.8,48.52,119.52,236.09
manipulated\c9bm4rt_0.jpg,Manipulated,,0.0188,0.3207,0.3529,1.56,124,2.68,7.87,4.65,5.39,573.23,59.14,660.66,518.14
manipulated\c9bmply_0.jpg,Manipulated,,0.3327,0.1705,0.0238,1.36,92,2.16,1.69,1.32,2.43,97.38,25.04,97.52,226.69
manipulated\c9bmy3r_0.jpg,Manipulated,,0.0052,0.3774,0.0527,0.68,35,1.16,4.89,2.9,5.99,455.11,45.41,475.24,1177.61
manipulated\c9bn0uy_0.jpg,Manipulated,,0.0,0.2707,0.0,0.51,19,0.95,3.84,2.34,7.09,594.52,39.73,469.1,558.64
manipulated\c9bn5v6_0.jpg,Manipulated,,0.0074,0.093,0.4001,0.35,47,0.73,0.68,0.87,2.15,55.69,19.18,63.12,338.88
manipulated\c9bn6ip_0.jpg,Manipulated,,0.0001,0.2089,0.0001,0.76,14,0.88,8.84,4.2,5.35,475.06,58.98,492.75,493.69
manipulated\c9bncio_0.jpg,Manipulated,,0.0004,0.1498,0.3441,0.79,22,1.1,0.72,1.4,2.04,90.75,20.27,95.73,146.46
manipulated\c9bns5o_0.jpg,Manipulated,,0.0013,0.2205,0.344,1.3,71,2.38,9.92,7.13,12.92,3042.97,77.37,3039.76,4941.11
manipulated\c9bp70d_0.jpg,Manipulated,,0.0195,0.0606,0.3101,0.44,9,0.57,0.33,0.75,0.98,10.51,25.89,13.25,18.52
manipulated\c9bqr3l_0.jpg,Manipulated,,0.001,0.1446,0.0014,0.45,7,0.65,5.82,2.68,4.57,235.17,56.68,243.94,439.49
manipulated\c9br8f7_0.jpg,Manipulated,,0.0061,0.0729,0.0347,0.3,17,0.67,1.09,0.79,2.25,55.32,16.69,59.1,141.27
manipulated\c9brtmx_0.jpg,Manipulated,,0.0001,0.1489,0.0002,1.19,27,1.21,2.79,2.07,3.12,114.75,35.58,117.62,214.85
manipulated\c9bse2z_0.jpg,Manipulated,,0.0002,0.3073,0.0536,1.58,37,1.71,5.0,2.44,3.19,156.8,47.73,171.22,204.56
manipulated\c9bt9ta_0.jpg,Manipulated,,0.0003,0.3374,0.0007,1.66,80,2.28,5.71,3.23,5.63,501.18,43.78,514.1,719.23
manipulated\c9c4juu_0.jpg,Manipulated,,0.0,0.6051,0.0266,1.46,49,2.09,11.56,5.53,8.5,1275.13,66.44,1649.0,1933.27
manipulated\c9c75hs_0.jpg,Manipulated,,0.0005,0.4383,0.0,1.06,44,1.39,8.15,4.48,7.09,900.27,54.04,997.27,1051.21
manipulated\c9ca1of_0.jpg,Manipulated,,0.001,0.4404,0.0,1.07,35,1.41,8.07,4.43,7.06,888.89,53.79,986.44,1052.86
manipulated\c9ccedw_0.jpg,Manipulated,,0.0,0.3534,0.0,1.11,29,1.57,12.63,5.19,7.58,951.02,70.18,992.32,1412.15
manipulated\c9cd7xe_0.jpg,Manipulated,,0.0008,0.3742,0.0005,1.72,80,2.32,6.18,3.4,5.76,525.01,46.74,536.85,709.49
manipulated\c9cefz7_0.jpg,Manipulated,,0.0,0.3813,0.0102,0.89,23,1.18,5.9,2.86,6.57,401.2,51.68,397.95,566.92
manipulated\c9ceg0w_0.jpg,Manipulated,,0.0,0.2984,0.0,6.68,116,7.74,13.86,8.98,11.01,2360.41,96.54,2417.79,1987.85
manipulated\c9ceq9q_0.jpg,Manipulated,,0.0,0.4304,0.0001,0.96,35,1.46,7.3,3.99,6.43,714.24,48.79,805.29,919.99
manipulated\c9ceql8_0.jpg,Manipulated,,0.0004,0.2072,0.0103,0.35,25,0.8,8.36,3.25,5.23,384.66,52.52,375.56,599.75
manipulated\c9cfhhv_0.jpg,Manipulated,,0.021,0.3116,0.2304,1.4,28,1.66,4.94,2.58,4.34,306.91,48.09,341.75,568.46
manipulated\c9cgjfv_0.jpg,Manipulated,,0.0036,0.2608,0.0005,0.8,28,1.2,6.57,2.95,4.51,298.44,45.87,295.72,346.07
manipulated\c9chbnh_0.jpg,Manipulated,,0.0005,0.4035,0.0,0.33,35,1.1,3.71,2.02,4.74,194.01,35.32,209.51,282.64
manipulated\c9chzty_0.jpg,Manipulated,,0.0009,0.4255,0.0001,0.72,14,0.99,8.67,4.43,7.04,796.79,58.23,865.18,897.16
manipulated\c9chzux_0.jpg,Manipulated,,0.0013,0.3237,0.0019,0.43,31,0.77,10.31,5.06,8.28,960.3,67.99,991.98,1108.02
manipulated\c9cilly_0.jpg,Manipulated,,0.007,0.5005,0.0,1.26,46,1.94,8.47,5.02,8.56,1289.4,59.18,1439.11,1623.86
manipulated\c9cj5xa_0.jpg,Manipulated,,0.0,0.134,0.0016,0.11,31,0.43,0.32,2.42,2.36,126.4,30.46,127.33,77.3
manipulated\c9ck0j3_0.jpg,Manipulated,,0.0,0.251,0.4122,0.13,7,0.43,0.28,1.98,2.32,102.43,26.23,104.52,85.61
manipulated\c9ckx05_0.jpg,Manipulated,,0.0019,0.4188,0.404,0.28,167,1.11,11.19,4.4,7.18,644.56,75.95,750.16,1206.92
manipulated\c9clhtf_0.jpg,Manipulated,,0.7956,0.3582,0.0682,1.37,26,1.66,7.52,3.89,6.12,538.41,56.88,503.45,575.57
manipulated\c9clks3_0.jpg,Manipulated,,0.0096,0.1839,0.0344,0.87,45,1.37,2.8,1.65,4.81,303.43,30.32,304.55,733.05
manipulated\c9clmau_0.png,Manipulated,,0.0001,0.2552,0.0035,0.95,52,2.01,5.52,2.63,7.28,777.12,34.88,779.6,1967.12
manipulated\c9clq8i_0.png,Manipulated,,0.0121,0.2415,0.0929,0.82,44,1.28,3.12,1.78,4.94,321.92,33.17,320.83,820.47
manipulated\c9cm824_0.png,Manipulated,,0.0911,0.2043,0.2423,0.78,42,1.25,2.78,1.6,4.66,280.28,30.28,280.09,755.14
manipulated\c9cmdfe_0.jpg,Manipulated,,0.0292,0.2173,0.0198,1.03,46,1.65,2.51,1.64,5.23,321.31,29.58,319.73,740.53
manipulated\c9cml58_0.jpg,Manipulated,,0.0246,0.4536,0.0002,1.06,23,1.4,8.22,4.4,6.93,852.02,54.2,949.09,1007.81
manipulated\c9cmtkc_0.jpg,Manipulated,,0.0001,0.2134,0.0066,0.46,38,1.09,9.51,4.18,7.04,741.55,55.3,770.75,1322.36
manipulated\c9cnjtp_0.png,Manipulated,,0.004,0.1199,0.0562,0.64,16,0.91,1.93,1.25,3.62,143.04,27.26,144.32,407.01
manipulated\c9cnkxl_0.jpg,Manipulated,,0.3816,0.1951,0.0306,0.84,43,1.3,2.45,1.4,4.02,214.45,27.87,218.29,509.7
manipulated\c9cnv8n_0.jpg,Manipulated,,0.0004,0.1225,0.1616,0.57,41,0.98,1.25,0.71,1.74,26.4,18.85,28.56,74.46
manipulated\c9cnzf8_0.jpg,Manipulated,,0.0,0.3073,0.1824,1.61,49,2.25,4.83,2.66,5.1,345.3,40.99,362.48,529.9
manipulated\c9co6ln_0.jpg,Manipulated,,0.0206,0.2237,0.0291,0.86,41,1.41,3.16,1.78,4.95,322.25,32.72,322.17,823.27
manipulated\c9cocnw_0.jpg,Manipulated,,0.0086,0.3168,0.1887,1.66,62,2.22,13.5,7.61,11.82,2415.88,91.83,2498.43,2376.82
manipulated\c9codtz_0.png,Manipulated,,0.9875,0.4132,0.4533,1.45,216,3.6,5.39,2.72,8.58,1327.94,39.51,1566.67,1549.38
manipulated\c9cofak_0.jpg,Manipulated,,0.0216,0.2105,0.4832,1.91,42,2.26,3.6,2.85,4.18,248.33,36.59,247.53,253.64
manipulated\c9cojnz_0.jpg,Manipulated,,0.0524,0.2234,0.0284,0.86,41,1.43,2.79,1.61,4.76,280.04,30.45,281.72,757.14
manipulated\c9coljf_0.jpg,Manipulated,,0.7196,0.2143,0.0339,0.98,45,1.55,3.78,2.13,5.43,485.85,32.56,473.98,1063.4
manipulated\c9con3s_0.jpg,Manipulated,,0.0028,0.1182,0.4274,0.54,22,0.9,2.16,2.21,7.07,565.39,31.85,825.58,1961.09
manipulated\c9coy2n_0.jpg,Manipulated,,0.2988,0.0708,0.0639,0.21,17,0.53,1.24,1.08,2.4,74.77,17.87,77.43,158.76
manipulated\c9coynw_0.png,Manipulated,,0.6877,0.0396,0.33,0.57,44,1.09,2.88,1.54,4.97,319.63,23.09,317.34,821.74
manipulated\c9cptn0_0.jpg,Manipulated,,0.0002,0.329,0.0049,1.63,64,2.53,4.37,3.33,4.71,355.34,47.45,362.15,378.25
manipulated\c9cqfso_0.jpg,Manipulated,,0.0017,0.2058,0.0392,0.83,44,1.35,3.36,1.84,5.04,330.52,32.87,335.43,831.73
manipulated\c9cqodp_0.jpg,Manipulated,,0.0227,0.1802,0.0363,0.69,30,1.08,2.99,1.72,4.94,320.68,30.58,319.3,817.72
manipulated\c9cqrf4_0.jpg,Manipulated,,0.0,0.1575,0.0001,0.51,16,0.79,3.47,1.63,2.48,70.49,40.17,75.59,107.35
manipulated\c9crgzl_0.png,Manipulated,,0.0002,0.463,0.0471,1.77,66,2.68,5.88,3.02,5.89,386.01,50.57,367.49,505.71
manipulated\c9crh2a_0.jpg,Manipulated,,0.0007,0.0455,0.3967,0.13,5,0.38,0.04,0.26,0.53,3.65,8.53,3.88,4.08
manipulated\c9cser1_0.jpg,Manipulated,,0.0,0.1141,0.0074,0.3,7,0.49,0.29,2.37,2.31,121.05,29.97,122.13,72.44
manipulated\c9ct2jr_0.jpg,Manipulated,,0.0001,0.2143,0.0004,0.51,24,0.86,3.51,1.71,3.34,149.72,39.51,156.42,355.31
manipulated\c9cu6ad_0.jpg,Manipulated,,0.0001,0.1633,0.0141,0.7,25,0.99,1.45,1.62,2.27,79.32,24.59,87.13,69.16
manipulated\c9cu722_0.jpg,Manipulated,,0.0008,0.4558,0.0012,1.57,32,1.92,6.63,3.1,5.9,473.26,48.73,474.22,693.05
manipulated\c9cucm2_0.jpg,Manipulated,,0.9672,0.2319,0.0004,0.84,47,1.24,1.18,1.53,1.89,59.11,30.31,60.32,46.84
manipulated\c9cufxm_0.jpg,Manipulated,,0.0003,0.2851,0.0,1.74,65,2.34,3.1,2.71,3.72,247.01,36.15,268.76,277.88
manipulated\c9cyjm5_0.jpg,Manipulated,,0.0004,0.4351,0.0005,2.02,79,2.92,7.24,5.39,9.14,1212.7,64.45,1224.33,1279.88
manipulated\c9cysih_0.jpg,Manipulated,,0.0135,0.0731,0.0392,0.35,23,0.72,0.6,0.74,1.16,15.85,18.55,16.99,27.39
manipulated\c9czi34_0.jpg,Manipulated,,0.9162,0.4059,0.259,0.99,57,1.33,2.76,3.32,4.8,545.12,31.15,549.69,580.7
manipulated\c9d09n3_0.jpg,Manipulated,,0.0489,0.0455,0.0321,1.11,49,1.3,1.02,1.16,1.72,36.53,23.65,36.68,65.56
manipulated\c9d0hcc_0.jpg,Manipulated,,0.0128,0.166,0.3815,0.51,38,0.94,1.95,1.47,3.23,160.39,20.75,154.04,257.43
manipulated\c9d1bek_0.png,Manipulated,,0.8164,0.0855,0.1768,0.7,22,0.94,0.44,0.49,1.65,18.76,13.29,20.4,46.72
manipulated\c9d1ut9_0.jpg,Manipulated,,0.0099,0.384,0.0001,0.77,39,1.24,3.46,1.67,3.86,139.79,30.01,152.63,192.84
manipulated\c9d2odr_0.jpg,Manipulated,,0.0,0.2434,0.077,1.27,63,1.83,1.28,1.09,1.64,28.83,25.42,31.5,60.36
manipulated\c9d37je_0.jpg,Manipulated,,0.7755,0.1686,0.301,1.37,34,1.65,1.9,1.02,2.32,59.06,24.93,59.34,156.62
manipulated\c9d38jl_0.jpg,Manipulated,,0.0006,0.4187,0.0105,1.26,28,1.46,12.57,5.5,8.72,1603.08,69.58,1844.65,2525.89
manipulated\c9d3l1c_0.jpg,Manipulated,,0.0002,0.4616,0.0001,1.49,64,2.24,10.93,4.61,7.59,1148.45,61.85,1317.05,2016.77
manipulated\c9d41vh_0.jpg,Manipulated,,0.001,0.2976,0.0091,1.0,17,1.27,12.52,5.78,7.81,900.16,89.66,894.74,785.19
manipulated\c9d4ljv_0.jpg,Manipulated,,0.0039,0.2887,0.393,0.57,61,1.94,1.6,0.53,1.72,22.58,12.35,27.89,56.21
manipulated\c9d4vh2_0.png,Manipulated,,0.0607,0.4072,0.0127,1.55,58,2.13,6.91,2.99,6.26,785.18,36.05,955.96,1483.66
manipulated\c9d56du_0.png,Manipulated,,0.9777,0.1494,0.2738,1.86,17,1.93,19.05,20.03,19.52,8298.11,273.7,8570.86,3788.04
manipulated\c9d6jfi_0.jpg,Manipulated,,0.005,0.0377,0.0375,0.64,39,1.27,6.09,2.71,6.8,939.09,31.31,1095.35,2366.38
manipulated\c9d78r8_0.jpg,Manipulated,,0.5822,0.0167,0.1491,0.1,47,0.65,0.3,0.17,1.23,16.66,2.37,17.63,74.5
manipulated\c9d7js8_0.jpg,Manipulated,,0.0022,0.2075,0.004,1.03,24,1.48,2.59,1.83,2.82,132.6,34.1,136.03,167.12
manipulated\c9d7t09_0.jpg,Manipulated,,0.1088,0.0167,0.1168,0.1,28,0.61,0.24,0.16,1.23,17.3,2.31,18.34,73.06
manipulated\c9d81o3_0.jpg,Manipulated,,0.0001,0.3559,0.0011,0.7,158,2.14,5.16,4.07,7.7,805.54,58.12,817.71,984.51
manipulated\c9d9dft_0.jpg,Manipulated,,0.0,0.3177,0.0,1.42,45,1.93,15.26,11.81,14.88,8011.73,89.12,7905.31,8662.55
manipulated\c9d9pl9_0.jpg,Manipulated,,0.0201,0.0485,0.0558,0.62,39,1.22,5.67,2.43,6.34,803.05,28.65,969.59,2328.03
manipulated\c9db1wq_0.jpg,Manipulated,,0.0146,0.0551,0.3434,0.54,83,1.26,6.77,3.02,7.1,1041.78,35.77,1203.39,2575.3
manipulated\c9db37a_0.jpg,Manipulated,,0.0186,0.3161,0.0024,2.15,29,2.22,11.05,4.63,6.88,522.19,79.23,569.8,575.01
manipulated\c9dcvq8_0.jpg,Manipulated,,0.0167,0.4555,0.194,0.66,37,1.18,3.88,2.4,5.09,547.95,27.7,612.81,1316.4
manipulated\c9dcyjm_0.jpg,Manipulated,,0.0084,0.0413,0.0627,0.67,54,1.43,5.45,2.39,6.27,784.36,27.91,946.64,2265.02
manipulated\c9dd24r_0.jpg,Manipulated,,0.8259,0.2147,0.0431,0.24,30,0.64,8.29,4.95,5.51,497.42,65.68,491.05,452.95
manipulated\c9dko71_0.jpg,Manipulated,,0.0058,0.0384,0.0251,0.59,39,1.19,6.2,2.92,7.29,1077.59,32.96,1249.97,2718.28
manipulated\c9dl27f_0.jpg,Manipulated,,0.0,0.2765,0.0,0.45,22,0.92,0.61,1.84,2.11,82.0,25.85,82.96,69.09
manipulated\c9dmses_0.jpg,Manipulated,,0.0,0.0701,0.0119,0.23,17,0.5,0.37,1.48,1.65,49.53,21.21,50.86,68.15
manipulated\c9dnkas_0.jpg,Manipulated,,0.0,0.1092,0.0032,0.39,19,0.59,0.36,1.86,2.71,115.81,24.95,117.69,437.65
manipulated\c9do7hm_0.jpg,Manipulated,,0.2751,0.3061,0.3672,2.89,83,4.19,13.37,8.61,13.55,2930.17,121.03,2864.06,3529.23
manipulated\c9dpamg_0.png,Manipulated,,0.0001,0.1134,0.1384,0.8,28,0.97,1.39,0.89,4.31,207.71,18.57,2348.7,8450.77
manipulated\c9drap5_0.jpg,Manipulated,,0.0002,0.1288,0.0995,0.49,23,0.83,1.06,3.19,3.36,326.23,30.49,320.29,340.95
manipulated\c9drgb8_0.jpg,Manipulated,,0.0003,0.2183,0.0026,0.62,22,0.91,3.36,2.43,4.16,240.78,37.26,212.17,285.01
manipulated\c9dscl6_0.jpg,Manipulated,,0.0003,0.185,0.0,0.52,10,0.71,4.59,2.65,3.01,163.6,43.77,168.14,121.89
manipulated\c9dst40_0.jpg,Manipulated,,0.0,0.1281,0.0347,0.87,29,1.14,2.56,2.34,3.92,215.63,29.87,217.59,444.43
manipulated\c9dsznh_0.jpg,Manipulated,,0.0,0.0772,0.0054,0.15,16,0.48,1.02,1.72,2.51,79.23,25.24,83.17,188.2
manipulated\c9du4ht_0.jpg,Manipulated,,0.0005,0.2297,0.0007,0.99,45,1.28,2.07,3.01,3.29,226.94,36.32,228.07,173.43
manipulated\c9durpw_0.jpg,Manipulated,,0.0159,0.1502,0.0234,1.01,39,1.25,1.88,1.51,4.57,228.25,21.11,240.54,498.77
manipulated\c9dvojg_0.jpg,Manipulated,,0.0002,0.0927,0.0416,0.03,7,0.23,0.45,0.68,1.87,36.04,11.06,37.16,124.27
manipulated\c9dvu4w_0.jpg,Manipulated,,0.0,0.1284,0.0006,0.52,18,0.83,0.75,1.73,2.0,74.11,23.72,75.52,71.31
manipulated\c9dwcgf_0.jpg,Manipulated,,0.008,0.1124,0.0117,0.98,36,1.47,4.21,2.39,5.72,361.5,37.4,384.13,612.65
manipulated\c9dwil8_0.jpg,Manipulated,,0.0004,0.2359,0.0081,0.48,44,1.05,4.92,2.45,4.23,214.74,33.54,200.48,313.03
manipulated\c9dwu2g_0.jpg,Manipulated,,0.0,0.1185,0.2634,0.3,14,0.63,1.55,1.7,3.89,182.75,26.28,172.93,575.28
manipulated\c9dyl8y_0.jpg,Manipulated,,0.0,0.2127,0.0001,1.6,38,1.81,3.84,2.6,5.09,349.31,36.89,357.14,469.91
manipulated\c9e195c_0.jpg,Manipulated,,0.0,0.1822,0.0,1.63,98,3.1,5.24,4.02,8.9,1152.32,48.8,1202.4,2706.73
manipulated\c9e3ftk_0.jpg,Manipulated,,0.0,0.1598,0.0022,0.35,32,0.88,1.79,1.05,2.98,92.93,23.96,96.89,253.5
manipulated\c9e3pq0_0.png,Manipulated,,0.0002,0.291,0.0004,2.64,61,3.31,12.02,4.95,7.55,780.1,76.74,803.5,724.1
manipulated\c9e4i0n_0.jpg,Manipulated,,0.0002,0.2668,0.0,0.65,17,0.9,11.01,4.73,6.59,617.39,69.58,641.23,600.2
manipulated\c9e4pg2_0.jpg,Manipulated,,0.0005,0.081,0.0017,0.26,39,0.85,1.58,0.95,2.49,59.18,22.44,62.55,136.39
manipulated\c9e7x90_0.jpg,Manipulated,,0.0012,0.2769,0.0023,0.78,46,1.29,6.27,3.44,7.05,645.59,52.03,614.53,1002.29
manipulated\c9eayk3_0.jpg,Manipulated,,0.0021,0.0559,0.0032,0.34,28,0.78,1.12,0.74,1.82,28.04,18.09,29.79,74.42
manipulated\c9ebxsh_0.jpg,Manipulated,,0.0075,0.2985,0.0011,0.92,27,1.23,18.11,9.73,12.43,2829.05,116.38,2901.71,2053.78
manipulated\c9ec9j2_0.jpg,Manipulated,,0.0002,0.212,0.3403,0.43,61,0.93,3.05,1.61,2.67,65.32,41.41,75.15,80.59
manipulated\c9ece0x_0.jpg,Manipulated,,0.0001,0.1456,0.0071,1.33,57,1.86,4.45,2.09,4.56,300.69,36.19,269.5,569.74
manipulated\c9ed1is_0.jpg,Manipulated,,0.0,0.4698,0.0126,0.53,41,1.3,12.82,5.24,7.31,1116.0,58.17,1147.08,1334.04
manipulated\c9eddxz_0.jpg,Manipulated,,0.0032,0.2253,0.0345,0.68,35,1.46,3.18,2.61,7.12,696.19,35.69,682.65,1681.25
manipulated\c9ee26f_0.jpg,Manipulated,,0.0041,0.3195,0.0006,1.91,30,2.39,12.84,5.8,8.16,1244.39,68.25,1227.49,807.15
manipulated\c9egvex_0.jpg,Manipulated,,0.0001,0.7679,0.0801,3.68,81,6.84,11.84,3.98,5.86,502.43,54.84,507.7,514.07
manipulated\c9ehqe2_0.jpg,Manipulated,,0.0022,0.2126,0.0123,0.22,10,0.52,4.32,1.72,2.46,59.09,36.51,64.35,76.25
manipulated\c9eiaqx_0.jpg,Manipulated,,0.0083,0.1689,0.0046,0.69,11,0.82,12.05,5.2,6.27,534.7,77.8,592.75,685.11
manipulated\c9eictw_0.png,Manipulated,,0.0179,0.457,0.0724,0.74,39,1.31,8.76,3.6,7.16,701.77,61.14,767.24,1061.05
manipulated\c9eierm_0.jpg,Manipulated,,0.0736,0.4997,0.3421,0.63,23,1.15,8.98,3.87,7.88,879.7,64.45,934.97,1314.52
manipulated\c9eki1d_0.jpg,Manipulated,,0.0,0.4169,0.0,1.12,33,1.54,8.77,3.53,6.23,380.48,61.76,402.43,500.02
manipulated\c9ekoti_0.png,Manipulated,,0.0001,0.2953,0.0011,2.25,94,2.48,6.47,3.83,6.5,588.7,48.92,684.49,960.53
manipulated\c9elrrk_0.jpg,Manipulated,,0.0262,0.0775,0.0217,0.39,21,0.73,0.15,0.41,0.87,8.07,11.2,8.57,31.54
manipulated\c9en86k_0.jpg,Manipulated,,0.0074,0.1419,0.0064,0.75,37,1.11,1.25,1.39,2.54,111.41,21.37,105.44,209.76
manipulated\c9ens87_0.jpg,Manipulated,,0.007,0.4706,0.0033,0.67,27,1.04,9.48,4.03,7.68,795.65,68.16,817.4,1020.32
manipulated\c9ep601_0.jpg,Manipulated,,0.0001,0.3025,0.0,1.07,62,1.88,7.29,4.61,9.91,1450.48,60.87,2123.56,4389.18
manipulated\c9epo48_0.jpg,Manipulated,,0.0054,0.2935,0.0006,0.99,66,1.78,3.2,2.08,3.89,230.26,32.05,225.54,321.31
manipulated\c9eqhuj_0.jpg,Manipulated,,0.0069,0.7356,0.0,2.42,53,3.63,18.76,10.82,15.43,6395.97,97.66,6659.17,6530.22
manipulated\c9erwxd_0.jpg,Manipulated,,0.0145,0.3025,0.4012,0.7,34,1.08,6.76,3.42,6.69,628.87,49.82,652.09,1113.13
manipulated\c9etyea_0.jpg,Manipulated,,0.001,0.1891,0.0045,0.76,20,0.96,4.4,2.8,3.53,199.26,47.75,204.87,248.21
manipulated\c9euw8c_0.jpg,Manipulated,,0.0003,0.1451,0.0008,0.48,20,0.86,4.42,2.86,3.67,216.73,47.79,222.02,271.56
manipulated\c9ezpzg_0.jpg,Manipulated,,0.0004,0.2139,0.0001,0.65,38,1.3,5.01,2.7,3.95,239.49,46.43,248.98,263.16
manipulated\c9f090n_0.jpg,Manipulated,,0.0001,0.1948,0.0001,0.56,18,0.98,4.3,2.48,3.79,205.49,42.88,215.55,242.11
manipulated\c9f0e67_0.jpg,Manipulated,,0.7311,0.2659,0.0026,0.74,31,1.21,10.89,5.32,9.49,1341.66,77.61,1352.85,1196.21
manipulated\c9f0jqs_0.jpg,Manipulated,,0.9702,0.2891,0.0092,1.09,39,1.71,10.18,5.78,11.6,2197.3,76.14,2097.33,3734.71
manipulated\c9f0la4_0.jpg,Manipulated,,0.4612,0.253,0.0026,0.72,31,1.18,10.79,5.31,9.53,1350.0,77.48,1360.26,1194.89
manipulated\c9f0n0z_0.jpg,Manipulated,,0.0,0.2403,0.0001,0.86,26,1.14,4.97,2.66,3.98,232.85,46.11,242.68,255.71
manipulated\c9f0r3h_0.png,Manipulated,,0.6042,0.4009,0.006,1.07,29,1.39,10.93,5.44,9.68,1455.25,78.07,1468.66,1270.42
manipulated\c9f0vmz_0.jpg,Manipulated,,0.8244,0.3492,0.0089,0.87,55,1.61,10.77,5.31,9.51,1343.53,77.63,1352.14,1205.7
manipulated\c9f14qe_0.jpg,Manipulated,,0.0024,0.261,0.0364,1.15,31,1.86,11.17,7.65,14.83,4508.68,83.47,5312.72,7417.17
manipulated\c9f1h60_0.jpg,Manipulated,,0.1345,0.2817,0.0068,0.97,55,1.98,11.1,5.58,9.89,1473.76,79.36,1472.19,1250.58
manipulated\c9f2qch_0.jpg,Manipulated,,0.0511,0.1784,0.2194,0.78,15,1.03,4.52,2.42,3.84,135.88,46.55,143.46,153.52
manipulated\c9f2sfv_0.jpg,Manipulated,,0.0,0.128,0.0009,0.47,12,0.79,1.13,0.54,1.64,21.4,19.04,23.74,46.93
manipulated\c9f2szu_0.jpg,Manipulated,,0.476,0.2618,0.01,0.73,28,1.19,10.79,5.26,9.46,1327.27,77.23,1339.59,1193.11
manipulated\c9f3da2_0.jpg,Manipulated,,0.0024,0.1429,0.0277,1.09,37,1.59,10.0,7.03,14.03,3442.7,91.31,3604.49,6597.86
manipulated\c9f3n7z_0.jpg,Manipulated,,0.0,0.1614,0.0,1.72,24,1.66,5.7,2.79,3.97,245.18,50.0,253.08,265.6
manipulated\c9f465i_0.png,Manipulated,,0.0001,0.6708,0.008,2.06,40,2.39,9.31,4.35,7.65,936.97,56.14,687.16,665.47
manipulated\c9f535u_0.jpg,Manipulated,,0.0424,0.2445,0.4256,0.75,14,0.98,6.3,2.65,3.98,153.06,59.77,171.86,180.21
manipulated\c9f627v_0.jpg,Manipulated,,0.0043,0.1284,0.0026,0.15,37,0.6,11.15,6.31,7.14,1083.21,79.4,1093.09,836.34
manipulated\c9f8vaj_0.jpg,Manipulated,,0.0001,0.1995,0.0001,0.62,37,1.22,4.58,2.54,3.88,219.03,44.7,228.52,270.38
manipulated\c9faxnv_0.jpg,Manipulated,,0.0,0.0787,0.0011,0.33,7,0.57,0.17,0.92,1.03,19.54,17.62,19.58,8.36
manipulated\c9fdzmf_0.jpg,Manipulated,,0.01,0.1052,0.0422,0.15,8,0.42,0.46,0.64,1.2,14.79,14.76,16.68,34.44
manipulated\c9fep2z_0.jpg,Manipulated,,0.0571,0.2795,0.0145,0.95,34,1.65,6.59,3.24,6.95,612.5,51.92,623.79,1103.3
manipulated\c9ffae4_0.jpg,Manipulated,,0.0,0.207,0.0002,0.85,58,1.2,5.24,2.7,4.12,248.41,46.67,258.48,265.7
manipulated\c9fj64j_0.jpg,Manipulated,,0.0017,0.2078,0.0,1.87,74,2.34,12.2,5.73,7.63,1153.57,79.8,1330.47,1669.7
manipulated\c9fjq1l_0.jpg,Manipulated,,0.599,0.2956,0.2315,2.17,56,2.6,5.57,2.74,4.25,249.93,47.79,266.81,295.33
manipulated\c9fk35b_0.jpg,Manipulated,,0.1063,0.1984,0.0158,0.66,17,0.96,8.14,3.42,5.15,326.51,57.17,338.08,488.35
manipulated\c9fl051_0.jpg,Manipulated,,0.0002,0.2255,0.0002,1.4,74,2.18,11.61,5.77,7.87,1270.55,78.53,1415.07,1862.08
manipulated\c9fl1lk_0.jpg,Manipulated,,0.0003,0.284,0.4307,0.87,98,2.43,2.27,1.65,4.79,220.01,33.83,246.76,718.63
manipulated\c9flfa0_0.jpg,Manipulated,,0.3153,0.2208,0.3268,0.66,21,0.95,8.21,3.72,5.74,485.32,55.11,493.66,804.52
manipulated\c9fmaeu_0.jpg,Manipulated,,0.2279,0.2251,0.0085,4.03,114,5.22,20.39,10.16,13.49,3764.15,127.63,4203.2,4843.33
manipulated\c9fmv7c_0.jpg,Manipulated,,0.0006,0.2096,0.0003,1.79,109,2.4,12.26,5.78,7.66,1197.73,80.43,1366.59,1678.64
manipulated\c9fn5j8_0.jpg,Manipulated,,0.0049,0.1524,0.0614,0.32,17,0.74,4.46,2.27,5.13,264.08,34.4,273.89,488.49
manipulated\c9fntrg_0.jpg,Manipulated,,0.0001,0.2656,0.0001,1.32,74,2.08,11.48,6.6,10.38,1745.37,88.98,1898.23,2587.12
manipulated\c9fnyyh_0.jpg,Manipulated,,0.0024,0.2464,0.0007,1.33,65,1.9,9.97,4.92,6.88,868.33,71.73,1030.53,1369.84
manipulated\c9fo87w_0.jpg,Manipulated,,0.6424,0.2208,0.3629,0.59,19,0.94,7.04,4.74,9.87,1656.44,56.87,1641.52,3379.11
manipulated\c9fqiqn_0.jpg,Manipulated,,0.8343,0.1778,0.0027,0.65,36,1.16,6.66,3.9,5.53,521.5,54.25,528.9,835.36
manipulated\c9fuxna_0.jpg,Manipulated,,0.0006,0.5238,0.0019,0.73,45,1.55,4.88,4.22,9.47,1441.0,44.61,1336.44,2016.07
manipulated\c9fva3b_0.jpg,Manipulated,,0.0004,0.2647,0.0003,2.11,50,2.53,9.74,4.13,5.61,440.46,75.1,435.12,400.07
manipulated\c9fvs3e_0.jpg,Manipulated,,0.0005,0.3223,0.0,1.06,44,1.62,8.17,3.6,5.35,290.81,66.82,319.37,305.75
manipulated\c9fvtzk_0.jpg,Manipulated,,0.0,0.5132,0.0001,1.11,37,1.63,6.83,4.69,10.11,1833.25,56.84,1786.72,2602.06
manipulated\c9fw1nt_0.jpg,Manipulated,,0.3711,0.2417,0.3867,0.45,30,0.8,1.0,1.75,1.81,66.36,26.35,68.9,46.55
manipulated\c9fwc5l_0.jpg,Manipulated,,0.5007,0.0526,0.3734,0.0,5,0.08,1.27,2.85,3.64,339.58,26.37,327.16,379.22
manipulated\c9fxc80_0.jpg,Manipulated,,0.0,0.1059,0.0,0.72,31,1.02,2.12,1.78,3.43,160.31,24.39,231.33,791.92
manipulated\c9fxdln_0.jpg,Manipulated,,0.0003,0.1999,0.0068,0.47,10,0.71,2.06,1.56,2.1,51.28,33.05,56.11,46.99
manipulated\c9fxe3f_0.jpg,Manipulated,,0.0084,0.2051,0.0245,1.81,33,1.74,4.23,2.97,3.98,268.37,40.96,251.54,349.02
manipulated\c9fxudz_0.jpg,Manipulated,,0.0005,0.3613,0.0,0.19,18,0.7,6.24,4.28,8.62,1302.43,49.52,1223.75,1537.76
manipulated\c9fxwfb_0.png,Manipulated,,0.0028,0.3422,0.0011,1.24,43,1.89,3.49,2.31,3.77,202.31,34.56,204.6,207.68
manipulated\c9fz0du_0.jpg,Manipulated,,0.0025,0.2325,0.0,2.1,33,2.14,14.36,7.28,10.62,1701.21,99.76,1685.45,1270.57
manipulated\c9fzio7_0.jpg,Manipulated,,0.1631,0.0663,0.0534,1.38,70,2.18,7.96,4.6,9.76,1481.18,48.7,1650.0,2430.08
manipulated\c9g1oc0_0.jpg,Manipulated,,0.0002,0.2075,0.0063,0.8,23,0.92,0.95,1.96,1.88,81.62,28.41,83.9,45.24
manipulated\c9g1s99_0.jpg,Manipulated,,0.0002,0.194,0.1818,1.0,33,1.62,5.69,4.2,8.45,2045.2,46.38,1974.54,5232.88
manipulated\c9g2fgf_0.jpg,Manipulated,,0.0008,0.3277,0.0014,1.55,31,1.63,5.7,5.75,15.5,2981.74,58.66,3816.45,4582.46
manipulated\c9g2y6q_0.png,Manipulated,,0.0,0.3101,0.0001,3.7,65,4.02,14.81,10.54,16.71,5148.56,118.97,5221.89,4364.75
manipulated\c9g3114_0.jpg,Manipulated,,0.0001,0.2711,0.0,0.18,47,0.7,12.04,5.48,8.39,1289.64,69.55,1302.86,1695.37
manipulated\c9g35w2_0.jpg,Manipulated,,0.0008,0.3467,0.3714,1.77,56,1.86,4.22,3.04,5.2,554.54,37.07,544.4,1195.31
manipulated\c9g3a9c_0.jpg,Manipulated,,0.0002,0.0493,0.0008,0.39,10,0.63,1.15,1.37,2.0,50.36,26.95,52.72,94.61
manipulated\c9g3oqm_0.jpg,Manipulated,,0.0003,0.2827,0.0003,1.17,46,1.8,6.7,4.14,8.51,1278.62,59.47,1328.51,2114.82
manipulated\c9g4hr5_0.jpg,Manipulated,,0.0009,0.2716,0.0,1.09,46,1.59,9.91,9.23,19.0,8508.91,85.13,8138.86,13078.56
manipulated\c9g4p2k_0.jpg,Manipulated,,0.0213,0.2778,0.4176,0.99,34,1.44,3.85,2.54,4.88,329.88,40.57,310.04,361.75
manipulated\c9g5jrp_0.jpg,Manipulated,,0.0039,0.353,0.145,1.48,64,1.89,3.39,2.44,4.85,455.01,31.33,444.04,1138.45
manipulated\c9g5nv8_0.jpg,Manipulated,,0.0001,0.3439,0.0002,1.14,38,1.83,7.83,3.28,5.86,428.42,57.8,462.11,422.32
manipulated\c9g5v1g_0.jpg,Manipulated,,0.0054,0.1777,0.0032,1.02,25,1.35,4.1,2.03,2.79,86.27,44.09,96.29,98.0
manipulated\c9g6sg0_0.jpg,Manipulated,,0.0044,0.7572,0.0981,1.83,94,3.39,8.47,8.33,14.11,3538.12,91.66,3633.55,3092.49
manipulated\c9g6vta_0.jpg,Manipulated,,0.0018,0.1941,0.0135,0.63,20,0.79,4.57,3.12,3.33,195.07,43.42,192.54,169.87
manipulated\c9g7604_0.jpg,Manipulated,,0.013,0.285,0.0791,1.34,25,1.7,3.75,2.47,5.03,448.8,31.07,440.68,1077.29
manipulated\c9g787e_0.jpg,Manipulated,,0.001,0.2941,0.0112,0.62,15,0.87,6.52,6.99,10.15,2232.32,76.18,2270.11,2146.68
manipulated\c9g80q7_0.jpg,Manipulated,,0.0006,0.1454,0.0399,1.82,62,2.3,10.07,9.07,12.21,2657.4,96.34,2519.2,3769.03
manipulated\c9g8384_0.jpg,Manipulated,,0.0208,0.2577,0.0014,0.86,30,1.34,3.39,1.7,3.18,89.58,38.67,128.23,193.77
manipulated\c9g8k86_0.jpg,Manipulated,,0.0,0.2109,0.0038,1.05,23,1.11,4.51,2.11,3.23,126.73,35.59,139.04,226.02
manipulated\c9g8zth_0.jpg,Manipulated,,0.03,0.0564,0.0032,0.22,17,0.59,0.59,0.47,1.63,31.06,10.79,31.64,120.81
manipulated\c9g9ld3_0.jpg,Manipulated,,0.0005,0.3958,0.0075,0.64,46,1.03,7.87,7.61,12.62,3018.2,86.31,3010.49,3053.6
manipulated\c9g9mr9_0.jpg,Manipulated,,0.0,0.1809,0.0031,1.11,21,1.22,4.61,2.16,3.25,133.22,36.19,145.57,226.86
manipulated\c9g9t6z_0.jpg,Manipulated,,0.0268,0.0523,0.1403,0.41,70,1.64,2.02,1.39,5.28,401.25,20.39,406.15,1064.78
manipulated\c9gck87_0.jpg,Manipulated,,0.0314,0.1197,0.0005,0.38,11,0.67,3.82,2.35,5.01,297.47,32.6,323.0,632.78
manipulated\c9gd5k9_0.jpg,Manipulated,,0.0002,0.3722,0.0176,0.85,17,1.09,6.98,5.85,9.72,1277.12,78.23,1300.9,1306.98
manipulated\c9gd6qy_0.jpg,Manipulated,,0.0,0.2501,0.0,0.31,11,0.55,5.12,2.8,5.11,280.81,42.43,294.65,462.92
manipulated\c9gd8cq_0.jpg,Manipulated,,0.0,0.267,0.0,0.32,13,0.57,5.41,2.89,5.21,293.65,43.59,308.11,469.0
manipulated\c9gda7u_0.jpg,Manipulated,,0.0,0.3279,0.0,2.39,40,2.84,21.12,10.66,13.25,3332.61,134.12,3374.86,2803.06
manipulated\c9gdmsw_0.jpg,Manipulated,,0.0002,0.1616,0.0,0.62,17,0.84,15.5,8.83,13.96,3133.36,118.78,3221.27,4587.92
manipulated\c9gf8ln_0.jpg,Manipulated,,0.0,0.0529,0.003,0.21,15,0.5,0.88,0.85,2.6,80.53,14.24,81.21,503.33
manipulated\c9gfhtc_0.jpg,Manipulated,,0.0,0.3263,0.0002,0.34,8,0.58,5.03,2.86,5.04,294.05,42.32,305.4,481.8
manipulated\c9gfnnb_0.jpg,Manipulated,,0.0091,0.3047,0.3069,0.37,22,0.76,4.94,2.65,5.09,246.15,44.59,260.77,466.4
manipulated\c9ggl99_0.jpg,Manipulated,,0.0517,0.3634,0.3272,0.73,43,1.67,3.78,1.73,4.63,259.61,29.41,264.05,606.99
manipulated\c9ghgvz_0.jpg,Manipulated,,0.0001,0.3259,0.001,0.36,30,0.7,5.1,2.97,4.79,298.08,40.41,308.9,379.95
manipulated\c9ghoad_0.jpg,Manipulated,,0.0,0.2477,0.0001,0.33,9,0.57,5.44,3.0,5.3,327.25,44.24,341.54,545.0
manipulated\c9gjago_0.jpg,Manipulated,,0.0002,0.28,0.0928,1.61,161,3.94,5.9,2.88,4.78,336.1,51.1,356.6,477.77
manipulated\c9gjh0g_0.jpg,Manipulated,,0.0003,0.0766,0.3576,0.83,29,1.17,4.25,1.85,3.6,188.28,33.54,182.22,440.67
manipulated\c9gkk0s_0.jpg,Manipulated,,0.0001,0.2704,0.0001,0.29,11,0.53,4.45,2.6,5.06,278.25,39.02,327.09,567.78
manipulated\c9gl75j_0.jpg,Manipulated,,0.012,0.349,0.4114,1.39,86,2.55,4.23,3.26,7.77,865.29,49.5,873.02,1028.9
manipulated\c9glbxq_0.jpg,Manipulated,,0.1828,0.2693,0.0099,0.37,23,0.77,1.62,1.29,2.68,86.9,20.57,88.69,155.68
manipulated\c9gmtbg_0.jpg,Manipulated,,0.0006,0.2481,0.0,1.74,55,2.15,5.07,3.32,6.02,517.52,50.91,539.94,1109.02
manipulated\c9gn0vx_0.jpg,Manipulated,,0.0068,0.1559,0.0012,0.61,71,1.05,4.4,2.23,4.42,251.93,34.19,252.99,498.17
manipulated\c9gn94z_0.jpg,Manipulated,,0.0014,0.3955,0.0002,1.39,36,1.79,6.94,4.9,8.93,849.74,73.62,879.93,828.94
manipulated\c9grcz4_0.jpg,Manipulated,,0.0001,0.3064,0.0016,1.39,47,1.97,4.93,2.82,4.4,288.77,46.33,333.06,426.93
manipulated\c9grv2t_0.jpg,Manipulated,,0.0,0.2984,0.0,0.44,23,0.73,3.74,1.92,3.38,150.21,33.38,155.55,282.88
manipulated\c9gs7bm_0.png,Manipulated,,0.0,0.3663,0.0,1.24,78,2.14,9.12,4.37,7.69,979.75,60.62,878.07,1193.02
manipulated\c9gss1i_0.jpg,Manipulated,,0.0001,0.2997,0.0036,1.35,45,1.91,5.97,2.76,5.88,436.23,39.59,446.0,606.74
manipulated\c9gsyda_0.jpg,Manipulated,,0.2368,0.5036,0.0263,1.48,21,1.72,17.69,8.67,11.92,2501.05,113.75,2516.93,2146.23
manipulated\c9gtlnu_0.jpg,Manipulated,,0.0001,0.2227,0.0013,0.7,72,1.76,1.16,1.07,3.6,190.15,16.22,183.93,533.9
manipulated\c9gw35r_0.jpg,Manipulated,,0.3085,0.3109,0.0575,1.2,35,1.58,10.47,3.82,5.84,493.28,73.6,514.88,882.13
manipulated\c9gx2vm_0.png,Manipulated,,0.0014,0.1974,0.4072,2.07,65,2.49,6.25,4.79,11.12,1481.32,66.02,1620.4,3488.55
manipulated\c9gxwzy_0.jpg,Manipulated,,0.056,0.2968,0.0295,0.26,14,0.58,2.69,1.66,3.26,137.2,24.37,136.68,173.35
manipulated\c9gyshx_0.jpg,Manipulated,,0.1741,0.2127,0.0,0.87,73,1.41,5.22,2.83,5.93,489.24,37.41,495.11,933.62
manipulated\c9gz0w4_0.jpg,Manipulated,,0.0,0.1596,0.0664,1.28,27,1.29,6.96,3.96,6.52,768.11,52.67,753.69,1370.91
manipulated\c9gzach_0.jpg,Manipulated,,0.0,0.3185,0.0008,0.7,34,1.07,7.03,3.13,5.52,459.93,47.68,498.95,888.9
manipulated\c9h0993_0.jpg,Manipulated,,0.0376,0.3548,0.0124,0.74,34,1.51,3.87,2.52,5.94,505.58,32.68,524.3,787.53
manipulated\c9h0gbn_0.png,Manipulated,,0.9993,0.4402,0.4309,1.44,57,2.03,2.5,1.27,3.07,115.05,20.97,119.7,185.61
manipulated\c9h11gt_0.jpg,Manipulated,,0.0,0.2208,0.0,1.42,32,1.49,14.06,7.82,8.91,1728.31,95.41,1784.21,995.86
manipulated\c9h1dkc_0.jpg,Manipulated,,0.0,0.2387,0.0003,1.06,47,1.35,3.18,1.69,3.72,198.61,33.88,208.64,307.14
manipulated\c9h2clv_0.jpg,Manipulated,,0.0,0.3145,0.0,1.15,62,1.77,6.18,4.82,8.07,1215.31,56.5,1291.94,1715.04
manipulated\c9h2k3n_0.jpg,Manipulated,,0.0001,0.2244,0.102,1.12,27,1.48,2.04,2.06,2.46,108.31,32.69,107.83,104.87
manipulated\c9h2sab_0.jpg,Manipulated,,0.0017,0.0579,0.0002,0.64,39,1.11,0.82,0.89,2.54,80.43,14.85,79.39,343.42
manipulated\c9h2seb_0.jpg,Manipulated,,0.0,0.208,0.0001,0.58,70,0.97,1.36,1.42,2.69,99.2,20.9,101.46,363.99
manipulated\c9h2tvs_0.jpg,Manipulated,,0.0013,0.124,0.3012,0.92,41,1.76,1.95,1.39,3.05,110.13,20.94,105.01,166.86
manipulated\c9h38o1_0.jpg,Manipulated,,0.0,0.4468,0.0,0.95,42,1.4,5.49,4.24,7.44,921.39,45.36,927.8,1314.87
manipulated\c9h3b9x_0.jpg,Manipulated,,0.0007,0.3982,0.0004,2.89,136,6.32,9.94,5.65,10.3,1294.52,71.91,1642.47,1525.29
manipulated\c9h4ej3_0.jpg,Manipulated,,0.0001,0.4502,0.0,1.55,57,2.31,10.26,4.09,6.94,636.63,64.38,703.81,700.91
manipulated\c9h53ur_0.jpg,Manipulated,,0.0071,0.2809,0.3073,0.39,26,0.67,3.06,2.65,3.94,270.59,36.46,268.66,371.6
manipulated\c9h5fdh_0.jpg,Manipulated,,0.0002,0.3997,0.0008,1.61,80,2.96,7.3,6.04,12.96,1971.55,89.88,1973.6,2470.27
manipulated\c9h6m92_0.jpg,Manipulated,,0.1385,0.307,0.0026,2.14,49,2.61,9.03,4.61,7.87,868.55,75.78,1016.53,1219.79
manipulated\c9h7w73_0.jpg,Manipulated,,0.0001,0.2048,0.0066,0.95,25,1.27,6.15,3.2,3.95,235.9,52.57,251.46,233.4
manipulated\c9h9cv3_0.jpg,Manipulated,,0.0054,0.1848,0.0541,0.6,11,0.85,4.9,2.75,5.15,302.22,44.81,307.68,575.49
manipulated\c9hal43_0.jpg,Manipulated,,0.9185,0.3703,0.4048,0.53,23,0.9,8.39,4.67,10.26,2260.24,54.7,2264.62,4489.54
manipulated\c9hanuj_0.jpg,Manipulated,,0.0053,0.261,0.1693,0.82,29,1.2,4.02,2.39,4.46,329.77,33.03,333.24,600.81
manipulated\c9hb4rz_0.jpg,Manipulated,,0.815,0.2137,0.0024,0.77,31,1.24,6.76,3.71,5.72,488.04,58.41,506.99,1177.22
manipulated\c9hd3rx_0.jpg,Manipulated,,0.016,0.3023,0.1104,0.44,23,0.95,3.18,2.06,5.18,391.04,27.84,381.84,984.87
manipulated\c9hdjxv_0.png,Manipulated,,0.0692,0.2447,0.3548,1.38,54,1.88,3.19,2.02,2.84,109.02,47.6,121.45,169.42
manipulated\c9hg0i2_0.jpg,Manipulated,,0.0001,0.3244,0.0074,0.76,30,1.2,6.79,3.07,5.52,455.06,47.06,495.87,906.25
manipulated\c9hgkbl_0.jpg,Manipulated,,0.8423,0.476,0.3985,2.12,35,2.65,9.97,3.72,4.58,261.27,75.49,276.37,199.22
manipulated\c9hgxau_0.jpg,Manipulated,,0.0003,0.2578,0.0001,1.35,18,1.41,11.37,8.91,11.76,2698.27,90.84,2757.67,1830.41
manipulated\c9hi7nj_0.jpg,Manipulated,,0.0001,0.2203,0.0001,0.53,13,0.8,4.94,2.7,4.77,258.36,45.49,279.57,327.96
manipulated\c9hj5lr_0.jpg,Manipulated,,0.0238,0.1339,0.0006,0.11,8,0.41,11.72,6.6,7.76,1646.16,69.16,1608.34,1746.74
manipulated\c9hjnfo_0.jpg,Manipulated,,0.014,0.2191,0.0019,0.45,39,0.9,11.05,6.71,7.82,1660.28,66.04,1580.01,1708.23
manipulated\c9hk6li_0.jpg,Manipulated,,0.0001,0.2744,0.1242,0.68,57,1.34,4.95,3.08,5.73,417.78,46.7,431.74,426.36
manipulated\c9hks52_0.jpg,Manipulated,,0.0004,0.2091,0.0046,0.48,12,0.74,4.67,2.9,5.38,351.89,44.16,367.09,381.75
manipulated\c9hlbrm_0.jpg,Manipulated,,0.0112,0.1424,0.0001,1.04,15,1.16,11.93,7.04,8.03,1726.7,70.27,1770.31,1834.25
manipulated\c9hlhc2_0.jpg,Manipulated,,0.0077,0.2701,0.0008,1.22,18,1.3,12.61,7.8,8.87,2330.22,71.3,2210.36,2292.87
manipulated\c9hmzo9_0.jpg,Manipulated,,0.0389,0.2154,0.0023,0.45,18,0.87,11.01,6.69,7.82,1659.08,65.72,1579.16,1706.16
manipulated\c9hoexk_0.jpg,Manipulated,,0.156,0.2465,0.0015,0.93,19,1.05,8.91,5.98,7.21,1363.42,59.01,1316.2,1576.47
manipulated\c9houy2_0.jpg,Manipulated,,0.021,0.2337,0.0023,0.47,25,0.92,11.05,6.69,7.8,1647.82,65.82,1568.57,1708.05
manipulated\c9hr4mf_0.png,Manipulated,,0.0001,0.2222,0.0021,1.03,30,1.21,2.72,1.23,2.48,50.8,31.32,58.4,68.09
manipulated\c9hs9do_0.jpg,Manipulated,,0.0133,0.2109,0.0022,0.46,28,0.89,11.24,6.87,8.06,1773.77,67.37,1688.23,1805.07
manipulated\c9hsiyf_0.jpg,Manipulated,,0.0001,0.2152,0.1358,0.58,15,0.86,13.3,7.56,7.71,2430.69,68.06,2443.69,1550.57
manipulated\c9hto4a_0.jpg,Manipulated,,0.001,0.3376,0.0037,0.74,87,1.69,10.54,5.92,11.62,2435.84,78.25,2489.32,4214.07
manipulated\c9hui3v_0.jpg,Manipulated,,0.0008,0.2734,0.0059,0.75,46,1.29,3.12,2.49,3.37,182.63,35.46,190.96,179.8
manipulated\c9hv3aa_0.jpg,Manipulated,,0.0008,0.4013,0.0003,1.15,25,1.49,9.57,5.62,11.34,2305.29,76.15,2266.31,4097.86
manipulated\c9hxepw_0.jpg,Manipulated,,0.0484,0.0636,0.0014,0.35,13,0.71,2.58,1.52,3.95,257.98,24.79,250.5,652.53
manipulated\c9hxjwt_0.jpg,Manipulated,,0.0007,0.3044,0.0042,0.69,36,1.21,9.95,5.51,10.84,2065.03,74.51,2135.66,3851.0
manipulated\c9hyb2c_0.jpg,Manipulated,,0.0169,0.3634,0.0025,0.96,106,2.04,11.04,6.5,12.37,2966.17,82.43,2965.02,4288.73
manipulated\c9hyeec_0.jpg,Manipulated,,0.0033,0.2919,0.0046,0.62,27,1.12,9.42,5.37,11.05,2140.12,71.93,2208.78,3962.66
manipulated\c9i057u_0.jpg,Manipulated,,0.001,0.283,0.0015,0.91,21,1.27,10.46,5.87,11.6,2419.31,78.03,2477.36,4267.67
manipulated\c9i09lt_0.jpg,Manipulated,,0.0032,0.3883,0.0014,1.13,28,1.47,6.58,4.43,10.67,1966.75,59.49,2068.95,4264.32
manipulated\c9i2yhe_0.jpg,Manipulated,,0.1937,0.1907,0.0148,1.17,45,1.59,4.59,2.62,5.6,385.78,39.84,394.59,810.35
manipulated\c9i6dg5_0.jpg,Manipulated,,0.0061,0.1328,0.0003,0.26,6,0.51,2.12,1.3,2.06,39.13,31.64,43.16,55.78
manipulated\c9i892b_0.jpg,Manipulated,,0.1353,0.2182,0.1811,0.68,40,1.15,1.04,1.19,2.28,63.49,21.32,67.27,172.89
manipulated\c9ic6md_0.jpg,Manipulated,,0.0032,0.3698,0.0186,0.72,22,1.12,7.86,3.43,5.4,554.66,46.12,558.14,637.04
manipulated\c9ic90m_0.jpg,Manipulated,,0.0286,0.1392,0.0035,0.26,13,0.6,1.36,1.11,2.0,45.29,21.71,46.67,97.85
manipulated\c9iccvg_0.jpg,Manipulated,,0.9993,0.2323,0.0054,0.48,9,0.73,3.52,1.96,3.32,103.67,38.76,114.6,113.38
manipulated\c9if3fi_0.jpg,Manipulated,,0.0001,0.058,0.19,0.31,19,0.61,1.32,0.78,1.59,22.46,18.0,22.92,47.73
manipulated\c9iff6x_0.jpg,Manipulated,,0.0273,0.3021,0.0009,1.25,129,2.36,2.98,2.37,4.62,405.95,34.25,382.81,761.93
manipulated\c9ihhh7_0.jpg,Manipulated,,0.6674,0.2208,0.1685,0.7,34,1.12,0.86,1.13,1.8,43.73,20.63,45.91,107.36
manipulated\c9ihn1n_0.png,Manipulated,,0.0016,0.3141,0.0035,1.76,90,3.62,4.62,3.12,10.11,1310.81,34.14,2040.11,2929.32
manipulated\c9ihomk_0.jpg,Manipulated,,0.8007,0.2463,0.2389,1.36,54,2.0,3.93,2.58,5.55,460.49,35.45,472.02,943.58
manipulated\c9ihrfw_0.jpg,Manipulated,,0.0233,0.141,0.0457,0.64,49,1.25,1.39,1.04,2.59,81.75,18.26,82.29,198.9
manipulated\c9ihvi6_0.jpg,Manipulated,,0.0001,0.3096,0.0641,0.41,30,0.83,3.48,2.02,3.64,136.67,35.24,158.41,187.01
manipulated\c9ii586_0.jpg,Manipulated,,0.0002,0.1884,0.0001,0.72,26,1.04,5.95,3.46,5.79,494.13,53.6,505.94,822.31
manipulated\c9ii7ff_0.jpg,Manipulated,,0.0437,0.0897,0.4801,0.79,22,1.14,3.66,2.36,5.16,393.11,34.9,412.12,704.04
manipulated\c9ii97p_0.png,Manipulated,,0.0044,0.6138,0.0642,2.07,110,4.19,7.75,4.37,9.69,1231.27,55.21,1277.44,1968.36
manipulated\c9iibxz_0.jpg,Manipulated,,0.0105,0.2847,0.0042,0.49,23,0.79,1.59,1.91,2.96,156.25,25.31,152.17,360.54
manipulated\c9iibzf_0.jpg,Manipulated,,0.8979,0.079,0.335,0.94,49,1.57,2.3,1.6,4.25,217.58,25.57,228.35,595.96
manipulated\c9iidxf_0.jpg,Manipulated,,0.0007,0.4,0.0005,1.82,54,2.55,6.3,3.37,6.43,620.66,53.04,623.81,903.79
manipulated\c9iihrs_0.jpg,Manipulated,,0.002,0.2124,0.0001,2.38,71,3.26,20.73,10.99,13.9,4332.57,133.79,4521.9,3256.59
manipulated\c9iijp8_0.jpg,Manipulated,,0.0,0.2322,0.0022,0.97,33,1.66,5.36,2.79,7.1,543.37,50.48,534.13,829.43
manipulated\c9iiklk_0.jpg,Manipulated,,0.0009,0.4729,0.0014,0.57,70,1.55,4.08,2.7,8.39,906.4,34.09,864.65,1193.94
manipulated\c9iin2c_0.jpg,Manipulated,,0.0001,0.3045,0.0001,3.94,111,5.87,14.16,8.24,12.46,3042.83,89.04,3070.12,1978.38
manipulated\c9iin8c_0.jpg,Manipulated,,0.1002,0.0483,0.0975,0.07,14,0.39,3.67,2.28,4.65,342.27,32.31,351.68,638.42
manipulated\c9iis5u_0.jpg,Manipulated,,0.0261,0.4059,0.0133,1.06,70,1.98,2.71,1.92,5.27,349.97,26.77,336.21,532.93
manipulated\c9ijdae_0.jpg,Manipulated,,0.0351,0.1609,0.4351,0.5,20,0.87,3.82,2.31,5.35,383.71,34.96,391.49,886.19
manipulated\c9ijf08_0.jpg,Manipulated,,0.0028,0.3043,0.0001,1.55,47,2.11,14.33,6.39,8.94,1126.77,97.21,1135.21,918.37
manipulated\c9ikbq4_0.jpg,Manipulated,,0.0,0.2898,0.0,1.74,53,2.16,18.26,11.86,15.33,7301.44,106.1,6687.84,6210.84
manipulated\c9il4y8_0.jpg,Manipulated,,0.0006,0.1944,0.0009,1.44,41,1.76,6.73,4.18,5.07,533.99,56.39,537.91,501.13
manipulated\c9ily5x_0.jpg,Manipulated,,0.8224,0.2625,0.2049,1.41,110,2.08,4.21,2.57,5.26,408.9,36.8,419.78,710.93
manipulated\c9imbmj_0.jpg,Manipulated,,0.0138,0.1965,0.0007,0.38,14,0.58,7.74,3.79,5.69,499.86,54.36,505.33,857.21
manipulated\c9imiv9_0.jpg,Manipulated,,0.896,0.1473,0.4068,0.42,42,0.97,1.19,0.98,3.14,243.9,16.65,246.7,1963.98
manipulated\c9io67n_0.jpg,Manipulated,,0.0,0.3154,0.034,2.33,41,2.2,15.61,7.32,9.49,1826.78,83.54,1819.86,1590.61
manipulated\c9iorrc_0.jpg,Manipulated,,0.9976,0.602,0.0038,1.76,96,3.26,7.63,4.8,9.19,1075.01,71.96,1117.98,1527.03
manipulated\c9iqfsg_0.jpg,Manipulated,,0.0002,0.1874,0.0005,0.35,10,0.56,7.26,3.55,5.58,475.45,50.25,479.57,856.47
manipulated\c9islb2_0.jpg,Manipulated,,0.0026,0.1955,0.0022,1.02,95,1.49,2.71,1.83,4.94,303.23,31.1,285.43,585.57
manipulated\c9iup8s_0.jpg,Manipulated,,0.0013,0.3873,0.0054,1.4,88,2.53,3.9,2.4,6.68,601.58,35.04,544.49,1499.29
manipulated\c9iuyp5_0.jpg,Manipulated,,0.0,0.3723,0.0001,2.64,97,4.27,12.93,6.89,10.65,2164.81,85.48,1981.41,1802.0
manipulated\c9iwpff_0.jpg,Manipulated,,0.0025,0.5129,0.0,1.81,97,3.53,3.84,2.47,7.11,759.23,34.15,666.92,1870.4
manipulated\c9ixvz6_0.jpg,Manipulated,,0.0007,0.2914,0.0012,0.73,29,1.1,6.27,3.75,7.29,656.64,53.81,660.08,761.7
manipulated\c9ixwnp_0.jpg,Manipulated,,0.0057,0.1756,0.0638,1.71,55,2.38,2.34,1.38,4.05,197.68,22.62,208.71,542.32
manipulated\c9iy8fs_0.jpg,Manipulated,,0.0001,0.1972,0.0009,1.17,52,1.56,5.45,2.51,3.86,197.93,51.42,279.99,576.82
manipulated\c9iz4b4_0.jpg,Manipulated,,0.1932,0.4206,0.091,1.59,74,2.91,3.4,2.32,7.19,675.17,31.81,610.02,1545.55
manipulated\c9j1u8d_0.jpg,Manipulated,,0.0968,0.0333,0.0355,0.42,48,1.32,1.07,0.67,3.99,200.96,12.72,180.6,898.5
manipulated\c9j1upi_0.jpg,Manipulated,,0.0027,0.4202,0.0433,1.68,102,2.01,9.0,4.98,8.69,733.79,75.21,919.18,1072.11
manipulated\c9j223g_0.jpg,Manipulated,,0.0192,0.482,0.0121,1.1,97,2.36,5.93,3.99,9.62,1283.93,49.37,1141.93,1908.85
manipulated\c9j35au_0.jpg,Manipulated,,0.014,0.145,0.001,0.61,37,1.09,1.08,0.77,1.6,24.62,17.45,26.3,45.6
manipulated\c9j61u4_0.jpg,Manipulated,,0.0001,0.412,0.0001,1.17,58,1.86,4.29,2.49,5.4,349.65,36.86,341.57,422.92
manipulated\c9j64u7_0.jpg,Manipulated,,0.9374,0.38,0.1756,0.91,41,1.5,3.48,2.45,8.19,770.76,31.72,1539.79,4099.6
manipulated\c9j6as6_0.jpg,Manipulated,,0.0,0.3253,0.0028,1.59,55,1.99,4.72,2.19,4.35,237.08,35.89,232.0,339.83
manipulated\c9j6j6z_0.jpg,Manipulated,,0.0002,0.2652,0.0001,0.95,51,1.44,3.64,2.29,4.79,274.56,33.02,270.49,376.45
manipulated\c9j72t2_0.jpg,Manipulated,,0.9232,0.2983,0.001,1.4,43,1.96,3.91,3.17,4.46,357.89,43.06,362.99,367.8
manipulated\c9j7uh8_0.jpg,Manipulated,,0.0099,0.0915,0.0074,0.48,28,0.88,1.3,0.95,3.79,132.17,17.67,138.46,381.16
manipulated\c9j80i6_0.jpg,Manipulated,,0.0014,0.3162,0.0001,1.02,39,1.29,12.46,6.39,8.5,1494.92,73.88,1555.73,2180.1
manipulated\c9j8c6q_0.png,Manipulated,,0.0138,0.4437,0.1248,1.9,76,2.76,7.68,3.84,8.61,862.14,48.42,785.58,971.91
manipulated\c9j8ny0_0.jpg,Manipulated,,0.0091,0.1342,0.0086,0.28,15,0.57,2.55,1.39,2.82,85.62,23.94,89.61,142.28
manipulated\c9j8xqc_0.jpg,Manipulated,,0.0001,0.1836,0.0073,1.17,16,1.19,8.62,4.71,4.89,514.19,63.38,524.45,424.88
manipulated\c9jbfvl_0.jpg,Manipulated,,0.0424,0.1335,0.0381,1.12,32,1.81,8.87,3.63,7.46,656.11,49.29,706.81,992.34
manipulated\c9je6ik_0.jpg,Manipulated,,0.0088,0.1056,0.0004,0.48,16,0.69,2.23,2.52,2.94,181.95,32.22,181.6,238.53
manipulated\c9jmyul_0.jpg,Manipulated,,0.0,0.1298,0.0,0.98,59,2.0,6.63,4.81,5.01,617.06,55.48,614.63,500.85
manipulated\c9jnza3_0.jpg,Manipulated,,0.0299,0.2823,0.0566,1.82,80,2.49,5.48,2.44,4.25,211.89,41.54,223.25,299.51
manipulated\c9joq7w_0.jpg,Manipulated,,0.0014,0.0563,0.3252,0.39,36,0.83,2.23,1.42,4.23,222.86,22.24,228.81,514.07
manipulated\c9joxzm_0.jpg,Manipulated,,0.0,0.0167,0.0029,0.4,33,1.4,2.12,0.79,2.99,93.06,13.34,85.36,167.88
manipulated\c9jp0p0_0.jpg,Manipulated,,0.0031,0.2609,0.0022,1.42,19,1.6,23.17,14.34,17.88,7130.74,164.97,7520.29,7619.77
manipulated\c9jp25w_0.jpg,Manipulated,,0.0109,0.167,0.0003,1.27,73,1.98,7.81,3.43,4.34,248.48,59.5,268.67,219.1
manipulated\c9jp5wt_0.jpg,Manipulated,,0.0002,0.4817,0.0,1.32,66,2.13,10.4,4.92,7.71,980.2,72.91,1031.39,949.87
manipulated\c9jpn76_0.jpg,Manipulated,,0.0002,0.1621,0.0002,0.41,17,0.91,8.45,4.5,6.15,617.68,61.68,619.48,693.73
manipulated\c9jppfm_0.jpg,Manipulated,,0.0,0.1489,0.0005,1.32,18,1.27,8.74,6.96,6.8,1583.34,62.13,1603.0,1130.01
manipulated\c9jpr8z_0.jpg,Manipulated,,0.0014,0.3729,0.0353,1.21,58,1.94,9.97,7.64,14.15,3227.63,84.12,3437.73,3855.7
manipulated\c9jq15h_0.jpg,Manipulated,,0.0021,0.1931,0.0342,0.97,48,1.87,2.75,1.45,4.17,185.63,24.06,176.7,310.14
manipulated\c9jqgc7_0.jpg,Manipulated,,0.0006,0.0523,0.0011,0.73,41,1.15,1.83,1.1,3.42,144.6,19.73,147.9,501.35
manipulated\c9jqnxf_0.jpg,Manipulated,,0.0002,0.3451,0.0016,2.36,55,2.83,14.33,7.64,9.8,1755.94,98.59,1510.88,1009.86
manipulated\c9jr9le_0.jpg,Manipulated,,0.0016,0.2892,0.0045,0.77,35,1.47,9.59,5.41,7.57,929.52,70.41,960.62,1137.34
manipulated\c9jrs8t_0.jpg,Manipulated,,0.0,0.2694,0.0,1.91,57,2.23,5.89,3.15,4.93,304.78,52.4,347.61,429.84
manipulated\c9jsau5_0.jpg,Manipulated,,0.0094,0.2335,0.0074,1.5,47,1.81,14.67,5.04,5.86,470.29,91.8,482.57,284.21
manipulated\c9jtkmu_0.jpg,Manipulated,,0.0001,0.3084,0.0006,0.56,56,1.12,17.66,7.07,8.6,1822.11,93.49,1996.88,2105.12
manipulated\c9jtoex_0.png,Manipulated,,0.0063,0.3577,0.0196,0.93,31,1.58,9.14,4.22,5.83,449.95,70.08,480.15,409.93
manipulated\c9juyz1_0.jpg,Manipulated,,0.0007,0.1275,0.1971,0.49,66,2.01,1.74,1.43,5.69,358.43,21.3,346.2,1102.17
manipulated\c9jv5re_0.png,Manipulated,,0.0219,0.1465,0.032,0.58,32,0.99,0.49,0.59,2.54,63.55,9.83,61.8,201.26
manipulated\c9jwdvv_0.jpg,Manipulated,,0.0058,0.2049,0.017,1.2,59,1.99,6.24,2.85,4.98,314.35,56.35,307.51,473.96
manipulated\c9jzdxb_0.jpg,Manipulated,,0.0063,0.1268,0.0,1.11,38,1.23,10.69,7.29,9.1,1702.35,80.42,1669.41,1659.18
manipulated\c9k2es6_0.png,Manipulated,,0.0002,0.2252,0.4164,0.47,35,0.94,5.0,2.96,4.96,352.58,45.33,345.99,459.28
manipulated\c9k2t5d_0.jpg,Manipulated,,0.0002,0.3248,0.0061,1.72,26,1.66,17.74,9.75,10.12,3910.26,94.68,3824.13,3293.46
manipulated\c9k3zdn_0.jpg,Manipulated,,0.0412,0.164,0.0282,0.81,28,1.08,0.62,0.81,2.73,75.48,19.8,74.22,215.75
manipulated\c9k5pqu_0.jpg,Manipulated,,0.0002,0.5147,0.0301,1.13,46,1.66,5.27,3.71,5.75,626.47,42.41,659.34,615.46
manipulated\c9k9w0q_0.jpg,Manipulated,,0.0,0.235,0.0001,2.81,49,2.4,11.17,7.62,8.82,1808.73,87.37,1792.75,899.95
manipulated\c9kirao_0.jpg,Manipulated,,0.3393,0.3445,0.4084,1.24,85,2.55,3.4,2.48,5.04,320.8,36.86,334.86,446.09
manipulated\c9kj3pe_0.jpg,Manipulated,,1.0,0.2861,0.3083,1.38,25,1.75,13.15,4.65,6.27,564.1,70.06,633.39,639.13
manipulated\c9kjun7_0.jpg,Manipulated,,0.0017,0.1816,0.0225,2.88,47,2.53,11.76,7.94,9.18,1934.84,93.2,1911.5,1025.69
manipulated\c9kkyc7_0.jpg,Manipulated,,0.0001,0.3326,0.0,2.06,127,3.7,8.28,4.34,8.37,890.01,65.22,910.32,1425.77
manipulated\c9kl1ld_0.png,Manipulated,,0.0001,0.3899,0.0,1.34,43,1.87,14.24,6.1,8.47,1500.75,78.16,1244.6,1157.17
manipulated\c9kldmk_0.jpg,Manipulated,,0.0003,0.2442,0.0005,1.48,60,2.06,10.4,4.61,6.9,677.35,65.88,702.26,793.3
manipulated\c9kliff_0.jpg,Manipulated,,0.0025,0.3455,0.0023,0.72,34,1.17,6.48,3.04,5.34,363.17,46.89,372.24,635.88
manipulated\c9klnxl_0.jpg,Manipulated,,0.0424,0.2042,0.1338,0.66,20,0.92,7.53,3.55,5.82,491.72,60.73,510.56,604.36
manipulated\c9klqw1_0.jpg,Manipulated,,0.0003,0.418,0.0023,0.62,110,1.57,6.35,3.12,5.85,437.45,47.61,450.05,779.45
manipulated\c9kmx4q_0.jpg,Manipulated,,0.0003,0.2737,0.0016,0.56,21,0.88,6.63,3.04,5.29,358.92,47.31,368.94,628.85
manipulated\c9kn2yy_0.png,Manipulated,,0.0002,0.4236,0.0018,0.95,136,4.03,6.51,5.53,17.06,4202.65,54.48,4187.97,6652.18
manipulated\c9knukz_0.jpg,Manipulated,,0.0,0.3481,0.0019,1.88,54,2.16,5.98,2.88,4.59,286.58,41.69,323.39,337.79
manipulated\c9kqck4_0.jpg,Manipulated,,0.0003,0.3919,0.0053,0.51,47,1.14,7.09,3.35,5.97,509.26,50.31,521.13,989.66
manipulated\c9kspnj_0.jpg,Manipulated,,0.0003,0.3615,0.0,0.74,35,0.95,10.66,4.59,6.99,623.34,72.3,648.39,778.86
manipulated\c9kw0f4_0.jpg,Manipulated,,0.0001,0.089,0.0108,0.32,14,0.69,2.78,1.87,4.85,258.49,25.86,271.84,331.15
manipulated\c9kws3p_0.jpg,Manipulated,,0.0001,0.396,0.0002,1.2,85,2.22,4.19,2.72,6.52,567.79,43.7,558.48,1174.73
manipulated\c9kym5f_0.jpg,Manipulated,,0.0019,0.245,0.3082,0.98,78,1.8,2.15,1.5,2.94,103.84,27.34,108.43,185.47
manipulated\c9kyp1k_0.jpg,Manipulated,,0.0004,0.2756,0.0042,0.57,22,0.88,6.82,3.12,5.39,373.4,48.18,384.06,648.14
manipulated\c9kyq67_0.jpg,Manipulated,,0.0001,0.1487,0.3791,0.86,117,2.37,2.86,2.04,4.77,289.94,32.27,282.35,1150.33
manipulated\c9l20xa_0.jpg,Manipulated,,0.0094,0.5764,0.005,0.46,30,1.07,5.19,2.75,6.21,448.9,38.92,444.68,629.68
manipulated\c9l2kg9_0.png,Manipulated,,0.2069,0.4596,0.4291,1.83,71,2.66,5.18,3.39,7.45,576.02,48.96,604.2,667.15
manipulated\c9l3keq_0.jpg,Manipulated,,0.8478,0.1374,0.1919,0.86,23,1.02,1.72,2.1,2.67,130.87,28.04,131.09,149.77
manipulated\c9l4y7e_0.jpg,Manipulated,,0.0,0.2268,0.0,0.4,7,0.66,2.44,1.45,2.41,63.61,30.09,64.14,63.1
manipulated\c9l5ksv_0.jpg,Manipulated,,0.1492,0.2664,0.2347,0.98,20,1.25,3.06,2.56,4.07,321.1,37.08,331.86,491.97
manipulated\c9l5lkt_0.jpg,Manipulated,,0.2691,0.25,0.3298,1.53,92,2.57,2.05,1.69,3.48,173.5,28.84,179.05,401.35
manipulated\c9l6bwf_0.jpg,Manipulated,,0.0006,0.2743,0.0004,0.62,29,0.96,2.5,1.48,2.69,80.74,28.82,80.9,149.93
manipulated\c9l6nsf_0.jpg,Manipulated,,0.0399,0.2251,0.129,0.47,25,0.87,2.54,2.14,3.97,265.41,33.3,271.39,556.92
manipulated\c9l6uz2_0.jpg,Manipulated,,0.844,0.2813,0.2136,1.42,78,2.13,2.76,1.78,4.54,279.2,33.45,282.21,920.59
manipulated\c9l75x0_0.jpg,Manipulated,,0.0006,0.2872,0.0003,0.64,49,1.47,4.3,2.44,5.55,378.76,34.84,330.56,524.5
manipulated\c9l7j1r_0.jpg,Manipulated,,0.1848,0.3106,0.0061,1.54,90,2.58,2.29,1.75,3.6,189.61,30.72,195.2,423.5
manipulated\c9l7lmt_0.jpg,Manipulated,,0.141,0.3529,0.0128,1.55,89,2.59,2.36,1.83,3.91,216.49,31.55,221.88,494.65
manipulated\c9l7ppj_0.jpg,Manipulated,,0.8411,0.4088,0.0003,1.67,85,3.99,6.59,4.21,11.46,2086.29,47.74,2073.3,2743.08
manipulated\c9l8asi_0.jpg,Manipulated,,0.0006,0.3255,0.0043,2.84,82,3.59,7.19,3.6,6.43,572.29,59.49,582.67,716.2
manipulated\c9l8c1u_0.png,Manipulated,,0.0115,0.478,0.2591,0.83,45,1.17,10.33,5.04,7.2,1063.04,60.77,1085.98,1089.49
manipulated\c9laeqh_0.jpg,Manipulated,,0.0006,0.2676,0.025,0.82,52,1.29,3.87,2.45,5.0,346.26,35.29,355.18,651.58
manipulated\c9lazy2_0.jpg,Manipulated,,0.1113,0.2378,0.0028,1.37,84,2.1,2.23,1.58,3.91,191.75,30.23,195.67,476.74
manipulated\c9ll4vo_0.jpg,Manipulated,,0.0084,0.0651,0.4103,0.19,10,0.43,1.02,1.19,1.9,44.54,23.98,49.23,103.88
manipulated\c9ll8td_0.jpg,Manipulated,,0.0028,0.4058,0.0093,1.19,37,1.76,2.39,2.24,7.62,689.96,29.97,968.57,1947.25
manipulated\c9lmn3m_0.jpg,Manipulated,,0.0001,0.2447,0.0011,1.26,22,1.39,11.59,4.66,6.05,534.09,73.43,582.88,626.11
manipulated\c9ln0pg_0.jpg,Manipulated,,0.025,0.1525,0.0025,0.24,12,0.52,1.21,1.17,2.86,105.81,16.25,108.81,298.95
manipulated\c9ln2lz_0.jpg,Manipulated,,0.0005,0.0641,0.0029,0.24,14,0.54,1.49,0.92,2.06,49.14,19.8,53.07,152.81
manipulated\c9lnfms_0.jpg,Manipulated,,0.0752,0.1536,0.0502,1.23,80,2.06,5.32,2.55,6.29,615.01,43.51,644.19,1957.61
manipulated\c9lnp9v_0.jpg,Manipulated,,0.0,0.1931,0.0,0.2,7,0.46,0.82,1.9,2.33,107.09,25.22,104.68,109.48
manipulated\c9lofx5_0.jpg,Manipulated,,0.0046,0.1228,0.0021,0.8,55,2.11,4.1,2.34,7.8,734.7,33.85,720.84,1647.58
manipulated\c9lon94_0.png,Manipulated,,0.0018,0.0184,0.0605,0.4,26,0.95,2.62,1.16,3.88,190.74,19.17,187.07,599.17
manipulated\c9lp8gw_0.jpg,Manipulated,,0.0005,0.0474,0.0011,0.24,10,0.54,1.38,0.88,1.9,41.03,19.48,45.04,124.22
manipulated\c9lpuor_0.jpg,Manipulated,,0.0001,0.0482,0.0575,0.67,37,1.53,3.28,1.62,4.59,257.9,25.24,254.28,643.52
manipulated\c9lqecr_0.png,Manipulated,,0.1634,0.3007,0.0002,0.37,38,1.12,3.53,1.77,3.41,144.33,29.67,148.89,249.82
manipulated\c9lqv7f_0.jpg,Manipulated,,0.0008,0.1209,0.0017,1.0,61,1.53,4.03,1.88,3.83,213.95,34.73,235.03,409.95
manipulated\c9lqv8m_0.jpg,Manipulated,,0.0501,0.4453,0.0002,1.13,93,2.07,7.81,5.75,10.82,2375.17,59.61,2340.68,2458.84
manipulated\c9lqz29_0.jpg,Manipulated,,0.0158,0.2685,0.0089,0.75,31,1.07,8.96,4.42,7.49,759.59,63.85,777.52,851.73
manipulated\c9lrb3p_0.jpg,Manipulated,,0.0,0.1647,0.0443,1.21,17,1.28,2.9,1.41,1.82,41.66,38.64,47.52,60.01
manipulated\c9lrubh_0.jpg,Manipulated,,0.2614,0.0888,0.3068,0.86,58,1.45,1.47,0.71,2.49,68.43,13.58,73.33,214.09
manipulated\c9ls62j_0.jpg,Manipulated,,0.0286,0.2952,0.0021,4.19,119,6.27,14.85,5.92,7.92,1404.75,82.27,1378.09,1711.11
manipulated\c9lslic_0.jpg,Manipulated,,0.0242,0.171,0.0144,3.61,74,4.44,19.11,7.38,8.1,1451.15,103.42,1469.08,1229.63
manipulated\c9ltbe6_0.jpg,Manipulated,,0.0191,0.3884,0.0031,0.53,44,0.98,5.78,3.37,7.68,919.21,44.6,948.18,1241.54
manipulated\c9ltnkp_0.jpg,Manipulated,,0.0001,0.0447,0.0014,0.22,13,0.52,1.33,0.88,1.95,42.32,19.27,46.32,122.66
manipulated\c9lvns7_0.jpg,Manipulated,,0.0014,0.0184,0.0127,0.43,35,1.12,2.53,1.24,4.03,203.74,20.06,200.17,572.58
manipulated\c9lvqgs_0.jpg,Manipulated,,0.0002,0.1134,0.0151,0.64,15,1.0,6.88,2.84,5.65,637.61,45.97,765.1,1404.28
manipulated\c9lyu4h_0.jpg,Manipulated,,0.0015,0.0555,0.0109,0.21,12,0.49,0.94,0.77,1.78,38.02,16.32,39.02,250.47
manipulated\c9m1ged_0.jpg,Manipulated,,0.0,0.0911,0.0003,0.25,25,0.55,0.62,0.84,2.13,58.21,13.86,58.19,470.98
manipulated\c9m1ree_0.jpg,Manipulated,,0.0229,0.0324,0.2712,0.48,43,1.16,0.4,0.38,1.7,32.4,7.09,37.39,118.37
manipulated\c9m2mgp_0.jpg,Manipulated,,0.0114,0.3077,0.4856,0.53,32,1.11,4.21,2.32,4.63,256.07,33.27,241.91,353.29
manipulated\c9m3r45_0.jpg,Manipulated,,0.0331,0.3064,0.0241,0.56,18,0.92,5.52,2.98,6.28,551.06,43.87,566.39,835.76
manipulated\c9m59bz_0.jpg,Manipulated,,0.0141,0.1711,0.0038,1.13,41,1.85,7.86,3.69,5.17,415.44,56.94,466.05,292.68
manipulated\c9m5ndi_0.jpg,Manipulated,,0.0094,0.133,0.0016,0.66,27,0.98,1.33,0.78,2.23,48.64,18.79,50.19,128.84
manipulated\c9m7kgn_0.jpg,Manipulated,,0.0019,0.1743,0.0594,0.94,21,1.25,1.05,1.25,1.73,42.55,21.63,42.57,48.28
manipulated\c9m7wt8_0.png,Manipulated,,0.135,0.0985,0.1479,0.19,38,0.59,0.98,0.96,2.25,51.28,19.33,55.3,103.29
manipulated\c9m8hr9_0.png,Manipulated,,0.0005,0.3089,0.0001,2.93,37,2.8,18.65,11.71,15.83,5409.67,123.22,5367.66,4354.09
manipulated\c9mdh2i_0.jpg,Manipulated,,0.0001,0.3589,0.0,1.18,41,1.83,20.11,15.93,21.46,10914.93,149.5,10627.86,9095.72
manipulated\c9mdqpy_0.jpg,Manipulated,,0.0116,0.3268,0.0743,1.41,37,1.83,7.09,3.67,6.61,654.81,51.3,667.18,943.22
manipulated\c9mf0b8_0.png,Manipulated,,0.0017,0.1786,0.258,1.05,133,1.72,1.82,1.41,3.19,125.69,20.29,123.63,241.72
manipulated\c9mf9lg_0.jpg,Manipulated,,0.0004,0.4301,0.0,1.38,73,2.46,6.56,4.08,9.21,1365.85,49.42,1302.82,2560.15
manipulated\c9mfypt_0.jpg,Manipulated,,0.0004,0.3959,0.0002,0.88,30,1.41,7.17,4.99,10.38,1998.83,54.95,1990.17,3021.17
manipulated\c9mho3e_0.jpg,Manipulated,,0.0001,0.4553,0.0,1.38,71,2.47,6.66,4.12,9.27,1389.75,49.69,1324.96,2551.63
manipulated\c9mht38_0.jpg,Manipulated,,0.0001,0.4195,0.0,1.37,72,2.44,6.62,4.1,9.26,1379.45,49.78,1314.72,2564.6
manipulated\c9mib1x_0.jpg,Manipulated,,0.0002,0.3938,0.0001,1.26,66,2.22,5.13,3.46,8.5,1158.85,42.82,1103.73,2452.9
manipulated\c9mivhd_0.jpg,Manipulated,,0.0002,0.4427,0.0,1.51,83,2.72,7.28,4.66,10.1,1655.85,56.22,1583.31,2659.45
manipulated\c9mjrvb_0.jpg,Manipulated,,0.0005,0.4053,0.0001,0.86,27,1.38,7.2,4.9,10.19,1982.16,53.81,1887.62,3023.41
manipulated\c9mjv8c_0.jpg,Manipulated,,0.0144,0.3909,0.0005,0.84,27,1.36,6.94,4.82,10.3,2012.45,53.14,1914.9,3181.6
manipulated\c9ml96z_0.jpg,Manipulated,,0.0001,0.4455,0.0023,1.42,73,2.49,6.61,4.09,9.21,1361.94,49.81,1298.86,2563.89
manipulated\c9mlghk_0.jpg,Manipulated,,0.0031,0.4507,0.0001,1.59,65,2.5,6.67,4.1,9.26,1373.65,50.44,1310.8,2547.62
manipulated\c9mpeuk_0.jpg,Manipulated,,0.0001,0.4296,0.0,1.3,64,2.15,6.68,4.15,8.99,1264.42,50.96,1207.51,2415.8
manipulated\c9mtwu3_0.jpg,Manipulated,,0.0,0.1843,0.0096,0.44,16,0.82,2.09,1.17,2.48,56.08,25.73,54.53,91.41
manipulated\c9n4613_0.jpg,Manipulated,,0.8665,0.0418,0.057,0.23,14,0.59,1.66,0.97,3.14,118.45,16.45,122.97,330.02
manipulated\c9n4bm5_0.jpg,Manipulated,,0.0003,0.4748,0.3595,1.77,67,3.26,7.48,3.31,6.09,422.76,56.92,544.15,611.08
manipulated\c9n64mb_0.jpg,Manipulated,,0.0007,0.1647,0.0196,0.42,18,0.84,2.49,1.5,4.58,251.59,23.71,252.08,666.33
manipulated\c9n6ne8_0.jpg,Manipulated,,0.984,0.1375,0.0055,0.41,85,1.97,2.14,1.45,6.2,458.38,19.27,474.1,791.87
manipulated\c9n98ue_0.jpg,Manipulated,,0.4408,0.0569,0.3891,0.28,17,0.67,1.94,1.25,4.03,207.78,19.27,212.64,495.45
manipulated\c9n9au8_0.jpg,Manipulated,,0.3129,0.0674,0.0383,0.35,65,1.24,1.96,1.24,4.24,235.4,18.31,240.17,542.4
manipulated\c9n9bnt_0.jpg,Manipulated,,0.0006,0.1055,0.0128,0.48,64,1.53,3.97,2.45,5.66,428.26,34.23,420.7,790.19
manipulated\c9nau5v_0.jpg,Manipulated,,0.0031,0.2694,0.009,1.03,37,1.65,6.04,3.67,6.53,460.93,60.66,526.12,556.24
manipulated\c9nbea3_0.jpg,Manipulated,,0.0024,0.3313,0.0026,2.0,76,2.77,7.46,3.65,7.11,604.01,60.57,585.58,832.22
manipulated\c9nbxwv_0.jpg,Manipulated,,0.0016,0.2815,0.0,0.42,12,0.7,4.45,2.06,3.78,145.92,39.84,149.1,147.81
manipulated\c9nds5g_0.jpg,Manipulated,,0.0162,0.1104,0.0041,0.83,96,1.45,3.49,2.06,5.7,486.52,30.85,478.28,1677.2
manipulated\c9nfts5_0.jpg,Manipulated,,0.8664,0.3892,0.3563,1.71,93,2.03,12.45,5.43,7.59,1041.42,76.82,1146.78,793.25
manipulated\c9nhm96_0.jpg,Manipulated,,0.9274,0.3199,0.1586,1.0,44,1.68,4.01,2.25,5.55,400.87,34.05,415.09,612.39
manipulated\c9ni4dr_0.jpg,Manipulated,,0.0007,0.1353,0.0005,0.46,17,0.72,3.81,2.81,4.91,313.11,44.76,323.0,607.8
manipulated\c9njmjd_0.jpg,Manipulated,,0.0001,0.1292,0.0016,0.56,19,0.87,5.37,3.74,4.16,313.95,54.83,334.71,284.25
manipulated\c9njsph_0.jpg,Manipulated,,0.5795,0.4921,0.0008,1.87,84,3.72,7.76,4.5,9.35,1630.75,56.17,1520.47,1528.7
manipulated\c9njyrr_0.jpg,Manipulated,,0.0078,0.2113,0.4712,0.8,14,0.97,0.11,0.88,1.11,17.85,18.39,20.79,26.27
manipulated\c9nk828_0.jpg,Manipulated,,0.0,0.2364,0.0014,0.66,26,0.96,2.28,4.16,4.45,545.73,42.86,557.78,453.53
manipulated\c9nkbnj_0.jpg,Manipulated,,0.0072,0.5039,0.0926,1.08,53,1.57,9.73,5.8,10.98,1946.66,71.65,1990.58,2410.52
manipulated\c9nknvd_0.png,Manipulated,,0.0015,0.2054,0.0001,1.43,36,1.67,2.62,1.82,3.52,141.76,35.03,168.59,377.36
manipulated\c9nl77k_0.jpg,Manipulated,,0.1775,0.0596,0.1861,0.27,26,0.82,1.19,0.7,2.96,90.83,12.16,97.91,189.5
manipulated\c9nma8l_0.jpg,Manipulated,,0.0199,0.2362,0.3886,0.78,25,1.22,4.03,2.69,3.36,250.91,38.61,292.3,350.2
manipulated\c9nmqfd_0.jpg,Manipulated,,0.9998,0.227,0.397,0.58,17,0.86,5.12,2.91,5.58,422.98,41.34,424.79,549.36
manipulated\c9npg11_0.jpg,Manipulated,,0.0028,0.2307,0.0044,0.55,14,0.81,6.48,3.59,5.88,583.22,43.71,590.3,795.07
manipulated\c9nqp2a_0.jpg,Manipulated,,0.0003,0.4082,0.0001,1.2,57,2.08,12.08,5.81,8.68,1331.32,73.44,1220.99,1093.72
manipulated\c9nra1a_0.jpg,Manipulated,,0.0182,0.1637,0.3807,0.45,12,0.76,4.85,2.39,2.68,87.39,53.32,101.78,65.1
manipulated\c9nt2o8_0.jpg,Manipulated,,0.0,0.3716,0.0,0.31,45,0.81,2.56,1.78,3.75,151.05,27.47,155.92,219.52
manipulated\c9ntew0_0.jpg,Manipulated,,0.0001,0.2808,0.0265,0.56,31,0.86,6.47,3.49,5.33,478.92,44.45,478.26,837.24
manipulated\c9ntuji_0.jpg,Manipulated,,0.0007,0.0746,0.0044,0.95,78,1.31,1.61,2.15,3.56,211.21,24.11,206.64,606.91
manipulated\c9nty5e_0.jpg,Manipulated,,0.0001,0.1288,0.0016,0.67,25,1.04,0.84,0.92,2.49,77.01,17.06,77.65,201.43
manipulated\c9nu96c_0.jpg,Manipulated,,0.0016,0.4445,0.001,1.14,46,1.88,5.08,2.74,5.56,398.23,43.02,397.82,339.59
manipulated\c9nuh5z_0.jpg,Manipulated,,0.0,0.2444,0.0,1.91,44,2.4,9.61,5.43,8.46,1257.36,63.72,1132.78,1259.16
manipulated\c9nuhbj_0.jpg,Manipulated,,0.0,0.096,0.0,0.76,48,1.14,1.24,1.19,3.28,136.72,18.82,135.8,325.76
manipulated\c9nut9u_0.jpg,Manipulated,,0.0,0.353,0.0001,0.21,41,0.62,2.59,1.82,4.04,170.29,28.31,179.91,328.08
manipulated\c9nuvz4_0.jpg,Manipulated,,0.0001,0.2899,0.0001,0.65,38,1.17,4.67,2.57,4.96,379.15,38.34,389.99,544.23
manipulated\c9nuy5u_0.jpg,Manipulated,,0.0224,0.2078,0.0003,1.61,68,2.27,9.2,4.17,5.55,524.61,68.3,504.27,641.65
manipulated\c9nvnky_0.jpg,Manipulated,,0.0004,0.2792,0.0093,0.66,87,1.28,6.49,3.5,5.48,507.3,45.05,506.53,988.7
manipulated\c9nvpcp_0.jpg,Manipulated,,0.0765,0.2906,0.3929,0.63,11,0.84,0.77,1.67,2.13,66.0,24.35,67.33,66.22
manipulated\c9nw6k4_0.jpg,Manipulated,,0.0002,0.3502,0.0524,0.75,40,1.18,7.26,3.69,5.42,504.67,46.91,505.96,813.33
manipulated\c9nwdn2_0.jpg,Manipulated,,0.0,0.0907,0.0006,0.71,45,1.21,1.82,1.39,4.35,264.64,20.95,261.69,1179.76
manipulated\c9nwfkt_0.jpg,Manipulated,,0.0094,0.2796,0.0326,0.47,11,0.72,6.04,3.22,5.08,422.91,42.0,423.28,816.01
manipulated\c9nwr7t_0.jpg,Manipulated,,0.0031,0.1865,0.0743,0.65,28,1.32,3.98,2.39,3.23,131.69,41.7,138.19,156.17
manipulated\c9nx3jn_0.jpg,Manipulated,,0.0018,0.5045,0.0429,1.32,55,2.19,4.3,2.56,5.52,343.88,44.02,337.02,472.8
manipulated\c9nxj2d_0.jpg,Manipulated,,0.0006,0.3857,0.3428,0.9,50,1.4,8.83,4.18,5.97,591.86,52.84,572.93,777.61
manipulated\c9nxok1_0.jpg,Manipulated,,0.0,0.0945,0.0001,0.26,12,0.56,0.63,0.81,2.18,57.48,14.92,57.79,144.01
manipulated\c9nxy4w_0.png,Manipulated,,0.146,0.0333,0.0006,0.26,33,0.89,0.61,0.52,2.87,91.39,7.97,93.27,267.07
manipulated\c9nytom_0.jpg,Manipulated,,0.0009,0.3332,0.0208,0.25,15,0.68,5.81,2.99,4.38,280.48,43.45,284.36,349.87
manipulated\c9nz0zs_0.jpg,Manipulated,,0.0006,0.228,0.0023,0.4,24,0.82,6.4,3.34,6.44,616.92,47.24,632.37,1364.98
manipulated\c9nzsmx_0.jpg,Manipulated,,0.0,0.2435,0.0,0.32,12,0.59,0.85,1.81,3.26,169.15,23.24,171.85,283.59
manipulated\c9nzxnk_0.jpg,Manipulated,,0.013,0.3338,0.0408,1.18,34,1.85,5.85,3.43,7.36,727.72,41.93,861.32,933.61
manipulated\c9o1k73_0.jpg,Manipulated,,0.0018,0.0835,0.0,0.76,56,1.16,0.74,0.93,2.59,82.36,15.76,82.79,206.81
manipulated\c9o1y6b_0.jpg,Manipulated,,0.0021,0.1443,0.0062,0.44,26,1.11,1.65,1.03,3.88,212.06,19.49,218.13,513.91
manipulated\c9o1yg4_0.jpg,Manipulated,,0.0001,0.3404,0.3611,0.41,31,0.84,3.42,1.89,4.2,216.65,31.55,227.14,411.53
manipulated\c9o2ydg_0.jpg,Manipulated,,0.0037,0.3885,0.4035,0.62,57,1.38,3.6,1.96,4.43,251.79,32.19,262.75,488.08
manipulated\c9o3z78_0.jpg,Manipulated,,0.0001,0.28,0.0106,0.59,45,0.88,6.29,3.43,5.16,452.15,43.45,451.52,810.27
manipulated\c9o4h65_0.jpg,Manipulated,,0.7182,0.3148,0.1617,1.5,62,1.98,3.45,2.93,4.69,377.0,39.06,391.78,519.48
manipulated\c9o51n8_0.jpg,Manipulated,,0.1937,0.1372,0.1045,0.86,87,1.67,1.87,1.21,3.31,162.64,18.29,196.78,710.29
manipulated\c9o5mjb_0.jpg,Manipulated,,0.0004,0.3559,0.3277,0.39,31,0.87,3.45,1.88,4.17,213.41,31.81,223.95,406.28
manipulated\c9o6082_0.jpg,Manipulated,,0.0002,0.1277,0.0141,0.98,55,2.0,4.87,2.42,4.66,245.78,37.63,247.73,521.43
manipulated\c9o6bus_0.jpg,Manipulated,,0.0006,0.4233,0.0069,1.67,42,1.98,7.58,3.82,5.58,539.89,47.27,606.58,706.19
manipulated\c9o6e0q_0.png,Manipulated,,0.008,0.1089,0.276,0.36,53,1.13,2.13,0.96,2.87,83.28,17.42,86.39,161.48
manipulated\c9o87nu_0.jpg,Manipulated,,0.0003,0.238,0.0,0.99,43,1.27,7.15,4.17,5.66,615.45,51.91,614.22,444.04
manipulated\c9o8vr7_0.jpg,Manipulated,,0.0058,0.2847,0.0013,0.9,23,1.35,5.71,2.65,3.68,157.41,52.74,162.53,123.76
manipulated\c9o979d_0.jpg,Manipulated,,0.0005,0.281,0.0,0.65,17,0.86,7.49,3.67,5.39,411.45,53.84,407.42,353.81
manipulated\c9oc4q6_0.jpg,Manipulated,,0.8119,0.2812,0.375,2.43,41,2.67,9.48,4.2,6.28,647.73,59.82,625.08,666.96
manipulated\c9oce7b_0.jpg,Manipulated,,0.0,0.1864,0.0,1.42,45,2.15,5.69,3.99,4.71,470.36,48.51,538.41,759.89
manipulated\c9ocka2_0.png,Manipulated,,0.0001,0.2508,0.0,2.83,70,3.25,14.79,6.74,9.87,1515.54,97.34,1561.38,856.74
manipulated\c9ockip_0.jpg,Manipulated,,0.0,0.3676,0.0006,1.07,24,1.55,3.16,2.86,7.84,802.06,37.95,786.32,1069.51
manipulated\c9octsz_0.jpg,Manipulated,,0.0,0.0953,0.0811,0.6,23,0.96,3.19,2.68,2.46,127.02,43.44,130.53,48.8
manipulated\c9ocul2_0.jpg,Manipulated,,0.0,0.2245,0.0,2.56,57,3.13,7.87,4.52,5.99,686.01,57.14,715.14,674.09
manipulated\c9od2bp_0.jpg,Manipulated,,0.0,0.4119,0.0004,0.66,41,1.73,4.18,4.77,15.72,3082.81,49.7,33114.57,77144.63
manipulated\c9oe4ae_0.jpg,Manipulated,,0.0,0.2945,0.0004,0.82,37,1.15,1.26,1.59,3.34,158.92,21.03,164.15,254.16
manipulated\c9oej2d_0.jpg,Manipulated,,0.0004,0.3329,0.0017,1.27,66,2.41,6.13,3.07,7.24,701.27,45.2,698.09,1058.61
manipulated\c9ogiu1_0.jpg,Manipulated,,0.0778,0.0816,0.2143,0.75,32,1.35,2.66,1.25,2.86,101.52,23.69,105.76,238.32
manipulated\c9oinbz_0.jpg,Manipulated,,0.0075,0.6276,0.3324,0.55,11,0.87,7.42,2.79,5.22,343.52,44.72,271.61,394.57
manipulated\c9oiun2_0.jpg,Manipulated,,0.0036,0.3138,0.0596,1.28,41,2.43,6.81,3.21,5.98,506.84,43.5,522.75,575.97
manipulated\c9ojssa_0.jpg,Manipulated,,0.9441,0.179,0.1085,1.14,26,1.8,5.33,2.16,4.7,273.3,39.12,257.15,412.65
manipulated\c9omlsl_0.jpg,Manipulated,,0.0001,0.2879,0.0069,1.12,75,1.41,8.55,4.62,6.71,719.91,58.78,735.22,607.57
manipulated\c9orbjh_0.jpg,Manipulated,,0.0,0.209,0.0001,1.03,44,1.36,9.31,3.77,4.85,357.88,60.22,375.14,412.91
manipulated\c9orhl5_0.jpg,Manipulated,,0.0038,0.3739,0.0001,0.51,41,1.06,6.02,3.08,5.49,414.89,41.91,461.33,606.31
manipulated\c9oridj_0.jpg,Manipulated,,0.0,0.495,0.0,0.56,49,1.17,10.07,4.67,7.51,837.83,59.95,906.46,897.44
manipulated\c9os1tp_0.jpg,Manipulated,,0.0,0.5315,0.0,1.28,57,1.94,12.02,6.88,11.24,2592.16,70.93,2889.35,2649.38
manipulated\c9os3m3_0.jpg,Manipulated,,0.0,0.5383,0.0004,0.49,40,1.07,9.49,4.47,7.47,765.66,58.55,836.8,875.72
manipulated\c9ouujp_0.jpg,Manipulated,,0.0,0.4485,0.0,0.37,46,0.88,9.26,4.15,7.06,618.33,57.59,677.53,697.97
manipulated\c9oviie_0.jpg,Manipulated,,0.0021,0.2127,0.0066,1.65,20,1.63,11.3,7.54,11.15,1847.48,94.67,1755.99,2071.41
manipulated\c9owhds_0.jpg,Manipulated,,0.2916,0.3203,0.0945,1.0,43,1.53,8.76,3.84,6.19,577.99,60.04,572.94,665.28
manipulated\c9owniu_0.jpg,Manipulated,,0.0868,0.4346,0.0385,1.7,69,3.01,8.68,3.9,6.27,628.53,59.96,619.13,733.54
manipulated\c9owyxs_0.jpg,Manipulated,,0.0016,0.2379,0.0,0.28,19,0.54,1.13,1.55,2.34,79.42,24.08,80.09,196.45
manipulated\c9oz0g4_0.jpg,Manipulated,,0.0004,0.3881,0.0054,0.9,52,1.71,5.01,2.66,5.49,384.0,46.5,368.85,562.94
manipulated\c9oz87d_0.jpg,Manipulated,,0.3773,0.333,0.0412,0.97,33,1.09,3.3,3.88,7.35,724.17,45.42,954.6,1964.58
manipulated\c9ozajr_0.jpg,Manipulated,,0.0001,0.1852,0.0,1.97,50,2.2,4.2,3.25,4.27,265.25,49.44,280.33,246.69
manipulated\c9ozgv4_0.jpg,Manipulated,,0.0004,0.0435,0.0204,0.49,65,1.06,0.57,0.6,2.21,66.84,12.3,68.34,312.06
manipulated\c9p4sou_0.jpg,Manipulated,,0.4543,0.285,0.4068,0.8,32,1.29,7.62,3.97,6.81,588.32,59.19,595.82,692.8
manipulated\c9p6j5b_0.jpg,Manipulated,,0.0231,0.2219,0.0218,0.65,31,0.98,4.37,2.81,5.24,393.28,46.71,449.83,1554.2
manipulated\c9p7smn_0.jpg,Manipulated,,0.0,0.2465,0.0,1.28,53,1.69,3.46,2.33,3.41,140.42,41.61,151.7,155.4
manipulated\c9pefdl_0.jpg,Manipulated,,0.0431,0.1336,0.0138,0.19,23,0.57,1.14,0.8,2.18,48.1,13.18,48.53,121.32
manipulated\c9pfl6d_0.jpg,Manipulated,,0.0753,0.1478,0.0236,0.27,31,0.73,1.69,1.01,2.82,72.9,19.39,76.99,202.34
manipulated\c9pfvx9_0.jpg,Manipulated,,0.216,0.0551,0.2838,0.22,25,0.57,1.47,0.95,2.17,50.16,16.72,51.16,103.19
manipulated\c9pgddf_0.jpg,Manipulated,,0.5801,0.0508,0.0481,0.34,58,0.82,0.92,0.68,1.92,39.93,11.34,39.74,95.95
manipulated\c9pged8_0.png,Manipulated,,0.0009,0.7269,0.0,2.01,64,2.56,13.06,8.11,12.8,3664.29,75.81,3664.39,3274.66
manipulated\c9pgyxl_0.jpg,Manipulated,,0.0009,0.2482,0.0002,1.73,73,2.26,7.55,3.8,6.55,601.03,69.01,628.43,1311.91
manipulated\c9pilty_0.jpg,Manipulated,,0.0003,0.3419,0.0156,0.5,24,1.01,20.41,12.35,14.23,5139.61,116.92,5157.96,3735.97
manipulated\c9pj6yb_0.jpg,Manipulated,,0.0333,0.0523,0.0353,0.23,21,0.62,1.17,0.83,2.04,43.75,14.22,44.35,99.21
manipulated\c9plhb5_0.jpg,Manipulated,,0.2313,0.0771,0.0267,0.34,88,0.95,1.41,0.91,2.16,50.58,16.18,51.12,122.32
manipulated\c9pmfw0_0.jpg,Manipulated,,0.0,0.215,0.0,0.4,20,0.81,5.2,5.83,8.33,2045.69,45.51,2149.0,2713.76
manipulated\c9pmle5_0.jpg,Manipulated,,0.0069,0.2775,0.035,0.31,16,0.67,2.71,1.49,3.39,105.16,28.93,105.24,202.23
manipulated\c9pmrb5_0.jpg,Manipulated,,0.0001,0.2324,0.0001,0.4,14,0.77,5.2,5.95,8.52,2202.01,45.91,2324.89,2963.64
manipulated\c9pmyfj_0.jpg,Manipulated,,0.0002,0.2296,0.376,0.97,18,1.13,3.7,1.95,5.34,278.7,37.72,259.38,561.47
manipulated\c9pmymm_0.jpg,Manipulated,,0.0,0.2224,0.0,0.41,18,0.77,5.31,5.97,8.57,2224.13,46.01,2346.15,2970.63
manipulated\c9pn1gz_0.jpg,Manipulated,,0.0002,0.1803,0.0002,0.33,8,0.54,3.96,2.76,4.29,262.43,36.65,271.87,396.64
manipulated\c9pn1hj_0.jpg,Manipulated,,0.0014,0.1679,0.0012,0.02,9,0.19,5.37,6.13,9.45,2407.22,47.66,2477.74,3525.33
manipulated\c9pnfbw_0.jpg,Manipulated,,0.0281,0.2301,0.0075,0.13,42,0.69,0.14,1.75,2.58,190.99,14.36,213.0,293.7
manipulated\c9pnjfr_0.jpg,Manipulated,,0.0976,0.5747,0.017,1.38,96,3.36,2.27,2.54,6.19,416.85,34.6,445.28,433.51
manipulated\c9pnr75_0.jpg,Manipulated,,0.0003,0.2751,0.0,1.36,25,1.64,7.49,7.2,9.84,3137.81,55.79,3329.65,4056.82
manipulated\c9pojdy_0.jpg,Manipulated,,0.001,0.2338,0.0002,0.73,22,1.07,6.36,2.8,4.02,191.03,54.72,203.05,262.38
manipulated\c9ppuxs_0.jpg,Manipulated,,0.0001,0.2435,0.0045,0.87,24,1.1,6.4,3.52,6.03,508.78,50.57,517.15,1032.91
manipulated\c9pq1oo_0.jpg,Manipulated,,0.4372,0.298,0.0786,0.65,14,0.91,5.0,1.68,2.37,60.89,39.37,65.48,62.32
manipulated\c9pqbmt_0.jpg,Manipulated,,0.0003,0.1867,0.0677,0.71,11,0.92,8.27,4.35,7.14,785.66,59.98,746.55,1427.06
manipulated\c9pqiu6_0.jpg,Manipulated,,0.0001,0.2231,0.0006,0.85,57,1.58,4.86,2.47,4.17,228.59,45.02,237.0,511.74
manipulated\c9pse6z_0.jpg,Manipulated,,0.021,0.207,0.0044,0.98,16,1.18,8.6,4.68,7.62,904.59,62.53,931.63,1432.9
manipulated\c9pskj4_0.jpg,Manipulated,,0.0001,0.2278,0.0008,0.93,31,1.06,6.58,3.77,6.21,585.71,51.63,596.42,1125.18
manipulated\c9pu31c_0.jpg,Manipulated,,0.0001,0.2381,0.0031,0.46,30,0.91,6.06,3.51,6.13,558.94,48.78,569.01,1128.11
manipulated\c9pufrq_0.jpg,Manipulated,,0.0002,0.2442,0.0025,0.47,30,0.92,6.26,3.54,6.15,561.91,49.51,572.14,1125.76
manipulated\c9pw7al_0.jpg,Manipulated,,0.0013,0.241,0.0366,0.63,44,1.22,6.1,3.55,6.17,566.99,49.09,577.18,1126.04
manipulated\c9px7bq_0.jpg,Manipulated,,0.0001,0.2405,0.0024,0.49,68,1.06,6.46,3.6,6.23,575.79,50.16,586.27,1128.25
manipulated\c9q0f2e_0.png,Manipulated,,0.0002,0.2948,0.0012,2.0,51,2.45,6.21,3.69,7.33,642.49,55.85,684.17,793.82
manipulated\c9q0ksk_0.jpg,Manipulated,,0.0,0.1683,0.0002,0.79,21,1.12,1.93,1.62,3.11,144.72,25.45,407.67,1276.48
manipulated\c9q9vd2_0.jpg,Manipulated,,0.0134,0.1902,0.3629,0.59,13,0.72,26.41,9.1,8.81,1765.95,111.22,1820.74,1347.94
manipulated\c9qa804_0.jpg,Manipulated,,0.9055,0.0936,0.2274,0.95,68,1.15,0.77,1.04,2.8,124.58,16.84,124.36,601.14
manipulated\c9qbapf_0.jpg,Manipulated,,0.0047,0.2195,0.3946,0.99,26,1.2,3.16,3.44,4.98,431.43,40.07,432.12,571.34
manipulated\c9qbb3c_0.jpg,Manipulated,,0.0025,0.2409,0.4386,0.89,16,1.02,3.28,3.33,4.85,401.48,39.92,404.86,553.32
manipulated\c9qbijq_0.jpg,Manipulated,,0.0004,0.1675,0.0177,1.04,88,1.67,4.95,3.74,5.41,502.03,46.53,496.46,630.14
manipulated\c9qbl44_0.png,Manipulated,,0.0047,0.2453,0.3297,1.79,91,2.8,6.72,4.15,6.31,653.31,57.76,666.05,812.11
manipulated\c9qbopn_0.jpg,Manipulated,,0.0015,0.4855,0.0045,1.21,107,3.85,4.54,5.12,15.71,2664.87,60.64,2440.51,2476.85
manipulated\c9qbqiy_0.jpg,Manipulated,,0.0273,0.1881,0.0019,0.26,8,0.5,6.25,2.63,4.06,212.14,48.91,242.87,308.48
manipulated\c9qc61f_0.jpg,Manipulated,,0.002,0.2235,0.1837,1.0,24,1.16,16.75,5.28,6.62,592.06,88.17,613.83,436.44
manipulated\c9qchcl_0.jpg,Manipulated,,0.0888,0.408,0.015,1.11,69,2.09,6.87,3.77,7.08,972.77,42.31,1046.52,1904.84
manipulated\c9qcjlz_0.jpg,Manipulated,,0.001,0.1724,0.0254,0.91,18,1.04,4.54,3.68,5.12,450.4,45.43,451.68,553.15
manipulated\c9qck5s_0.jpg,Manipulated,,0.0888,0.408,0.015,1.11,69,2.09,6.87,3.77,7.08,972.77,42.31,1046.52,1904.84
manipulated\c9qct83_0.png,Manipulated,,0.0535,0.2224,0.3171,1.46,33,1.91,6.16,4.02,5.62,549.81,49.69,547.76,655.88
manipulated\c9qd0uq_0.jpg,Manipulated,,0.006,0.1738,0.0044,1.28,44,1.5,5.74,4.01,5.81,542.24,53.43,538.09,614.48
manipulated\c9qdz3g_0.jpg,Manipulated,,0.0145,0.3656,0.0012,1.72,55,2.01,7.18,3.93,8.01,934.85,62.26,915.83,1369.51
manipulated\c9qeolo_0.jpg,Manipulated,,0.0,0.2409,0.0006,0.69,23,0.86,12.1,5.78,7.21,1093.35,72.0,1116.2,951.52
manipulated\c9qf78w_0.jpg,Manipulated,,0.7865,0.2156,0.2458,0.89,33,1.06,3.53,3.23,4.36,342.52,40.17,352.64,450.11
manipulated\c9qf8d5_0.jpg,Manipulated,,0.1286,0.2586,0.0084,1.67,27,1.93,15.15,9.73,13.82,3660.56,122.81,3658.84,2977.07
manipulated\c9qf9n8_0.jpg,Manipulated,,0.0148,0.2438,0.0024,0.93,66,1.7,5.4,3.47,7.17,976.12,38.28,1161.38,2599.66
manipulated\c9qfggr_0.jpg,Manipulated,,0.0045,0.2417,0.0416,0.39,30,0.78,5.69,3.98,6.35,779.8,46.18,794.54,1281.53
manipulated\c9qfljn_0.jpg,Manipulated,,0.001,0.1715,0.0353,0.93,32,1.12,4.52,3.74,5.24,466.95,46.12,472.6,576.32
manipulated\c9qgg7m_0.png,Manipulated,,0.1996,0.263,0.0001,0.86,24,1.09,5.76,3.91,6.1,701.75,49.61,726.36,789.14
manipulated\c9qgjzt_0.jpg,Manipulated,,0.0063,0.2065,0.4238,0.71,46,1.29,5.55,3.89,5.27,465.99,50.9,469.24,541.57
manipulated\c9qgsja_0.jpg,Manipulated,,0.0037,0.1475,0.117,0.87,23,1.22,5.82,3.89,5.46,464.45,50.99,460.35,574.12
manipulated\c9qh57b_0.jpg,Manipulated,,0.0301,0.1124,0.1336,0.41,44,0.96,2.37,1.82,3.43,151.3,24.03,155.22,326.02
manipulated\c9qhgpe_0.jpg,Manipulated,,0.0001,0.1665,0.0315,1.64,37,1.65,8.12,3.33,4.65,254.17,60.06,265.73,277.22
manipulated\c9qhtma_0.jpg,Manipulated,,0.0016,0.4006,0.0,1.64,38,2.26,8.83,5.16,10.83,2040.27,65.49,1841.43,2649.73
manipulated\c9qhy6w_0.jpg,Manipulated,,0.0,0.2419,0.1485,0.87,38,1.47,3.11,1.62,3.73,105.77,37.28,110.12,155.01
manipulated\c9qj2yg_0.jpg,Manipulated,,0.0171,0.1932,0.2358,0.58,12,0.72,26.03,8.9,8.83,1734.03,109.27,1786.22,1341.87
manipulated\c9qjqw1_0.jpg,Manipulated,,0.009,0.3907,0.0,1.06,51,1.5,7.5,3.64,5.43,539.47,47.36,564.28,700.24
manipulated\c9ql7s0_0.jpg,Manipulated,,0.0004,0.0801,0.0,0.42,16,0.65,1.81,2.1,2.56,113.17,31.09,116.62,133.03
manipulated\c9qlz7i_0.jpg,Manipulated,,0.4693,0.2031,0.3979,1.63,39,1.9,5.79,4.07,6.72,682.57,52.39,1180.79,2286.51
manipulated\c9qm1u8_0.jpg,Manipulated,,0.0073,0.1536,0.0177,1.0,35,1.38,4.85,3.72,5.37,492.65,46.54,487.93,566.56
manipulated\c9qn2pn_0.jpg,Manipulated,,0.0,0.5071,0.0001,2.43,64,3.01,10.86,5.79,10.26,1782.63,71.7,1663.21,1639.94
manipulated\c9qqxbn_0.jpg,Manipulated,,0.0332,0.259,0.3174,0.72,50,1.65,4.13,2.01,4.72,253.17,37.25,251.19,525.03
manipulated\c9qu9on_0.jpg,Manipulated,,0.0595,0.3038,0.0001,1.41,82,2.46,7.8,4.12,7.39,713.87,66.04,727.06,768.09
manipulated\c9qvtyc_0.jpg,Manipulated,,0.0076,0.2863,0.0001,1.18,42,1.75,7.34,3.72,6.27,489.92,60.81,507.43,445.51
manipulated\c9qxrer_0.png,Manipulated,,0.0985,0.4416,0.0922,1.79,86,3.35,7.06,3.69,6.32,492.42,61.43,518.31,471.77
manipulated\c9qyul2_0.jpg,Manipulated,,0.0,0.3071,0.0004,0.82,21,1.34,5.67,3.01,5.65,397.01,52.73,341.86,408.83
manipulated\c9qzamk_0.png,Manipulated,,0.0657,0.1905,0.0106,1.34,24,1.47,3.87,2.2,3.72,171.64,43.14,157.15,218.08
manipulated\c9r01uk_0.jpg,Manipulated,,0.0,0.237,0.0005,0.48,21,0.85,4.05,3.31,9.53,1318.13,44.32,1405.37,2602.61
manipulated\c9r0i3p_0.jpg,Manipulated,,0.0018,0.1819,0.0081,0.5,67,1.15,1.14,0.82,2.2,46.28,21.11,51.22,148.39
manipulated\c9r116y_0.jpg,Manipulated,,0.0145,0.3127,0.0,0.41,28,0.84,7.55,3.79,5.76,527.93,50.97,540.83,663.37
manipulated\c9r11np_0.jpg,Manipulated,,0.1262,0.0763,0.0056,0.29,15,0.59,4.45,1.96,4.15,171.02,32.16,187.63,382.76
manipulated\c9r1e51_0.jpg,Manipulated,,0.0001,0.2022,0.0117,0.7,27,1.19,1.9,2.69,4.81,293.44,34.51,302.01,722.65
manipulated\c9r1x9k_0.jpg,Manipulated,,0.0142,0.4044,0.0008,1.64,59,2.39,6.11,3.13,6.24,506.49,54.02,499.75,796.79
manipulated\c9r1yor_0.jpg,Manipulated,,0.0004,0.186,0.1613,0.49,27,0.91,2.48,1.25,2.95,87.16,31.39,104.53,347.4
manipulated\c9r227u_0.jpg,Manipulated,,0.0002,0.4674,0.0,0.56,35,1.07,6.09,2.27,4.27,188.73,42.59,224.51,357.22
manipulated\c9r3z04_0.jpg,Manipulated,,0.0049,0.1142,0.0001,1.19,79,1.74,14.95,9.45,9.94,2225.93,107.34,2225.93,877.44
manipulated\c9r4jzf_0.jpg,Manipulated,,0.0001,0.079,0.0009,0.9,23,1.13,4.64,2.03,3.59,157.06,40.98,160.62,314.77
manipulated\c9r4vts_0.jpg,Manipulated,,0.0012,0.3288,0.0,0.84,22,1.11,7.59,3.84,5.82,535.42,51.08,550.01,683.69
manipulated\c9r63ei_0.jpg,Manipulated,,0.0079,0.1546,0.3959,0.55,29,0.93,4.28,2.6,4.05,202.92,47.52,214.32,340.98
manipulated\c9r6ey7_0.jpg,Manipulated,,0.0756,0.1769,0.2494,1.09,46,1.43,5.28,4.11,4.77,450.47,53.12,491.1,434.03
manipulated\c9r6gfi_0.jpg,Manipulated,,0.0005,0.3504,0.0,0.66,67,1.19,7.5,3.71,5.69,495.48,50.52,507.54,629.32
manipulated\c9r6r63_0.jpg,Manipulated,,0.0002,0.411,0.0,0.7,37,1.06,7.6,3.77,5.73,508.49,50.96,521.33,638.37
manipulated\c9r6z10_0.jpg,Manipulated,,0.0001,0.3098,0.0,0.65,81,1.21,7.45,3.72,5.78,511.19,50.39,524.14,659.06
manipulated\c9r7c3k_0.jpg,Manipulated,,0.0,0.3646,0.0,0.83,63,1.39,7.48,3.71,5.65,490.32,50.8,504.32,536.06
manipulated\c9r7lra_0.jpg,Manipulated,,0.0,0.3442,0.0001,0.5,67,1.26,7.39,3.81,5.88,549.01,50.71,564.06,735.38
manipulated\c9r82u9_0.jpg,Manipulated,,0.0027,0.2068,0.2106,0.4,29,0.95,5.88,2.96,4.81,315.36,52.22,325.78,532.13
manipulated\c9r8my1_0.jpg,Manipulated,,0.0,0.4334,0.0,0.47,25,0.82,6.01,2.24,4.31,188.32,41.58,222.36,355.55
manipulated\c9r9pvh_0.jpg,Manipulated,,0.0001,0.3518,0.0001,0.75,81,1.35,7.29,3.69,5.81,524.57,50.34,538.17,673.2
manipulated\c9r9rgc_0.jpg,Manipulated,,0.0001,0.3192,0.0001,0.38,67,0.87,7.47,3.76,5.79,520.15,50.5,533.43,661.89
manipulated\c9raw4l_0.jpg,Manipulated,,0.0,0.451,0.0005,0.44,23,0.98,11.53,12.43,20.45,17345.26,67.38,17233.68,22732.74
manipulated\c9rci56_0.jpg,Manipulated,,0.0,0.333,0.0007,0.5,92,1.31,4.5,2.62,4.66,288.25,37.31,300.89,389.51
manipulated\c9riqoh_0.jpg,Manipulated,,0.0053,0.5718,0.0054,2.1,69,3.38,11.38,5.58,8.94,1057.63,81.53,1076.02,1222.22
manipulated\c9riv1o_0.jpg,Manipulated,,0.0001,0.4745,0.0078,1.75,63,2.41,7.14,3.68,8.14,654.79,54.45,1091.01,1426.03
manipulated\c9rj3zp_0.jpg,Manipulated,,0.0,0.0363,0.0443,0.99,63,2.15,3.14,1.79,6.0,480.82,23.25,446.02,1047.23
manipulated\c9rmr49_0.jpg,Manipulated,,0.0001,0.0791,0.0004,0.6,30,0.96,2.01,1.23,3.16,139.81,22.83,134.59,384.18
manipulated\c9ro49b_0.jpg,Manipulated,,0.0035,0.6145,0.0081,2.08,77,3.46,5.81,3.02,5.62,392.77,45.71,379.65,604.28
manipulated\c9rorcy_0.jpg,Manipulated,,0.0001,0.2653,0.0003,0.33,18,0.71,3.68,2.3,4.86,347.21,32.55,338.93,768.47
manipulated\c9rp985_0.jpg,Manipulated,,0.0001,0.5138,0.0,1.49,60,2.9,9.01,5.31,9.0,1218.8,64.15,1254.61,1271.4
manipulated\c9rpaia_0.jpg,Manipulated,,0.0014,0.1735,0.0,1.48,28,1.58,12.84,5.55,6.76,770.28,75.97,810.09,781.32
manipulated\c9rrhbu_0.png,Manipulated,,0.0005,0.1524,0.0001,0.94,70,1.52,4.41,3.28,4.24,332.46,42.65,326.53,367.3
manipulated\c9rsftz_0.jpg,Manipulated,,0.0,0.143,0.2773,0.68,25,0.99,2.7,3.59,3.32,395.97,35.1,404.46,177.59
manipulated\c9ru0d5_0.jpg,Manipulated,,0.0009,0.2442,0.1833,1.47,27,1.51,12.43,7.46,9.07,2259.47,74.46,2350.34,1862.82
manipulated\c9rv3bk_0.jpg,Manipulated,,0.0028,0.2316,0.0036,1.45,23,1.5,10.91,6.92,8.53,1911.38,70.87,2029.92,1405.38
manipulated\c9rwbtx_0.jpg,Manipulated,,0.0,0.143,0.2773,0.68,21,0.98,2.64,3.59,3.3,395.8,34.96,404.27,177.31
manipulated\c9rwfag_0.jpg,Manipulated,,0.0003,0.259,0.0004,1.64,30,1.6,14.3,8.04,9.31,2420.3,81.86,2312.74,2042.47
manipulated\c9rx5mc_0.jpg,Manipulated,,0.0009,0.1048,0.4307,2.48,110,4.75,8.19,5.91,11.43,2491.58,60.53,2828.33,4089.21
manipulated\c9rxhks_0.jpg,Manipulated,,0.0017,0.3505,0.0056,1.13,70,1.69,15.06,8.68,9.87,3054.33,85.03,2920.72,2171.54
manipulated\c9ryjzh_0.jpg,Manipulated,,0.0,0.3036,0.0072,0.59,27,1.0,4.49,2.2,4.21,197.22,37.03,237.82,300.42
manipulated\c9s0eqx_0.jpg,Manipulated,,0.0042,0.1912,0.0023,0.54,9,0.77,7.63,3.8,5.46,441.42,56.93,416.0,420.67
manipulated\c9s0iit_0.jpg,Manipulated,,0.0049,0.225,0.0038,0.49,11,0.69,15.9,10.22,11.12,4952.72,87.17,4703.82,3716.51
manipulated\c9s0tj6_0.jpg,Manipulated,,0.0001,0.3245,0.0001,1.31,28,1.59,7.81,3.52,5.4,339.15,62.44,337.59,288.4
manipulated\c9s10kg_0.jpg,Manipulated,,0.0001,0.1891,0.0,0.73,49,1.16,1.9,1.75,4.63,259.56,29.89,258.67,468.69
manipulated\c9s2tum_0.jpg,Manipulated,,0.0003,0.2293,0.003,0.51,12,0.7,16.04,10.39,11.1,4938.82,87.12,4695.14,3600.83
manipulated\c9s5r36_0.png,Manipulated,,0.0,0.4322,0.0001,1.69,61,2.04,8.84,5.19,8.72,1856.22,66.2,1977.28,3354.88
manipulated\c9s7zuv_0.jpg,Manipulated,,0.0001,0.3191,0.0024,1.09,25,1.49,9.63,6.8,12.65,3203.35,68.43,3196.58,3573.0
manipulated\c9s8qkh_0.jpg,Manipulated,,0.0007,0.0982,0.0028,0.36,16,0.69,1.01,1.02,4.75,249.66,23.62,553.42,1877.16
manipulated\c9s9ofo_0.jpg,Manipulated,,0.005,0.0451,0.002,1.05,41,1.55,3.99,1.79,3.57,171.65,30.19,170.77,330.88
manipulated\c9sasg7_0.jpg,Manipulated,,0.4488,0.1435,0.0073,0.54,37,0.88,1.21,1.63,1.88,78.9,19.82,81.06,85.74
manipulated\c9saxhk_0.jpg,Manipulated,,0.0,0.336,0.0,1.11,70,1.61,9.27,6.59,12.49,3137.06,65.75,3136.5,3631.08
manipulated\c9sb09t_0.jpg,Manipulated,,0.0055,0.0553,0.0009,1.03,47,1.55,3.73,1.92,3.65,191.28,29.25,190.97,355.58
manipulated\c9sbtl1_0.jpg,Manipulated,,0.0233,0.0833,0.0034,0.55,41,0.89,1.53,1.82,1.98,90.34,22.43,93.19,89.97
manipulated\c9sd8lt_0.jpg,Manipulated,,0.0009,0.2586,0.0255,0.54,31,1.07,7.72,3.42,4.93,391.1,50.75,403.61,446.67
manipulated\c9sevmb_0.jpg,Manipulated,,0.0051,0.3697,0.1605,1.15,34,1.46,10.96,5.21,8.2,1108.02,73.69,1313.81,1653.5
manipulated\c9sh0l8_0.jpg,Manipulated,,0.0204,0.0725,0.0175,0.3,12,0.58,1.77,2.46,2.58,180.49,26.74,183.79,170.19
manipulated\c9sk4y8_0.jpg,Manipulated,,0.0007,0.4523,0.0,0.84,34,1.35,9.56,5.62,9.66,1697.67,66.02,1695.84,1858.16
manipulated\c9sl9vi_0.jpg,Manipulated,,0.0001,0.2694,0.0366,0.65,74,1.85,6.46,4.63,11.36,2300.8,48.79,2316.23,4852.07
manipulated\c9slrk8_0.jpg,Manipulated,,0.0003,0.2506,0.0001,0.89,60,1.55,6.38,3.44,6.27,515.5,53.77,532.39,1126.12
manipulated\c9snbpi_0.png,Manipulated,,0.0001,0.3872,0.0797,1.4,44,1.86,9.78,4.61,6.89,1001.17,63.65,1012.65,1385.26
manipulated\c9sni90_0.jpg,Manipulated,,0.0002,0.2461,0.0074,1.75,32,2.02,10.17,4.3,6.08,782.91,64.13,770.13,1017.66
manipulated\c9snzf4_0.jpg,Manipulated,,0.002,0.2586,0.0841,0.71,14,0.92,7.73,3.38,4.81,368.42,51.39,380.63,418.12
manipulated\c9sol61_0.png,Manipulated,,0.0002,0.2812,0.0041,1.37,37,1.65,4.67,2.37,4.35,215.2,47.98,218.56,274.72
manipulated\c9sq9wb_0.png,Manipulated,,0.0002,0.3077,0.0002,2.4,68,2.67,9.47,4.59,7.45,812.33,68.04,834.35,874.38
manipulated\c9ssolx_0.jpg,Manipulated,,0.0012,0.2794,0.0024,0.63,80,1.4,2.86,2.26,3.63,200.2,38.58,207.28,384.65
manipulated\c9stktv_0.jpg,Manipulated,,0.0,0.2308,0.0011,1.21,30,1.48,4.72,2.63,4.5,222.79,45.22,227.01,294.66
manipulated\c9sujg5_0.jpg,Manipulated,,0.0001,0.152,0.0002,0.43,13,0.67,2.78,1.62,2.8,75.62,34.35,79.85,103.43
manipulated\c9sut3r_0.jpg,Manipulated,,0.0001,0.1729,0.0042,1.01,31,1.24,2.71,1.7,2.77,74.46,34.8,80.63,106.06
manipulated\c9svxp7_0.png,Manipulated,,0.0009,0.1898,0.0018,0.87,79,2.35,4.52,3.03,4.99,377.33,45.08,388.53,488.98
manipulated\c9swoak_0.jpg,Manipulated,,0.9313,0.2028,0.0013,0.27,24,0.59,3.23,2.25,5.2,395.68,30.96,396.3,723.34
manipulated\c9swpes_0.jpg,Manipulated,,0.0078,0.0859,0.2931,0.29,21,0.61,0.41,0.33,1.16,15.16,7.84,15.36,33.59
manipulated\c9swxup_0.jpg,Manipulated,,0.0015,0.1926,0.0001,0.64,15,0.97,0.74,1.25,2.96,118.25,14.92,119.49,249.11
manipulated\c9sx82c_0.jpg,Manipulated,,0.0003,0.1892,0.0021,0.21,11,0.55,0.47,1.17,2.19,59.61,15.19,60.49,111.06
manipulated\c9sxsh2_0.jpg,Manipulated,,0.0001,0.1394,0.0021,0.34,10,0.58,0.52,1.4,2.42,80.37,17.49,81.38,135.61
manipulated\c9sxszx_0.jpg,Manipulated,,0.0019,0.0602,0.421,0.24,10,0.51,0.29,0.72,1.16,21.04,11.3,21.18,41.04
manipulated\c9sxugb_0.jpg,Manipulated,,0.0002,0.1713,0.0005,0.33,11,0.57,0.46,1.35,2.24,73.04,16.71,73.79,113.31
manipulated\c9sxwk6_0.png,Manipulated,,0.0001,0.3022,0.0001,1.64,26,1.66,1.7,2.02,4.28,328.01,19.55,306.66,400.88
manipulated\c9sydmi_0.jpg,Manipulated,,0.66,0.2835,0.2817,0.39,23,0.87,3.86,2.74,6.86,552.07,37.27,529.22,856.41
manipulated\c9syfrn_0.jpg,Manipulated,,0.0002,0.1559,0.0009,0.21,14,0.54,0.47,1.18,2.21,60.87,15.26,61.7,111.65
manipulated\c9syx9t_0.jpg,Manipulated,,0.0003,0.1353,0.0019,0.36,29,0.64,0.96,1.68,3.95,219.51,20.7,221.36,886.87
manipulated\c9sz63f_0.jpg,Manipulated,,0.0741,0.0839,0.4051,0.32,33,0.76,0.3,0.83,1.3,26.69,12.24,26.78,46.81
manipulated\c9sznzx_0.jpg,Manipulated,,0.0011,0.1515,0.0223,0.21,7,0.47,0.48,1.17,2.2,60.12,15.24,60.99,111.57
manipulated\c9szqbq_0.jpg,Manipulated,,0.0,0.3288,0.0001,1.07,35,1.57,10.51,5.12,7.73,963.23,67.93,978.25,769.06
manipulated\c9t0nzc_0.png,Manipulated,,0.0007,0.14,0.0041,0.23,7,0.49,0.47,1.15,2.19,59.06,14.96,59.97,111.28
manipulated\c9t11zo_0.jpg,Manipulated,,0.1008,0.1825,0.2016,0.93,26,1.2,2.78,1.58,2.72,68.81,33.52,75.31,104.62
manipulated\c9t18zw_0.jpg,Manipulated,,0.0002,0.2881,0.0002,0.85,22,1.12,19.72,8.36,10.07,2271.65,99.01,2315.95,1963.53
manipulated\c9t2l1i_0.jpg,Manipulated,,0.002,0.171,0.0149,0.53,28,0.83,3.26,1.89,2.78,101.6,31.24,105.15,109.12
manipulated\c9t4vnq_0.jpg,Manipulated,,0.0003,0.1835,0.0456,0.79,38,1.0,3.32,1.84,2.72,97.55,30.74,101.77,109.14
manipulated\c9t57ny_0.jpg,Manipulated,,0.0,0.1998,0.0047,0.57,15,0.81,3.13,1.84,2.71,98.59,30.96,101.94,105.35
manipulated\c9t5bpb_0.jpg,Manipulated,,0.001,0.1862,0.3435,0.88,24,1.05,3.74,2.05,3.08,126.75,33.49,131.54,150.03
manipulated\c9t5fpp_0.jpg,Manipulated,,0.0038,0.2329,0.0039,1.27,33,1.6,16.87,9.05,12.47,2560.69,116.28,2732.41,1975.79
manipulated\c9t5y36_0.jpg,Manipulated,,0.0204,0.2066,0.0452,0.87,33,1.01,3.05,1.86,2.84,100.95,31.56,106.27,119.32
manipulated\c9t6w7g_0.jpg,Manipulated,,0.0001,0.1975,0.011,0.63,83,1.51,3.32,1.88,2.86,108.36,31.09,112.66,122.03
manipulated\c9tc1u1_0.jpg,Manipulated,,0.0,0.1937,0.0455,0.84,28,1.06,3.44,1.9,3.04,119.38,30.8,123.42,160.31
manipulated\c9td4wy_0.jpg,Manipulated,,0.8112,0.0889,0.2364,0.59,41,1.15,1.41,1.27,3.91,150.79,19.34,155.88,318.09
manipulated\c9telos_0.jpg,Manipulated,,0.009,0.1061,0.0008,0.43,15,0.61,3.48,2.36,2.68,118.97,37.25,123.8,156.83
manipulated\c9teyfk_0.jpg,Manipulated,,0.0008,0.5135,0.0009,1.45,71,2.4,11.69,5.97,9.71,1779.98,67.65,1748.96,2337.17
manipulated\c9tgf50_0.png,Manipulated,,0.0013,0.05,0.0147,0.29,55,1.41,1.27,0.72,3.94,190.71,10.63,184.88,530.62
manipulated\c9th08v_0.jpg,Manipulated,,0.1987,0.204,0.244,0.48,18,0.9,3.26,1.9,4.9,298.88,30.39,293.85,559.74
manipulated\c9thhyx_0.jpg,Manipulated,,0.0,0.5041,0.0,0.6,62,1.36,4.41,3.24,7.72,884.95,39.01,863.41,1101.13
manipulated\c9tjpep_0.jpg,Manipulated,,0.0012,0.1,0.2794,0.26,27,0.79,1.24,0.76,2.5,91.2,9.77,108.66,250.81
manipulated\c9tm0rs_0.jpg,Manipulated,,0.7003,0.3467,0.0321,1.33,53,1.96,4.47,2.55,4.16,236.73,43.5,242.79,250.37
manipulated\c9trg08_0.jpg,Manipulated,,0.0001,0.5037,0.0,1.48,116,2.93,11.35,5.62,9.62,1176.14,81.77,1158.54,1396.11
manipulated\c9tz09a_0.jpg,Manipulated,,0.0002,0.469,0.0003,0.67,15,0.99,9.64,4.79,9.09,980.01,73.09,967.09,1388.4
manipulated\c9tzpit_0.jpg,Manipulated,,0.0,0.2139,0.0002,0.53,30,0.92,3.78,2.26,3.93,206.18,35.74,215.86,242.03
manipulated\c9u17mo_0.jpg,Manipulated,,0.0162,0.2616,0.1819,1.05,16,1.13,22.98,10.43,11.29,2835.65,107.54,2804.86,2078.84
manipulated\c9u2w1w_0.png,Manipulated,,0.2479,0.1956,0.4222,0.74,54,1.09,6.44,2.86,4.21,219.72,58.02,350.9,1408.5
manipulated\c9u4fdo_0.jpg,Manipulated,,0.004,0.3145,0.3624,0.96,34,1.45,14.82,7.14,10.29,2120.22,73.68,2113.51,2464.36
manipulated\c9u513b_0.jpg,Manipulated,,0.0018,0.1818,0.0089,0.33,43,0.95,6.07,2.88,4.32,245.42,56.03,371.71,1380.59
manipulated\c9u54ff_0.jpg,Manipulated,,0.0013,0.1892,0.2213,0.72,54,1.09,5.99,2.82,4.22,225.84,55.64,354.53,1408.94
manipulated\c9u55gy_0.jpg,Manipulated,,0.0,0.2553,0.0,1.0,48,1.64,10.03,6.16,9.82,1467.72,76.11,1440.68,1547.22
manipulated\c9u5f90_0.jpg,Manipulated,,0.6279,0.4292,0.0051,0.66,35,1.12,3.56,2.57,5.48,421.27,33.52,411.83,477.02
manipulated\c9u63t1_0.jpg,Manipulated,,0.6936,0.1558,0.003,0.06,16,0.34,7.81,3.6,5.5,439.11,62.0,448.54,654.43
manipulated\c9u6r0p_0.jpg,Manipulated,,0.99,0.2002,0.0262,0.66,16,0.93,6.94,3.15,5.31,354.09,62.53,366.42,415.25
manipulated\c9u6u6a_0.jpg,Manipulated,,0.0002,0.2098,0.0002,0.4,24,0.71,5.42,2.6,4.12,228.81,45.13,232.19,329.15
manipulated\c9u6xhp_0.jpg,Manipulated,,0.2292,0.4659,0.0049,0.84,46,1.64,3.98,2.62,5.49,420.81,34.73,407.98,469.5
manipulated\c9u7cgz_0.jpg,Manipulated,,0.0,0.4443,0.0009,1.76,70,2.58,9.71,5.74,10.24,1505.14,73.59,1471.58,1555.76
manipulated\c9u7myf_0.jpg,Manipulated,,0.0001,0.2309,0.0154,0.78,33,1.12,7.54,3.68,5.74,488.49,65.52,621.63,1428.28
manipulated\c9u8l4u_0.jpg,Manipulated,,0.0102,0.2219,0.3079,1.53,77,1.85,22.18,10.31,11.06,2714.63,106.02,2674.99,1972.15
manipulated\c9u8wpx_0.jpg,Manipulated,,0.0039,0.3559,0.0007,1.09,39,1.8,6.94,3.13,5.54,396.7,50.5,395.74,596.65
manipulated\c9ua527_0.jpg,Manipulated,,0.0034,0.2716,0.0,0.94,20,1.17,7.96,3.98,6.58,646.39,58.82,642.75,909.96
manipulated\c9uanxz_0.jpg,Manipulated,,0.0494,0.3154,0.0024,1.24,43,1.72,6.87,3.17,5.43,382.67,50.68,382.62,575.99
manipulated\c9uaypt_0.jpg,Manipulated,,0.2347,0.1945,0.0,1.66,45,1.64,10.73,4.41,5.71,445.19,68.05,433.97,285.32
manipulated\c9ub2k7_0.jpg,Manipulated,,0.0035,0.3003,0.0024,1.09,29,1.36,6.96,3.17,5.41,377.16,50.97,376.61,570.06
manipulated\c9ubdgk_0.jpg,Manipulated,,0.8923,0.2579,0.4806,0.36,16,0.69,8.24,3.56,5.58,432.29,46.3,456.79,569.46
manipulated\c9ucsmp_0.jpg,Manipulated,,0.0016,0.3329,0.0081,1.48,35,1.77,5.7,2.79,5.42,329.48,54.71,436.37,670.05
manipulated\c9udub9_0.jpg,Manipulated,,0.0095,0.3295,0.0021,0.72,61,1.83,4.69,2.69,4.84,270.42,39.56,278.93,423.89
manipulated\c9uep5n_0.jpg,Manipulated,,0.0,0.0819,0.0065,0.82,62,1.5,2.42,1.98,4.3,188.88,29.34,203.19,314.8
manipulated\c9uj2fl_0.png,Manipulated,,0.0,0.3123,0.0003,2.69,73,3.79,10.06,5.7,10.36,1619.02,74.38,2015.12,2718.31
manipulated\c9ulmme_0.jpg,Manipulated,,0.0591,0.0647,0.0563,0.31,29,0.75,1.03,0.75,2.64,71.06,14.97,71.35,207.27
manipulated\c9umoqv_0.jpg,Manipulated,,0.001,0.3124,0.0004,0.85,47,1.31,7.04,3.19,5.63,411.92,51.18,411.03,602.0
manipulated\c9urhu8_0.jpg,Manipulated,,0.0002,0.0252,0.0059,0.03,10,0.23,0.58,1.02,1.52,38.85,18.72,40.08,132.98
manipulated\c9uti5t_0.jpg,Manipulated,,0.0,0.2577,0.263,1.37,36,1.47,10.2,7.76,8.58,2115.98,76.73,2076.1,1491.51
manipulated\c9uudgq_0.jpg,Manipulated,,0.0003,0.5158,0.0003,1.02,50,1.37,13.97,5.94,8.99,883.84,92.09,924.0,1093.9
manipulated\c9uux1l_0.jpg,Manipulated,,0.0001,0.301,0.0001,0.56,18,0.89,6.67,3.53,4.9,304.76,56.35,339.6,363.95
manipulated\c9uv39w_0.png,Manipulated,,0.0001,0.2682,0.2687,1.55,65,1.77,8.72,7.22,8.65,2004.73,71.96,1961.46,1613.89
manipulated\c9uv7su_0.jpg,Manipulated,,0.0001,0.2679,0.3079,1.45,41,1.68,10.2,7.82,8.69,2150.03,77.68,2109.3,1478.72
manipulated\c9uvpds_0.jpg,Manipulated,,0.0,0.2612,0.0,0.55,35,1.0,7.06,3.79,5.4,374.76,58.87,398.28,376.63
manipulated\c9uwpsx_0.jpg,Manipulated,,0.0,0.2629,0.0126,1.57,33,1.74,8.22,4.25,6.68,475.24,68.02,493.18,604.92
manipulated\c9uwqsh_0.jpg,Manipulated,,0.0002,0.288,0.1926,1.57,43,1.83,10.74,5.72,7.63,1275.56,70.56,1295.47,1356.51
manipulated\c9uwssv_0.jpg,Manipulated,,0.0,0.2224,0.3276,1.47,18,1.38,9.86,7.72,8.5,2079.72,75.92,2040.89,1453.86
manipulated\c9v219b_0.jpg,Manipulated,,0.0,0.2983,0.0005,3.42,119,4.79,11.27,8.29,12.15,3010.35,85.45,3162.2,2109.97
manipulated\c9v2juf_0.jpg,Manipulated,,0.0,0.1517,0.0003,0.42,10,0.65,1.73,1.94,2.11,81.38,33.54,83.19,64.56
manipulated\c9v5ckc_0.jpg,Manipulated,,0.0007,0.1765,0.3735,0.58,25,1.12,4.79,3.58,8.78,877.26,51.65,904.92,1970.63
manipulated\c9v6alw_0.jpg,Manipulated,,0.0036,0.2095,0.0088,0.52,20,0.96,2.28,1.38,4.85,233.94,22.28,398.48,1286.65
manipulated\c9vax7w_0.jpg,Manipulated,,0.0023,0.2056,0.0001,0.47,26,0.96,1.89,2.47,3.25,235.54,30.75,244.15,208.29
manipulated\c9vb73a_0.jpg,Manipulated,,0.0379,0.2246,0.0008,0.29,18,0.69,1.0,2.04,2.7,158.89,24.81,169.38,141.73
manipulated\c9vbhkz_0.jpg,Manipulated,,0.0761,0.1299,0.0004,0.01,5,0.14,1.09,2.21,2.92,180.09,26.5,189.72,152.73
manipulated\c9vbuxe_0.jpg,Manipulated,,0.0189,0.2893,0.0005,0.58,62,1.3,2.37,2.47,3.79,213.11,34.58,224.49,305.46
manipulated\c9vc8b8_0.jpg,Manipulated,,0.0,0.1398,0.0009,0.57,13,0.86,7.32,3.79,5.05,523.21,47.29,544.87,785.0
manipulated\c9vcuci_0.jpg,Manipulated,,0.0616,0.1351,0.0004,0.24,18,0.62,1.0,2.26,2.83,195.71,25.73,205.59,165.46
manipulated\c9ved2o_0.png,Manipulated,,0.0009,0.2516,0.001,0.33,24,0.91,6.73,3.16,5.21,482.04,49.3,721.05,1132.03
manipulated\c9vgr3d_0.jpg,Manipulated,,0.0114,0.1665,0.4138,0.5,15,0.75,3.18,1.9,2.76,88.54,36.93,89.82,114.16
manipulated\c9vhc8k_0.jpg,Manipulated,,0.0,0.1422,0.0893,0.56,13,0.86,8.99,4.28,5.45,664.97,51.28,686.67,840.07
manipulated\c9vin2j_0.png,Manipulated,,0.1489,0.5506,0.1896,1.03,67,2.0,7.71,2.96,5.84,482.16,43.86,503.07,518.05
manipulated\c9virda_0.jpg,Manipulated,,0.3402,0.0059,0.358,0.26,13,0.63,2.78,1.42,3.88,199.21,20.33,206.63,498.17
manipulated\c9vljl0_0.jpg,Manipulated,,0.1142,0.0977,0.0132,0.41,30,0.87,0.65,0.55,1.52,22.29,12.38,25.09,39.22
manipulated\c9vmmk9_0.jpg,Manipulated,,0.0,0.2552,0.0,3.46,111,5.79,17.9,10.97,13.9,4481.59,115.99,4527.58,4001.51
manipulated\c9vp8tl_0.png,Manipulated,,0.0,0.1812,0.0,1.3,22,1.33,2.05,1.21,1.93,40.12,26.23,45.13,44.74
manipulated\c9vrg7j_0.png,Manipulated,,0.0003,0.1073,0.0028,1.01,38,1.52,1.14,1.0,1.86,39.31,18.1,40.36,75.25
manipulated\c9vruzp_0.jpg,Manipulated,,0.0,0.2401,0.0,0.63,16,0.86,5.57,2.64,3.57,160.59,48.84,199.93,275.76
manipulated\c9vwn43_0.jpg,Manipulated,,0.0,0.0907,0.0247,0.47,13,0.74,0.76,1.01,1.64,28.96,21.31,29.41,43.46
manipulated\c9vwn9s_0.jpg,Manipulated,,0.0004,0.2823,0.0005,0.99,30,1.46,7.92,3.47,4.62,302.88,60.05,335.11,246.3
manipulated\c9w2r6t_0.jpg,Manipulated,,0.0,0.3549,0.03,1.12,40,1.9,11.4,6.81,11.32,2451.2,63.25,2359.44,4459.07
manipulated\c9w33a8_0.jpg,Manipulated,,0.0001,0.1175,0.0002,0.48,15,0.84,1.19,0.94,1.57,26.07,19.4,27.92,32.75
manipulated\c9w5t18_0.jpg,Manipulated,,0.0,0.333,0.1467,2.02,20,1.94,23.17,10.14,11.17,3311.85,106.9,3468.27,2494.68
manipulated\c9w6rkl_0.jpg,Manipulated,,0.0236,0.0168,0.0041,0.09,46,0.66,0.29,0.33,1.73,43.17,5.59,42.59,300.57
manipulated\c9w82t9_0.jpg,Manipulated,,0.0004,0.3148,0.0,2.27,52,2.85,22.52,10.47,11.17,4173.4,102.74,4663.37,3244.97
manipulated\c9wa696_0.jpg,Manipulated,,0.0001,0.1784,0.0,2.8,63,2.99,13.86,6.31,6.93,1016.6,73.35,1018.61,658.3
manipulated\c9wakel_0.jpg,Manipulated,,0.0001,0.3455,0.0006,2.23,32,2.2,25.03,10.83,11.57,3675.85,112.82,3814.67,2537.82
manipulated\c9way1w_0.jpg,Manipulated,,0.0161,0.0369,0.005,0.21,46,0.72,0.12,0.25,0.66,4.16,4.41,3.9,8.77
manipulated\c9wbc6o_0.jpg,Manipulated,,0.0007,0.3331,0.38,1.12,35,1.61,20.14,9.2,10.55,2942.36,95.49,3128.87,2500.86
manipulated\c9wcfo6_0.jpg,Manipulated,,0.1646,0.0367,0.0048,0.24,81,0.97,0.17,0.3,1.22,16.85,5.07,16.75,103.84
manipulated\c9wcr42_0.jpg,Manipulated,,0.0074,0.4471,0.0008,1.46,39,2.06,17.68,7.93,10.47,2603.23,84.64,2906.73,2779.84
manipulated\c9wf4dc_0.jpg,Manipulated,,0.0002,0.3037,0.0052,1.88,38,1.85,23.54,10.29,11.28,3343.69,112.1,3515.41,2457.27
manipulated\c9wi5uo_0.png,Manipulated,,0.0392,0.126,0.0007,0.32,52,1.26,0.64,0.39,1.29,18.23,6.8,18.07,46.95
manipulated\c9wpjvq_0.jpg,Manipulated,,0.0,0.3273,0.0,0.74,37,1.26,4.87,2.91,4.66,430.37,40.0,448.09,600.29
manipulated\c9wqghc_0.jpg,Manipulated,,0.0,0.3308,0.0002,0.83,47,1.44,4.56,2.82,4.47,383.86,38.67,404.71,546.0
manipulated\c9wr2m9_0.jpg,Manipulated,,0.0,0.2511,0.0,0.71,37,1.16,4.59,2.84,4.71,436.18,38.07,452.89,617.77
manipulated\c9ws5r0_0.jpg,Manipulated,,0.0,0.2342,0.0,0.57,31,1.01,4.67,2.86,4.66,434.46,38.32,453.45,634.63
manipulated\c9wxubr_0.jpg,Manipulated,,0.0,0.2466,0.0,0.57,16,0.87,4.73,2.77,4.66,406.16,38.7,407.0,609.16
manipulated\c9wybvp_0.jpg,Manipulated,,0.0082,0.3575,0.1836,0.85,54,1.69,3.99,2.62,5.19,472.88,37.47,491.67,771.12
manipulated\c9x24tr_0.jpg,Manipulated,,0.0621,0.5763,0.4241,0.41,69,1.28,10.17,7.14,11.41,3758.67,60.07,3809.73,4159.37
manipulated\c9x31z7_0.png,Manipulated,,0.0096,0.4698,0.0276,2.86,95,4.37,9.72,5.5,10.59,2133.81,72.66,2002.2,3226.19
manipulated\c9x50xh_0.jpg,Manipulated,,0.0274,0.1326,0.2647,0.35,23,0.65,0.38,1.56,3.07,131.15,16.37,147.48,155.45
manipulated\c9x7jrj_0.jpg,Manipulated,,0.0001,0.1312,0.0068,0.34,12,0.63,1.4,1.2,2.23,60.01,22.81,66.24,184.26
manipulated\c9xa55l_0.jpg,Manipulated,,0.0,0.3508,0.0037,0.79,45,1.46,6.64,2.63,5.39,486.88,36.1,487.98,764.88
manipulated\c9xd4rq_0.jpg,Manipulated,,0.0018,0.1337,0.0149,0.17,22,0.45,1.81,0.99,2.47,57.3,18.7,59.56,153.77
manipulated\c9xdmhf_0.jpg,Manipulated,,0.0056,0.3489,0.0733,0.65,16,1.06,6.5,3.76,8.32,1135.59,49.54,1117.79,1904.8
manipulated\c9xdp5v_0.jpg,Manipulated,,0.0006,0.3632,0.045,0.77,15,1.16,6.19,3.65,8.21,1103.16,48.66,1086.5,1899.75
manipulated\c9xdu1a_0.png,Manipulated,,0.0004,0.275,0.3416,0.55,46,1.61,7.79,3.62,6.14,677.86,53.2,587.14,930.68
manipulated\c9xe80s_0.jpg,Manipulated,,0.0003,0.2905,0.0036,0.88,23,1.25,6.47,2.44,3.81,167.74,52.52,201.03,279.61
manipulated\c9xfdz5_0.jpg,Manipulated,,0.0052,0.3391,0.0019,2.87,69,3.54,12.63,6.18,9.57,1351.19,88.37,1430.88,1098.0
manipulated\c9xfmme_0.jpg,Manipulated,,0.001,0.2192,0.0,0.56,21,0.95,2.9,1.71,4.57,298.08,25.85,290.19,807.2
manipulated\c9xfzri_0.jpg,Manipulated,,0.0013,0.4574,0.0158,0.93,50,1.61,8.41,6.26,13.26,2983.3,74.09,2940.18,4502.41
manipulated\c9xi6ts_0.jpg,Manipulated,,0.0001,0.1178,0.003,0.64,17,1.01,1.11,0.89,1.56,24.37,18.91,27.63,33.13
manipulated\c9xl2zu_0.jpg,Manipulated,,0.0072,0.204,0.2418,0.32,25,0.92,2.84,1.72,5.8,352.46,27.21,353.06,679.08
manipulated\c9xo089_0.jpg,Manipulated,,0.0129,0.3796,0.0028,0.72,33,1.26,2.73,2.08,4.79,306.04,30.29,312.24,321.52
manipulated\c9xt8lv_0.jpg,Manipulated,,0.1615,0.3298,0.031,0.51,17,0.78,8.7,3.53,5.51,342.93,62.11,370.94,416.07
manipulated\c9xup2p_0.png,Manipulated,,0.01,0.4047,0.0012,0.52,42,1.11,7.79,4.3,8.69,1015.21,63.03,1087.43,1043.36
manipulated\c9xv7da_0.jpg,Manipulated,,0.0018,0.3688,0.0022,1.46,41,2.24,21.67,10.36,12.99,3221.31,136.04,3343.98,3457.54
manipulated\c9xwa8e_0.jpg,Manipulated,,0.0002,0.2891,0.0007,1.54,44,1.86,3.28,1.87,3.7,158.03,39.65,168.24,281.16
partially_ai_edited\AutoSplice\Forged_JPEG100\39446_1.jpg,Partially AI-Edited,,1.0,0.3618,0.3861,1.54,27,1.91,5.67,2.15,4.3,246.56,44.15,240.74,196.62
partially_ai_edited\AutoSplice\Forged_JPEG100\39457_1.jpg,Partially AI-Edited,,0.3079,0.1777,0.0762,1.09,29,1.17,2.61,2.26,3.04,132.39,37.15,192.36,209.53
partially_ai_edited\AutoSplice\Forged_JPEG100\39576_1.jpg,Partially AI-Edited,,0.9318,0.21,0.4055,0.87,26,1.44,2.12,1.28,2.55,71.75,25.0,74.83,102.36
partially_ai_edited\AutoSplice\Forged_JPEG100\39635_1.jpg,Partially AI-Edited,,0.0046,0.2245,0.329,1.33,30,1.71,8.97,3.2,4.09,236.38,57.63,250.03,143.24
partially_ai_edited\AutoSplice\Forged_JPEG100\39663_0.jpg,Partially AI-Edited,,0.9971,0.337,0.3625,1.1,24,1.68,3.42,1.96,5.39,355.79,37.19,363.18,428.78
partially_ai_edited\AutoSplice\Forged_JPEG100\39691_1.jpg,Partially AI-Edited,,0.9991,0.3865,0.3582,1.4,35,2.03,4.51,1.92,4.2,244.01,40.26,235.03,208.91
partially_ai_edited\AutoSplice\Forged_JPEG100\39691_2.jpg,Partially AI-Edited,,1.0,0.3711,0.2627,1.27,33,1.84,3.28,1.7,4.04,217.55,33.03,207.61,255.56
partially_ai_edited\AutoSplice\Forged_JPEG100\39697_0.jpg,Partially AI-Edited,,0.9468,0.2715,0.2028,1.08,26,1.34,2.13,1.43,3.25,146.28,28.44,159.32,203.99
partially_ai_edited\AutoSplice\Forged_JPEG100\39776_2.jpg,Partially AI-Edited,,0.0632,0.2504,0.0004,1.43,29,1.67,12.12,5.52,7.0,936.83,66.93,1036.56,737.09
partially_ai_edited\AutoSplice\Forged_JPEG100\39816_0.jpg,Partially AI-Edited,,0.261,0.2359,0.0079,1.26,22,1.46,8.4,3.9,6.09,492.78,65.67,506.17,349.33
partially_ai_edited\AutoSplice\Forged_JPEG100\39969_2.jpg,Partially AI-Edited,,0.9705,0.377,0.4186,1.49,35,1.92,11.89,5.15,7.33,933.27,72.48,1019.22,960.14
partially_ai_edited\AutoSplice\Forged_JPEG100\39976_1.jpg,Partially AI-Edited,,0.9998,0.385,0.3868,1.36,30,1.95,3.47,1.91,4.86,319.87,37.02,343.44,285.14
partially_ai_edited\AutoSplice\Forged_JPEG100\39985_2.jpg,Partially AI-Edited,,0.0004,0.2792,0.0,0.84,15,1.1,12.09,6.27,9.58,1262.83,83.19,1275.25,1098.04
partially_ai_edited\AutoSplice\Forged_JPEG100\40034_0.jpg,Partially AI-Edited,,0.9949,0.2125,0.4999,1.42,25,1.66,9.77,4.3,6.73,568.1,71.7,589.66,454.11
partially_ai_edited\AutoSplice\Forged_JPEG100\40079_1.jpg,Partially AI-Edited,,0.1891,0.3157,0.3957,1.31,22,1.68,5.37,2.01,3.8,201.37,41.59,210.93,174.09
partially_ai_edited\AutoSplice\Forged_JPEG100\40117_1.jpg,Partially AI-Edited,,0.9969,0.2101,0.4046,0.81,15,1.33,2.88,1.64,4.14,246.37,29.22,236.2,352.07
partially_ai_edited\AutoSplice\Forged_JPEG100\40121_0.jpg,Partially AI-Edited,,0.9563,0.3347,0.2794,0.69,15,1.08,3.89,1.74,4.13,171.19,35.81,160.49,209.57
partially_ai_edited\AutoSplice\Forged_JPEG100\40162_1.jpg,Partially AI-Edited,,0.9989,0.2231,0.4964,0.78,18,1.12,3.2,1.43,2.93,88.42,32.31,96.24,124.84
partially_ai_edited\AutoSplice\Forged_JPEG100\40208_0.jpg,Partially AI-Edited,,0.9827,0.3372,0.0454,1.08,22,1.51,4.76,2.39,4.78,222.48,50.0,246.64,248.76
partially_ai_edited\AutoSplice\Forged_JPEG100\40378_1.jpg,Partially AI-Edited,,0.0046,0.1166,0.0,1.63,19,1.46,31.11,14.83,13.36,6094.74,151.7,6177.72,2092.62
partially_ai_edited\AutoSplice\Forged_JPEG100\40378_2.jpg,Partially AI-Edited,,0.0042,0.1074,0.0012,1.63,16,1.46,31.11,15.3,13.85,6333.89,158.97,6432.32,1903.79
partially_ai_edited\AutoSplice\Forged_JPEG100\40457_0.jpg,Partially AI-Edited,,0.998,0.335,0.2509,1.37,23,1.66,6.32,3.08,5.77,359.54,67.18,386.29,276.85
partially_ai_edited\AutoSplice\Forged_JPEG100\40492_0.jpg,Partially AI-Edited,,0.0144,0.2141,0.4104,1.18,15,1.28,13.01,3.92,4.16,232.43,76.05,246.12,129.38
partially_ai_edited\AutoSplice\Forged_JPEG100\40574_0.jpg,Partially AI-Edited,,0.0473,0.255,0.4999,0.71,26,0.9,3.26,1.25,2.93,64.33,33.15,73.74,122.54
partially_ai_edited\AutoSplice\Forged_JPEG100\40618_0.jpg,Partially AI-Edited,,0.0014,0.6616,0.0003,1.43,22,1.93,15.66,6.45,9.42,1595.96,77.75,1555.33,1371.21
partially_ai_edited\AutoSplice\Forged_JPEG100\40691_0.jpg,Partially AI-Edited,,0.0001,0.4664,0.0001,1.05,30,1.46,15.08,9.25,12.56,2611.91,101.54,2620.68,2126.71
partially_ai_edited\AutoSplice\Forged_JPEG100\40740_1.jpg,Partially AI-Edited,,1.0,0.4237,0.4051,1.43,29,1.96,5.89,2.19,3.56,130.99,49.71,144.07,116.43
partially_ai_edited\AutoSplice\Forged_JPEG100\40745_2.jpg,Partially AI-Edited,,0.9938,0.3124,0.4321,1.14,42,2.1,5.0,2.92,7.11,507.5,45.66,529.49,494.86
partially_ai_edited\AutoSplice\Forged_JPEG100\40922_1.jpg,Partially AI-Edited,,0.0,0.151,0.0,1.35,23,1.47,17.63,9.22,11.12,2530.93,104.04,2581.28,1350.07
partially_ai_edited\AutoSplice\Forged_JPEG100\41008_2.jpg,Partially AI-Edited,,1.0,0.4077,0.3058,1.04,29,1.87,4.28,2.82,6.45,426.86,45.94,421.21,358.06
partially_ai_edited\AutoSplice\Forged_JPEG100\41032_0.jpg,Partially AI-Edited,,0.0427,0.3308,0.4157,1.05,27,1.42,6.8,2.65,4.11,187.28,49.56,198.64,118.71
partially_ai_edited\AutoSplice\Forged_JPEG100\41042_2.jpg,Partially AI-Edited,,0.9939,0.1078,0.2846,3.28,39,2.88,12.44,4.56,4.27,424.86,74.96,440.51,138.51
partially_ai_edited\AutoSplice\Forged_JPEG100\41076_0.jpg,Partially AI-Edited,,0.9982,0.2516,0.4451,1.55,29,2.19,5.18,3.15,7.92,849.58,48.85,842.68,1258.63
partially_ai_edited\AutoSplice\Forged_JPEG100\41267_0.jpg,Partially AI-Edited,,1.0,0.3864,0.4036,2.05,42,2.72,7.69,5.29,9.69,1151.27,79.07,1133.01,951.06
partially_ai_edited\AutoSplice\Forged_JPEG100\41381_0.jpg,Partially AI-Edited,,0.9995,0.4322,0.4427,1.3,43,1.89,6.56,3.12,6.2,403.93,61.87,431.67,348.02
partially_ai_edited\AutoSplice\Forged_JPEG100\41487_1.jpg,Partially AI-Edited,,0.9984,0.4051,0.3625,1.23,27,1.95,4.52,2.19,5.41,372.43,40.86,375.77,523.66
partially_ai_edited\AutoSplice\Forged_JPEG100\41489_2.jpg,Partially AI-Edited,,0.0001,0.2855,0.0001,1.42,28,1.87,14.7,8.01,11.04,2127.54,99.06,2158.58,1494.53
partially_ai_edited\AutoSplice\Forged_JPEG100\41491_0.jpg,Partially AI-Edited,,0.9996,0.2575,0.4456,1.22,30,1.83,6.64,2.65,6.03,508.76,56.21,482.77,648.64
partially_ai_edited\AutoSplice\Forged_JPEG100\41540_2.jpg,Partially AI-Edited,,0.9979,0.1716,0.4039,0.79,25,1.33,2.11,1.37,4.45,182.0,30.73,222.6,371.28
partially_ai_edited\AutoSplice\Forged_JPEG100\41565_2.jpg,Partially AI-Edited,,0.0001,0.2024,0.0,1.84,31,2.15,15.2,9.39,12.37,2401.99,121.77,2463.14,1583.41
partially_ai_edited\AutoSplice\Forged_JPEG100\41568_1.jpg,Partially AI-Edited,,0.0069,0.3436,0.0002,1.09,30,1.45,13.34,5.89,7.29,1039.76,75.45,1034.24,641.14
partially_ai_edited\AutoSplice\Forged_JPEG100\41587_0.jpg,Partially AI-Edited,,0.0012,0.1138,0.0,1.24,22,1.2,22.61,11.54,11.89,2607.13,155.27,2780.58,995.13
partially_ai_edited\AutoSplice\Forged_JPEG100\41616_0.jpg,Partially AI-Edited,,0.4541,0.1159,0.0033,0.79,19,0.99,5.81,5.33,7.61,942.71,61.85,1130.26,1584.97
partially_ai_edited\AutoSplice\Forged_JPEG100\41641_0.jpg,Partially AI-Edited,,0.4907,0.2199,0.0697,1.19,24,1.51,6.15,2.79,3.97,239.48,46.85,221.36,227.62
partially_ai_edited\AutoSplice\Forged_JPEG100\41777_1.jpg,Partially AI-Edited,,0.0009,0.4612,0.0001,1.06,36,1.58,6.86,3.39,6.01,595.24,49.37,535.17,558.82
partially_ai_edited\AutoSplice\Forged_JPEG100\41893_1.jpg,Partially AI-Edited,,0.9999,0.2866,0.0008,0.65,32,1.17,3.68,1.91,4.64,279.41,29.89,286.86,406.03
partially_ai_edited\AutoSplice\Forged_JPEG100\41932_0.jpg,Partially AI-Edited,,0.9878,0.2574,0.4675,1.05,28,1.4,4.77,2.36,4.15,182.08,40.38,166.9,174.89
partially_ai_edited\AutoSplice\Forged_JPEG100\41958_1.jpg,Partially AI-Edited,,0.0,0.2538,0.0,1.46,44,1.77,20.72,10.21,13.08,3292.8,114.43,3334.08,2191.24
partially_ai_edited\AutoSplice\Forged_JPEG100\41958_2.jpg,Partially AI-Edited,,0.0,0.2272,0.0,1.43,36,1.71,20.44,10.21,13.12,3305.15,114.54,3342.39,2181.55
partially_ai_edited\AutoSplice\Forged_JPEG100\42019_0.jpg,Partially AI-Edited,,0.0011,0.512,0.0,0.79,14,1.08,8.04,3.82,6.79,626.25,53.02,637.02,539.18
partially_ai_edited\AutoSplice\Forged_JPEG100\42024_0.jpg,Partially AI-Edited,,0.0,0.2842,0.0,1.06,26,1.35,12.63,5.58,8.12,1035.06,74.2,1124.05,877.87
partially_ai_edited\AutoSplice\Forged_JPEG100\42024_1.jpg,Partially AI-Edited,,0.0,0.3169,0.0,1.09,29,1.4,12.52,5.72,8.31,1068.17,76.44,1157.02,868.75
partially_ai_edited\AutoSplice\Forged_JPEG100\42057_2.jpg,Partially AI-Edited,,0.9766,0.3997,0.0591,1.46,25,1.71,13.11,6.98,10.16,1816.53,89.21,1829.01,1756.42
partially_ai_edited\AutoSplice\Forged_JPEG100\42078_1.jpg,Partially AI-Edited,,0.9917,0.244,0.3379,1.05,38,1.89,2.81,1.2,3.23,109.8,23.35,105.3,172.06
partially_ai_edited\AutoSplice\Forged_JPEG100\42210_0.jpg,Partially AI-Edited,,0.9989,0.2491,0.42,0.87,30,1.56,2.16,1.28,5.22,312.69,25.1,8440.97,27902.74
partially_ai_edited\AutoSplice\Forged_JPEG100\42219_0.jpg,Partially AI-Edited,,1.0,0.3111,0.398,1.13,20,1.51,3.26,2.16,3.59,165.97,37.11,183.32,134.51
partially_ai_edited\AutoSplice\Forged_JPEG100\42299_0.jpg,Partially AI-Edited,,1.0,0.1835,0.4081,1.73,24,1.99,5.81,3.23,5.68,479.66,51.03,491.14,318.17
partially_ai_edited\AutoSplice\Forged_JPEG100\42407_1.jpg,Partially AI-Edited,,0.9175,0.2147,0.0121,0.69,15,0.93,5.82,3.33,6.04,616.72,43.97,596.04,834.94
partially_ai_edited\AutoSplice\Forged_JPEG100\42425_0.jpg,Partially AI-Edited,,0.0879,0.2478,0.4259,1.48,32,2.02,5.81,3.3,6.36,424.06,61.12,690.82,701.12
partially_ai_edited\AutoSplice\Forged_JPEG100\42425_2.jpg,Partially AI-Edited,,0.8553,0.3447,0.4294,1.9,38,2.44,8.64,5.16,8.78,941.29,82.73,975.29,621.75
partially_ai_edited\AutoSplice\Forged_JPEG100\42430_0.jpg,Partially AI-Edited,,0.0189,0.4338,0.0,1.21,19,1.31,21.8,9.4,10.99,2457.46,118.2,2519.52,2265.89
partially_ai_edited\AutoSplice\Forged_JPEG100\42496_1.jpg,Partially AI-Edited,,0.9963,0.2807,0.3706,1.29,27,1.76,3.25,1.58,4.01,244.48,26.6,214.31,317.07
partially_ai_edited\AutoSplice\Forged_JPEG100\42549_0.jpg,Partially AI-Edited,,0.9987,0.1606,0.0668,1.08,22,1.75,4.77,2.03,4.67,341.62,36.27,338.71,432.77
partially_ai_edited\AutoSplice\Forged_JPEG100\42602_2.jpg,Partially AI-Edited,,0.9991,0.3327,0.076,1.22,26,1.65,7.72,4.14,6.64,589.19,58.82,562.9,435.07
partially_ai_edited\AutoSplice\Forged_JPEG100\42620_1.jpg,Partially AI-Edited,,0.7454,0.5489,0.0528,0.86,19,1.51,2.75,1.79,5.65,410.45,28.26,410.98,393.33
partially_ai_edited\AutoSplice\Forged_JPEG100\42625_2.jpg,Partially AI-Edited,,0.0249,0.4091,0.3855,1.11,22,1.65,3.89,1.78,3.77,211.82,36.31,214.21,254.55
partially_ai_edited\AutoSplice\Forged_JPEG100\42703_2.jpg,Partially AI-Edited,,1.0,0.5279,0.3708,1.22,33,1.88,4.57,2.26,5.32,319.07,47.58,316.81,333.68
partially_ai_edited\AutoSplice\Forged_JPEG100\42779_1.jpg,Partially AI-Edited,,0.8538,0.2789,0.2887,1.22,26,1.4,5.49,3.68,6.0,436.42,60.62,555.83,597.73
partially_ai_edited\AutoSplice\Forged_JPEG100\42835_1.jpg,Partially AI-Edited,,0.7806,0.2352,0.4112,1.88,46,2.9,5.88,2.76,4.97,425.15,46.43,433.81,434.58
partially_ai_edited\AutoSplice\Forged_JPEG100\42837_1.jpg,Partially AI-Edited,,0.0016,0.2771,0.0001,1.35,29,1.59,17.28,9.96,14.37,3264.57,121.43,3301.08,3650.52
partially_ai_edited\AutoSplice\Forged_JPEG100\42887_2.jpg,Partially AI-Edited,,0.997,0.4122,0.3631,1.21,34,1.82,4.23,2.59,7.0,618.49,45.38,637.06,501.89
partially_ai_edited\AutoSplice\Forged_JPEG100\43137_0.jpg,Partially AI-Edited,,0.0001,0.37,0.0,1.24,33,1.3,20.58,9.93,11.15,2752.07,121.94,2652.17,1653.07
partially_ai_edited\AutoSplice\Forged_JPEG100\43137_2.jpg,Partially AI-Edited,,0.0001,0.4032,0.0,1.27,25,1.32,21.05,10.03,11.02,2743.15,122.84,2639.31,1640.7
partially_ai_edited\AutoSplice\Forged_JPEG100\43259_2.jpg,Partially AI-Edited,,0.0001,0.3387,0.0001,1.08,20,1.3,16.21,7.3,8.86,1671.68,86.01,1678.3,1283.39
partially_ai_edited\AutoSplice\Forged_JPEG100\43323_0.jpg,Partially AI-Edited,,0.9989,0.5539,0.2561,1.26,32,2.31,3.38,1.79,5.33,345.57,34.38,351.7,428.71
partially_ai_edited\AutoSplice\Forged_JPEG100\43325_2.jpg,Partially AI-Edited,,0.0009,0.3175,0.4619,1.48,25,1.94,5.29,2.2,4.55,200.93,50.7,275.83,293.89
partially_ai_edited\AutoSplice\Forged_JPEG100\43366_1.jpg,Partially AI-Edited,,0.9866,0.4638,0.3441,1.61,40,2.46,5.44,3.3,7.07,711.33,47.72,727.67,840.12
partially_ai_edited\AutoSplice\Forged_JPEG100\43515_1.jpg,Partially AI-Edited,,0.9998,0.5,0.469,1.24,32,2.15,3.82,1.75,3.93,235.81,31.13,258.5,358.13
partially_ai_edited\AutoSplice\Forged_JPEG100\43656_1.jpg,Partially AI-Edited,,0.604,0.5111,0.4833,2.16,47,2.79,8.23,4.24,8.1,1030.14,67.41,1076.92,991.52
partially_ai_edited\AutoSplice\Forged_JPEG100\43680_2.jpg,Partially AI-Edited,,0.0,0.291,0.0,1.34,27,1.75,14.14,8.79,12.14,2386.87,110.97,2347.91,1651.8
partially_ai_edited\AutoSplice\Forged_JPEG100\43682_1.jpg,Partially AI-Edited,,0.9982,0.3,0.3395,0.91,26,1.56,3.36,1.98,5.78,427.96,34.85,422.58,532.39
partially_ai_edited\AutoSplice\Forged_JPEG100\43712_0.jpg,Partially AI-Edited,,0.9989,0.1923,0.4059,1.44,26,1.68,11.49,4.39,5.97,413.54,84.47,431.45,384.69
partially_ai_edited\AutoSplice\Forged_JPEG100\43842_0.jpg,Partially AI-Edited,,0.9999,0.3373,0.1631,1.24,29,1.84,3.95,2.56,5.23,396.81,41.1,412.46,503.24
partially_ai_edited\AutoSplice\Forged_JPEG100\43901_1.jpg,Partially AI-Edited,,0.998,0.2492,0.4259,1.07,40,1.57,4.46,1.84,4.12,181.43,41.72,177.07,200.98
partially_ai_edited\AutoSplice\Forged_JPEG100\43926_1.jpg,Partially AI-Edited,,0.7461,0.2224,0.1246,1.0,39,1.52,2.76,1.56,4.11,208.92,34.9,206.65,273.8
partially_ai_edited\AutoSplice\Forged_JPEG100\44043_1.jpg,Partially AI-Edited,,1.0,0.2824,0.3713,0.93,21,1.45,2.78,1.65,4.92,275.11,34.88,275.65,410.82
partially_ai_edited\AutoSplice\Forged_JPEG100\44043_2.jpg,Partially AI-Edited,,0.9954,0.3505,0.0674,1.04,19,1.59,3.05,1.75,5.16,308.34,34.74,324.55,498.27
partially_ai_edited\AutoSplice\Forged_JPEG100\44058_0.jpg,Partially AI-Edited,,1.0,0.3674,0.4327,1.61,24,1.84,4.37,1.98,3.8,195.65,40.26,185.51,146.92
partially_ai_edited\AutoSplice\Forged_JPEG100\44063_1.jpg,Partially AI-Edited,,0.9922,0.3318,0.4085,1.04,31,1.56,5.15,1.94,3.89,204.96,39.48,215.25,213.1
partially_ai_edited\AutoSplice\Forged_JPEG100\44110_2.jpg,Partially AI-Edited,,0.0,0.2815,0.0004,1.08,24,1.67,8.29,5.47,8.98,1061.29,74.9,1098.1,1085.77
partially_ai_edited\AutoSplice\Forged_JPEG100\44202_1.jpg,Partially AI-Edited,,0.9871,0.2865,0.3243,1.52,22,1.73,5.0,2.95,4.62,267.09,51.03,274.86,172.33
partially_ai_edited\AutoSplice\Forged_JPEG100\44235_0.jpg,Partially AI-Edited,,0.0005,0.2662,0.0001,1.29,38,2.07,7.28,3.63,5.95,435.91,56.47,455.58,327.7
partially_ai_edited\AutoSplice\Forged_JPEG100\44235_1.jpg,Partially AI-Edited,,0.0047,0.1853,0.0031,1.16,30,1.67,7.89,4.11,6.84,585.14,61.89,609.21,501.87
partially_ai_edited\AutoSplice\Forged_JPEG100\44240_2.jpg,Partially AI-Edited,,0.0571,0.3654,0.1778,0.89,31,1.49,8.7,3.22,5.64,498.83,45.97,496.92,435.44
partially_ai_edited\AutoSplice\Forged_JPEG100\44275_1.jpg,Partially AI-Edited,,0.5605,0.1153,0.0068,0.56,20,1.35,3.06,1.13,3.05,134.42,20.18,139.08,232.72
partially_ai_edited\AutoSplice\Forged_JPEG100\44324_2.jpg,Partially AI-Edited,,0.9997,0.4147,0.3378,1.52,24,1.68,8.16,3.5,4.99,296.21,63.18,320.34,216.98
partially_ai_edited\AutoSplice\Forged_JPEG100\44461_0.jpg,Partially AI-Edited,,0.9997,0.3186,0.3349,1.38,20,1.56,7.82,3.46,4.67,344.36,48.91,357.54,268.9
partially_ai_edited\AutoSplice\Forged_JPEG100\44724_1.jpg,Partially AI-Edited,,0.5101,0.1556,0.1367,0.64,28,1.23,3.2,2.28,5.02,324.93,33.69,299.53,537.31
partially_ai_edited\AutoSplice\Forged_JPEG100\44785_1.jpg,Partially AI-Edited,,0.9998,0.4733,0.1782,1.75,25,2.24,6.95,4.06,7.68,1017.93,58.76,1095.71,784.42
partially_ai_edited\AutoSplice\Forged_JPEG100\44851_0.jpg,Partially AI-Edited,,0.9551,0.2991,0.3979,1.4,24,1.8,3.85,1.87,2.94,120.9,34.18,128.64,98.93
partially_ai_edited\AutoSplice\Forged_JPEG100\44851_1.jpg,Partially AI-Edited,,1.0,0.2441,0.0926,1.2,24,1.54,2.66,1.8,3.17,140.49,30.18,151.99,111.38
partially_ai_edited\AutoSplice\Forged_JPEG100\44859_0.jpg,Partially AI-Edited,,0.9995,0.496,0.2593,1.22,26,1.96,5.57,2.37,5.21,397.88,40.55,361.24,383.49
partially_ai_edited\AutoSplice\Forged_JPEG100\44899_2.jpg,Partially AI-Edited,,0.9853,0.3547,0.4283,2.23,39,3.16,9.58,7.35,15.6,4567.14,80.61,4554.66,3688.26
partially_ai_edited\AutoSplice\Forged_JPEG100\44917_2.jpg,Partially AI-Edited,,1.0,0.3667,0.0039,1.15,28,1.61,6.75,2.84,5.52,368.53,53.6,377.71,246.79
partially_ai_edited\AutoSplice\Forged_JPEG100\44998_0.jpg,Partially AI-Edited,,0.3797,0.3551,0.0031,1.03,19,1.35,3.75,1.57,2.87,93.2,42.33,92.83,77.29
partially_ai_edited\AutoSplice\Forged_JPEG100\44998_1.jpg,Partially AI-Edited,,0.9998,0.3529,0.023,1.09,25,1.48,4.28,1.88,3.49,148.88,46.44,146.4,155.24
partially_ai_edited\AutoSplice\Forged_JPEG100\45015_1.jpg,Partially AI-Edited,,0.9992,0.359,0.2115,1.27,35,1.78,6.11,2.85,5.37,361.78,48.46,383.99,239.47
partially_ai_edited\AutoSplice\Forged_JPEG100\45131_0.jpg,Partially AI-Edited,,0.1177,0.0391,0.0592,0.42,27,1.35,2.18,1.3,4.65,224.62,18.73,219.75,556.58
partially_ai_edited\AutoSplice\Forged_JPEG100\45143_2.jpg,Partially AI-Edited,,0.9929,0.1724,0.3417,1.68,23,1.72,8.17,2.88,4.21,200.33,65.02,210.97,117.64
partially_ai_edited\AutoSplice\Forged_JPEG100\45194_0.jpg,Partially AI-Edited,,0.9994,0.3847,0.0791,2.66,32,2.94,7.43,3.5,5.34,559.76,52.1,549.31,445.75
partially_ai_edited\AutoSplice\Forged_JPEG100\45288_1.jpg,Partially AI-Edited,,0.9992,0.141,0.045,1.1,36,1.7,4.03,2.91,4.91,316.64,43.07,339.97,461.55
partially_ai_edited\AutoSplice\Forged_JPEG100\45340_1.jpg,Partially AI-Edited,,1.0,0.3384,0.0945,1.44,24,1.81,3.62,2.15,3.61,221.32,34.81,229.3,197.19
partially_ai_edited\AutoSplice\Forged_JPEG100\45358_0.jpg,Partially AI-Edited,,0.0,0.3035,0.0,1.41,26,1.52,18.4,9.06,11.13,2285.52,105.99,2155.15,1106.28
partially_ai_edited\AutoSplice\Forged_JPEG100\45424_0.jpg,Partially AI-Edited,,0.9431,0.2397,0.1953,0.93,19,1.47,3.54,1.82,3.99,235.38,37.11,236.44,301.91
partially_ai_edited\AutoSplice\Forged_JPEG100\45436_2.jpg,Partially AI-Edited,,0.9813,0.3912,0.3278,1.72,31,2.37,5.74,2.07,4.29,221.69,40.25,234.39,344.14
partially_ai_edited\AutoSplice\Forged_JPEG100\45580_2.jpg,Partially AI-Edited,,0.4079,0.2042,0.4997,1.39,27,1.69,6.91,2.94,4.66,246.87,50.45,272.83,148.68
partially_ai_edited\AutoSplice\Forged_JPEG100\45601_1.jpg,Partially AI-Edited,,0.997,0.2469,0.4015,2.34,56,3.14,7.89,6.26,11.56,1727.73,88.34,2086.7,1197.49
partially_ai_edited\AutoSplice\Forged_JPEG100\45694_2.jpg,Partially AI-Edited,,0.9403,0.3674,0.4143,1.45,40,1.58,7.07,2.86,4.11,209.79,60.5,226.68,229.81
partially_ai_edited\AutoSplice\Forged_JPEG100\45770_0.jpg,Partially AI-Edited,,0.9987,0.2433,0.3946,1.08,51,1.67,3.42,1.54,3.06,90.85,31.51,84.46,82.76
partially_ai_edited\AutoSplice\Forged_JPEG100\45794_0.jpg,Partially AI-Edited,,0.0011,0.3365,0.0006,1.34,30,1.72,15.02,8.0,10.6,1940.18,103.64,1969.49,1364.4
partially_ai_edited\AutoSplice\Forged_JPEG100\45878_2.jpg,Partially AI-Edited,,0.9922,0.347,0.3985,2.09,41,2.55,7.81,3.2,4.98,420.62,52.68,437.94,334.66
partially_ai_edited\AutoSplice\Forged_JPEG100\45883_1.jpg,Partially AI-Edited,,0.9999,0.3549,0.3596,1.71,24,2.02,6.37,2.92,5.54,486.4,51.85,495.0,473.25
partially_ai_edited\AutoSplice\Forged_JPEG100\45914_2.jpg,Partially AI-Edited,,0.0359,0.4026,0.0189,1.16,20,1.53,12.98,6.09,8.55,1211.42,78.22,1234.98,921.4
partially_ai_edited\AutoSplice\Forged_JPEG100\45974_1.jpg,Partially AI-Edited,,1.0,0.4865,0.2241,1.73,49,2.62,5.23,2.82,5.19,292.34,51.33,388.47,314.94
partially_ai_edited\AutoSplice\Forged_JPEG100\45999_1.jpg,Partially AI-Edited,,0.0012,0.2286,0.0002,1.18,31,1.37,16.67,8.32,10.38,1832.84,109.85,1889.57,1143.58
partially_ai_edited\AutoSplice\Forged_JPEG100\46016_0.jpg,Partially AI-Edited,,0.0143,0.3714,0.0051,1.52,27,1.93,13.47,4.88,6.87,787.53,80.76,830.05,1093.4
partially_ai_edited\AutoSplice\Forged_JPEG100\46080_0.jpg,Partially AI-Edited,,1.0,0.1585,0.3297,1.03,28,1.15,4.23,2.34,3.22,161.66,38.49,490.76,1078.47
partially_ai_edited\AutoSplice\Forged_JPEG100\46080_1.jpg,Partially AI-Edited,,1.0,0.1572,0.1194,1.09,27,1.23,5.73,2.92,3.8,207.52,52.58,543.41,1047.89
partially_ai_edited\AutoSplice\Forged_JPEG100\46104_1.jpg,Partially AI-Edited,,0.9546,0.2834,0.1531,1.55,24,1.8,5.78,2.5,3.7,214.03,44.01,217.05,137.8
partially_ai_edited\AutoSplice\Forged_JPEG100\46109_1.jpg,Partially AI-Edited,,0.9977,0.3334,0.3833,1.09,31,1.59,3.37,2.14,4.98,288.29,34.99,300.74,254.93
partially_ai_edited\AutoSplice\Forged_JPEG100\46365_1.jpg,Partially AI-Edited,,0.6662,0.4794,0.4741,1.17,28,1.54,4.08,2.21,5.07,247.04,40.57,269.29,243.03
partially_ai_edited\AutoSplice\Forged_JPEG100\46480_1.jpg,Partially AI-Edited,,0.0421,0.1597,0.0182,1.44,24,1.42,15.29,6.93,6.69,1203.41,80.29,1375.83,664.3
partially_ai_edited\AutoSplice\Forged_JPEG100\46565_2.jpg,Partially AI-Edited,,0.9893,0.3786,0.3442,1.62,32,2.14,3.34,2.1,5.59,407.63,39.94,393.12,593.1
partially_ai_edited\AutoSplice\Forged_JPEG100\46599_0.jpg,Partially AI-Edited,,0.9423,0.2195,0.0658,0.87,25,1.92,5.47,2.39,6.16,504.9,34.99,518.39,858.12
partially_ai_edited\AutoSplice\Forged_JPEG100\46634_1.jpg,Partially AI-Edited,,0.7181,0.2758,0.4581,1.53,31,1.84,5.77,3.02,4.25,258.78,49.57,275.9,160.36
partially_ai_edited\AutoSplice\Forged_JPEG100\46645_2.jpg,Partially AI-Edited,,0.0007,0.1779,0.0,1.69,21,1.82,19.64,9.4,11.12,2606.68,115.1,2684.16,1040.43
partially_ai_edited\AutoSplice\Forged_JPEG100\46796_2.jpg,Partially AI-Edited,,1.0,0.3022,0.4691,1.45,37,2.22,5.71,2.71,5.41,294.54,53.47,379.56,570.53
partially_ai_edited\AutoSplice\Forged_JPEG100\46937_0.jpg,Partially AI-Edited,,0.9967,0.23,0.1826,0.81,31,1.62,1.96,1.23,4.15,231.66,18.46,235.62,426.84
partially_ai_edited\AutoSplice\Forged_JPEG100\47017_1.jpg,Partially AI-Edited,,1.0,0.1986,0.2643,1.37,21,1.75,4.81,2.31,3.64,217.96,47.33,209.91,240.97
partially_ai_edited\AutoSplice\Forged_JPEG100\47176_2.jpg,Partially AI-Edited,,0.9997,0.3287,0.4492,0.91,17,1.36,6.17,3.71,7.67,715.51,68.09,759.34,769.04
partially_ai_edited\AutoSplice\Forged_JPEG100\47211_0.jpg,Partially AI-Edited,,0.0044,0.7079,0.3238,1.11,33,1.78,11.59,5.49,9.46,1425.46,69.33,1338.69,1649.97
partially_ai_edited\AutoSplice\Forged_JPEG100\47267_1.jpg,Partially AI-Edited,,0.9967,0.44,0.4166,1.17,34,2.14,3.78,1.84,4.82,290.36,32.93,302.5,454.46
partially_ai_edited\AutoSplice\Forged_JPEG100\47410_1.jpg,Partially AI-Edited,,1.0,0.3435,0.4834,1.18,24,1.67,4.8,1.85,3.91,230.91,37.52,240.79,183.06
partially_ai_edited\AutoSplice\Forged_JPEG100\47425_0.jpg,Partially AI-Edited,,0.9989,0.5675,0.3985,1.33,28,1.96,5.04,2.44,5.99,449.26,40.89,468.87,469.66
partially_ai_edited\AutoSplice\Forged_JPEG100\47425_2.jpg,Partially AI-Edited,,0.9992,0.5313,0.4726,1.28,31,1.84,5.39,2.41,5.45,346.56,47.01,357.17,427.8
partially_ai_edited\AutoSplice\Forged_JPEG100\47465_2.jpg,Partially AI-Edited,,0.0633,0.58,0.012,0.81,38,1.38,5.69,4.13,8.94,953.56,58.22,997.82,1133.21
partially_ai_edited\AutoSplice\Forged_JPEG100\47470_1.jpg,Partially AI-Edited,,0.3737,0.3076,0.2306,1.24,31,1.8,4.08,2.17,4.68,242.13,45.97,238.29,269.59
partially_ai_edited\AutoSplice\Forged_JPEG100\47495_2.jpg,Partially AI-Edited,,0.7143,0.1914,0.4035,1.5,38,1.8,9.52,3.89,5.72,391.73,69.65,413.87,355.12
partially_ai_edited\AutoSplice\Forged_JPEG100\47536_0.jpg,Partially AI-Edited,,1.0,0.3876,0.0317,0.76,21,1.19,3.2,1.78,5.64,351.7,39.92,334.32,555.49
partially_ai_edited\AutoSplice\Forged_JPEG100\47536_2.jpg,Partially AI-Edited,,0.9672,0.3518,0.2633,0.99,16,1.49,1.52,1.2,2.53,115.37,21.55,114.34,135.18
partially_ai_edited\AutoSplice\Forged_JPEG100\47539_0.jpg,Partially AI-Edited,,1.0,0.1748,0.3852,0.73,24,1.27,1.93,1.04,3.39,140.58,21.76,141.11,174.67
partially_ai_edited\AutoSplice\Forged_JPEG100\47561_2.jpg,Partially AI-Edited,,0.9932,0.3741,0.3924,1.25,22,1.56,2.14,1.57,2.92,141.41,27.51,144.59,152.93
partially_ai_edited\AutoSplice\Forged_JPEG100\47601_0.jpg,Partially AI-Edited,,1.0,0.5046,0.4077,1.1,30,1.64,3.22,1.54,3.63,146.38,31.53,135.85,136.25
partially_ai_edited\AutoSplice\Forged_JPEG100\47697_1.jpg,Partially AI-Edited,,0.9991,0.2977,0.38,1.23,32,1.88,4.75,2.4,5.64,455.98,47.42,427.4,553.76
partially_ai_edited\AutoSplice\Forged_JPEG100\47730_0.jpg,Partially AI-Edited,,0.9796,0.4043,0.3018,1.65,33,3.0,7.26,3.39,7.27,952.96,43.93,809.79,1338.32
partially_ai_edited\AutoSplice\Forged_JPEG100\47749_1.jpg,Partially AI-Edited,,0.9958,0.1927,0.0002,1.08,32,1.73,4.6,2.54,4.04,198.11,43.02,204.86,161.0
partially_ai_edited\AutoSplice\Forged_JPEG100\47760_0.jpg,Partially AI-Edited,,0.9789,0.2281,0.0892,2.38,33,2.63,10.24,5.74,8.78,1117.38,78.34,1154.63,755.17
partially_ai_edited\AutoSplice\Forged_JPEG100\47837_1.jpg,Partially AI-Edited,,0.6557,0.2273,0.001,1.2,24,1.34,19.87,7.73,6.72,1237.55,90.22,1248.95,508.84
partially_ai_edited\AutoSplice\Forged_JPEG100\47919_0.jpg,Partially AI-Edited,,0.9927,0.602,0.1188,1.3,40,1.88,4.66,3.32,9.64,1226.07,50.3,1241.6,2186.08
partially_ai_edited\AutoSplice\Forged_JPEG100\47938_2.jpg,Partially AI-Edited,,0.0001,0.2117,0.0001,0.97,29,1.4,11.91,5.24,8.23,987.77,71.21,991.42,686.17
partially_ai_edited\AutoSplice\Forged_JPEG100\47968_2.jpg,Partially AI-Edited,,0.9996,0.2504,0.3986,0.98,24,1.59,2.51,1.37,3.98,227.64,24.58,201.28,399.71
partially_ai_edited\AutoSplice\Forged_JPEG100\47980_0.jpg,Partially AI-Edited,,0.0007,0.1651,0.0,1.16,34,1.6,10.17,5.27,6.37,783.88,64.38,797.67,550.35
partially_ai_edited\AutoSplice\Forged_JPEG100\48022_1.jpg,Partially AI-Edited,,0.0035,0.3988,0.1094,0.67,33,1.1,4.01,2.62,6.1,396.03,40.5,416.81,608.84
partially_ai_edited\AutoSplice\Forged_JPEG100\48056_2.jpg,Partially AI-Edited,,0.9999,0.327,0.3189,1.35,37,2.01,4.04,1.89,4.38,278.58,30.57,306.38,276.54
partially_ai_edited\AutoSplice\Forged_JPEG100\48152_0.jpg,Partially AI-Edited,,0.0008,0.1089,0.0001,0.92,26,1.19,11.33,5.71,8.51,1001.3,78.66,943.19,1251.81
partially_ai_edited\AutoSplice\Forged_JPEG100\48209_2.jpg,Partially AI-Edited,,1.0,0.6079,0.0218,1.15,26,1.78,5.03,2.47,5.97,457.3,42.88,441.63,666.15
partially_ai_edited\AutoSplice\Forged_JPEG100\48216_2.jpg,Partially AI-Edited,,0.9947,0.057,0.4096,0.88,37,1.88,1.66,1.01,2.63,79.49,22.17,83.05,149.17
partially_ai_edited\AutoSplice\Forged_JPEG100\48218_1.jpg,Partially AI-Edited,,0.6896,0.2228,0.1113,1.14,21,1.54,4.28,2.21,4.81,261.44,46.15,260.68,358.5
partially_ai_edited\AutoSplice\Forged_JPEG100\48226_1.jpg,Partially AI-Edited,,0.9998,0.3927,0.3168,1.39,46,2.49,5.32,3.49,9.39,1205.25,48.0,1274.34,1231.74
partially_ai_edited\AutoSplice\Forged_JPEG100\48342_2.jpg,Partially AI-Edited,,0.0001,0.3122,0.0086,1.1,22,1.56,6.18,3.22,6.7,585.34,48.5,535.6,997.61
partially_ai_edited\AutoSplice\Forged_JPEG100\48358_2.jpg,Partially AI-Edited,,0.0373,0.4664,0.4488,1.25,26,1.66,7.1,3.14,5.78,458.22,49.87,422.8,486.88
partially_ai_edited\AutoSplice\Forged_JPEG100\48610_2.jpg,Partially AI-Edited,,0.9881,0.3025,0.049,1.0,31,1.65,3.62,2.45,3.41,177.97,38.03,180.19,156.3
partially_ai_edited\AutoSplice\Forged_JPEG100\48678_1.jpg,Partially AI-Edited,,1.0,0.2551,0.1667,1.11,15,1.38,3.6,1.83,2.93,119.44,32.7,124.94,79.28
partially_ai_edited\AutoSplice\Forged_JPEG100\48789_2.jpg,Partially AI-Edited,,0.9835,0.4054,0.4992,1.33,39,1.8,7.12,2.86,4.89,309.43,49.95,321.88,289.14
partially_ai_edited\AutoSplice\Forged_JPEG100\48836_0.jpg,Partially AI-Edited,,0.3649,0.4043,0.1699,1.53,27,2.23,5.49,3.93,8.28,876.36,62.3,917.36,1037.78
partially_ai_edited\AutoSplice\Forged_JPEG100\48836_1.jpg,Partially AI-Edited,,0.8725,0.2881,0.0256,1.21,25,1.71,4.9,3.14,6.38,454.42,51.44,475.57,589.62
partially_ai_edited\AutoSplice\Forged_JPEG100\48843_0.jpg,Partially AI-Edited,,1.0,0.1927,0.4136,1.03,39,1.84,2.35,1.29,3.59,158.48,22.1,153.43,247.66
partially_ai_edited\AutoSplice\Forged_JPEG100\49113_0.jpg,Partially AI-Edited,,0.9795,0.3483,0.0329,1.14,21,1.61,3.69,1.98,3.87,199.61,40.94,208.9,219.45
partially_ai_edited\AutoSplice\Forged_JPEG100\49133_2.jpg,Partially AI-Edited,,0.9995,0.3395,0.434,1.35,26,1.82,5.57,2.12,3.74,177.5,42.42,185.63,154.65
partially_ai_edited\AutoSplice\Forged_JPEG100\49206_0.jpg,Partially AI-Edited,,0.9998,0.4747,0.4057,1.12,23,1.5,9.11,5.34,10.77,1339.66,77.65,1326.62,1701.53
partially_ai_edited\AutoSplice\Forged_JPEG100\49278_0.jpg,Partially AI-Edited,,0.947,0.5076,0.4244,1.26,26,1.78,4.28,2.15,4.69,278.36,42.64,290.57,308.03
partially_ai_edited\AutoSplice\Forged_JPEG100\49323_1.jpg,Partially AI-Edited,,1.0,0.2079,0.3507,0.92,25,1.33,2.25,1.49,4.46,194.61,38.54,201.31,271.57
partially_ai_edited\AutoSplice\Forged_JPEG100\49342_1.jpg,Partially AI-Edited,,1.0,0.5855,0.2897,1.44,37,2.12,5.5,2.49,5.16,336.68,48.18,301.12,308.14
partially_ai_edited\AutoSplice\Forged_JPEG100\49452_0.jpg,Partially AI-Edited,,0.0007,0.1932,0.0019,1.16,29,1.35,13.98,7.49,8.75,1921.4,81.41,1958.62,1581.91
partially_ai_edited\AutoSplice\Forged_JPEG100\49516_1.jpg,Partially AI-Edited,,0.9992,0.4592,0.3898,0.92,21,1.55,2.71,1.48,3.63,183.5,27.91,190.34,214.42
partially_ai_edited\AutoSplice\Forged_JPEG100\49555_0.jpg,Partially AI-Edited,,0.1132,0.1554,0.0001,0.61,17,1.04,5.28,2.83,5.6,505.53,40.35,461.13,831.03
partially_ai_edited\AutoSplice\Forged_JPEG100\49555_2.jpg,Partially AI-Edited,,0.0771,0.1554,0.0001,0.6,17,1.0,5.25,2.84,5.61,503.05,41.0,459.1,831.32
partially_ai_edited\AutoSplice\Forged_JPEG100\49867_1.jpg,Partially AI-Edited,,0.7608,0.4302,0.4424,1.37,24,1.86,5.42,2.99,6.51,542.51,53.28,600.07,595.37
partially_ai_edited\AutoSplice\Forged_JPEG100\50148_0.jpg,Partially AI-Edited,,0.3278,0.3417,0.0012,1.22,43,2.13,4.07,1.92,4.43,261.17,32.86,244.61,302.76
partially_ai_edited\AutoSplice\Forged_JPEG100\50148_2.jpg,Partially AI-Edited,,0.1674,0.3224,0.0005,1.06,37,1.86,3.16,1.6,4.09,211.93,27.68,198.78,298.41
partially_ai_edited\AutoSplice\Forged_JPEG100\50165_0.jpg,Partially AI-Edited,,0.2527,0.3413,0.164,1.14,35,1.98,7.83,4.07,7.71,812.19,55.01,840.8,945.21
partially_ai_edited\AutoSplice\Forged_JPEG100\50182_0.jpg,Partially AI-Edited,,0.0032,0.4086,0.0072,0.64,18,0.97,5.07,2.16,4.36,227.78,38.99,227.1,230.28
partially_ai_edited\AutoSplice\Forged_JPEG100\50301_1.jpg,Partially AI-Edited,,0.986,0.244,0.3376,0.84,15,1.08,3.54,1.45,2.35,61.49,37.64,72.1,40.71
partially_ai_edited\AutoSplice\Forged_JPEG100\50301_2.jpg,Partially AI-Edited,,0.9711,0.2344,0.2085,0.83,12,1.06,3.69,1.49,2.38,66.17,37.14,75.26,57.74
partially_ai_edited\AutoSplice\Forged_JPEG100\50593_2.jpg,Partially AI-Edited,,0.9998,0.4538,0.1263,1.48,35,2.12,4.62,2.38,5.23,369.97,45.85,384.45,397.34
partially_ai_edited\AutoSplice\Forged_JPEG100\50672_0.jpg,Partially AI-Edited,,0.2506,0.3051,0.0002,0.95,26,1.17,9.38,4.38,6.48,752.4,56.9,768.55,863.73
partially_ai_edited\AutoSplice\Forged_JPEG100\50816_0.jpg,Partially AI-Edited,,0.9999,0.417,0.3488,1.22,30,1.91,3.79,2.18,6.27,526.52,33.99,536.42,599.57
partially_ai_edited\AutoSplice\Forged_JPEG100\50816_1.jpg,Partially AI-Edited,,0.9997,0.4067,0.3451,1.56,28,2.16,4.81,2.5,5.59,410.8,39.91,410.18,436.08
partially_ai_edited\AutoSplice\Forged_JPEG100\51323_2.jpg,Partially AI-Edited,,0.6324,0.2085,0.4034,1.96,29,2.19,8.78,5.57,9.56,1117.77,86.45,1157.71,798.07
partially_ai_edited\AutoSplice\Forged_JPEG100\51437_2.jpg,Partially AI-Edited,,0.4398,0.1882,0.215,2.96,35,2.89,10.61,4.4,5.54,625.81,61.14,603.98,235.09
partially_ai_edited\AutoSplice\Forged_JPEG100\51440_0.jpg,Partially AI-Edited,,0.9999,0.2773,0.3896,1.03,20,1.39,3.75,2.06,4.46,208.62,41.33,233.56,204.34
partially_ai_edited\AutoSplice\Forged_JPEG100\51514_1.jpg,Partially AI-Edited,,0.9995,0.131,0.4697,1.08,28,1.73,3.17,1.52,3.43,160.97,30.25,146.54,211.59
partially_ai_edited\AutoSplice\Forged_JPEG100\51568_2.jpg,Partially AI-Edited,,0.034,0.043,0.0066,0.39,34,1.12,2.22,1.51,6.02,422.7,27.66,428.97,1018.71
partially_ai_edited\AutoSplice\Forged_JPEG100\51570_1.jpg,Partially AI-Edited,,0.9885,0.3034,0.3395,0.91,21,1.24,2.51,1.52,3.05,96.18,34.07,106.23,94.57
partially_ai_edited\AutoSplice\Forged_JPEG100\51588_2.jpg,Partially AI-Edited,,0.0052,0.2119,0.0002,1.83,26,2.0,12.21,6.53,8.61,1440.95,91.9,1512.44,540.04
partially_ai_edited\AutoSplice\Forged_JPEG100\51662_1.jpg,Partially AI-Edited,,1.0,0.3334,0.3945,1.64,35,2.26,9.23,4.03,6.37,570.59,62.59,590.82,628.02
partially_ai_edited\AutoSplice\Forged_JPEG100\51688_1.jpg,Partially AI-Edited,,0.5759,0.1384,0.3467,1.45,30,1.46,6.95,2.6,3.44,146.64,56.87,157.69,108.33
partially_ai_edited\AutoSplice\Forged_JPEG100\51726_1.jpg,Partially AI-Edited,,0.9997,0.2104,0.4289,1.65,20,1.64,18.3,6.23,7.18,786.71,106.35,846.2,695.45
partially_ai_edited\AutoSplice\Forged_JPEG100\51768_0.jpg,Partially AI-Edited,,0.9992,0.2523,0.422,1.08,21,1.37,4.64,2.2,3.79,147.44,44.75,158.84,127.17
partially_ai_edited\AutoSplice\Forged_JPEG100\51780_1.jpg,Partially AI-Edited,,0.0002,0.2705,0.002,1.05,34,1.57,8.92,5.14,9.88,1386.48,65.02,1413.23,1240.92
partially_ai_edited\AutoSplice\Forged_JPEG100\51780_2.jpg,Partially AI-Edited,,0.0001,0.2669,0.0002,1.01,31,1.49,8.52,5.16,10.01,1399.73,65.39,1421.9,1212.8
partially_ai_edited\AutoSplice\Forged_JPEG100\51783_1.jpg,Partially AI-Edited,,0.9999,0.63,0.3844,1.17,29,1.83,5.64,2.58,6.0,449.1,46.33,457.12,428.36
partially_ai_edited\AutoSplice\Forged_JPEG100\51818_1.jpg,Partially AI-Edited,,0.996,0.6831,0.0749,0.88,34,1.54,5.98,7.75,17.66,3582.69,99.35,3791.4,3369.58
partially_ai_edited\AutoSplice\Forged_JPEG100\51951_1.jpg,Partially AI-Edited,,0.9998,0.4875,0.3842,0.83,21,1.42,4.0,1.75,4.58,225.57,32.68,232.79,221.27
partially_ai_edited\AutoSplice\Forged_JPEG100\52106_1.jpg,Partially AI-Edited,,0.9922,0.3219,0.2758,1.07,21,1.34,3.72,1.74,3.76,160.8,36.32,176.1,198.63
partially_ai_edited\AutoSplice\Forged_JPEG100\52522_2.jpg,Partially AI-Edited,,0.0,0.343,0.0,0.99,37,1.44,12.41,5.68,8.18,1044.93,73.27,1086.72,669.37
partially_ai_edited\AutoSplice\Forged_JPEG100\52533_1.jpg,Partially AI-Edited,,1.0,0.3152,0.4526,1.32,31,1.81,6.0,2.6,5.14,272.96,58.74,280.67,289.74
partially_ai_edited\AutoSplice\Forged_JPEG100\52551_1.jpg,Partially AI-Edited,,0.9588,0.3344,0.3175,1.77,29,2.05,3.69,2.22,3.89,262.83,36.98,280.98,257.57
partially_ai_edited\AutoSplice\Forged_JPEG100\52589_0.jpg,Partially AI-Edited,,0.7058,0.1566,0.4087,2.07,42,2.04,15.97,6.6,7.94,1214.6,95.55,1253.65,855.71
partially_ai_edited\AutoSplice\Forged_JPEG100\52589_1.jpg,Partially AI-Edited,,0.9924,0.149,0.3458,1.85,37,1.9,13.51,5.72,7.8,1097.08,81.06,1127.55,929.3
partially_ai_edited\AutoSplice\Forged_JPEG100\52701_0.jpg,Partially AI-Edited,,0.963,0.4402,0.418,1.27,40,2.22,3.6,1.73,4.27,216.1,33.56,243.42,287.72
partially_ai_edited\AutoSplice\Forged_JPEG100\52736_2.jpg,Partially AI-Edited,,1.0,0.2342,0.4618,2.08,35,2.48,11.17,4.9,6.67,593.14,79.9,589.92,375.26
partially_ai_edited\AutoSplice\Forged_JPEG100\52822_1.jpg,Partially AI-Edited,,0.9789,0.3169,0.001,0.8,24,1.26,5.32,3.68,7.61,914.93,47.3,804.58,1134.92
partially_ai_edited\AutoSplice\Forged_JPEG100\52836_0.jpg,Partially AI-Edited,,0.9988,0.0903,0.346,1.28,28,2.25,4.37,2.04,4.88,394.23,31.38,405.91,544.02
partially_ai_edited\AutoSplice\Forged_JPEG100\52836_1.jpg,Partially AI-Edited,,0.9998,0.2298,0.3502,0.86,30,1.64,2.21,1.0,2.87,102.55,25.01,105.77,148.36
partially_ai_edited\AutoSplice\Forged_JPEG100\52838_1.jpg,Partially AI-Edited,,1.0,0.3684,0.3452,1.16,23,1.67,3.44,2.91,6.41,545.43,46.33,552.58,855.12
partially_ai_edited\AutoSplice\Forged_JPEG100\52954_0.jpg,Partially AI-Edited,,1.0,0.3181,0.4124,1.13,37,1.77,5.03,2.47,5.58,310.13,52.52,349.4,326.42
partially_ai_edited\AutoSplice\Forged_JPEG100\53114_0.jpg,Partially AI-Edited,,0.9639,0.2062,0.0999,1.02,15,1.26,7.28,3.33,5.28,362.53,51.45,330.02,399.11
partially_ai_edited\AutoSplice\Forged_JPEG100\53145_0.jpg,Partially AI-Edited,,0.978,0.3116,0.3586,0.96,18,1.38,3.82,2.02,4.81,323.13,41.74,334.32,313.8
partially_ai_edited\AutoSplice\Forged_JPEG100\53145_2.jpg,Partially AI-Edited,,0.2234,0.5219,0.0076,1.35,16,1.88,2.68,2.76,5.78,655.6,34.32,685.1,605.18
partially_ai_edited\AutoSplice\Forged_JPEG100\53149_1.jpg,Partially AI-Edited,,1.0,0.1374,0.3834,1.1,29,1.6,2.47,1.57,3.56,177.79,35.75,162.5,243.49
partially_ai_edited\AutoSplice\Forged_JPEG100\53218_1.jpg,Partially AI-Edited,,0.9997,0.5107,0.4278,1.59,50,2.61,4.9,2.89,7.17,628.42,50.19,680.93,564.49
partially_ai_edited\AutoSplice\Forged_JPEG100\53308_0.jpg,Partially AI-Edited,,0.0041,0.122,0.0001,1.89,32,1.86,26.6,12.12,12.55,4397.64,136.12,4512.46,2702.53
partially_ai_edited\AutoSplice\Forged_JPEG100\53333_1.jpg,Partially AI-Edited,,0.9995,0.341,0.3906,1.58,32,1.96,8.74,3.26,5.74,529.95,52.84,545.81,385.45
partially_ai_edited\AutoSplice\Forged_JPEG100\53368_1.jpg,Partially AI-Edited,,0.001,0.2962,0.0,0.83,23,1.1,11.07,5.58,8.4,999.47,77.92,1049.25,849.45
partially_ai_edited\AutoSplice\Forged_JPEG100\53382_1.jpg,Partially AI-Edited,,0.2488,0.5806,0.0178,0.77,17,1.13,7.0,2.69,5.17,272.52,50.91,260.06,329.5
partially_ai_edited\AutoSplice\Forged_JPEG100\53401_2.jpg,Partially AI-Edited,,0.9997,0.1703,0.4534,1.65,47,2.96,4.08,2.22,5.78,511.0,37.64,483.45,768.69
partially_ai_edited\AutoSplice\Forged_JPEG100\53483_1.jpg,Partially AI-Edited,,0.0535,0.1556,0.0004,0.69,25,1.28,2.56,1.78,5.13,292.87,30.73,300.33,542.57
partially_ai_edited\AutoSplice\Forged_JPEG100\53559_0.jpg,Partially AI-Edited,,0.9066,0.4669,0.3865,1.6,40,2.34,3.87,2.27,5.19,338.43,38.18,347.15,355.14
partially_ai_edited\AutoSplice\Forged_JPEG100\53677_0.jpg,Partially AI-Edited,,1.0,0.4703,0.0644,1.29,39,1.95,4.84,1.82,3.9,187.85,38.7,197.31,219.2
partially_ai_edited\AutoSplice\Forged_JPEG100\53689_2.jpg,Partially AI-Edited,,0.6558,0.439,0.2358,1.15,21,1.6,4.42,2.21,4.57,247.68,42.96,257.99,340.37
partially_ai_edited\AutoSplice\Forged_JPEG100\53700_2.jpg,Partially AI-Edited,,1.0,0.2232,0.4075,0.99,17,1.15,7.05,2.72,4.46,189.61,64.68,209.74,200.04
partially_ai_edited\AutoSplice\Forged_JPEG100\53753_2.jpg,Partially AI-Edited,,0.9343,0.4097,0.4104,1.5,27,2.09,8.76,3.77,6.9,627.76,65.57,669.07,555.12
partially_ai_edited\AutoSplice\Forged_JPEG100\53780_1.jpg,Partially AI-Edited,,0.2074,0.2993,0.3355,1.51,27,1.72,10.82,5.16,7.58,760.15,77.83,716.86,527.84
partially_ai_edited\AutoSplice\Forged_JPEG100\53805_2.jpg,Partially AI-Edited,,0.0231,0.2389,0.1595,1.46,33,1.57,19.5,9.54,11.08,2912.94,113.12,3096.52,2804.57
partially_ai_edited\AutoSplice\Forged_JPEG100\53836_0.jpg,Partially AI-Edited,,0.9894,0.0,0.3601,0.49,24,1.22,0.84,0.55,2.61,67.4,11.1,61.24,147.03
partially_ai_edited\AutoSplice\Forged_JPEG100\53845_0.jpg,Partially AI-Edited,,0.9583,0.2276,0.1571,1.58,29,1.85,9.17,4.67,7.29,672.99,72.21,672.15,349.27
partially_ai_edited\AutoSplice\Forged_JPEG100\53845_2.jpg,Partially AI-Edited,,0.7878,0.2558,0.043,1.75,36,2.19,9.11,4.55,6.98,602.39,69.92,613.24,303.55
partially_ai_edited\AutoSplice\Forged_JPEG100\53847_1.jpg,Partially AI-Edited,,0.9979,0.3193,0.183,1.16,20,1.57,3.19,1.99,4.57,289.9,36.95,301.82,406.03
partially_ai_edited\AutoSplice\Forged_JPEG100\53847_2.jpg,Partially AI-Edited,,0.9999,0.3701,0.4105,1.25,21,1.7,4.91,2.73,6.44,506.01,49.59,521.46,679.81
partially_ai_edited\AutoSplice\Forged_JPEG100\53888_2.jpg,Partially AI-Edited,,0.9886,0.3469,0.0023,1.31,27,1.84,12.45,4.59,6.9,805.86,63.92,826.1,791.5
partially_ai_edited\AutoSplice\Forged_JPEG100\53909_2.jpg,Partially AI-Edited,,0.0001,0.297,0.0086,1.49,37,2.01,13.79,6.7,8.93,1319.03,91.55,1461.35,1125.56
partially_ai_edited\AutoSplice\Forged_JPEG100\53930_0.jpg,Partially AI-Edited,,0.121,0.1541,0.0,1.59,19,1.5,24.51,13.1,14.37,5361.46,144.34,5451.09,3763.25
partially_ai_edited\AutoSplice\Forged_JPEG100\53947_2.jpg,Partially AI-Edited,,0.0,0.4176,0.0002,0.91,33,1.31,7.87,4.99,7.42,738.05,68.17,781.06,420.42
partially_ai_edited\AutoSplice\Forged_JPEG100\54018_2.jpg,Partially AI-Edited,,0.9994,0.0167,0.3227,0.37,34,1.23,1.51,0.61,2.74,101.13,13.64,94.62,158.09
partially_ai_edited\AutoSplice\Forged_JPEG100\54041_1.jpg,Partially AI-Edited,,0.6329,0.2948,0.0397,1.48,31,2.02,8.02,3.07,4.53,253.45,61.63,268.45,295.16
partially_ai_edited\AutoSplice\Forged_JPEG100\54046_1.jpg,Partially AI-Edited,,0.004,0.2613,0.1224,1.26,25,1.72,8.16,3.9,5.84,448.32,65.99,430.57,351.4
partially_ai_edited\AutoSplice\Forged_JPEG100\54062_2.jpg,Partially AI-Edited,,0.9999,0.3652,0.43,0.83,25,1.32,2.59,1.17,2.94,114.58,26.32,119.6,179.32
partially_ai_edited\AutoSplice\Forged_JPEG100\54193_1.jpg,Partially AI-Edited,,0.9305,0.2987,0.2996,1.43,19,1.57,3.05,2.09,3.34,171.49,36.08,184.59,123.12
partially_ai_edited\AutoSplice\Forged_JPEG100\54239_0.jpg,Partially AI-Edited,,0.6366,0.3968,0.2938,1.82,41,2.6,4.92,2.89,6.25,452.41,46.12,549.4,430.01
partially_ai_edited\AutoSplice\Forged_JPEG100\54239_2.jpg,Partially AI-Edited,,0.9997,0.4206,0.4095,1.83,49,2.43,4.97,2.56,5.16,353.18,43.14,638.31,1058.49
partially_ai_edited\AutoSplice\Forged_JPEG100\54261_2.jpg,Partially AI-Edited,,0.0001,0.2315,0.0,1.65,34,1.71,24.64,11.86,11.85,3293.26,147.29,3342.99,1478.54
partially_ai_edited\AutoSplice\Forged_JPEG100\54287_0.jpg,Partially AI-Edited,,1.0,0.4738,0.1769,1.02,23,1.75,3.68,2.42,6.78,569.73,38.34,586.73,593.13
partially_ai_edited\AutoSplice\Forged_JPEG100\54297_1.jpg,Partially AI-Edited,,0.0,0.1917,0.0,1.18,18,1.28,16.84,8.3,10.27,2045.56,102.74,2112.64,1531.42
partially_ai_edited\AutoSplice\Forged_JPEG100\54308_0.jpg,Partially AI-Edited,,0.7474,0.4487,0.4325,0.97,27,1.54,5.43,2.87,5.19,330.51,41.05,303.42,258.37
partially_ai_edited\AutoSplice\Forged_JPEG100\54327_1.jpg,Partially AI-Edited,,0.4817,0.1351,0.4166,0.6,24,1.19,2.38,1.13,3.45,122.62,20.72,107.83,167.27
partially_ai_edited\AutoSplice\Forged_JPEG100\54341_0.jpg,Partially AI-Edited,,0.0468,0.316,0.4059,1.6,34,1.96,4.57,2.41,4.3,297.35,42.13,317.1,219.69
partially_ai_edited\AutoSplice\Forged_JPEG100\54357_1.jpg,Partially AI-Edited,,0.0001,0.1791,0.0047,0.62,33,1.17,4.37,2.86,6.95,498.9,45.88,517.95,547.61
partially_ai_edited\AutoSplice\Forged_JPEG100\54357_2.jpg,Partially AI-Edited,,0.0,0.2463,0.0005,0.55,27,0.99,4.45,2.85,7.27,560.36,46.4,582.36,809.93
partially_ai_edited\AutoSplice\Forged_JPEG100\54360_1.jpg,Partially AI-Edited,,0.1265,0.3297,0.4298,1.77,35,2.55,15.45,6.56,8.31,1170.15,91.95,1210.29,811.76
partially_ai_edited\AutoSplice\Forged_JPEG100\54411_0.jpg,Partially AI-Edited,,0.0396,0.1942,0.0728,0.8,38,1.33,1.72,1.27,2.72,72.03,26.41,74.13,105.52
partially_ai_edited\AutoSplice\Forged_JPEG100\54417_0.jpg,Partially AI-Edited,,1.0,0.4984,0.393,1.4,46,2.41,4.26,2.65,6.51,517.49,45.45,523.8,409.65
partially_ai_edited\AutoSplice\Forged_JPEG100\54456_0.jpg,Partially AI-Edited,,0.5413,0.3097,0.3619,1.89,32,2.33,8.07,3.8,6.99,702.05,65.46,740.02,438.56
partially_ai_edited\AutoSplice\Forged_JPEG100\54465_0.jpg,Partially AI-Edited,,0.0001,0.2293,0.0,1.13,19,1.25,16.83,7.56,9.18,1680.78,95.2,1698.46,1321.97
partially_ai_edited\AutoSplice\Forged_JPEG100\54472_1.jpg,Partially AI-Edited,,0.8921,0.27,0.4927,0.73,22,1.16,4.71,1.71,2.9,76.46,42.41,88.5,73.41
partially_ai_edited\AutoSplice\Forged_JPEG100\54572_1.jpg,Partially AI-Edited,,0.7793,0.3531,0.2111,1.17,16,1.39,8.99,4.07,8.98,923.06,65.13,1305.46,2460.98
partially_ai_edited\AutoSplice\Forged_JPEG100\54711_0.jpg,Partially AI-Edited,,0.027,0.0,0.4069,1.29,32,2.1,5.1,2.34,5.22,508.97,32.42,442.7,683.1
partially_ai_edited\AutoSplice\Forged_JPEG100\54796_1.jpg,Partially AI-Edited,,0.9989,0.3437,0.3968,1.03,34,1.51,3.21,1.38,3.42,135.39,34.8,140.04,178.0
partially_ai_edited\AutoSplice\Forged_JPEG100\54909_0.jpg,Partially AI-Edited,,1.0,0.432,0.3236,1.0,25,1.6,3.2,1.74,4.18,235.41,28.63,246.17,225.2
partially_ai_edited\AutoSplice\Forged_JPEG100\54909_1.jpg,Partially AI-Edited,,0.9935,0.4375,0.3337,1.05,34,1.74,4.21,1.89,4.88,285.82,32.23,299.76,325.2
partially_ai_edited\AutoSplice\Forged_JPEG100\54995_1.jpg,Partially AI-Edited,,0.0004,0.2266,0.0011,1.23,26,1.37,16.59,9.03,12.28,3004.31,108.56,2872.51,2469.92
partially_ai_edited\AutoSplice\Forged_JPEG100\55072_1.jpg,Partially AI-Edited,,0.0603,0.0919,0.02,0.95,14,1.01,10.34,4.56,5.35,440.88,74.51,532.55,530.74
partially_ai_edited\AutoSplice\Forged_JPEG100\55072_2.jpg,Partially AI-Edited,,0.0163,0.1352,0.02,0.95,23,1.01,10.6,4.51,5.27,434.53,73.34,524.11,532.13
partially_ai_edited\AutoSplice\Forged_JPEG100\55107_1.jpg,Partially AI-Edited,,0.9996,0.4609,0.2451,1.13,38,1.61,3.91,1.79,4.11,195.37,35.49,206.8,158.25
partially_ai_edited\AutoSplice\Forged_JPEG100\55107_2.jpg,Partially AI-Edited,,1.0,0.526,0.3915,1.34,30,1.93,4.83,2.17,4.91,308.93,45.25,322.13,330.25
partially_ai_edited\AutoSplice\Forged_JPEG100\55198_0.jpg,Partially AI-Edited,,0.0003,0.1494,0.4035,0.83,32,1.31,7.52,4.1,7.53,777.83,55.16,822.04,990.94
partially_ai_edited\AutoSplice\Forged_JPEG100\55230_0.jpg,Partially AI-Edited,,0.9935,0.3936,0.41,1.11,25,1.73,4.65,2.01,5.22,282.99,42.45,352.95,340.54
partially_ai_edited\AutoSplice\Forged_JPEG100\55344_0.jpg,Partially AI-Edited,,0.0004,0.2508,0.0,1.25,27,1.56,14.44,7.17,9.5,1631.66,89.27,1591.18,1050.84
partially_ai_edited\AutoSplice\Forged_JPEG100\55432_1.jpg,Partially AI-Edited,,0.9996,0.2904,0.4854,1.05,27,1.65,3.58,1.55,3.41,124.32,38.37,129.66,151.17
partially_ai_edited\AutoSplice\Forged_JPEG100\55457_2.jpg,Partially AI-Edited,,0.9143,0.3313,0.2843,0.89,30,1.41,3.61,1.91,4.9,260.6,34.21,276.23,284.09
partially_ai_edited\AutoSplice\Forged_JPEG100\55470_2.jpg,Partially AI-Edited,,0.984,0.5808,0.3139,1.27,36,2.19,3.76,2.24,6.06,444.27,43.04,459.26,502.5
partially_ai_edited\AutoSplice\Forged_JPEG100\55542_1.jpg,Partially AI-Edited,,0.8693,0.1926,0.3266,0.88,33,1.45,3.78,1.89,4.78,251.53,46.21,268.59,304.2
partially_ai_edited\AutoSplice\Forged_JPEG100\55548_2.jpg,Partially AI-Edited,,0.9996,0.4205,0.3369,1.1,26,1.69,2.82,1.5,4.31,229.07,28.99,243.66,332.25
partially_ai_edited\AutoSplice\Forged_JPEG100\55570_0.jpg,Partially AI-Edited,,0.0012,0.2815,0.0,0.72,50,1.33,8.59,4.8,8.73,1000.67,66.43,1011.2,1190.25
partially_ai_edited\AutoSplice\Forged_JPEG100\55570_1.jpg,Partially AI-Edited,,0.0025,0.2911,0.0,0.74,40,1.38,8.72,4.74,8.46,957.12,65.39,969.09,1100.4
partially_ai_edited\AutoSplice\Forged_JPEG100\55612_1.jpg,Partially AI-Edited,,0.997,0.4121,0.0682,1.07,23,1.55,3.67,1.7,3.12,157.51,31.15,157.52,174.71
partially_ai_edited\AutoSplice\Forged_JPEG100\55626_2.jpg,Partially AI-Edited,,0.0134,0.2749,0.0,1.69,36,2.02,20.13,10.97,13.62,3261.36,137.26,3290.56,1929.49
partially_ai_edited\AutoSplice\Forged_JPEG100\55711_0.jpg,Partially AI-Edited,,0.9936,0.1947,0.4134,0.65,23,1.04,0.84,0.83,2.35,67.56,17.54,63.08,76.26
partially_ai_edited\AutoSplice\Forged_JPEG100\55732_0.jpg,Partially AI-Edited,,0.0254,0.1895,0.2812,0.79,18,1.03,8.04,3.71,4.69,370.02,59.12,379.18,288.02
partially_ai_edited\AutoSplice\Forged_JPEG100\55738_0.jpg,Partially AI-Edited,,1.0,0.4203,0.3896,2.04,44,2.83,8.63,4.67,7.63,773.01,75.62,811.59,762.28
partially_ai_edited\AutoSplice\Forged_JPEG100\55791_0.jpg,Partially AI-Edited,,0.4116,0.4886,0.3136,1.54,28,2.06,8.31,3.95,6.8,591.12,66.34,595.41,577.92
partially_ai_edited\AutoSplice\Forged_JPEG100\55878_0.jpg,Partially AI-Edited,,1.0,0.374,0.4003,1.94,46,2.61,7.65,4.76,7.74,878.42,73.89,1011.68,822.13
partially_ai_edited\AutoSplice\Forged_JPEG100\55966_2.jpg,Partially AI-Edited,,0.9962,0.3883,0.4132,1.29,49,1.64,7.83,3.97,6.88,808.0,57.06,832.28,937.29
partially_ai_edited\AutoSplice\Forged_JPEG100\55975_2.jpg,Partially AI-Edited,,0.0866,0.1701,0.0259,1.16,43,1.23,16.82,7.98,7.99,1675.15,86.92,1700.14,860.1
partially_ai_edited\AutoSplice\Forged_JPEG100\56049_1.jpg,Partially AI-Edited,,0.9643,0.2663,0.3997,0.92,23,1.39,3.81,2.02,5.1,278.41,37.28,290.05,521.48
partially_ai_edited\AutoSplice\Forged_JPEG100\56049_2.jpg,Partially AI-Edited,,0.4773,0.3326,0.0201,0.94,22,1.41,4.8,2.61,6.26,396.33,46.53,444.5,537.19
partially_ai_edited\AutoSplice\Forged_JPEG100\56066_1.jpg,Partially AI-Edited,,0.8042,0.5908,0.3842,1.66,31,2.35,5.9,3.33,7.8,887.47,53.2,849.17,952.12
partially_ai_edited\AutoSplice\Forged_JPEG100\56115_2.jpg,Partially AI-Edited,,0.9748,0.5347,0.3886,1.28,37,2.12,5.07,2.32,5.54,370.2,44.21,396.89,350.7
partially_ai_edited\AutoSplice\Forged_JPEG100\56155_1.jpg,Partially AI-Edited,,0.1974,0.1683,0.2901,0.87,23,1.38,3.0,1.21,2.45,67.43,25.15,65.29,66.83
partially_ai_edited\AutoSplice\Forged_JPEG100\56189_1.jpg,Partially AI-Edited,,0.9998,0.4896,0.4605,1.66,39,2.61,4.51,2.14,5.22,389.19,36.14,409.07,309.62
partially_ai_edited\AutoSplice\Forged_JPEG100\56197_0.jpg,Partially AI-Edited,,0.0022,0.1571,0.0066,0.96,28,1.2,8.43,4.12,6.38,624.22,57.89,630.2,510.2
partially_ai_edited\AutoSplice\Forged_JPEG100\56241_0.jpg,Partially AI-Edited,,0.9959,0.0949,0.3908,0.61,14,0.97,3.34,2.28,3.95,186.41,32.84,164.49,179.61
partially_ai_edited\AutoSplice\Forged_JPEG100\56325_0.jpg,Partially AI-Edited,,1.0,0.3218,0.1571,1.95,35,2.48,7.59,3.88,7.52,743.3,63.85,799.93,559.42
partially_ai_edited\AutoSplice\Forged_JPEG100\56394_2.jpg,Partially AI-Edited,,0.9579,0.5697,0.3803,1.61,44,2.62,3.7,1.78,4.32,216.15,33.23,230.47,239.07
partially_ai_edited\AutoSplice\Forged_JPEG100\56505_2.jpg,Partially AI-Edited,,0.0,0.2885,0.0008,1.31,28,1.67,13.93,7.3,10.49,1479.92,110.68,1529.51,999.1
partially_ai_edited\AutoSplice\Forged_JPEG100\56506_0.jpg,Partially AI-Edited,,0.9993,0.7187,0.1905,1.89,51,3.27,6.86,6.74,15.49,3748.47,79.09,3302.96,3760.64
partially_ai_edited\AutoSplice\Forged_JPEG100\56587_0.jpg,Partially AI-Edited,,1.0,0.352,0.3358,1.16,33,2.11,4.36,3.16,8.9,1010.88,43.97,1060.88,869.89
partially_ai_edited\AutoSplice\Forged_JPEG100\56603_1.jpg,Partially AI-Edited,,1.0,0.6142,0.4502,1.15,32,1.98,3.88,2.23,6.36,532.71,35.65,565.23,541.69
partially_ai_edited\AutoSplice\Forged_JPEG100\56669_0.jpg,Partially AI-Edited,,0.6834,0.1829,0.4759,1.25,29,1.68,2.66,1.7,3.15,169.86,31.51,154.14,200.77
partially_ai_edited\AutoSplice\Forged_JPEG100\56785_0.jpg,Partially AI-Edited,,0.4331,0.0518,0.3919,0.71,37,0.88,0.71,0.64,1.19,14.16,15.29,15.8,29.67
partially_ai_edited\AutoSplice\Forged_JPEG100\56785_1.jpg,Partially AI-Edited,,0.9244,0.0417,0.3304,0.72,37,0.88,0.56,0.68,1.21,14.97,15.73,16.58,26.72
partially_ai_edited\AutoSplice\Forged_JPEG100\57049_0.jpg,Partially AI-Edited,,0.2275,0.3443,0.3985,1.46,53,2.28,6.89,4.16,8.57,1021.01,61.63,1751.91,3371.55
partially_ai_edited\AutoSplice\Forged_JPEG100\57049_1.jpg,Partially AI-Edited,,0.0035,0.3394,0.2902,1.26,47,1.95,5.86,3.33,7.03,531.23,57.18,901.17,1129.98
partially_ai_edited\AutoSplice\Forged_JPEG100\57095_1.jpg,Partially AI-Edited,,1.0,0.2327,0.0353,1.01,16,1.16,5.41,2.74,4.15,201.18,56.26,222.6,166.08
partially_ai_edited\AutoSplice\Forged_JPEG100\57143_2.jpg,Partially AI-Edited,,0.9813,0.197,0.1219,0.68,38,1.53,1.87,0.82,1.84,33.82,19.56,35.53,44.2
partially_ai_edited\AutoSplice\Forged_JPEG100\57246_1.jpg,Partially AI-Edited,,0.0001,0.2792,0.0001,0.95,16,1.2,7.34,4.38,7.05,654.46,72.53,702.43,702.0
partially_ai_edited\AutoSplice\Forged_JPEG100\57376_2.jpg,Partially AI-Edited,,0.4548,0.1982,0.0049,1.52,20,1.65,27.73,9.14,8.61,1677.93,125.42,1711.54,611.45
partially_ai_edited\AutoSplice\Forged_JPEG100\57428_2.jpg,Partially AI-Edited,,0.0006,0.358,0.007,0.85,24,1.29,10.84,5.69,9.25,1435.59,69.49,1442.69,1327.77
partially_ai_edited\AutoSplice\Forged_JPEG100\57501_2.jpg,Partially AI-Edited,,0.0,0.0909,0.0001,1.37,17,1.34,11.27,5.15,5.61,785.17,63.93,871.36,892.5
partially_ai_edited\AutoSplice\Forged_JPEG100\57576_0.jpg,Partially AI-Edited,,0.0047,0.42,0.0394,1.3,21,1.48,16.33,7.99,10.26,2083.31,96.45,2118.83,1568.96
partially_ai_edited\AutoSplice\Forged_JPEG100\57579_2.jpg,Partially AI-Edited,,0.9981,0.3892,0.3415,1.32,20,1.78,3.67,1.77,3.58,193.27,33.56,199.88,183.43
partially_ai_edited\AutoSplice\Forged_JPEG100\57698_1.jpg,Partially AI-Edited,,1.0,0.3984,0.2192,2.11,22,2.26,9.28,4.69,7.24,1246.94,55.71,1270.6,1386.29
partially_ai_edited\AutoSplice\Forged_JPEG100\57797_1.jpg,Partially AI-Edited,,0.9651,0.2623,0.4326,1.62,50,2.45,3.69,2.11,4.49,255.77,39.66,265.85,346.23
partially_ai_edited\AutoSplice\Forged_JPEG100\57797_2.jpg,Partially AI-Edited,,0.8869,0.28,0.2704,1.58,35,2.24,4.4,2.0,3.5,179.0,37.97,185.81,204.29
partially_ai_edited\AutoSplice\Forged_JPEG100\57904_2.jpg,Partially AI-Edited,,0.9954,0.5468,0.0518,1.51,47,2.34,9.79,4.09,6.92,696.44,62.65,662.83,626.84
partially_ai_edited\AutoSplice\Forged_JPEG100\58039_2.jpg,Partially AI-Edited,,0.9999,0.0478,0.1008,0.71,34,1.64,3.94,1.66,4.83,305.56,26.69,285.42,448.3
partially_ai_edited\AutoSplice\Forged_JPEG100\58230_0.jpg,Partially AI-Edited,,0.1362,0.29,0.4296,1.39,28,1.77,6.51,2.73,3.89,203.78,51.64,221.93,145.41
partially_ai_edited\AutoSplice\Forged_JPEG100\58238_1.jpg,Partially AI-Edited,,0.501,0.245,0.4051,1.11,44,2.33,4.46,2.29,5.5,330.06,36.8,342.12,365.45
partially_ai_edited\AutoSplice\Forged_JPEG100\58254_0.jpg,Partially AI-Edited,,1.0,0.1419,0.3836,1.87,35,1.93,16.5,4.64,5.37,439.95,82.4,465.12,378.81
partially_ai_edited\AutoSplice\Forged_JPEG100\58290_1.jpg,Partially AI-Edited,,0.9999,0.1667,0.1634,0.82,25,1.27,4.06,2.93,3.37,193.32,41.71,193.38,122.67
partially_ai_edited\AutoSplice\Forged_JPEG100\58305_0.jpg,Partially AI-Edited,,0.0001,0.3095,0.2193,1.26,26,1.66,16.49,10.97,14.85,3995.0,134.45,3834.22,3046.2
partially_ai_edited\AutoSplice\Forged_JPEG100\58359_1.jpg,Partially AI-Edited,,0.0003,0.2718,0.0001,0.8,18,1.05,8.46,4.22,6.56,650.72,59.93,669.95,613.73
partially_ai_edited\AutoSplice\Forged_JPEG100\58400_2.jpg,Partially AI-Edited,,0.0001,0.3369,0.0001,0.72,26,1.19,8.12,4.37,7.69,770.64,58.1,729.93,684.12
partially_ai_edited\AutoSplice\Forged_JPEG100\58424_0.jpg,Partially AI-Edited,,0.9808,0.2278,0.4816,0.99,26,1.62,3.11,1.49,3.63,125.81,34.74,133.78,169.72
partially_ai_edited\AutoSplice\Forged_JPEG100\58424_2.jpg,Partially AI-Edited,,0.9374,0.3436,0.4838,0.96,20,1.53,3.65,1.57,3.87,152.77,36.97,166.36,220.02
partially_ai_edited\AutoSplice\Forged_JPEG100\58767_1.jpg,Partially AI-Edited,,0.0023,0.3731,0.0006,0.85,26,1.38,5.34,2.99,6.35,559.29,42.38,581.3,406.31
partially_ai_edited\AutoSplice\Forged_JPEG100\58869_2.jpg,Partially AI-Edited,,0.8126,0.3015,0.3808,1.4,33,1.71,3.93,1.82,3.52,170.9,32.32,920.96,3312.26
partially_ai_edited\AutoSplice\Forged_JPEG100\58891_1.jpg,Partially AI-Edited,,0.0002,0.1816,0.0,0.8,16,0.94,12.1,4.67,6.28,657.85,63.17,668.26,333.4
partially_ai_edited\AutoSplice\Forged_JPEG100\58930_0.jpg,Partially AI-Edited,,0.9999,0.3059,0.3652,1.28,19,1.55,3.41,2.08,4.28,220.6,45.11,235.79,271.09
partially_ai_edited\AutoSplice\Forged_JPEG100\58955_2.jpg,Partially AI-Edited,,0.9994,0.2212,0.3186,1.73,29,1.86,5.41,2.6,4.7,268.78,48.63,289.25,241.1
partially_ai_edited\AutoSplice\Forged_JPEG100\58964_2.jpg,Partially AI-Edited,,0.9998,0.4606,0.4796,1.11,28,1.9,5.1,2.41,6.01,455.77,41.77,468.06,600.35
partially_ai_edited\AutoSplice\Forged_JPEG100\58969_0.jpg,Partially AI-Edited,,0.9363,0.2946,0.3858,1.81,42,2.31,5.92,2.63,4.61,256.66,45.55,275.07,194.4
partially_ai_edited\AutoSplice\Forged_JPEG100\58969_2.jpg,Partially AI-Edited,,0.9879,0.1971,0.0391,1.48,35,2.03,3.7,1.6,3.24,123.14,27.41,127.34,116.28
partially_ai_edited\AutoSplice\Forged_JPEG100\59107_2.jpg,Partially AI-Edited,,0.9942,0.2101,0.0649,1.08,25,1.6,3.68,1.73,3.22,158.39,33.33,163.93,174.03
partially_ai_edited\AutoSplice\Forged_JPEG100\59212_1.jpg,Partially AI-Edited,,0.9028,0.4773,0.3712,2.3,33,2.56,9.58,4.37,7.54,897.87,64.45,810.01,502.85
partially_ai_edited\AutoSplice\Forged_JPEG100\59213_1.jpg,Partially AI-Edited,,1.0,0.1588,0.1398,2.54,34,2.78,6.06,2.54,3.77,267.45,40.15,274.31,238.89
partially_ai_edited\AutoSplice\Forged_JPEG100\59213_2.jpg,Partially AI-Edited,,1.0,0.2079,0.3601,2.83,55,3.13,9.38,3.61,5.47,527.77,57.62,547.4,403.86
partially_ai_edited\AutoSplice\Forged_JPEG100\59220_2.jpg,Partially AI-Edited,,0.0001,0.176,0.0,1.3,19,1.38,18.3,9.99,12.57,2698.71,124.37,2749.59,1650.08
partially_ai_edited\AutoSplice\Forged_JPEG100\59234_0.jpg,Partially AI-Edited,,1.0,0.0982,0.376,1.06,35,2.11,3.72,2.12,6.96,664.88,27.72,674.45,1044.44
partially_ai_edited\AutoSplice\Forged_JPEG100\59245_2.jpg,Partially AI-Edited,,0.9994,0.2309,0.3919,1.2,20,1.5,3.11,1.93,4.21,234.18,32.62,208.57,307.6
partially_ai_edited\AutoSplice\Forged_JPEG100\59270_1.jpg,Partially AI-Edited,,0.024,0.1968,0.0,0.77,39,1.36,8.4,4.78,7.54,712.51,64.12,746.2,535.97
partially_ai_edited\AutoSplice\Forged_JPEG100\59273_0.jpg,Partially AI-Edited,,0.7085,0.221,0.0001,1.04,29,1.35,8.34,5.16,6.39,629.01,72.92,608.38,415.18
partially_ai_edited\AutoSplice\Forged_JPEG100\59346_2.jpg,Partially AI-Edited,,0.0153,0.371,0.3343,1.09,29,1.38,4.12,1.82,2.51,106.21,36.08,101.79,103.1
partially_ai_edited\AutoSplice\Forged_JPEG100\59447_0.jpg,Partially AI-Edited,,0.9905,0.2315,0.0692,0.99,27,1.44,4.36,2.7,4.95,329.73,44.13,337.99,314.7
partially_ai_edited\AutoSplice\Forged_JPEG100\59451_2.jpg,Partially AI-Edited,,0.7859,0.3906,0.1957,1.8,38,2.26,13.38,8.03,13.74,2263.7,111.8,2220.19,3150.07
partially_ai_edited\AutoSplice\Forged_JPEG100\59462_0.jpg,Partially AI-Edited,,0.8964,0.2792,0.4562,0.82,35,1.0,2.05,1.34,3.67,120.59,29.18,173.02,298.74
partially_ai_edited\AutoSplice\Forged_JPEG100\59516_0.jpg,Partially AI-Edited,,0.9998,0.3518,0.4041,1.5,29,1.91,5.23,2.88,5.86,476.74,48.41,497.38,574.07
partially_ai_edited\AutoSplice\Forged_JPEG100\59575_2.jpg,Partially AI-Edited,,1.0,0.2602,0.3043,1.26,19,1.6,6.78,2.89,4.67,206.52,68.12,238.87,119.4
partially_ai_edited\AutoSplice\Forged_JPEG100\59583_1.jpg,Partially AI-Edited,,0.9986,0.2444,0.2151,1.99,36,2.38,11.67,5.04,6.38,629.58,82.49,660.96,394.58
partially_ai_edited\AutoSplice\Forged_JPEG100\59598_2.jpg,Partially AI-Edited,,0.9998,0.3472,0.407,0.88,19,1.21,2.62,1.27,2.45,70.14,31.92,68.79,72.07
partially_ai_edited\AutoSplice\Forged_JPEG100\59712_1.jpg,Partially AI-Edited,,0.0015,0.3888,0.0001,0.81,26,1.32,4.09,2.11,4.94,282.52,38.78,258.95,273.34
partially_ai_edited\AutoSplice\Forged_JPEG100\59712_2.jpg,Partially AI-Edited,,0.0013,0.4237,0.0,0.87,28,1.41,3.94,2.12,4.86,277.65,37.85,249.28,278.1
partially_ai_edited\AutoSplice\Forged_JPEG100\59805_2.jpg,Partially AI-Edited,,0.9708,0.3729,0.3942,0.99,34,1.5,6.42,2.99,5.88,433.68,47.06,404.38,444.64
partially_ai_edited\AutoSplice\Forged_JPEG100\59834_0.jpg,Partially AI-Edited,,0.9962,0.2957,0.4979,1.57,45,2.01,12.25,5.36,8.15,929.22,81.78,966.83,837.27
partially_ai_edited\AutoSplice\Forged_JPEG100\59904_2.jpg,Partially AI-Edited,,0.9949,0.3196,0.433,0.98,36,1.37,1.82,1.14,2.21,62.54,22.02,68.27,68.38
partially_ai_edited\AutoSplice\Forged_JPEG100\59993_2.jpg,Partially AI-Edited,,1.0,0.4101,0.4979,1.16,27,2.09,3.77,1.81,4.98,339.38,30.04,336.33,335.93
partially_ai_edited\AutoSplice\Forged_JPEG100\60043_0.jpg,Partially AI-Edited,,0.9999,0.4648,0.2754,1.18,21,1.53,8.06,3.8,6.18,366.66,74.22,480.92,463.0
partially_ai_edited\AutoSplice\Forged_JPEG100\60340_1.jpg,Partially AI-Edited,,0.9241,0.3847,0.0331,1.65,28,2.04,3.87,2.26,5.55,336.38,42.59,433.84,513.2
partially_ai_edited\AutoSplice\Forged_JPEG100\60356_0.jpg,Partially AI-Edited,,0.0252,0.2983,0.0127,1.52,19,1.59,16.1,7.46,8.84,2336.4,77.37,2416.64,2595.84
partially_ai_edited\AutoSplice\Forged_JPEG100\60557_2.jpg,Partially AI-Edited,,0.0015,0.3189,0.0,0.6,22,0.94,6.54,4.0,7.39,691.63,52.66,619.34,738.28
partially_ai_edited\AutoSplice\Forged_JPEG100\60582_1.jpg,Partially AI-Edited,,0.9988,0.1459,0.4993,0.99,24,1.63,3.52,1.97,5.52,378.86,39.0,333.32,447.48
partially_ai_edited\AutoSplice\Forged_JPEG100\60661_0.jpg,Partially AI-Edited,,0.0012,0.1614,0.0001,0.89,25,1.21,11.52,5.22,7.05,798.75,70.23,752.19,606.39
partially_ai_edited\AutoSplice\Forged_JPEG100\60661_2.jpg,Partially AI-Edited,,0.0001,0.1793,0.0,0.92,33,1.31,11.73,5.24,7.07,809.18,69.99,764.08,656.55
partially_ai_edited\AutoSplice\Forged_JPEG100\60708_1.jpg,Partially AI-Edited,,0.9959,0.1582,0.0245,0.63,27,1.33,1.85,1.08,3.14,104.43,22.29,91.45,150.13
partially_ai_edited\AutoSplice\Forged_JPEG100\60708_2.jpg,Partially AI-Edited,,0.9373,0.2913,0.3229,0.79,37,1.73,3.26,1.55,4.07,210.35,28.29,184.45,290.3
partially_ai_edited\AutoSplice\Forged_JPEG100\60835_1.jpg,Partially AI-Edited,,0.4095,0.3326,0.0022,1.4,34,2.24,5.92,2.78,5.78,444.4,49.32,465.67,515.36
partially_ai_edited\AutoSplice\Forged_JPEG100\60901_0.jpg,Partially AI-Edited,,0.9999,0.3506,0.395,1.49,29,1.71,6.08,2.84,4.08,235.16,46.71,255.92,194.91
partially_ai_edited\AutoSplice\Forged_JPEG100\60901_1.jpg,Partially AI-Edited,,0.9943,0.2889,0.4028,1.38,45,1.78,4.98,2.35,3.81,188.0,40.95,217.82,213.28
partially_ai_edited\AutoSplice\Forged_JPEG100\61217_0.jpg,Partially AI-Edited,,0.9655,0.3814,0.3752,2.39,51,3.27,6.9,5.32,11.76,2175.52,70.27,2230.14,1442.18
partially_ai_edited\AutoSplice\Forged_JPEG100\61282_1.jpg,Partially AI-Edited,,0.985,0.3515,0.0487,1.07,22,1.56,5.76,3.79,9.28,1226.22,51.37,1130.62,923.77
partially_ai_edited\AutoSplice\Forged_JPEG100\61586_2.jpg,Partially AI-Edited,,0.0502,0.4353,0.4772,1.23,25,1.77,3.55,1.78,3.66,204.47,31.67,209.74,176.68
partially_ai_edited\AutoSplice\Forged_JPEG100\61674_2.jpg,Partially AI-Edited,,0.0004,0.2618,0.0,1.19,20,1.35,12.18,5.75,7.94,995.62,75.58,1015.28,595.61
partially_ai_edited\AutoSplice\Forged_JPEG100\62163_1.jpg,Partially AI-Edited,,0.999,0.4323,0.1715,1.27,26,2.09,3.4,2.66,7.03,513.44,41.21,500.17,539.41
partially_ai_edited\AutoSplice\Forged_JPEG100\62244_2.jpg,Partially AI-Edited,,0.0,0.2667,0.0,1.64,34,1.91,26.73,12.89,12.88,4174.9,143.81,4258.94,1323.33
partially_ai_edited\AutoSplice\Forged_JPEG100\62617_2.jpg,Partially AI-Edited,,0.6831,0.3554,0.4038,1.69,49,2.91,7.19,3.05,6.79,650.37,50.91,666.42,669.98
partially_ai_edited\AutoSplice\Forged_JPEG100\62643_0.jpg,Partially AI-Edited,,0.9967,0.4617,0.2395,1.58,27,2.14,12.25,4.68,7.68,929.8,75.71,956.9,916.03
partially_ai_edited\AutoSplice\Forged_JPEG100\62680_1.jpg,Partially AI-Edited,,0.4844,0.1808,0.0016,0.77,52,1.45,2.9,2.09,4.34,213.13,30.25,216.28,187.61
partially_ai_edited\AutoSplice\Forged_JPEG100\62740_0.jpg,Partially AI-Edited,,1.0,0.4774,0.13,1.29,32,1.76,5.18,3.55,8.8,890.92,54.31,911.91,661.95
partially_ai_edited\AutoSplice\Forged_JPEG100\62917_0.jpg,Partially AI-Edited,,0.9752,0.2616,0.3702,1.53,29,1.72,3.68,2.21,4.7,291.25,39.83,265.21,358.24
partially_ai_edited\AutoSplice\Forged_JPEG100\62977_1.jpg,Partially AI-Edited,,0.9999,0.3358,0.3921,0.94,45,2.1,3.1,1.46,4.74,282.72,20.9,289.8,455.16
partially_ai_edited\AutoSplice\Forged_JPEG100\63000_1.jpg,Partially AI-Edited,,0.1099,0.4254,0.1378,0.93,30,1.67,5.22,2.71,5.73,417.18,46.29,433.05,390.73
partially_ai_edited\AutoSplice\Forged_JPEG100\63062_0.jpg,Partially AI-Edited,,0.8095,0.4166,0.4303,1.27,30,1.7,4.9,2.68,5.52,321.33,52.2,332.37,284.73
partially_ai_edited\AutoSplice\Forged_JPEG100\63067_2.jpg,Partially AI-Edited,,1.0,0.4656,0.0951,1.15,31,2.04,4.39,2.09,4.92,332.52,37.22,298.0,347.48
partially_ai_edited\AutoSplice\Forged_JPEG100\63103_2.jpg,Partially AI-Edited,,0.0002,0.1907,0.0003,1.2,28,1.69,11.17,5.45,7.83,960.98,78.94,1000.65,743.95
partially_ai_edited\AutoSplice\Forged_JPEG100\63282_1.jpg,Partially AI-Edited,,0.0135,0.2461,0.0051,0.64,18,0.93,4.7,2.71,4.86,298.98,37.85,278.68,308.24
partially_ai_edited\AutoSplice\Forged_JPEG100\63986_0.jpg,Partially AI-Edited,,0.0001,0.2965,0.4324,1.08,27,1.71,4.76,1.95,3.93,173.14,31.89,174.32,173.72
partially_ai_edited\AutoSplice\Forged_JPEG100\63986_2.jpg,Partially AI-Edited,,0.0001,0.2486,0.4285,1.33,31,2.11,5.23,2.45,4.8,247.72,40.35,242.84,233.03
partially_ai_edited\AutoSplice\Forged_JPEG100\64223_2.jpg,Partially AI-Edited,,0.1355,0.182,0.0,1.52,28,1.64,23.84,8.39,8.12,1708.15,103.69,1641.19,780.27
partially_ai_edited\AutoSplice\Forged_JPEG100\64247_0.jpg,Partially AI-Edited,,0.9996,0.4745,0.4126,1.67,30,2.58,6.76,3.33,7.0,760.55,47.27,789.77,920.45
partially_ai_edited\AutoSplice\Forged_JPEG100\64499_0.jpg,Partially AI-Edited,,0.988,0.5887,0.1768,1.12,19,1.64,10.97,5.35,9.21,1322.77,64.5,1368.06,1430.4
partially_ai_edited\AutoSplice\Forged_JPEG100\64664_1.jpg,Partially AI-Edited,,0.998,0.2565,0.4073,1.28,23,1.79,4.84,2.19,4.95,303.68,46.74,325.34,715.17
partially_ai_edited\AutoSplice\Forged_JPEG100\65187_1.jpg,Partially AI-Edited,,0.9972,0.2811,0.2608,1.27,31,1.6,2.56,1.69,3.94,196.58,28.87,210.2,281.05
partially_ai_edited\AutoSplice\Forged_JPEG100\65187_2.jpg,Partially AI-Edited,,1.0,0.3376,0.139,1.13,23,1.5,2.42,1.49,3.69,192.89,26.72,204.19,216.26
partially_ai_edited\AutoSplice\Forged_JPEG100\65350_2.jpg,Partially AI-Edited,,0.002,0.0603,0.0028,0.31,15,0.84,2.75,1.57,4.61,235.81,22.12,233.13,390.32
partially_ai_edited\AutoSplice\Forged_JPEG100\65440_1.jpg,Partially AI-Edited,,1.0,0.2704,0.355,1.02,29,1.65,3.7,2.35,6.65,530.87,34.02,535.23,528.16
partially_ai_edited\AutoSplice\Forged_JPEG100\65722_2.jpg,Partially AI-Edited,,0.8005,0.204,0.2485,2.55,33,2.49,5.23,4.37,6.42,732.51,51.26,766.38,294.52
partially_ai_edited\AutoSplice\Forged_JPEG100\65929_2.jpg,Partially AI-Edited,,0.0,0.1877,0.0,1.14,33,1.38,15.16,7.73,9.8,1727.89,92.64,1687.03,1156.01
partially_ai_edited\AutoSplice\Forged_JPEG100\66282_0.jpg,Partially AI-Edited,,0.9993,0.2202,0.4093,1.14,27,1.67,4.55,2.49,4.42,216.64,51.92,226.58,169.48
partially_ai_edited\AutoSplice\Forged_JPEG100\66427_0.jpg,Partially AI-Edited,,0.0004,0.2075,0.0,1.67,25,1.83,15.58,6.89,8.76,1346.15,98.97,1379.73,889.41
partially_ai_edited\AutoSplice\Forged_JPEG100\66895_1.jpg,Partially AI-Edited,,0.3017,0.3354,0.0143,1.3,31,1.69,7.98,3.61,6.25,478.87,69.09,512.08,344.66
partially_ai_edited\AutoSplice\Forged_JPEG100\67036_0.jpg,Partially AI-Edited,,0.9998,0.3406,0.3293,1.19,45,1.95,2.97,1.8,4.66,232.92,42.37,213.14,314.5
partially_ai_edited\AutoSplice\Forged_JPEG100\67162_1.jpg,Partially AI-Edited,,0.9916,0.3977,0.2867,1.62,27,2.56,8.33,4.23,8.76,1351.11,53.39,1220.28,1245.34
partially_ai_edited\AutoSplice\Forged_JPEG100\67167_0.jpg,Partially AI-Edited,,0.0014,0.3073,0.0,1.06,27,1.26,13.18,6.34,8.03,1051.92,89.4,1104.16,565.47
partially_ai_edited\AutoSplice\Forged_JPEG100\67178_0.jpg,Partially AI-Edited,,0.9532,0.2985,0.432,1.27,22,1.57,5.59,2.63,4.31,285.71,46.92,299.71,327.95
partially_ai_edited\AutoSplice\Forged_JPEG100\67178_1.jpg,Partially AI-Edited,,0.893,0.2737,0.4913,1.45,23,1.82,6.83,3.04,4.8,344.06,53.76,332.99,381.61
partially_ai_edited\AutoSplice\Forged_JPEG100\67178_2.jpg,Partially AI-Edited,,0.9957,0.2843,0.4159,1.36,26,1.64,5.85,2.93,4.45,320.79,50.65,303.54,364.38
partially_ai_edited\AutoSplice\Forged_JPEG100\67183_2.jpg,Partially AI-Edited,,0.0009,0.0939,0.0001,0.78,17,1.14,4.27,2.74,6.72,500.05,52.24,522.64,1389.13
partially_ai_edited\AutoSplice\Forged_JPEG100\67202_0.jpg,Partially AI-Edited,,0.9833,0.4131,0.3344,0.89,34,1.38,4.43,1.84,3.97,172.07,34.54,179.04,233.92
partially_ai_edited\AutoSplice\Forged_JPEG100\67306_2.jpg,Partially AI-Edited,,0.0091,0.2545,0.3425,1.57,28,2.09,8.68,4.15,7.27,761.04,67.42,773.43,931.91
partially_ai_edited\AutoSplice\Forged_JPEG100\67381_0.jpg,Partially AI-Edited,,0.0082,0.3197,0.0,1.24,21,1.4,21.1,9.6,10.98,2705.65,115.51,2786.6,1802.81
partially_ai_edited\AutoSplice\Forged_JPEG100\67381_1.jpg,Partially AI-Edited,,0.0041,0.2349,0.0,1.28,21,1.48,21.2,9.67,11.01,2733.73,115.89,2794.05,1800.88
partially_ai_edited\AutoSplice\Forged_JPEG100\67495_1.jpg,Partially AI-Edited,,0.975,0.2649,0.294,1.35,26,1.53,9.37,4.65,6.92,589.51,74.09,626.88,371.41
partially_ai_edited\AutoSplice\Forged_JPEG100\67554_0.jpg,Partially AI-Edited,,0.9841,0.0856,0.0194,1.01,31,1.63,4.1,2.21,6.03,467.17,33.02,400.12,542.61
partially_ai_edited\AutoSplice\Forged_JPEG100\67630_1.jpg,Partially AI-Edited,,0.0,0.3589,0.0012,1.13,44,2.07,6.83,3.18,6.48,589.64,47.0,607.53,583.9
partially_ai_edited\AutoSplice\Forged_JPEG100\67736_2.jpg,Partially AI-Edited,,0.9255,0.3184,0.357,1.06,22,1.56,3.12,1.81,4.53,287.13,29.41,315.26,344.02
partially_ai_edited\AutoSplice\Forged_JPEG100\67916_2.jpg,Partially AI-Edited,,0.0012,0.2384,0.0796,2.54,43,2.95,20.94,8.42,9.51,1438.74,130.44,1505.44,1020.0
partially_ai_edited\AutoSplice\Forged_JPEG100\67983_2.jpg,Partially AI-Edited,,0.0026,0.252,0.0,1.17,34,1.66,12.67,5.05,7.09,952.2,65.19,907.79,1132.88
partially_ai_edited\AutoSplice\Forged_JPEG100\68033_0.jpg,Partially AI-Edited,,0.0777,0.3268,0.0039,1.58,32,1.96,10.12,5.36,7.88,805.63,85.11,824.09,376.29
partially_ai_edited\AutoSplice\Forged_JPEG100\68583_2.jpg,Partially AI-Edited,,0.0,0.5211,0.0007,1.23,22,1.45,16.68,9.4,13.6,3719.07,100.91,3498.42,3281.67
partially_ai_edited\AutoSplice\Forged_JPEG100\68761_1.jpg,Partially AI-Edited,,0.9931,0.1308,0.2298,0.98,51,1.28,1.13,0.83,1.6,40.94,19.64,43.52,90.14
partially_ai_edited\AutoSplice\Forged_JPEG100\68948_1.jpg,Partially AI-Edited,,0.0018,0.3934,0.0002,1.29,29,1.49,13.13,7.76,10.8,1867.55,103.01,1800.54,1431.49
partially_ai_edited\AutoSplice\Forged_JPEG100\69036_2.jpg,Partially AI-Edited,,1.0,0.2373,0.4931,1.61,39,2.0,9.35,4.37,6.42,522.59,66.36,562.86,533.49
partially_ai_edited\AutoSplice\Forged_JPEG100\69039_0.jpg,Partially AI-Edited,,0.9996,0.2767,0.4558,1.44,29,1.74,6.8,4.02,6.71,529.74,61.47,709.39,554.41
partially_ai_edited\AutoSplice\Forged_JPEG100\69097_1.jpg,Partially AI-Edited,,0.783,0.2856,0.4481,0.98,26,1.38,3.34,1.54,3.4,142.9,38.83,145.35,245.28
partially_ai_edited\AutoSplice\Forged_JPEG100\69147_0.jpg,Partially AI-Edited,,0.2491,0.227,0.0177,2.54,29,2.6,19.81,6.92,7.59,1189.06,99.77,1160.42,461.1
partially_ai_edited\AutoSplice\Forged_JPEG100\69230_0.jpg,Partially AI-Edited,,0.0362,0.2423,0.0,1.13,39,1.58,10.01,4.18,6.31,594.55,61.46,605.0,279.18
partially_ai_edited\AutoSplice\Forged_JPEG100\69281_0.jpg,Partially AI-Edited,,0.3208,0.408,0.0001,1.73,32,2.03,15.56,9.09,13.01,2934.6,115.2,2993.76,3072.28
partially_ai_edited\AutoSplice\Forged_JPEG100\69649_1.jpg,Partially AI-Edited,,0.0,0.2285,0.0002,1.07,19,1.25,9.73,5.08,8.17,960.5,75.6,892.82,969.88
partially_ai_edited\AutoSplice\Forged_JPEG100\69722_0.jpg,Partially AI-Edited,,0.0668,0.2427,0.0703,1.09,39,2.06,4.68,2.21,5.0,278.07,44.26,299.56,559.26
partially_ai_edited\AutoSplice\Forged_JPEG100\70209_0.jpg,Partially AI-Edited,,0.8874,0.178,0.2113,1.75,40,1.98,10.38,3.29,4.51,251.09,77.87,270.64,201.58
partially_ai_edited\AutoSplice\Forged_JPEG100\70379_2.jpg,Partially AI-Edited,,0.9994,0.4294,0.3931,1.51,48,2.08,2.93,1.83,4.08,247.17,33.61,237.38,277.82
partially_ai_edited\AutoSplice\Forged_JPEG100\70382_2.jpg,Partially AI-Edited,,0.9158,0.2458,0.3559,1.06,36,1.73,1.94,0.98,2.73,91.39,20.72,94.33,198.97
partially_ai_edited\AutoSplice\Forged_JPEG100\70449_2.jpg,Partially AI-Edited,,0.0022,0.1688,0.0002,0.57,24,1.06,2.24,1.24,3.44,121.07,36.43,127.37,225.18
partially_ai_edited\AutoSplice\Forged_JPEG100\70809_2.jpg,Partially AI-Edited,,0.6831,0.3178,0.1007,1.45,27,1.72,4.63,2.19,3.56,228.87,40.19,244.18,203.1
partially_ai_edited\AutoSplice\Forged_JPEG100\70839_1.jpg,Partially AI-Edited,,1.0,0.2949,0.217,1.29,20,1.42,18.1,6.86,7.96,1472.85,85.99,1498.51,1344.28
partially_ai_edited\AutoSplice\Forged_JPEG100\70890_0.jpg,Partially AI-Edited,,1.0,0.3168,0.103,2.66,34,2.62,14.41,6.08,7.47,884.47,91.06,913.16,954.74
partially_ai_edited\AutoSplice\Forged_JPEG100\71019_1.jpg,Partially AI-Edited,,0.0,0.1855,0.0,1.2,18,1.25,16.04,8.8,11.49,2515.31,104.83,2594.45,1948.14
partially_ai_edited\AutoSplice\Forged_JPEG100\71090_2.jpg,Partially AI-Edited,,0.9859,0.3003,0.4934,1.37,40,1.75,8.91,4.07,6.29,495.6,62.58,549.9,594.96
partially_ai_edited\AutoSplice\Forged_JPEG100\71138_2.jpg,Partially AI-Edited,,0.9969,0.1457,0.37,1.04,37,1.38,6.84,2.68,3.62,167.85,61.12,213.6,199.68
partially_ai_edited\AutoSplice\Forged_JPEG100\71174_0.jpg,Partially AI-Edited,,0.9999,0.3209,0.4692,1.56,35,1.78,7.5,2.53,3.62,171.25,42.64,184.79,130.24
partially_ai_edited\AutoSplice\Forged_JPEG100\71243_0.jpg,Partially AI-Edited,,0.9967,0.5018,0.4135,1.25,26,1.89,5.56,2.59,5.06,285.47,50.53,307.86,257.8
partially_ai_edited\AutoSplice\Forged_JPEG100\71263_2.jpg,Partially AI-Edited,,0.9969,0.1557,0.3809,0.76,14,0.94,1.44,1.75,2.42,71.49,31.16,78.77,73.76
partially_ai_edited\AutoSplice\Forged_JPEG100\71269_1.jpg,Partially AI-Edited,,0.984,0.2314,0.442,1.32,30,1.78,4.25,2.09,4.15,227.21,42.26,219.52,272.47
partially_ai_edited\AutoSplice\Forged_JPEG100\71372_1.jpg,Partially AI-Edited,,1.0,0.2197,0.2995,1.68,23,2.04,8.01,3.45,6.1,598.64,50.76,614.96,605.67
partially_ai_edited\AutoSplice\Forged_JPEG100\71548_1.jpg,Partially AI-Edited,,0.0009,0.286,0.0019,1.32,29,1.42,10.61,4.7,6.11,501.87,75.49,505.62,304.49
partially_ai_edited\AutoSplice\Forged_JPEG100\71599_2.jpg,Partially AI-Edited,,0.0235,0.2168,0.4287,1.55,32,1.87,12.43,6.36,9.0,1240.25,88.49,1356.16,929.87
partially_ai_edited\AutoSplice\Forged_JPEG100\71672_1.jpg,Partially AI-Edited,,0.0016,0.2308,0.0235,1.21,20,1.47,8.93,4.65,8.45,1014.2,63.98,1043.52,1039.74
partially_ai_edited\AutoSplice\Forged_JPEG100\71680_2.jpg,Partially AI-Edited,,0.0005,0.3781,0.2856,0.75,26,1.08,5.09,2.05,4.06,190.72,43.84,183.47,254.46
partially_ai_edited\AutoSplice\Forged_JPEG100\71752_2.jpg,Partially AI-Edited,,0.0016,0.3055,0.0001,0.81,28,1.32,4.42,2.58,5.05,319.83,47.49,313.38,322.03
partially_ai_edited\AutoSplice\Forged_JPEG100\72063_1.jpg,Partially AI-Edited,,1.0,0.0495,0.312,0.64,28,1.52,2.09,1.05,2.56,74.13,19.97,74.7,133.28
partially_ai_edited\AutoSplice\Forged_JPEG100\72064_0.jpg,Partially AI-Edited,,0.0002,0.2671,0.0,1.47,29,1.74,16.22,8.8,10.8,2505.32,100.09,2543.06,1740.1
partially_ai_edited\AutoSplice\Forged_JPEG100\72082_0.jpg,Partially AI-Edited,,1.0,0.2906,0.4984,0.99,25,1.61,3.43,1.75,4.79,288.49,29.87,292.76,307.3
partially_ai_edited\AutoSplice\Forged_JPEG100\72091_0.jpg,Partially AI-Edited,,0.0,0.6162,0.0001,1.2,40,1.94,6.0,4.56,9.44,1417.25,58.41,1450.6,1850.38
partially_ai_edited\AutoSplice\Forged_JPEG100\72175_0.jpg,Partially AI-Edited,,0.0009,0.1962,0.0,1.42,34,1.38,24.94,11.73,11.98,4127.86,123.23,4138.33,2039.39
partially_ai_edited\AutoSplice\Forged_JPEG100\72200_0.jpg,Partially AI-Edited,,0.0012,0.2128,0.0001,0.54,15,0.86,3.44,2.23,4.06,234.98,30.35,243.41,194.46
partially_ai_edited\AutoSplice\Forged_JPEG100\72228_0.jpg,Partially AI-Edited,,0.0173,0.3587,0.3593,1.17,21,1.4,4.27,2.4,4.76,288.38,39.04,251.92,320.59
partially_ai_edited\AutoSplice\Forged_JPEG100\72237_1.jpg,Partially AI-Edited,,0.9997,0.2741,0.409,1.21,35,1.61,4.33,2.26,4.41,270.4,40.46,278.21,301.83
partially_ai_edited\AutoSplice\Forged_JPEG100\72257_1.jpg,Partially AI-Edited,,0.9749,0.2118,0.0238,1.27,23,1.58,4.37,2.26,4.03,199.25,40.52,213.2,198.53
partially_ai_edited\AutoSplice\Forged_JPEG100\72315_1.jpg,Partially AI-Edited,,0.9358,0.2336,0.4259,1.77,31,1.95,13.58,6.4,8.55,1096.11,94.89,1150.84,573.1
partially_ai_edited\AutoSplice\Forged_JPEG100\72594_1.jpg,Partially AI-Edited,,0.0664,0.3144,0.0022,0.65,19,1.14,4.78,2.33,4.14,230.96,35.28,233.78,232.14
partially_ai_edited\AutoSplice\Forged_JPEG100\72643_1.jpg,Partially AI-Edited,,0.0313,0.3128,0.4815,1.25,35,1.62,8.97,3.56,4.55,257.38,66.93,274.11,125.9
partially_ai_edited\AutoSplice\Forged_JPEG100\72720_0.jpg,Partially AI-Edited,,0.0013,0.2309,0.0,1.39,25,1.5,19.74,8.98,10.92,2230.76,124.0,2283.56,1402.33
partially_ai_edited\AutoSplice\Forged_JPEG100\72958_0.jpg,Partially AI-Edited,,0.0122,0.0333,0.2606,0.23,19,0.78,1.57,1.14,5.1,285.86,16.67,278.13,463.18
partially_ai_edited\AutoSplice\Forged_JPEG100\73008_1.jpg,Partially AI-Edited,,0.9109,0.3947,0.0056,1.23,26,1.63,8.54,4.76,8.16,878.23,68.83,851.8,636.25
partially_ai_edited\AutoSplice\Forged_JPEG100\73044_0.jpg,Partially AI-Edited,,0.9997,0.2564,0.4946,0.97,34,1.51,2.18,1.06,2.63,80.99,28.12,90.82,117.88
partially_ai_edited\AutoSplice\Forged_JPEG100\73101_1.jpg,Partially AI-Edited,,0.8551,0.1854,0.0558,1.03,22,1.51,1.8,1.32,2.88,134.26,27.31,144.33,203.58
partially_ai_edited\AutoSplice\Forged_JPEG100\73176_2.jpg,Partially AI-Edited,,0.9991,0.2152,0.0208,1.25,25,1.57,7.78,2.58,4.16,193.62,67.83,195.48,195.3
partially_ai_edited\AutoSplice\Forged_JPEG100\73185_2.jpg,Partially AI-Edited,,0.8484,0.6013,0.346,1.77,31,2.28,8.23,4.29,8.36,997.94,66.87,845.31,1016.31
partially_ai_edited\AutoSplice\Forged_JPEG100\73404_2.jpg,Partially AI-Edited,,0.0083,0.1971,0.0003,1.99,26,1.89,32.73,15.1,14.84,4953.58,164.5,5035.4,3483.58
partially_ai_edited\AutoSplice\Forged_JPEG100\73416_2.jpg,Partially AI-Edited,,0.9404,0.2219,0.418,0.83,25,1.31,2.34,1.21,2.64,109.13,28.67,113.62,160.45
partially_ai_edited\AutoSplice\Forged_JPEG100\73417_0.jpg,Partially AI-Edited,,0.9764,0.0,0.1267,0.73,21,1.44,2.78,1.17,3.53,165.97,20.71,174.77,289.97
partially_ai_edited\AutoSplice\Forged_JPEG100\73424_0.jpg,Partially AI-Edited,,0.0337,0.5274,0.0047,0.77,44,1.26,7.46,4.25,8.99,1048.65,54.18,983.37,1300.13
partially_ai_edited\AutoSplice\Forged_JPEG75\39446_0.jpg,Partially AI-Edited,,0.0158,0.3808,0.0108,0.83,20,1.27,4.98,2.41,4.97,321.96,46.03,373.93,325.48
partially_ai_edited\AutoSplice\Forged_JPEG75\39457_0.jpg,Partially AI-Edited,,0.9922,0.1511,0.0004,0.74,34,1.03,5.03,3.17,4.23,212.87,59.75,300.14,246.28
partially_ai_edited\AutoSplice\Forged_JPEG75\39457_1.jpg,Partially AI-Edited,,0.0004,0.1424,0.0,0.53,35,0.76,2.66,2.21,3.1,131.32,37.44,190.74,219.03
partially_ai_edited\AutoSplice\Forged_JPEG75\39579_2.jpg,Partially AI-Edited,,0.0004,0.0904,0.0,1.19,15,1.25,15.1,7.66,9.47,1813.0,95.03,1844.78,1039.02
partially_ai_edited\AutoSplice\Forged_JPEG75\39637_2.jpg,Partially AI-Edited,,0.4443,0.1571,0.0015,0.52,9,0.78,7.07,3.05,5.19,338.1,59.09,355.32,428.15
partially_ai_edited\AutoSplice\Forged_JPEG75\39678_0.jpg,Partially AI-Edited,,0.016,0.3829,0.0026,0.61,23,1.15,3.71,1.46,3.24,124.6,31.01,122.79,164.74
partially_ai_edited\AutoSplice\Forged_JPEG75\39770_1.jpg,Partially AI-Edited,,0.6652,0.3622,0.0008,0.46,11,0.83,3.07,1.56,3.83,178.51,33.75,183.87,219.26
partially_ai_edited\AutoSplice\Forged_JPEG75\39776_2.jpg,Partially AI-Edited,,0.0002,0.2006,0.0001,1.02,21,1.17,12.24,5.64,7.16,990.71,67.62,1085.1,775.48
partially_ai_edited\AutoSplice\Forged_JPEG75\39816_1.jpg,Partially AI-Edited,,0.0001,0.226,0.0001,0.71,10,0.9,8.01,3.84,6.16,517.72,63.53,530.93,442.29
partially_ai_edited\AutoSplice\Forged_JPEG75\39816_2.jpg,Partially AI-Edited,,0.002,0.2109,0.0001,0.69,15,0.9,7.9,3.82,6.01,502.65,63.9,516.36,424.7
partially_ai_edited\AutoSplice\Forged_JPEG75\39836_0.jpg,Partially AI-Edited,,0.8242,0.2217,0.0037,0.46,12,0.74,5.83,2.06,3.49,157.94,47.89,161.41,208.23
partially_ai_edited\AutoSplice\Forged_JPEG75\39886_2.jpg,Partially AI-Edited,,0.0102,0.1316,0.0001,0.51,9,0.74,3.34,2.38,3.0,164.04,36.73,163.12,160.31
partially_ai_edited\AutoSplice\Forged_JPEG75\39890_0.jpg,Partially AI-Edited,,0.4084,0.3565,0.0006,1.59,43,3.14,8.38,4.45,7.91,746.87,71.58,709.19,731.48
partially_ai_edited\AutoSplice\Forged_JPEG75\39955_1.jpg,Partially AI-Edited,,0.0008,0.1675,0.0012,1.03,18,1.27,15.5,6.86,8.58,1391.0,90.37,1553.11,1548.33
partially_ai_edited\AutoSplice\Forged_JPEG75\40034_0.jpg,Partially AI-Edited,,0.0115,0.1972,0.0059,0.82,16,1.12,9.89,4.41,6.94,635.97,72.34,648.19,550.93
partially_ai_edited\AutoSplice\Forged_JPEG75\40037_0.jpg,Partially AI-Edited,,0.1044,0.3027,0.0005,0.53,8,0.78,2.65,1.96,3.05,116.69,37.31,120.27,83.16
partially_ai_edited\AutoSplice\Forged_JPEG75\40056_1.jpg,Partially AI-Edited,,0.0272,0.1947,0.0477,0.59,23,1.12,2.87,1.36,3.24,101.96,30.69,109.58,252.33
partially_ai_edited\AutoSplice\Forged_JPEG75\40093_0.jpg,Partially AI-Edited,,0.9811,0.1965,0.0021,0.48,9,0.77,3.65,1.81,3.97,159.84,36.97,145.9,150.16
partially_ai_edited\AutoSplice\Forged_JPEG75\40182_1.jpg,Partially AI-Edited,,0.0035,0.3531,0.0807,0.45,16,0.9,4.91,3.5,9.34,982.0,42.86,982.22,920.25
partially_ai_edited\AutoSplice\Forged_JPEG75\40197_1.jpg,Partially AI-Edited,,0.0,0.1459,0.0,1.0,12,1.12,15.95,7.8,9.61,1891.3,91.27,1920.93,899.58
partially_ai_edited\AutoSplice\Forged_JPEG75\40366_1.jpg,Partially AI-Edited,,0.0013,0.2076,0.0001,0.66,14,0.95,6.17,2.93,4.81,294.61,49.59,310.42,298.05
partially_ai_edited\AutoSplice\Forged_JPEG75\40444_1.jpg,Partially AI-Edited,,0.889,0.3186,0.0107,0.71,14,1.01,5.93,2.52,4.15,185.66,52.96,196.65,183.48
partially_ai_edited\AutoSplice\Forged_JPEG75\40492_1.jpg,Partially AI-Edited,,0.0001,0.108,0.0002,0.71,8,0.84,11.63,3.8,4.11,231.35,73.5,241.97,136.55
partially_ai_edited\AutoSplice\Forged_JPEG75\40496_2.jpg,Partially AI-Edited,,0.2419,0.2422,0.0467,0.59,10,0.93,6.56,3.1,5.63,392.0,50.38,465.25,653.53
partially_ai_edited\AutoSplice\Forged_JPEG75\40566_0.jpg,Partially AI-Edited,,0.0211,0.3577,0.0002,0.48,16,0.9,3.87,1.76,3.97,178.45,34.5,182.97,235.98
partially_ai_edited\AutoSplice\Forged_JPEG75\40574_2.jpg,Partially AI-Edited,,0.0061,0.2598,0.4327,0.26,18,0.57,3.22,1.31,2.92,67.98,32.57,75.88,128.58
partially_ai_edited\AutoSplice\Forged_JPEG75\40591_1.jpg,Partially AI-Edited,,0.0244,0.3488,0.0001,0.81,15,1.11,8.82,5.9,9.28,1146.09,93.77,1229.07,784.06
partially_ai_edited\AutoSplice\Forged_JPEG75\40596_0.jpg,Partially AI-Edited,,0.0,0.2608,0.0,1.22,22,1.35,16.69,9.3,11.5,2454.23,111.16,2507.93,1422.31
partially_ai_edited\AutoSplice\Forged_JPEG75\40630_2.jpg,Partially AI-Edited,,0.0005,0.0807,0.0013,0.43,12,0.78,2.57,1.44,3.72,165.2,21.69,150.82,254.13
partially_ai_edited\AutoSplice\Forged_JPEG75\40666_1.jpg,Partially AI-Edited,,0.9584,0.2758,0.0002,0.52,13,0.82,3.82,1.79,2.82,105.3,40.34,102.53,84.21
partially_ai_edited\AutoSplice\Forged_JPEG75\40691_2.jpg,Partially AI-Edited,,0.0,0.4007,0.0,0.92,20,1.22,14.41,9.25,13.02,2859.56,98.85,2860.5,2353.12
partially_ai_edited\AutoSplice\Forged_JPEG75\40736_0.jpg,Partially AI-Edited,,0.01,0.1803,0.0002,0.42,9,0.72,3.89,1.51,2.94,114.62,34.87,121.72,139.59
partially_ai_edited\AutoSplice\Forged_JPEG75\40740_2.jpg,Partially AI-Edited,,0.6706,0.3622,0.0274,1.05,24,1.54,6.52,2.43,4.02,180.65,52.86,190.82,160.8
partially_ai_edited\AutoSplice\Forged_JPEG75\40745_1.jpg,Partially AI-Edited,,0.8592,0.314,0.0004,0.74,44,1.67,5.06,2.94,7.5,619.14,42.62,646.41,526.12
partially_ai_edited\AutoSplice\Forged_JPEG75\40922_2.jpg,Partially AI-Edited,,0.0,0.1247,0.0,1.25,14,1.33,17.62,9.58,11.52,2784.92,106.62,2828.0,1511.11
partially_ai_edited\AutoSplice\Forged_JPEG75\41041_1.jpg,Partially AI-Edited,,0.0001,0.2846,0.0,1.08,14,1.29,16.09,8.04,10.76,2336.41,94.73,2401.21,1339.91
partially_ai_edited\AutoSplice\Forged_JPEG75\41042_1.jpg,Partially AI-Edited,,0.492,0.1769,0.0364,1.44,24,1.58,12.38,4.21,4.55,332.71,77.45,353.79,204.67
partially_ai_edited\AutoSplice\Forged_JPEG75\41042_2.jpg,Partially AI-Edited,,0.7454,0.0766,0.0089,1.54,25,1.56,12.19,4.32,4.12,326.59,75.13,340.96,94.31
partially_ai_edited\AutoSplice\Forged_JPEG75\41070_2.jpg,Partially AI-Edited,,0.0158,0.331,0.0001,0.79,19,1.26,5.64,2.67,5.74,348.11,52.47,350.94,411.02
partially_ai_edited\AutoSplice\Forged_JPEG75\41145_1.jpg,Partially AI-Edited,,0.0,0.2738,0.0001,0.36,7,0.66,2.48,1.39,2.71,84.64,25.24,86.28,77.79
partially_ai_edited\AutoSplice\Forged_JPEG75\41234_0.jpg,Partially AI-Edited,,0.0035,0.2826,0.0,0.97,19,1.26,12.72,5.97,8.4,1139.0,77.66,1154.32,926.69
partially_ai_edited\AutoSplice\Forged_JPEG75\41234_1.jpg,Partially AI-Edited,,0.0125,0.2907,0.0,1.0,19,1.31,12.88,5.98,8.42,1144.77,77.56,1160.51,929.59
partially_ai_edited\AutoSplice\Forged_JPEG75\41284_2.jpg,Partially AI-Edited,,0.0011,0.3656,0.0807,1.07,28,1.64,2.9,1.25,2.66,73.65,32.03,80.99,82.15
partially_ai_edited\AutoSplice\Forged_JPEG75\41295_0.jpg,Partially AI-Edited,,0.0048,0.4355,0.0106,0.53,12,0.86,7.35,4.34,8.53,853.54,61.71,851.01,943.11
partially_ai_edited\AutoSplice\Forged_JPEG75\41295_2.jpg,Partially AI-Edited,,0.0013,0.4596,0.0106,0.51,12,0.85,7.54,4.23,8.38,827.58,61.61,808.69,891.03
partially_ai_edited\AutoSplice\Forged_JPEG75\41328_1.jpg,Partially AI-Edited,,0.0001,0.219,0.0,1.11,17,1.46,16.0,7.05,10.93,2294.79,95.68,2086.12,2681.85
partially_ai_edited\AutoSplice\Forged_JPEG75\41328_2.jpg,Partially AI-Edited,,0.0002,0.237,0.0001,1.12,24,1.5,15.92,7.09,10.94,2301.71,96.48,2093.95,2677.47
partially_ai_edited\AutoSplice\Forged_JPEG75\41339_2.jpg,Partially AI-Edited,,0.2877,0.0,0.3098,0.4,40,1.44,1.44,0.7,3.79,192.14,13.89,179.66,443.21
partially_ai_edited\AutoSplice\Forged_JPEG75\41381_2.jpg,Partially AI-Edited,,0.0154,0.3,0.0004,0.56,13,0.85,6.83,3.33,6.12,405.09,64.72,427.06,297.4
partially_ai_edited\AutoSplice\Forged_JPEG75\41487_0.jpg,Partially AI-Edited,,0.9134,0.2185,0.0899,0.65,25,1.14,5.2,2.34,5.36,389.18,42.78,368.25,563.84
partially_ai_edited\AutoSplice\Forged_JPEG75\41519_1.jpg,Partially AI-Edited,,0.0007,0.4635,0.0022,0.43,24,0.91,3.72,1.65,4.13,197.01,29.85,192.56,239.1
partially_ai_edited\AutoSplice\Forged_JPEG75\41519_2.jpg,Partially AI-Edited,,0.1559,0.5088,0.0028,0.66,28,1.3,6.62,3.21,7.04,563.97,57.99,568.89,778.11
partially_ai_edited\AutoSplice\Forged_JPEG75\41540_2.jpg,Partially AI-Edited,,0.6927,0.1213,0.0772,0.32,11,0.75,2.14,1.36,4.5,189.76,30.93,228.66,383.34
partially_ai_edited\AutoSplice\Forged_JPEG75\41636_2.jpg,Partially AI-Edited,,0.5736,0.426,0.0096,0.47,11,0.8,4.29,2.62,5.47,438.85,34.07,408.54,623.71
partially_ai_edited\AutoSplice\Forged_JPEG75\41641_2.jpg,Partially AI-Edited,,0.6784,0.1448,0.0009,0.54,12,0.77,4.85,2.42,3.45,170.44,42.73,158.4,142.44
partially_ai_edited\AutoSplice\Forged_JPEG75\41665_0.jpg,Partially AI-Edited,,0.0114,0.1518,0.0035,0.34,8,0.67,1.47,0.8,1.55,26.38,18.55,29.66,22.16
partially_ai_edited\AutoSplice\Forged_JPEG75\41668_1.jpg,Partially AI-Edited,,0.0037,0.1604,0.0001,1.07,14,1.36,13.33,11.72,17.14,4454.58,148.53,4654.11,1953.68
partially_ai_edited\AutoSplice\Forged_JPEG75\41734_0.jpg,Partially AI-Edited,,0.2097,0.2086,0.0001,1.54,23,1.48,20.97,16.63,18.45,5888.7,188.17,5983.92,2992.3
partially_ai_edited\AutoSplice\Forged_JPEG75\41734_2.jpg,Partially AI-Edited,,0.1114,0.1913,0.0001,1.54,23,1.49,21.24,16.67,18.43,5895.78,188.45,5991.11,2981.55
partially_ai_edited\AutoSplice\Forged_JPEG75\41750_2.jpg,Partially AI-Edited,,0.0,0.2539,0.0,0.99,15,1.17,13.03,7.54,10.25,1766.92,92.12,2000.29,1272.52
partially_ai_edited\AutoSplice\Forged_JPEG75\41765_0.jpg,Partially AI-Edited,,0.6336,0.1176,0.0008,0.37,10,0.69,2.15,1.23,3.26,106.09,30.64,98.93,217.37
partially_ai_edited\AutoSplice\Forged_JPEG75\41765_2.jpg,Partially AI-Edited,,0.0527,0.1006,0.0007,0.4,15,0.75,2.59,1.36,3.45,136.64,35.54,126.86,241.02
partially_ai_edited\AutoSplice\Forged_JPEG75\41788_0.jpg,Partially AI-Edited,,0.0407,0.3672,0.0002,0.38,10,0.7,2.9,1.55,3.31,137.38,25.88,135.76,133.68
partially_ai_edited\AutoSplice\Forged_JPEG75\41788_1.jpg,Partially AI-Edited,,0.7458,0.2886,0.0002,0.46,14,0.76,3.42,1.67,2.95,102.98,30.66,107.47,84.59
partially_ai_edited\AutoSplice\Forged_JPEG75\41832_1.jpg,Partially AI-Edited,,0.006,0.1511,0.0001,0.71,21,1.1,5.43,1.99,4.36,209.36,44.57,221.99,246.05
partially_ai_edited\AutoSplice\Forged_JPEG75\41893_2.jpg,Partially AI-Edited,,0.1829,0.3331,0.0005,0.48,16,0.85,4.33,2.35,5.1,352.28,35.52,359.66,456.84
partially_ai_edited\AutoSplice\Forged_JPEG75\41963_1.jpg,Partially AI-Edited,,0.0037,0.4584,0.0027,0.67,14,1.14,8.05,4.23,8.98,1298.87,53.13,1169.34,2320.64
partially_ai_edited\AutoSplice\Forged_JPEG75\42005_2.jpg,Partially AI-Edited,,0.473,0.2074,0.009,0.4,8,0.75,1.53,0.88,2.5,58.02,27.12,62.12,92.03
partially_ai_edited\AutoSplice\Forged_JPEG75\42038_2.jpg,Partially AI-Edited,,0.0,0.2622,0.0,0.71,12,1.04,8.45,4.37,8.01,1170.73,58.19,1186.35,1227.2
partially_ai_edited\AutoSplice\Forged_JPEG75\42057_2.jpg,Partially AI-Edited,,0.0445,0.2862,0.0004,0.98,23,1.26,13.27,7.11,10.27,1896.56,89.82,1895.74,1846.17
partially_ai_edited\AutoSplice\Forged_JPEG75\42183_2.jpg,Partially AI-Edited,,0.9983,0.4238,0.0012,0.59,13,1.04,5.24,3.52,8.19,1004.15,54.89,1039.19,1206.83
partially_ai_edited\AutoSplice\Forged_JPEG75\42219_0.jpg,Partially AI-Edited,,0.9687,0.222,0.0022,0.54,10,0.81,3.24,2.16,3.59,156.63,37.44,171.2,115.6
partially_ai_edited\AutoSplice\Forged_JPEG75\42219_1.jpg,Partially AI-Edited,,0.0208,0.1746,0.1056,0.52,9,0.78,2.72,1.83,2.7,94.92,31.96,106.78,94.28
partially_ai_edited\AutoSplice\Forged_JPEG75\42299_0.jpg,Partially AI-Edited,,0.1936,0.1279,0.0001,0.7,16,0.98,5.88,3.11,5.63,422.97,51.34,430.77,312.97
partially_ai_edited\AutoSplice\Forged_JPEG75\42357_2.jpg,Partially AI-Edited,,0.185,0.226,0.0012,0.58,18,1.1,2.81,1.35,3.07,110.44,30.29,112.2,151.31
partially_ai_edited\AutoSplice\Forged_JPEG75\42401_2.jpg,Partially AI-Edited,,0.0,0.1589,0.0,1.62,24,1.64,18.18,9.39,11.39,2530.26,114.58,2545.84,1507.69
partially_ai_edited\AutoSplice\Forged_JPEG75\42407_2.jpg,Partially AI-Edited,,0.0383,0.2409,0.0005,0.53,12,0.89,5.47,3.5,6.73,776.96,42.62,746.77,1015.15
partially_ai_edited\AutoSplice\Forged_JPEG75\42430_2.jpg,Partially AI-Edited,,0.0063,0.3604,0.0,1.17,13,1.33,22.22,9.92,11.6,2890.89,121.4,2951.27,2658.22
partially_ai_edited\AutoSplice\Forged_JPEG75\42448_0.jpg,Partially AI-Edited,,0.6348,0.3302,0.0001,0.9,23,1.36,6.95,2.93,4.88,318.88,51.81,328.69,282.04
partially_ai_edited\AutoSplice\Forged_JPEG75\42481_0.jpg,Partially AI-Edited,,0.0031,0.5304,0.0007,0.46,14,0.89,4.37,2.23,5.93,456.93,40.95,419.67,435.52
partially_ai_edited\AutoSplice\Forged_JPEG75\42512_1.jpg,Partially AI-Edited,,0.0032,0.4319,0.0,0.7,30,1.2,6.33,3.51,7.53,622.1,56.47,636.35,594.74
partially_ai_edited\AutoSplice\Forged_JPEG75\42517_0.jpg,Partially AI-Edited,,0.6474,0.1827,0.007,1.0,15,1.05,21.03,7.25,7.21,1364.15,86.33,1382.17,838.01
partially_ai_edited\AutoSplice\Forged_JPEG75\42517_1.jpg,Partially AI-Edited,,0.9988,0.1851,0.0013,1.03,23,1.09,21.24,7.44,7.6,1478.95,88.97,1506.87,875.08
partially_ai_edited\AutoSplice\Forged_JPEG75\42625_0.jpg,Partially AI-Edited,,0.998,0.1693,0.0004,0.48,15,0.82,3.51,1.54,3.35,134.94,33.31,134.39,174.96
partially_ai_edited\AutoSplice\Forged_JPEG75\42625_2.jpg,Partially AI-Edited,,0.0108,0.2913,0.0007,0.49,14,0.82,3.75,1.73,3.64,168.97,36.54,167.62,191.6
partially_ai_edited\AutoSplice\Forged_JPEG75\42680_1.jpg,Partially AI-Edited,,0.7047,0.2092,0.0023,0.35,8,0.67,2.23,1.13,2.68,68.76,32.21,71.87,82.77
partially_ai_edited\AutoSplice\Forged_JPEG75\42842_2.jpg,Partially AI-Edited,,0.9934,0.2087,0.0002,0.61,14,0.97,4.29,2.11,4.18,235.03,34.67,237.91,161.6
partially_ai_edited\AutoSplice\Forged_JPEG75\42935_2.jpg,Partially AI-Edited,,0.5508,0.2554,0.0001,0.75,11,1.08,7.83,2.94,5.32,470.26,48.99,490.82,410.4
partially_ai_edited\AutoSplice\Forged_JPEG75\42954_2.jpg,Partially AI-Edited,,0.0001,0.2147,0.0,0.97,21,1.16,15.51,6.69,8.4,1181.32,87.32,1215.84,752.55
partially_ai_edited\AutoSplice\Forged_JPEG75\43007_2.jpg,Partially AI-Edited,,0.0006,0.2802,0.0003,0.8,16,1.01,10.6,5.4,9.4,1176.56,90.84,1219.9,1683.53
partially_ai_edited\AutoSplice\Forged_JPEG75\43029_1.jpg,Partially AI-Edited,,0.9975,0.1517,0.0107,0.61,21,1.19,3.49,1.7,4.05,198.83,33.2,185.06,242.12
partially_ai_edited\AutoSplice\Forged_JPEG75\43088_1.jpg,Partially AI-Edited,,0.0009,0.3002,0.0,0.63,14,0.9,5.42,2.23,4.28,204.3,47.9,212.56,181.87
partially_ai_edited\AutoSplice\Forged_JPEG75\43137_1.jpg,Partially AI-Edited,,0.0,0.3347,0.0,1.31,22,1.42,21.15,10.47,11.64,3260.88,122.8,3124.15,2046.84
partially_ai_edited\AutoSplice\Forged_JPEG75\43326_1.jpg,Partially AI-Edited,,0.0002,0.3471,0.0001,1.22,31,1.72,9.2,4.02,6.43,603.68,55.18,615.98,643.75
partially_ai_edited\AutoSplice\Forged_JPEG75\43366_0.jpg,Partially AI-Edited,,0.9445,0.2965,0.0001,0.74,29,1.39,6.66,3.08,5.25,393.36,48.02,398.67,410.66
partially_ai_edited\AutoSplice\Forged_JPEG75\43578_0.jpg,Partially AI-Edited,,0.0005,0.2709,0.0002,1.11,26,1.69,9.51,3.55,6.22,557.8,63.72,570.18,892.68
partially_ai_edited\AutoSplice\Forged_JPEG75\43680_2.jpg,Partially AI-Edited,,0.0,0.2994,0.0,1.2,23,1.54,14.2,9.02,12.45,2605.07,111.93,2558.02,1818.47
partially_ai_edited\AutoSplice\Forged_JPEG75\43701_2.jpg,Partially AI-Edited,,0.0,0.2925,0.0002,1.22,21,1.55,14.88,6.9,9.21,1579.8,87.51,1448.61,1336.79
partially_ai_edited\AutoSplice\Forged_JPEG75\43821_0.jpg,Partially AI-Edited,,0.151,0.3709,0.0717,0.62,17,1.23,4.12,1.95,4.62,223.65,37.61,231.82,228.31
partially_ai_edited\AutoSplice\Forged_JPEG75\43842_2.jpg,Partially AI-Edited,,0.967,0.3052,0.0052,0.63,35,1.09,4.35,2.69,5.32,357.19,44.02,395.02,333.42
partially_ai_edited\AutoSplice\Forged_JPEG75\43895_1.jpg,Partially AI-Edited,,0.9975,0.2223,0.0015,0.51,13,0.85,5.21,2.2,4.47,314.18,38.1,339.23,356.69
partially_ai_edited\AutoSplice\Forged_JPEG75\43926_2.jpg,Partially AI-Edited,,0.0787,0.1272,0.0005,0.41,9,0.75,2.84,1.68,4.08,209.08,37.4,204.45,295.35
partially_ai_edited\AutoSplice\Forged_JPEG75\44029_1.jpg,Partially AI-Edited,,0.4231,0.1578,0.0004,0.66,9,0.89,8.72,3.1,4.89,300.5,61.45,314.03,323.38
partially_ai_edited\AutoSplice\Forged_JPEG75\44043_2.jpg,Partially AI-Edited,,0.0165,0.2616,0.0012,0.5,11,0.85,3.01,1.74,5.1,287.58,35.02,302.33,495.34
partially_ai_edited\AutoSplice\Forged_JPEG75\44055_0.jpg,Partially AI-Edited,,0.0201,0.4133,0.0001,0.84,23,1.46,5.66,3.2,6.55,507.77,52.21,544.46,492.59
partially_ai_edited\AutoSplice\Forged_JPEG75\44055_1.jpg,Partially AI-Edited,,0.9297,0.3396,0.0004,0.76,30,1.44,5.62,3.12,6.78,536.02,53.41,562.35,484.02
partially_ai_edited\AutoSplice\Forged_JPEG75\44055_2.jpg,Partially AI-Edited,,0.0125,0.2558,0.0005,0.48,13,0.84,4.71,2.7,6.45,480.72,43.31,507.9,453.08
partially_ai_edited\AutoSplice\Forged_JPEG75\44061_0.jpg,Partially AI-Edited,,0.6915,0.2947,0.0002,0.41,11,0.8,3.64,1.7,4.25,205.16,33.18,216.17,284.08
partially_ai_edited\AutoSplice\Forged_JPEG75\44063_0.jpg,Partially AI-Edited,,0.0144,0.2765,0.0,0.51,13,0.82,7.77,2.66,4.79,292.21,54.57,315.1,321.84
partially_ai_edited\AutoSplice\Forged_JPEG75\44080_2.jpg,Partially AI-Edited,,0.0015,0.1734,0.0001,0.78,33,1.08,8.11,3.16,5.52,445.27,64.9,393.07,484.58
partially_ai_edited\AutoSplice\Forged_JPEG75\44110_0.jpg,Partially AI-Edited,,0.0,0.2944,0.0001,0.99,27,1.59,8.49,5.71,9.27,1197.73,76.5,1233.56,1194.53
partially_ai_edited\AutoSplice\Forged_JPEG75\44117_1.jpg,Partially AI-Edited,,0.0005,0.2956,0.0002,0.72,19,1.05,9.35,5.13,8.66,1144.07,68.15,1166.51,1059.34
partially_ai_edited\AutoSplice\Forged_JPEG75\44154_0.jpg,Partially AI-Edited,,0.4215,0.3133,0.0004,0.6,17,1.11,4.23,2.23,5.53,366.5,39.43,443.53,569.74
partially_ai_edited\AutoSplice\Forged_JPEG75\44154_1.jpg,Partially AI-Edited,,0.0668,0.3448,0.0005,0.81,14,1.21,8.6,3.02,5.14,327.65,53.78,340.82,350.72
partially_ai_edited\AutoSplice\Forged_JPEG75\44240_2.jpg,Partially AI-Edited,,0.0457,0.2368,0.0002,0.48,11,0.82,8.75,3.29,5.78,525.52,46.6,525.22,483.87
partially_ai_edited\AutoSplice\Forged_JPEG75\44275_1.jpg,Partially AI-Edited,,0.7819,0.0988,0.0078,0.29,11,0.72,3.12,1.15,3.12,151.8,20.44,155.22,297.21
partially_ai_edited\AutoSplice\Forged_JPEG75\44282_2.jpg,Partially AI-Edited,,0.0007,0.1208,0.0,1.41,17,1.4,21.03,10.08,10.88,2876.62,124.0,2968.23,1594.18
partially_ai_edited\AutoSplice\Forged_JPEG75\44324_1.jpg,Partially AI-Edited,,0.9984,0.1762,0.0018,0.45,11,0.75,3.45,1.98,4.01,169.31,37.7,167.33,240.35
partially_ai_edited\AutoSplice\Forged_JPEG75\44370_0.jpg,Partially AI-Edited,,0.0168,0.1896,0.0001,0.53,11,0.82,2.88,1.33,2.4,61.17,37.19,61.03,66.52
partially_ai_edited\AutoSplice\Forged_JPEG75\44399_2.jpg,Partially AI-Edited,,0.7034,0.2625,0.0007,0.62,20,1.25,2.99,1.86,4.17,230.13,28.64,235.58,278.46
partially_ai_edited\AutoSplice\Forged_JPEG75\44479_2.jpg,Partially AI-Edited,,0.0415,0.2542,0.0003,0.77,34,1.4,5.83,2.97,5.79,452.68,51.29,457.46,519.67
partially_ai_edited\AutoSplice\Forged_JPEG75\44682_0.jpg,Partially AI-Edited,,0.0005,0.1575,0.0,0.94,19,1.32,7.63,4.21,7.57,736.47,64.61,776.66,689.29
partially_ai_edited\AutoSplice\Forged_JPEG75\44705_2.jpg,Partially AI-Edited,,0.7026,0.1951,0.0649,0.58,11,0.91,4.53,2.34,4.43,206.87,47.8,218.36,150.9
partially_ai_edited\AutoSplice\Forged_JPEG75\44724_2.jpg,Partially AI-Edited,,0.1601,0.1527,0.0893,0.37,12,0.67,3.14,2.19,4.56,269.69,34.04,247.82,493.17
partially_ai_edited\AutoSplice\Forged_JPEG75\44795_1.jpg,Partially AI-Edited,,0.0065,0.2032,0.0002,1.28,13,1.33,20.56,8.62,10.0,2307.93,108.42,2356.39,1478.62
partially_ai_edited\AutoSplice\Forged_JPEG75\44906_2.jpg,Partially AI-Edited,,0.0,0.1951,0.0,0.34,6,0.61,5.5,1.74,2.74,82.8,41.8,81.27,72.79
partially_ai_edited\AutoSplice\Forged_JPEG75\44970_2.jpg,Partially AI-Edited,,0.0046,0.2683,0.0003,0.68,17,1.15,6.68,3.21,5.9,454.81,55.48,540.21,404.29
partially_ai_edited\AutoSplice\Forged_JPEG75\44996_1.jpg,Partially AI-Edited,,0.3995,0.2301,0.0001,0.8,24,1.34,5.63,3.13,5.38,416.55,44.87,480.23,451.24
partially_ai_edited\AutoSplice\Forged_JPEG75\44998_0.jpg,Partially AI-Edited,,0.0057,0.3061,0.0002,0.6,10,0.85,3.63,1.59,2.89,93.97,42.55,91.32,78.79
partially_ai_edited\AutoSplice\Forged_JPEG75\45015_0.jpg,Partially AI-Edited,,0.9979,0.2218,0.001,0.57,11,0.91,7.78,3.62,6.71,513.8,66.92,538.69,542.72
partially_ai_edited\AutoSplice\Forged_JPEG75\45110_0.jpg,Partially AI-Edited,,0.9989,0.3785,0.0328,0.61,19,1.19,6.46,2.39,5.47,448.26,35.98,461.19,633.77
partially_ai_edited\AutoSplice\Forged_JPEG75\45131_1.jpg,Partially AI-Edited,,0.0001,0.0403,0.0517,0.3,33,1.04,1.93,1.18,3.94,177.33,16.8,175.56,406.85
partially_ai_edited\AutoSplice\Forged_JPEG75\45143_0.jpg,Partially AI-Edited,,0.9049,0.0857,0.1161,0.98,24,1.45,8.64,3.57,5.84,388.61,67.49,403.75,269.38
partially_ai_edited\AutoSplice\Forged_JPEG75\45143_2.jpg,Partially AI-Edited,,0.0044,0.139,0.0004,0.75,10,0.94,7.99,2.89,4.21,197.8,65.73,205.22,117.07
partially_ai_edited\AutoSplice\Forged_JPEG75\45260_1.jpg,Partially AI-Edited,,0.9784,0.0222,0.0013,0.29,22,0.83,2.75,1.25,4.09,209.57,23.0,206.18,374.14
partially_ai_edited\AutoSplice\Forged_JPEG75\45265_2.jpg,Partially AI-Edited,,0.2194,0.2522,0.0008,0.42,9,0.77,2.91,1.3,3.23,110.37,32.3,114.72,145.43
partially_ai_edited\AutoSplice\Forged_JPEG75\45288_1.jpg,Partially AI-Edited,,0.9772,0.0718,0.0006,0.63,32,1.11,3.99,2.96,4.91,319.13,43.41,339.89,459.23
partially_ai_edited\AutoSplice\Forged_JPEG75\45338_1.jpg,Partially AI-Edited,,0.0506,0.2535,0.0012,1.62,27,1.74,20.4,8.87,10.54,2573.95,110.24,2628.51,1795.41
partially_ai_edited\AutoSplice\Forged_JPEG75\45338_2.jpg,Partially AI-Edited,,0.3984,0.2172,0.0001,1.52,27,1.62,19.32,8.67,10.51,2541.9,105.93,2594.52,1825.62
partially_ai_edited\AutoSplice\Forged_JPEG75\45459_2.jpg,Partially AI-Edited,,0.001,0.2371,0.0,0.42,8,0.71,3.69,1.93,3.81,136.77,41.46,139.77,114.3
partially_ai_edited\AutoSplice\Forged_JPEG75\45494_2.jpg,Partially AI-Edited,,0.0001,0.182,0.003,0.97,14,1.1,13.59,7.97,9.81,1721.86,96.75,1632.23,1029.72
partially_ai_edited\AutoSplice\Forged_JPEG75\45524_1.jpg,Partially AI-Edited,,0.0098,0.2193,0.0001,0.98,21,1.43,12.5,5.02,7.12,711.92,89.85,737.52,605.16
partially_ai_edited\AutoSplice\Forged_JPEG75\45548_2.jpg,Partially AI-Edited,,0.007,0.1645,0.0001,0.45,10,0.72,5.33,2.89,4.96,335.98,44.58,320.22,453.8
partially_ai_edited\AutoSplice\Forged_JPEG75\45610_1.jpg,Partially AI-Edited,,0.0001,0.1827,0.0002,0.53,8,0.74,4.94,2.87,4.22,253.87,41.6,259.4,221.16
partially_ai_edited\AutoSplice\Forged_JPEG75\45620_0.jpg,Partially AI-Edited,,0.007,0.3549,0.0172,0.56,15,0.88,6.17,4.06,7.15,742.53,54.42,765.09,774.58
partially_ai_edited\AutoSplice\Forged_JPEG75\45694_2.jpg,Partially AI-Edited,,0.9044,0.25,0.4919,0.56,33,0.81,7.1,2.8,4.1,194.57,60.75,207.92,220.99
partially_ai_edited\AutoSplice\Forged_JPEG75\45749_0.jpg,Partially AI-Edited,,0.9989,0.1175,0.0029,0.47,13,0.75,1.7,1.77,2.98,114.86,30.3,105.16,174.21
partially_ai_edited\AutoSplice\Forged_JPEG75\45770_0.jpg,Partially AI-Edited,,0.0157,0.2119,0.0093,0.53,45,1.02,3.48,1.56,3.08,91.4,32.04,81.95,83.99
partially_ai_edited\AutoSplice\Forged_JPEG75\45770_2.jpg,Partially AI-Edited,,0.7753,0.094,0.0056,0.53,47,0.96,2.3,1.32,2.42,59.51,29.51,55.06,81.61
partially_ai_edited\AutoSplice\Forged_JPEG75\45781_2.jpg,Partially AI-Edited,,0.3493,0.1319,0.0004,0.37,27,0.89,3.0,1.45,4.09,159.9,30.62,152.67,229.14
partially_ai_edited\AutoSplice\Forged_JPEG75\45784_0.jpg,Partially AI-Edited,,0.0111,0.2883,0.0019,0.6,17,0.88,4.83,2.34,4.95,265.52,48.59,272.6,336.28
partially_ai_edited\AutoSplice\Forged_JPEG75\45784_2.jpg,Partially AI-Edited,,0.1432,0.1533,0.0003,0.45,8,0.72,2.57,1.26,2.66,70.56,35.08,74.47,85.4
partially_ai_edited\AutoSplice\Forged_JPEG75\45792_2.jpg,Partially AI-Edited,,0.0001,0.4305,0.0005,1.64,21,1.84,20.95,12.35,15.14,5116.33,140.18,5207.34,4197.44
partially_ai_edited\AutoSplice\Forged_JPEG75\45807_0.jpg,Partially AI-Edited,,0.9997,0.1425,0.004,0.53,38,1.09,3.0,1.65,3.87,180.19,32.62,184.92,180.38
partially_ai_edited\AutoSplice\Forged_JPEG75\45883_1.jpg,Partially AI-Edited,,0.2275,0.2589,0.0,0.79,13,1.04,6.3,2.88,5.45,436.47,52.27,443.0,461.98
partially_ai_edited\AutoSplice\Forged_JPEG75\45914_0.jpg,Partially AI-Edited,,0.0008,0.3076,0.0001,0.77,22,1.08,11.89,5.94,8.95,1365.4,71.81,1400.4,1099.32
partially_ai_edited\AutoSplice\Forged_JPEG75\46104_0.jpg,Partially AI-Edited,,0.0362,0.2492,0.0035,0.58,11,0.84,3.79,1.79,2.7,83.03,38.64,85.5,57.28
partially_ai_edited\AutoSplice\Forged_JPEG75\46307_1.jpg,Partially AI-Edited,,0.4933,0.2612,0.0024,0.28,12,0.72,2.49,1.63,5.5,366.79,27.05,383.6,516.31
partially_ai_edited\AutoSplice\Forged_JPEG75\46344_0.jpg,Partially AI-Edited,,0.0014,0.3237,0.0007,0.66,25,1.05,4.66,2.27,4.34,268.05,45.34,239.13,377.35
partially_ai_edited\AutoSplice\Forged_JPEG75\46344_2.jpg,Partially AI-Edited,,0.0275,0.2369,0.0001,0.49,12,0.79,3.58,1.63,2.79,93.44,40.59,87.71,115.56
partially_ai_edited\AutoSplice\Forged_JPEG75\46365_0.jpg,Partially AI-Edited,,0.0019,0.1197,0.0047,0.56,15,0.95,4.94,1.83,3.66,131.2,43.74,135.01,171.98
partially_ai_edited\AutoSplice\Forged_JPEG75\46425_2.jpg,Partially AI-Edited,,0.9601,0.021,0.003,0.3,14,0.67,1.69,0.99,3.13,110.96,18.96,99.5,208.0
partially_ai_edited\AutoSplice\Forged_JPEG75\46499_1.jpg,Partially AI-Edited,,0.0126,0.3679,0.0003,0.58,14,0.94,5.2,2.54,5.36,353.29,56.61,367.76,445.61
partially_ai_edited\AutoSplice\Forged_JPEG75\46634_0.jpg,Partially AI-Edited,,0.0158,0.2092,0.0003,0.83,23,1.22,5.4,3.33,5.47,391.06,52.55,478.35,423.07
partially_ai_edited\AutoSplice\Forged_JPEG75\46645_2.jpg,Partially AI-Edited,,0.0,0.0994,0.0,1.37,15,1.48,19.9,9.84,11.61,2990.78,117.04,3083.9,1286.93
partially_ai_edited\AutoSplice\Forged_JPEG75\46674_0.jpg,Partially AI-Edited,,0.0235,0.1202,0.0003,0.55,10,0.84,4.28,1.73,2.72,78.63,39.16,85.72,60.78
partially_ai_edited\AutoSplice\Forged_JPEG75\46773_2.jpg,Partially AI-Edited,,0.9978,0.1805,0.0695,0.55,14,0.86,5.99,2.6,5.16,306.98,49.5,318.67,320.3
partially_ai_edited\AutoSplice\Forged_JPEG75\46957_1.jpg,Partially AI-Edited,,0.0689,0.4133,0.0004,0.69,27,1.24,3.91,1.72,3.72,143.97,42.44,154.22,159.31
partially_ai_edited\AutoSplice\Forged_JPEG75\47045_1.jpg,Partially AI-Edited,,0.0065,0.3477,0.0005,0.46,13,0.87,3.8,1.92,5.16,342.52,35.05,347.1,447.68
partially_ai_edited\AutoSplice\Forged_JPEG75\47095_0.jpg,Partially AI-Edited,,0.0001,0.3024,0.0002,0.48,15,0.85,2.84,1.99,4.56,263.32,34.77,273.44,302.26
partially_ai_edited\AutoSplice\Forged_JPEG75\47176_1.jpg,Partially AI-Edited,,0.4766,0.2956,0.0006,0.41,8,0.67,7.12,3.73,6.81,536.73,70.71,583.1,482.77
partially_ai_edited\AutoSplice\Forged_JPEG75\47176_2.jpg,Partially AI-Edited,,0.9394,0.2695,0.0007,0.41,13,0.75,6.27,3.81,7.68,726.76,68.95,765.92,784.18
partially_ai_edited\AutoSplice\Forged_JPEG75\47195_2.jpg,Partially AI-Edited,,0.9456,0.2546,0.0106,0.39,10,0.78,4.66,1.78,4.48,241.8,32.7,246.82,316.24
partially_ai_edited\AutoSplice\Forged_JPEG75\47215_2.jpg,Partially AI-Edited,,0.2651,0.205,0.0055,0.47,10,0.81,0.77,1.2,2.64,95.13,16.38,84.69,117.23
partially_ai_edited\AutoSplice\Forged_JPEG75\47410_0.jpg,Partially AI-Edited,,0.0344,0.3996,0.0008,0.7,23,1.23,6.04,2.72,5.33,434.71,44.33,446.47,337.53
partially_ai_edited\AutoSplice\Forged_JPEG75\47410_1.jpg,Partially AI-Edited,,0.8895,0.2881,0.0001,0.41,10,0.74,4.72,1.86,3.79,193.95,38.09,200.2,154.3
partially_ai_edited\AutoSplice\Forged_JPEG75\47425_0.jpg,Partially AI-Edited,,0.9735,0.4308,0.0009,0.56,16,0.97,5.09,2.44,5.94,422.99,41.59,441.83,467.39
partially_ai_edited\AutoSplice\Forged_JPEG75\47614_0.jpg,Partially AI-Edited,,0.9039,0.2542,0.0004,0.48,14,0.92,4.6,2.1,5.52,379.93,39.44,390.67,897.1
partially_ai_edited\AutoSplice\Forged_JPEG75\47697_1.jpg,Partially AI-Edited,,0.9788,0.2416,0.0016,0.61,22,1.11,4.77,2.43,5.72,477.35,47.76,443.64,619.46
partially_ai_edited\AutoSplice\Forged_JPEG75\47749_0.jpg,Partially AI-Edited,,0.9133,0.1736,0.0001,0.64,15,0.98,7.21,2.89,4.64,256.37,49.12,263.25,216.33
partially_ai_edited\AutoSplice\Forged_JPEG75\47844_1.jpg,Partially AI-Edited,,0.7215,0.2634,0.0013,0.69,19,1.07,4.14,2.01,4.33,227.96,43.35,232.64,231.72
partially_ai_edited\AutoSplice\Forged_JPEG75\47865_1.jpg,Partially AI-Edited,,0.0,0.1685,0.0001,0.98,29,1.22,12.4,5.9,7.26,865.01,78.56,892.12,525.73
partially_ai_edited\AutoSplice\Forged_JPEG75\47888_1.jpg,Partially AI-Edited,,0.1473,0.314,0.0011,0.72,19,1.07,8.02,2.93,5.22,297.92,59.51,307.26,387.32
partially_ai_edited\AutoSplice\Forged_JPEG75\47968_1.jpg,Partially AI-Edited,,0.062,0.4598,0.2638,0.48,12,0.89,2.45,1.29,3.44,136.79,25.78,123.17,286.11
partially_ai_edited\AutoSplice\Forged_JPEG75\48022_1.jpg,Partially AI-Edited,,0.0005,0.3842,0.0005,0.45,11,0.8,4.06,2.71,6.25,433.09,41.12,452.55,687.98
partially_ai_edited\AutoSplice\Forged_JPEG75\48074_1.jpg,Partially AI-Edited,,0.0001,0.1233,0.0,0.79,25,1.18,10.97,5.52,8.25,995.78,73.05,1018.44,582.49
partially_ai_edited\AutoSplice\Forged_JPEG75\48087_1.jpg,Partially AI-Edited,,0.0806,0.2191,0.0011,0.71,28,1.42,3.53,1.84,4.69,255.95,34.31,236.14,386.79
partially_ai_edited\AutoSplice\Forged_JPEG75\48125_1.jpg,Partially AI-Edited,,0.0016,0.3921,0.0003,0.54,14,0.86,4.83,2.05,4.3,197.46,44.96,202.93,191.58
partially_ai_edited\AutoSplice\Forged_JPEG75\48152_1.jpg,Partially AI-Edited,,0.0002,0.1036,0.0002,0.78,14,0.98,11.37,5.79,8.63,1055.68,78.04,989.39,1328.94
partially_ai_edited\AutoSplice\Forged_JPEG75\48216_2.jpg,Partially AI-Edited,,0.7276,0.0389,0.0012,0.64,34,1.51,1.7,1.01,2.64,78.04,22.36,80.73,144.05
partially_ai_edited\AutoSplice\Forged_JPEG75\48251_0.jpg,Partially AI-Edited,,0.0001,0.1516,0.0001,0.43,8,0.69,5.0,2.3,3.77,146.21,48.58,151.7,122.45
partially_ai_edited\AutoSplice\Forged_JPEG75\48358_1.jpg,Partially AI-Edited,,0.0001,0.3426,0.0001,0.78,13,1.1,7.27,3.31,6.07,520.25,51.99,469.07,589.23
partially_ai_edited\AutoSplice\Forged_JPEG75\48610_1.jpg,Partially AI-Edited,,0.009,0.2148,0.0009,0.6,16,0.89,3.26,2.45,3.34,185.69,37.48,186.27,164.67
partially_ai_edited\AutoSplice\Forged_JPEG75\48638_1.jpg,Partially AI-Edited,,0.0014,0.2337,0.1006,0.4,11,0.83,3.39,1.79,4.76,256.55,33.49,237.29,295.51
partially_ai_edited\AutoSplice\Forged_JPEG75\48673_0.jpg,Partially AI-Edited,,0.0012,0.1218,0.0004,0.51,12,0.75,5.77,2.58,4.17,201.96,53.36,210.97,261.36
partially_ai_edited\AutoSplice\Forged_JPEG75\48730_2.jpg,Partially AI-Edited,,0.0095,0.3539,0.0707,0.37,8,0.65,6.01,2.63,4.97,217.49,51.39,210.24,194.94
partially_ai_edited\AutoSplice\Forged_JPEG75\48778_1.jpg,Partially AI-Edited,,0.0001,0.1179,0.0001,0.97,19,1.11,12.15,4.87,6.03,552.41,77.57,575.04,284.95
partially_ai_edited\AutoSplice\Forged_JPEG75\48778_2.jpg,Partially AI-Edited,,0.0007,0.2199,0.0,1.01,19,1.18,12.22,5.03,6.51,614.41,81.92,649.91,325.23
partially_ai_edited\AutoSplice\Forged_JPEG75\48843_2.jpg,Partially AI-Edited,,0.997,0.2397,0.0047,0.61,19,1.2,3.9,1.65,3.65,153.72,29.45,147.22,182.12
partially_ai_edited\AutoSplice\Forged_JPEG75\49019_0.jpg,Partially AI-Edited,,0.1721,0.026,0.0053,0.43,20,0.83,5.3,2.17,4.69,385.89,33.18,343.12,634.91
partially_ai_edited\AutoSplice\Forged_JPEG75\49113_2.jpg,Partially AI-Edited,,0.219,0.2928,0.0001,0.58,13,0.9,5.18,2.19,3.82,185.02,46.56,192.91,173.37
partially_ai_edited\AutoSplice\Forged_JPEG75\49278_0.jpg,Partially AI-Edited,,0.8641,0.4193,0.0051,0.58,15,0.94,4.25,2.16,4.66,258.22,43.03,267.58,287.2
partially_ai_edited\AutoSplice\Forged_JPEG75\49323_1.jpg,Partially AI-Edited,,0.5987,0.1647,0.005,0.45,17,0.88,2.21,1.52,4.5,196.55,38.73,201.34,274.2
partially_ai_edited\AutoSplice\Forged_JPEG75\49411_0.jpg,Partially AI-Edited,,0.0406,0.2192,0.0002,1.42,20,1.48,7.2,5.0,7.99,757.45,81.04,743.61,609.23
partially_ai_edited\AutoSplice\Forged_JPEG75\49452_0.jpg,Partially AI-Edited,,0.0001,0.1414,0.0002,1.22,16,1.35,14.78,8.04,9.41,2378.11,83.63,2414.32,2071.45
partially_ai_edited\AutoSplice\Forged_JPEG75\49478_0.jpg,Partially AI-Edited,,0.1512,0.4163,0.0004,0.39,12,0.76,2.55,2.02,5.16,384.41,31.96,362.75,325.57
partially_ai_edited\AutoSplice\Forged_JPEG75\49516_0.jpg,Partially AI-Edited,,0.0946,0.3568,0.0002,0.48,13,0.83,4.72,2.17,4.67,280.04,36.95,292.27,327.43
partially_ai_edited\AutoSplice\Forged_JPEG75\49708_2.jpg,Partially AI-Edited,,0.0001,0.156,0.0516,0.44,9,0.75,4.34,1.82,3.85,165.69,39.39,163.31,206.76
partially_ai_edited\AutoSplice\Forged_JPEG75\49726_0.jpg,Partially AI-Edited,,0.0361,0.086,0.0,0.78,41,1.25,6.31,3.02,5.28,398.67,56.49,465.6,523.15
partially_ai_edited\AutoSplice\Forged_JPEG75\49738_2.jpg,Partially AI-Edited,,0.0231,0.335,0.0,0.38,12,0.79,3.48,1.85,5.05,327.51,32.75,298.43,398.83
partially_ai_edited\AutoSplice\Forged_JPEG75\49886_2.jpg,Partially AI-Edited,,0.0006,0.1335,0.0002,0.89,10,1.02,12.16,4.48,5.29,375.92,80.78,410.19,214.51
partially_ai_edited\AutoSplice\Forged_JPEG75\49998_2.jpg,Partially AI-Edited,,0.8783,0.1695,0.3466,0.37,27,0.7,1.37,1.09,2.01,47.1,25.15,52.2,77.17
partially_ai_edited\AutoSplice\Forged_JPEG75\50165_0.jpg,Partially AI-Edited,,0.0013,0.2862,0.0003,0.73,35,1.4,7.91,4.21,7.92,898.53,55.73,925.98,1043.37
partially_ai_edited\AutoSplice\Forged_JPEG75\50301_1.jpg,Partially AI-Edited,,0.0813,0.1907,0.0013,0.3,6,0.56,3.53,1.42,2.38,57.92,37.89,66.64,39.19
partially_ai_edited\AutoSplice\Forged_JPEG75\50593_0.jpg,Partially AI-Edited,,0.0274,0.3168,0.0183,0.72,27,1.32,3.96,1.98,4.46,254.07,40.79,263.99,381.2
partially_ai_edited\AutoSplice\Forged_JPEG75\50593_1.jpg,Partially AI-Edited,,0.9875,0.3713,0.0004,0.57,18,0.96,4.17,2.34,5.41,331.77,45.8,346.7,405.83
partially_ai_edited\AutoSplice\Forged_JPEG75\50726_0.jpg,Partially AI-Edited,,0.0131,0.1863,0.0,0.55,14,0.84,4.52,2.61,4.46,316.66,40.58,322.92,463.9
partially_ai_edited\AutoSplice\Forged_JPEG75\50729_0.jpg,Partially AI-Edited,,0.765,0.2639,0.0046,0.48,14,0.88,4.54,1.78,4.08,242.88,33.8,250.08,226.47
partially_ai_edited\AutoSplice\Forged_JPEG75\50803_0.jpg,Partially AI-Edited,,0.0,0.2631,0.0001,0.57,24,0.97,6.46,3.24,6.66,621.46,47.05,679.36,829.28
partially_ai_edited\AutoSplice\Forged_JPEG75\50803_1.jpg,Partially AI-Edited,,0.0,0.2553,0.0,0.57,22,0.97,6.42,3.28,6.86,660.3,46.82,714.68,845.2
partially_ai_edited\AutoSplice\Forged_JPEG75\50870_2.jpg,Partially AI-Edited,,0.0114,0.2359,0.0003,0.75,26,1.11,4.36,2.39,5.03,295.06,47.27,304.04,392.3
partially_ai_edited\AutoSplice\Forged_JPEG75\51199_1.jpg,Partially AI-Edited,,0.0037,0.1717,0.0001,0.44,17,0.7,2.83,2.25,3.76,182.39,35.6,185.01,162.43
partially_ai_edited\AutoSplice\Forged_JPEG75\51236_0.jpg,Partially AI-Edited,,0.0272,0.1262,0.0001,1.3,27,1.51,15.02,4.94,5.77,502.36,97.91,524.25,263.23
partially_ai_edited\AutoSplice\Forged_JPEG75\51264_0.jpg,Partially AI-Edited,,0.1517,0.3741,0.0001,0.68,13,0.96,9.28,4.9,8.13,1082.66,59.08,1115.55,1146.91
partially_ai_edited\AutoSplice\Forged_JPEG75\51323_0.jpg,Partially AI-Edited,,0.001,0.2141,0.0001,1.09,31,1.53,7.11,5.19,9.52,1109.19,79.9,1141.01,798.09
partially_ai_edited\AutoSplice\Forged_JPEG75\51452_2.jpg,Partially AI-Edited,,0.044,0.2432,0.0159,0.72,10,0.98,8.38,3.9,6.1,638.31,54.96,674.76,889.81
partially_ai_edited\AutoSplice\Forged_JPEG75\51458_1.jpg,Partially AI-Edited,,0.1204,0.3072,0.0008,0.73,16,1.04,5.86,3.14,7.62,717.7,56.6,685.93,1416.59
partially_ai_edited\AutoSplice\Forged_JPEG75\51544_0.jpg,Partially AI-Edited,,0.9826,0.3178,0.0001,0.55,12,0.94,3.05,1.5,3.72,181.0,30.5,172.98,230.64
partially_ai_edited\AutoSplice\Forged_JPEG75\51575_2.jpg,Partially AI-Edited,,0.0012,0.1065,0.0,1.46,21,1.49,18.69,9.05,11.14,3127.86,101.44,3076.99,1535.01
partially_ai_edited\AutoSplice\Forged_JPEG75\51588_0.jpg,Partially AI-Edited,,0.0171,0.1474,0.0,1.75,40,2.38,13.2,7.53,9.71,1779.05,103.71,1807.48,556.95
partially_ai_edited\AutoSplice\Forged_JPEG75\51683_0.jpg,Partially AI-Edited,,0.7651,0.4425,0.0055,0.71,22,1.16,4.44,1.74,3.64,137.05,37.18,142.5,156.18
partially_ai_edited\AutoSplice\Forged_JPEG75\51724_2.jpg,Partially AI-Edited,,0.9942,0.2447,0.0157,0.79,27,1.66,4.2,2.98,8.25,764.0,47.74,786.46,718.97
partially_ai_edited\AutoSplice\Forged_JPEG75\51726_0.jpg,Partially AI-Edited,,0.8597,0.1648,0.0027,1.02,11,1.08,18.42,6.28,7.49,863.33,107.45,921.91,814.38
partially_ai_edited\AutoSplice\Forged_JPEG75\51738_1.jpg,Partially AI-Edited,,0.0806,0.1762,0.002,0.38,11,0.75,4.4,1.83,3.83,200.54,31.75,204.4,274.78
partially_ai_edited\AutoSplice\Forged_JPEG75\51780_0.jpg,Partially AI-Edited,,0.0,0.1865,0.0002,0.87,20,1.25,8.85,5.46,10.43,1592.89,68.64,1616.15,1385.27
partially_ai_edited\AutoSplice\Forged_JPEG75\51797_0.jpg,Partially AI-Edited,,0.0135,0.2216,0.0001,0.37,8,0.68,4.26,1.8,3.65,183.36,36.33,202.07,149.88
partially_ai_edited\AutoSplice\Forged_JPEG75\51818_0.jpg,Partially AI-Edited,,0.1103,0.2254,0.0,1.29,40,2.19,14.62,10.4,14.44,2996.38,135.34,3115.03,1377.71
partially_ai_edited\AutoSplice\Forged_JPEG75\51965_0.jpg,Partially AI-Edited,,0.0002,0.1348,0.0,1.41,21,1.56,22.57,10.92,11.83,3662.66,111.06,3689.4,1399.87
partially_ai_edited\AutoSplice\Forged_JPEG75\51965_1.jpg,Partially AI-Edited,,0.0001,0.1415,0.0,1.44,24,1.6,22.36,11.24,11.98,3729.3,116.98,3762.05,1441.35
partially_ai_edited\AutoSplice\Forged_JPEG75\52109_2.jpg,Partially AI-Edited,,0.0036,0.2283,0.0002,0.84,23,1.35,5.33,3.08,6.32,469.21,49.08,496.0,589.97
partially_ai_edited\AutoSplice\Forged_JPEG75\52142_2.jpg,Partially AI-Edited,,0.8633,0.2671,0.0022,0.52,14,0.99,4.75,2.94,7.51,616.21,47.88,637.64,750.55
partially_ai_edited\AutoSplice\Forged_JPEG75\52169_1.jpg,Partially AI-Edited,,0.995,0.2178,0.0002,0.57,20,1.03,2.93,1.39,3.08,108.87,31.38,118.17,117.33
partially_ai_edited\AutoSplice\Forged_JPEG75\52444_1.jpg,Partially AI-Edited,,0.0041,0.3898,0.0008,0.48,14,0.91,3.77,1.98,5.13,285.92,38.15,294.59,377.13
partially_ai_edited\AutoSplice\Forged_JPEG75\52589_1.jpg,Partially AI-Edited,,0.4279,0.1785,0.002,1.2,20,1.44,13.73,5.93,8.14,1250.63,82.23,1278.61,1119.22
partially_ai_edited\AutoSplice\Forged_JPEG75\52812_0.jpg,Partially AI-Edited,,0.0027,0.4298,0.0462,0.77,25,1.26,4.6,2.48,5.96,410.66,42.77,414.0,417.68
partially_ai_edited\AutoSplice\Forged_JPEG75\53114_1.jpg,Partially AI-Edited,,0.0446,0.1985,0.0001,0.76,17,0.96,7.59,3.72,5.84,445.38,57.28,399.73,503.0
partially_ai_edited\AutoSplice\Forged_JPEG75\53217_0.jpg,Partially AI-Edited,,0.1899,0.278,0.0059,0.58,12,0.91,4.07,1.95,4.39,257.77,37.94,270.39,253.61
partially_ai_edited\AutoSplice\Forged_JPEG75\53229_2.jpg,Partially AI-Edited,,0.157,0.3002,0.0003,0.56,9,0.89,4.94,2.76,6.17,417.61,51.43,427.33,628.92
partially_ai_edited\AutoSplice\Forged_JPEG75\53237_1.jpg,Partially AI-Edited,,0.2065,0.3216,0.0002,0.92,27,1.37,8.62,3.76,6.55,592.09,71.56,582.0,545.44
partially_ai_edited\AutoSplice\Forged_JPEG75\53237_2.jpg,Partially AI-Edited,,0.0064,0.2849,0.0014,0.99,34,1.5,8.57,3.21,4.93,312.75,66.57,383.75,353.97
partially_ai_edited\AutoSplice\Forged_JPEG75\53333_2.jpg,Partially AI-Edited,,0.0345,0.1829,0.0,0.59,13,0.9,5.79,2.62,5.22,334.91,48.84,347.37,373.1
partially_ai_edited\AutoSplice\Forged_JPEG75\53401_1.jpg,Partially AI-Edited,,0.0061,0.0997,0.0002,0.46,29,0.97,2.28,1.33,3.38,161.46,27.62,154.9,252.04
partially_ai_edited\AutoSplice\Forged_JPEG75\53436_1.jpg,Partially AI-Edited,,0.0377,0.3209,0.3001,0.52,15,0.98,6.71,2.6,5.76,460.65,43.85,479.8,514.15
partially_ai_edited\AutoSplice\Forged_JPEG75\53443_1.jpg,Partially AI-Edited,,0.0,0.2211,0.0,1.76,16,1.83,25.39,14.6,16.09,7079.9,160.44,7321.16,4765.76
partially_ai_edited\AutoSplice\Forged_JPEG75\53443_2.jpg,Partially AI-Edited,,0.0001,0.231,0.0,1.79,25,1.88,25.39,14.53,16.12,7073.93,158.57,7318.91,4783.74
partially_ai_edited\AutoSplice\Forged_JPEG75\53525_2.jpg,Partially AI-Edited,,0.0016,0.3215,0.0002,0.59,11,0.87,3.88,1.99,3.86,216.67,39.92,212.86,235.37
partially_ai_edited\AutoSplice\Forged_JPEG75\53529_0.jpg,Partially AI-Edited,,0.8119,0.2502,0.0001,0.73,23,1.08,7.9,3.27,4.99,415.35,56.79,428.22,679.26
partially_ai_edited\AutoSplice\Forged_JPEG75\53529_2.jpg,Partially AI-Edited,,0.1115,0.3217,0.0,1.01,35,1.71,8.76,3.51,5.17,444.37,61.84,455.49,669.18
partially_ai_edited\AutoSplice\Forged_JPEG75\53614_2.jpg,Partially AI-Edited,,0.9871,0.3751,0.0082,0.5,17,0.99,3.94,1.68,4.13,192.59,34.35,195.72,274.82
partially_ai_edited\AutoSplice\Forged_JPEG75\53677_2.jpg,Partially AI-Edited,,0.8661,0.2162,0.0016,0.61,26,1.25,2.31,1.11,2.78,85.26,23.46,90.21,101.78
partially_ai_edited\AutoSplice\Forged_JPEG75\53689_2.jpg,Partially AI-Edited,,0.0093,0.3425,0.0009,0.56,13,0.85,4.28,2.2,4.51,229.83,43.25,237.02,336.55
partially_ai_edited\AutoSplice\Forged_JPEG75\53700_0.jpg,Partially AI-Edited,,0.0742,0.2,0.0015,0.66,10,0.91,7.5,3.09,5.04,262.08,66.55,282.67,233.73
partially_ai_edited\AutoSplice\Forged_JPEG75\53805_2.jpg,Partially AI-Edited,,0.002,0.1901,0.0,1.41,23,1.54,19.99,10.16,11.88,3611.32,115.29,3835.03,3603.87
partially_ai_edited\AutoSplice\Forged_JPEG75\53814_0.jpg,Partially AI-Edited,,0.0,0.2451,0.0,1.6,17,1.61,22.3,11.92,13.1,4528.79,127.9,4605.52,2293.3
partially_ai_edited\AutoSplice\Forged_JPEG75\53828_1.jpg,Partially AI-Edited,,0.9585,0.1761,0.0033,0.58,10,0.86,9.11,4.98,8.35,991.18,67.06,1017.69,882.47
partially_ai_edited\AutoSplice\Forged_JPEG75\53834_0.jpg,Partially AI-Edited,,0.1242,0.0664,0.0051,0.26,12,0.62,0.88,0.78,2.01,45.15,21.03,48.35,111.3
partially_ai_edited\AutoSplice\Forged_JPEG75\53860_1.jpg,Partially AI-Edited,,0.0003,0.4813,0.0002,1.72,23,1.96,20.98,14.68,18.43,9091.31,136.72,8338.88,7774.9
partially_ai_edited\AutoSplice\Forged_JPEG75\53869_1.jpg,Partially AI-Edited,,0.0021,0.2419,0.0019,0.71,29,1.44,6.27,4.74,12.66,2378.14,66.99,2115.94,3626.95
partially_ai_edited\AutoSplice\Forged_JPEG75\53897_2.jpg,Partially AI-Edited,,0.9223,0.2022,0.0004,0.39,9,0.61,5.88,3.2,5.47,358.64,58.36,367.6,452.43
partially_ai_edited\AutoSplice\Forged_JPEG75\53911_1.jpg,Partially AI-Edited,,0.0344,0.1228,0.0384,0.43,8,0.68,2.85,1.78,2.76,97.88,28.74,99.95,86.61
partially_ai_edited\AutoSplice\Forged_JPEG75\53930_2.jpg,Partially AI-Edited,,0.0031,0.1174,0.0,1.75,18,1.7,25.39,14.14,15.32,6582.7,150.14,6679.79,4641.19
partially_ai_edited\AutoSplice\Forged_JPEG75\53947_1.jpg,Partially AI-Edited,,0.0,0.3597,0.003,0.73,12,1.01,8.1,5.12,7.65,826.86,68.31,840.49,461.41
partially_ai_edited\AutoSplice\Forged_JPEG75\53969_2.jpg,Partially AI-Edited,,0.001,0.2195,0.0633,0.68,19,1.39,5.78,3.64,9.4,1196.77,43.05,1333.68,2243.52
partially_ai_edited\AutoSplice\Forged_JPEG75\54029_1.jpg,Partially AI-Edited,,0.0008,0.1301,0.002,1.39,21,1.51,16.44,9.23,11.18,3159.89,98.32,3105.19,3100.5
partially_ai_edited\AutoSplice\Forged_JPEG75\54038_1.jpg,Partially AI-Edited,,0.5779,0.1309,0.0005,0.63,17,0.87,3.51,1.78,2.87,102.29,42.65,109.47,120.8
partially_ai_edited\AutoSplice\Forged_JPEG75\54041_2.jpg,Partially AI-Edited,,0.0057,0.2985,0.0015,1.11,27,1.49,7.98,3.12,4.7,272.98,62.36,283.34,333.41
partially_ai_edited\AutoSplice\Forged_JPEG75\54066_2.jpg,Partially AI-Edited,,0.9948,0.3965,0.3807,1.27,39,2.36,4.8,2.45,5.87,450.09,42.08,470.32,577.77
partially_ai_edited\AutoSplice\Forged_JPEG75\54102_1.jpg,Partially AI-Edited,,0.0149,0.1957,0.0,0.54,12,0.85,3.28,1.71,3.3,144.29,36.79,186.98,275.62
partially_ai_edited\AutoSplice\Forged_JPEG75\54135_2.jpg,Partially AI-Edited,,0.0003,0.1145,0.0,0.77,14,0.94,6.66,3.35,4.03,263.55,54.24,272.83,188.24
partially_ai_edited\AutoSplice\Forged_JPEG75\54287_1.jpg,Partially AI-Edited,,0.0029,0.4534,0.0001,0.44,12,0.86,4.67,2.64,6.56,619.1,40.92,631.94,714.77
partially_ai_edited\AutoSplice\Forged_JPEG75\54327_2.jpg,Partially AI-Edited,,0.1835,0.0575,0.2481,0.31,14,0.71,1.61,0.92,3.24,115.15,16.43,99.26,174.59
partially_ai_edited\AutoSplice\Forged_JPEG75\54357_1.jpg,Partially AI-Edited,,0.0,0.1784,0.0001,0.42,25,0.86,4.41,2.95,7.09,537.81,46.3,555.78,597.54
partially_ai_edited\AutoSplice\Forged_JPEG75\54360_2.jpg,Partially AI-Edited,,0.1138,0.1426,0.003,0.75,10,0.94,14.92,7.0,9.04,1397.42,94.07,1446.29,1038.83
partially_ai_edited\AutoSplice\Forged_JPEG75\54411_2.jpg,Partially AI-Edited,,0.6309,0.2582,0.0052,0.54,40,1.08,2.08,1.67,4.09,160.08,32.17,170.05,198.84
partially_ai_edited\AutoSplice\Forged_JPEG75\54468_1.jpg,Partially AI-Edited,,0.0019,0.2951,0.0001,1.21,52,1.82,9.92,6.92,12.17,2276.49,88.62,2176.91,2600.34
partially_ai_edited\AutoSplice\Forged_JPEG75\54540_2.jpg,Partially AI-Edited,,0.001,0.3964,0.0001,1.03,21,1.3,10.44,5.12,7.49,1435.71,57.13,1362.78,1616.54
partially_ai_edited\AutoSplice\Forged_JPEG75\54572_2.jpg,Partially AI-Edited,,0.0313,0.2282,0.0021,0.53,14,0.79,7.45,3.12,6.25,414.77,59.09,753.18,2277.04
partially_ai_edited\AutoSplice\Forged_JPEG75\54611_2.jpg,Partially AI-Edited,,0.0073,0.1737,0.0006,1.07,17,1.18,13.61,6.28,7.83,1085.36,88.66,1124.41,749.18
partially_ai_edited\AutoSplice\Forged_JPEG75\54629_1.jpg,Partially AI-Edited,,0.0001,0.4008,0.0001,0.59,10,0.9,3.78,2.32,5.01,290.53,41.42,310.08,279.66
partially_ai_edited\AutoSplice\Forged_JPEG75\54672_1.jpg,Partially AI-Edited,,0.0008,0.2524,0.0,0.91,17,1.19,12.04,7.59,11.39,2057.36,99.06,1948.83,1575.92
partially_ai_edited\AutoSplice\Forged_JPEG75\54711_1.jpg,Partially AI-Edited,,0.0049,0.0167,0.0104,0.6,22,1.15,5.75,2.35,5.06,388.91,37.92,342.54,437.86
partially_ai_edited\AutoSplice\Forged_JPEG75\54733_1.jpg,Partially AI-Edited,,0.4696,0.252,0.006,0.69,25,1.23,3.78,2.0,3.87,184.55,37.3,196.79,229.66
partially_ai_edited\AutoSplice\Forged_JPEG75\54733_2.jpg,Partially AI-Edited,,0.6231,0.1603,0.0586,0.52,18,0.92,2.69,1.57,3.18,109.93,27.9,128.24,162.15
partially_ai_edited\AutoSplice\Forged_JPEG75\54769_1.jpg,Partially AI-Edited,,0.0236,0.0578,0.009,0.42,13,0.85,2.54,1.48,4.54,237.37,26.83,239.32,378.75
partially_ai_edited\AutoSplice\Forged_JPEG75\54769_2.jpg,Partially AI-Edited,,0.0574,0.0568,0.0085,0.4,12,0.79,2.66,1.54,4.87,289.92,27.71,295.52,605.17
partially_ai_edited\AutoSplice\Forged_JPEG75\54795_1.jpg,Partially AI-Edited,,0.0724,0.1003,0.0,1.34,16,1.29,24.09,8.89,8.88,2133.28,103.64,2172.76,949.15
partially_ai_edited\AutoSplice\Forged_JPEG75\54827_1.jpg,Partially AI-Edited,,0.9258,0.1227,0.0009,0.69,31,1.18,7.18,3.17,5.26,277.76,67.97,691.37,1499.39
partially_ai_edited\AutoSplice\Forged_JPEG75\54909_0.jpg,Partially AI-Edited,,0.5034,0.3333,0.0023,0.42,20,0.81,3.19,1.74,4.14,214.51,29.27,223.72,200.97
partially_ai_edited\AutoSplice\Forged_JPEG75\54924_0.jpg,Partially AI-Edited,,0.9816,0.34,0.0011,0.91,26,1.57,7.87,3.08,5.56,431.25,59.56,451.43,621.83
partially_ai_edited\AutoSplice\Forged_JPEG75\55148_0.jpg,Partially AI-Edited,,0.0023,0.3867,0.0007,0.46,14,0.83,4.5,1.97,3.42,108.33,47.07,131.86,131.98
partially_ai_edited\AutoSplice\Forged_JPEG75\55272_1.jpg,Partially AI-Edited,,0.0,0.1669,0.0,1.24,14,1.3,18.12,9.5,11.58,2467.81,123.64,2357.78,1874.96
partially_ai_edited\AutoSplice\Forged_JPEG75\55291_2.jpg,Partially AI-Edited,,0.5029,0.2397,0.0001,0.86,34,1.57,4.83,2.77,6.36,568.56,47.06,850.24,1403.44
partially_ai_edited\AutoSplice\Forged_JPEG75\55404_2.jpg,Partially AI-Edited,,0.0015,0.4156,0.0002,0.8,23,1.39,6.83,4.7,9.6,1543.36,60.33,1565.02,1699.22
partially_ai_edited\AutoSplice\Forged_JPEG75\55413_1.jpg,Partially AI-Edited,,0.0479,0.1434,0.0001,0.94,16,1.1,15.54,5.49,6.71,867.37,82.75,889.58,837.57
partially_ai_edited\AutoSplice\Forged_JPEG75\55457_1.jpg,Partially AI-Edited,,0.0012,0.284,0.0001,0.41,8,0.71,3.36,1.82,4.79,262.0,32.28,272.88,337.76
partially_ai_edited\AutoSplice\Forged_JPEG75\55460_0.jpg,Partially AI-Edited,,0.0003,0.3025,0.0001,1.24,31,1.83,7.31,5.39,10.01,1915.09,68.09,1948.48,1472.36
partially_ai_edited\AutoSplice\Forged_JPEG75\55570_0.jpg,Partially AI-Edited,,0.0014,0.2715,0.0,0.63,26,1.13,8.76,4.95,9.01,1119.8,66.94,1129.35,1332.28
partially_ai_edited\AutoSplice\Forged_JPEG75\55678_2.jpg,Partially AI-Edited,,0.2543,0.2829,0.0002,1.07,22,1.44,7.44,2.79,4.46,258.68,53.63,243.7,189.37
partially_ai_edited\AutoSplice\Forged_JPEG75\55749_1.jpg,Partially AI-Edited,,0.0008,0.1714,0.0027,0.72,21,1.02,3.16,1.35,3.01,89.97,37.14,93.12,173.22
partially_ai_edited\AutoSplice\Forged_JPEG75\55791_0.jpg,Partially AI-Edited,,0.0,0.4389,0.0005,0.89,19,1.31,8.37,3.99,6.85,604.67,67.12,603.87,613.23
partially_ai_edited\AutoSplice\Forged_JPEG75\55810_1.jpg,Partially AI-Edited,,0.0,0.2647,0.0,1.14,17,1.4,13.35,8.01,12.0,2780.66,86.01,2805.71,1964.35
partially_ai_edited\AutoSplice\Forged_JPEG75\55828_1.jpg,Partially AI-Edited,,0.2919,0.1268,0.0049,0.86,33,1.12,13.53,8.11,10.75,1973.79,111.74,2005.41,1780.4
partially_ai_edited\AutoSplice\Forged_JPEG75\55866_1.jpg,Partially AI-Edited,,0.1372,0.254,0.0002,0.78,11,0.95,12.11,5.52,7.87,764.23,92.8,783.31,558.53
partially_ai_edited\AutoSplice\Forged_JPEG75\55975_0.jpg,Partially AI-Edited,,0.0088,0.175,0.0162,1.21,13,1.15,17.8,8.61,8.52,2013.28,91.15,2040.75,1020.4
partially_ai_edited\AutoSplice\Forged_JPEG75\55975_2.jpg,Partially AI-Edited,,0.0271,0.1715,0.0177,1.18,13,1.14,17.52,8.51,8.48,1996.35,89.32,2021.02,1039.83
partially_ai_edited\AutoSplice\Forged_JPEG75\55983_0.jpg,Partially AI-Edited,,0.0038,0.1943,0.0,0.54,10,0.83,3.68,1.99,3.18,119.29,36.06,114.33,127.76
partially_ai_edited\AutoSplice\Forged_JPEG75\56047_1.jpg,Partially AI-Edited,,0.9551,0.3378,0.0001,0.76,19,1.05,6.88,2.62,4.19,209.48,56.99,215.94,193.37
partially_ai_edited\AutoSplice\Forged_JPEG75\56049_0.jpg,Partially AI-Edited,,0.0024,0.3104,0.0002,0.54,16,0.96,4.29,2.29,5.5,332.97,39.61,338.21,522.56
partially_ai_edited\AutoSplice\Forged_JPEG75\56049_1.jpg,Partially AI-Edited,,0.0008,0.2239,0.0003,0.47,14,0.87,3.72,2.06,5.18,293.03,37.64,302.36,568.78
partially_ai_edited\AutoSplice\Forged_JPEG75\56115_0.jpg,Partially AI-Edited,,0.0003,0.4896,0.004,0.66,19,1.18,5.3,2.4,5.43,381.92,44.85,399.82,376.33
partially_ai_edited\AutoSplice\Forged_JPEG75\56246_0.jpg,Partially AI-Edited,,0.9992,0.1485,0.0019,1.42,43,1.9,12.55,7.02,9.5,1587.95,92.15,1621.69,1222.79
partially_ai_edited\AutoSplice\Forged_JPEG75\56246_2.jpg,Partially AI-Edited,,0.0295,0.1461,0.003,1.49,31,1.93,13.68,7.78,9.64,1698.52,104.41,1735.71,1142.28
partially_ai_edited\AutoSplice\Forged_JPEG75\56294_1.jpg,Partially AI-Edited,,0.0011,0.1678,0.0,0.72,10,0.91,7.27,3.4,4.81,317.63,63.49,325.69,257.06
partially_ai_edited\AutoSplice\Forged_JPEG75\56301_2.jpg,Partially AI-Edited,,0.0001,0.1559,0.0,1.39,28,1.73,12.83,5.78,8.07,1190.67,84.16,1219.64,1455.71
partially_ai_edited\AutoSplice\Forged_JPEG75\56345_1.jpg,Partially AI-Edited,,0.0,0.1938,0.0,1.1,15,1.28,12.48,6.38,9.03,1490.7,78.29,1510.83,1467.79
partially_ai_edited\AutoSplice\Forged_JPEG75\56394_1.jpg,Partially AI-Edited,,0.0365,0.4869,0.2847,1.23,30,2.13,5.36,2.09,4.62,219.97,41.16,228.33,270.54
partially_ai_edited\AutoSplice\Forged_JPEG75\56603_2.jpg,Partially AI-Edited,,0.0269,0.4535,0.0001,0.5,17,0.95,3.83,2.18,5.82,483.95,35.91,499.05,687.33
partially_ai_edited\AutoSplice\Forged_JPEG75\56669_0.jpg,Partially AI-Edited,,0.8857,0.1478,0.0005,0.46,10,0.75,2.64,1.5,2.97,112.1,31.6,101.95,175.12
partially_ai_edited\AutoSplice\Forged_JPEG75\56695_0.jpg,Partially AI-Edited,,0.0003,0.2968,0.0006,0.74,15,1.14,6.5,4.94,8.57,818.78,70.98,781.66,919.67
partially_ai_edited\AutoSplice\Forged_JPEG75\56696_0.jpg,Partially AI-Edited,,0.5879,0.4221,0.0009,0.46,12,0.89,4.37,2.39,6.39,657.1,36.88,860.98,1463.84
partially_ai_edited\AutoSplice\Forged_JPEG75\56719_0.jpg,Partially AI-Edited,,0.0027,0.4124,0.0063,0.73,24,1.2,4.39,2.3,5.58,362.8,41.95,324.77,454.05
partially_ai_edited\AutoSplice\Forged_JPEG75\57095_2.jpg,Partially AI-Edited,,0.9979,0.3041,0.0197,0.32,7,0.57,4.36,2.51,4.97,266.81,48.21,252.55,209.01
partially_ai_edited\AutoSplice\Forged_JPEG75\57211_2.jpg,Partially AI-Edited,,0.0001,0.4805,0.0928,0.78,19,1.51,10.06,6.61,13.54,3628.51,64.13,3659.28,4910.81
partially_ai_edited\AutoSplice\Forged_JPEG75\57246_1.jpg,Partially AI-Edited,,0.0,0.1854,0.0,0.75,13,0.97,7.36,4.48,7.27,717.9,72.94,766.33,787.15
partially_ai_edited\AutoSplice\Forged_JPEG75\57251_1.jpg,Partially AI-Edited,,0.454,0.2193,0.0034,1.15,12,1.21,17.19,7.03,7.89,1672.05,79.77,1679.72,1569.56
partially_ai_edited\AutoSplice\Forged_JPEG75\57276_1.jpg,Partially AI-Edited,,0.4615,0.2417,0.0014,0.7,16,1.03,3.44,2.05,3.26,133.87,39.57,137.32,130.93
partially_ai_edited\AutoSplice\Forged_JPEG75\57276_2.jpg,Partially AI-Edited,,0.8311,0.2451,0.0021,0.74,18,1.07,3.86,2.08,2.89,106.58,41.33,105.35,82.05
partially_ai_edited\AutoSplice\Forged_JPEG75\57303_2.jpg,Partially AI-Edited,,0.313,0.1216,0.0003,0.45,19,0.97,3.56,1.97,5.62,358.87,43.33,378.77,640.96
partially_ai_edited\AutoSplice\Forged_JPEG75\57352_0.jpg,Partially AI-Edited,,0.31,0.2825,0.0,0.62,18,0.99,4.5,2.06,3.66,181.26,39.24,173.04,155.93
partially_ai_edited\AutoSplice\Forged_JPEG75\57406_1.jpg,Partially AI-Edited,,0.0,0.2175,0.0,1.0,19,1.18,11.98,5.76,8.25,1105.69,75.45,1132.93,859.26
partially_ai_edited\AutoSplice\Forged_JPEG75\57579_0.jpg,Partially AI-Edited,,0.0201,0.3451,0.0006,0.53,9,0.82,3.14,1.76,2.97,120.36,34.09,125.45,113.76
partially_ai_edited\AutoSplice\Forged_JPEG75\57641_2.jpg,Partially AI-Edited,,0.6299,0.4352,0.0003,1.0,32,1.69,7.34,3.61,6.83,615.54,56.19,558.21,710.92
partially_ai_edited\AutoSplice\Forged_JPEG75\57661_2.jpg,Partially AI-Edited,,0.0001,0.2445,0.0004,0.89,30,1.51,7.69,3.81,7.1,689.81,53.35,693.35,789.64
partially_ai_edited\AutoSplice\Forged_JPEG75\57808_0.jpg,Partially AI-Edited,,0.0041,0.3187,0.0,0.67,20,1.1,6.43,2.85,6.31,467.38,50.74,485.57,545.8
partially_ai_edited\AutoSplice\Forged_JPEG75\57813_1.jpg,Partially AI-Edited,,0.0045,0.1564,0.0018,0.81,14,0.97,11.8,5.49,6.79,807.41,75.31,783.77,538.74
partially_ai_edited\AutoSplice\Forged_JPEG75\58039_0.jpg,Partially AI-Edited,,1.0,0.0578,0.002,0.25,9,0.61,1.61,1.12,3.58,138.0,18.56,132.66,174.67
partially_ai_edited\AutoSplice\Forged_JPEG75\58050_2.jpg,Partially AI-Edited,,0.0,0.182,0.0,0.33,14,0.74,3.39,1.84,4.86,312.94,30.03,318.6,487.58
partially_ai_edited\AutoSplice\Forged_JPEG75\58238_1.jpg,Partially AI-Edited,,0.4722,0.2211,0.017,0.72,33,1.77,4.39,2.34,5.5,331.49,37.23,340.34,361.84
partially_ai_edited\AutoSplice\Forged_JPEG75\58256_2.jpg,Partially AI-Edited,,0.0075,0.1813,0.0001,0.58,9,0.82,6.75,2.65,4.09,223.06,46.2,211.5,200.61
partially_ai_edited\AutoSplice\Forged_JPEG75\58290_0.jpg,Partially AI-Edited,,0.9946,0.169,0.0007,0.6,21,0.89,4.25,3.07,3.63,219.47,43.07,221.56,147.63
partially_ai_edited\AutoSplice\Forged_JPEG75\58301_1.jpg,Partially AI-Edited,,0.8431,0.5859,0.0009,1.23,40,2.29,6.43,3.51,8.22,895.46,59.54,1183.37,1417.96
partially_ai_edited\AutoSplice\Forged_JPEG75\58359_0.jpg,Partially AI-Edited,,0.0001,0.2659,0.0,0.67,16,0.94,8.68,4.34,6.78,733.48,59.89,747.37,698.06
partially_ai_edited\AutoSplice\Forged_JPEG75\58400_2.jpg,Partially AI-Edited,,0.0001,0.3362,0.0001,0.65,17,1.0,8.4,4.56,7.96,863.9,58.97,816.96,731.79
partially_ai_edited\AutoSplice\Forged_JPEG75\58424_2.jpg,Partially AI-Edited,,0.0264,0.3133,0.0144,0.49,21,0.88,3.57,1.62,3.88,156.78,37.43,168.15,228.37
partially_ai_edited\AutoSplice\Forged_JPEG75\58534_1.jpg,Partially AI-Edited,,0.0,0.2533,0.0,0.69,16,1.03,4.82,3.56,6.99,738.28,48.19,751.25,900.31
partially_ai_edited\AutoSplice\Forged_JPEG75\58534_2.jpg,Partially AI-Edited,,0.0,0.27,0.0,0.69,14,1.02,5.23,3.74,7.34,800.25,49.93,805.3,978.75
partially_ai_edited\AutoSplice\Forged_JPEG75\58673_2.jpg,Partially AI-Edited,,0.0008,0.238,0.0017,1.33,28,1.63,15.23,8.2,10.04,2164.21,93.01,2009.71,1327.54
partially_ai_edited\AutoSplice\Forged_JPEG75\58705_1.jpg,Partially AI-Edited,,0.0019,0.0152,0.0007,0.26,11,0.61,1.48,1.13,3.42,132.2,17.05,134.94,254.04
partially_ai_edited\AutoSplice\Forged_JPEG75\58869_1.jpg,Partially AI-Edited,,0.2672,0.2823,0.0005,0.74,10,0.98,9.84,3.96,6.61,563.26,65.53,1450.7,3953.84
partially_ai_edited\AutoSplice\Forged_JPEG75\58930_1.jpg,Partially AI-Edited,,0.0821,0.2396,0.0002,0.69,26,0.96,6.03,2.69,5.2,385.31,53.66,391.13,565.8
partially_ai_edited\AutoSplice\Forged_JPEG75\58969_1.jpg,Partially AI-Edited,,0.1877,0.2369,0.0032,0.82,28,1.35,5.04,2.39,4.41,226.35,44.76,231.9,170.33
partially_ai_edited\AutoSplice\Forged_JPEG75\59053_0.jpg,Partially AI-Edited,,0.8981,0.2946,0.0,1.37,15,1.38,22.89,8.55,8.51,1097.54,150.72,1015.89,558.89
partially_ai_edited\AutoSplice\Forged_JPEG75\59099_1.jpg,Partially AI-Edited,,0.0,0.1735,0.0001,1.5,24,1.64,20.31,10.1,11.67,3265.62,119.1,3314.52,1705.15
partially_ai_edited\AutoSplice\Forged_JPEG75\59212_0.jpg,Partially AI-Edited,,0.0002,0.3076,0.0,1.27,25,1.47,10.33,4.69,6.3,861.33,62.53,780.19,429.35
partially_ai_edited\AutoSplice\Forged_JPEG75\59241_1.jpg,Partially AI-Edited,,0.7092,0.5877,0.0091,0.74,15,1.15,6.76,3.32,7.43,728.81,53.39,678.62,642.2
partially_ai_edited\AutoSplice\Forged_JPEG75\59322_2.jpg,Partially AI-Edited,,0.9999,0.0167,0.3347,0.26,15,0.75,3.84,1.64,5.0,308.55,23.24,312.43,554.56
partially_ai_edited\AutoSplice\Forged_JPEG75\59462_1.jpg,Partially AI-Edited,,0.9992,0.235,0.3803,0.46,32,0.77,2.11,1.4,3.74,137.1,28.83,188.94,306.08
partially_ai_edited\AutoSplice\Forged_JPEG75\59575_2.jpg,Partially AI-Edited,,0.997,0.194,0.0519,0.7,10,0.98,6.88,2.93,4.69,212.96,68.15,244.21,118.97
partially_ai_edited\AutoSplice\Forged_JPEG75\59577_2.jpg,Partially AI-Edited,,0.3341,0.2477,0.0005,0.55,15,0.89,4.16,2.31,4.91,336.52,41.49,385.88,386.4
partially_ai_edited\AutoSplice\Forged_JPEG75\59599_0.jpg,Partially AI-Edited,,0.9907,0.4103,0.003,0.94,33,1.78,5.82,2.76,6.06,418.21,51.33,423.48,524.46
partially_ai_edited\AutoSplice\Forged_JPEG75\59704_1.jpg,Partially AI-Edited,,0.8545,0.1602,0.0007,0.77,14,1.05,6.42,2.78,4.77,278.68,55.53,285.99,209.39
partially_ai_edited\AutoSplice\Forged_JPEG75\59711_0.jpg,Partially AI-Edited,,0.0058,0.1884,0.0001,0.44,9,0.76,3.16,1.48,2.97,90.49,35.37,93.75,58.91
partially_ai_edited\AutoSplice\Forged_JPEG75\59712_0.jpg,Partially AI-Edited,,0.0002,0.3914,0.0,0.51,14,0.92,4.42,2.24,5.17,319.53,40.38,302.82,305.8
partially_ai_edited\AutoSplice\Forged_JPEG75\59712_2.jpg,Partially AI-Edited,,0.002,0.3231,0.0,0.47,10,0.82,4.04,2.17,5.0,301.84,38.16,268.91,305.98
partially_ai_edited\AutoSplice\Forged_JPEG75\59734_1.jpg,Partially AI-Edited,,0.0035,0.1731,0.0001,0.42,10,0.71,5.9,3.12,5.64,475.47,52.19,494.6,364.3
partially_ai_edited\AutoSplice\Forged_JPEG75\59828_1.jpg,Partially AI-Edited,,0.1459,0.2577,0.0006,0.71,15,1.08,5.4,2.65,5.08,304.25,47.44,299.55,390.25
partially_ai_edited\AutoSplice\Forged_JPEG75\59834_0.jpg,Partially AI-Edited,,0.7156,0.1916,0.0046,0.95,36,1.32,12.44,5.51,8.35,1028.52,82.65,1060.3,982.41
partially_ai_edited\AutoSplice\Forged_JPEG75\59865_0.jpg,Partially AI-Edited,,0.157,0.3033,0.0121,0.61,15,1.0,4.25,1.64,3.43,123.08,37.22,112.3,122.04
partially_ai_edited\AutoSplice\Forged_JPEG75\59865_2.jpg,Partially AI-Edited,,0.998,0.4072,0.0695,0.76,33,1.26,6.36,2.82,5.75,345.29,54.76,313.21,382.48
partially_ai_edited\AutoSplice\Forged_JPEG75\59894_1.jpg,Partially AI-Edited,,0.3941,0.1526,0.0001,0.69,27,1.11,4.22,2.17,4.36,218.99,45.81,220.64,269.8
partially_ai_edited\AutoSplice\Forged_JPEG75\59993_2.jpg,Partially AI-Edited,,0.8354,0.3688,0.0033,0.52,21,1.09,3.75,1.87,4.94,316.66,30.64,312.04,319.04
partially_ai_edited\AutoSplice\Forged_JPEG75\60140_1.jpg,Partially AI-Edited,,0.0001,0.1351,0.0,0.61,19,1.02,6.67,4.27,8.46,795.82,68.88,844.67,430.09
partially_ai_edited\AutoSplice\Forged_JPEG75\60251_0.jpg,Partially AI-Edited,,0.4414,0.3456,0.0003,0.43,10,0.86,3.18,1.8,5.52,315.71,29.3,319.49,698.36
partially_ai_edited\AutoSplice\Forged_JPEG75\60340_2.jpg,Partially AI-Edited,,0.7274,0.2341,0.0027,0.61,14,0.98,3.99,1.95,3.66,150.04,40.37,171.05,178.49
partially_ai_edited\AutoSplice\Forged_JPEG75\60430_1.jpg,Partially AI-Edited,,0.0,0.3822,0.0031,0.7,18,1.14,7.99,4.39,9.07,1271.87,57.2,1292.49,1568.72
partially_ai_edited\AutoSplice\Forged_JPEG75\60574_2.jpg,Partially AI-Edited,,0.0011,0.2257,0.0001,1.21,13,1.44,19.88,11.45,14.07,4472.44,130.0,4141.79,4142.79
partially_ai_edited\AutoSplice\Forged_JPEG75\60582_1.jpg,Partially AI-Edited,,0.0051,0.1282,0.0021,0.44,11,0.83,3.54,2.03,5.52,365.07,39.61,319.68,441.25
partially_ai_edited\AutoSplice\Forged_JPEG75\60632_0.jpg,Partially AI-Edited,,0.0848,0.3073,0.0001,0.47,18,0.91,4.02,2.29,5.65,413.47,38.48,453.34,648.46
partially_ai_edited\AutoSplice\Forged_JPEG75\60708_1.jpg,Partially AI-Edited,,0.7483,0.1061,0.0125,0.35,10,0.75,1.74,1.07,3.12,98.91,22.44,85.94,133.84
partially_ai_edited\AutoSplice\Forged_JPEG75\61213_0.jpg,Partially AI-Edited,,0.0002,0.157,0.0,1.1,26,1.27,11.85,5.93,6.73,1017.13,70.06,1032.8,655.93
partially_ai_edited\AutoSplice\Forged_JPEG75\61270_2.jpg,Partially AI-Edited,,0.007,0.3355,0.0003,0.76,25,1.31,6.42,4.84,10.04,1210.54,67.81,1110.32,1133.35
partially_ai_edited\AutoSplice\Forged_JPEG75\61298_1.jpg,Partially AI-Edited,,0.3491,0.1799,0.0,0.62,11,0.91,5.67,3.27,6.69,533.17,58.48,507.93,642.41
partially_ai_edited\AutoSplice\Forged_JPEG75\61420_0.jpg,Partially AI-Edited,,0.0015,0.3073,0.0001,0.46,10,0.79,4.05,1.7,3.49,142.33,33.17,146.33,102.5
partially_ai_edited\AutoSplice\Forged_JPEG75\61575_2.jpg,Partially AI-Edited,,0.0098,0.1186,0.0326,0.28,14,0.76,2.27,1.28,4.26,242.44,18.96,248.78,464.42
partially_ai_edited\AutoSplice\Forged_JPEG75\62484_0.jpg,Partially AI-Edited,,0.0,0.272,0.0003,0.65,15,0.95,5.05,2.32,4.13,240.37,40.36,231.38,245.52
partially_ai_edited\AutoSplice\Forged_JPEG75\62579_1.jpg,Partially AI-Edited,,0.1671,0.4033,0.0963,0.67,22,1.11,4.25,2.35,5.63,394.59,40.58,362.38,458.45
partially_ai_edited\AutoSplice\Forged_JPEG75\62680_1.jpg,Partially AI-Edited,,0.6706,0.1837,0.0006,0.46,32,0.94,3.02,2.14,4.36,220.82,30.6,223.08,196.48
partially_ai_edited\AutoSplice\Forged_JPEG75\62755_2.jpg,Partially AI-Edited,,0.3849,0.2131,0.0004,0.88,14,1.08,7.04,2.53,3.26,128.63,63.08,139.36,102.96
partially_ai_edited\AutoSplice\Forged_JPEG75\62791_0.jpg,Partially AI-Edited,,0.2487,0.1069,0.0,0.65,11,0.82,11.18,4.53,6.47,622.26,77.22,677.73,486.31
partially_ai_edited\AutoSplice\Forged_JPEG75\63000_1.jpg,Partially AI-Edited,,0.0119,0.3676,0.0087,0.66,18,1.09,5.45,2.82,5.89,464.95,46.89,480.08,462.08
partially_ai_edited\AutoSplice\Forged_JPEG75\63103_1.jpg,Partially AI-Edited,,0.0001,0.1691,0.0,0.99,19,1.28,11.07,5.55,8.1,1062.79,78.92,1099.22,882.35
partially_ai_edited\AutoSplice\Forged_JPEG75\63145_1.jpg,Partially AI-Edited,,0.0002,0.2728,0.0,1.09,16,1.33,15.54,7.44,10.4,1835.48,93.56,1774.94,1400.18
partially_ai_edited\AutoSplice\Forged_JPEG75\63145_2.jpg,Partially AI-Edited,,0.0003,0.2669,0.0,1.07,19,1.31,15.44,7.68,10.99,1993.96,96.81,1915.4,1542.92
partially_ai_edited\AutoSplice\Forged_JPEG75\63308_0.jpg,Partially AI-Edited,,0.3261,0.1865,0.0002,0.59,9,0.87,5.61,2.34,3.78,172.72,48.44,173.97,164.36
partially_ai_edited\AutoSplice\Forged_JPEG75\63409_2.jpg,Partially AI-Edited,,0.0003,0.4042,0.0001,0.84,13,1.18,10.71,5.68,9.91,1200.81,88.06,1251.87,1139.97
partially_ai_edited\AutoSplice\Forged_JPEG75\63431_2.jpg,Partially AI-Edited,,0.9905,0.266,0.0034,0.61,19,0.92,10.58,4.81,7.23,708.05,67.94,731.28,425.55
partially_ai_edited\AutoSplice\Forged_JPEG75\63491_0.jpg,Partially AI-Edited,,0.3255,0.4737,0.0032,0.33,13,0.74,3.55,1.67,4.29,258.15,26.04,268.84,308.84
partially_ai_edited\AutoSplice\Forged_JPEG75\63690_1.jpg,Partially AI-Edited,,0.2629,0.2072,0.0004,0.72,16,1.02,9.11,4.69,6.68,643.69,66.56,651.87,409.04
partially_ai_edited\AutoSplice\Forged_JPEG75\63986_1.jpg,Partially AI-Edited,,0.0,0.2201,0.0001,0.98,21,1.7,5.35,2.29,4.33,226.05,36.3,222.42,204.08
partially_ai_edited\AutoSplice\Forged_JPEG75\63986_2.jpg,Partially AI-Edited,,0.0,0.2851,0.0003,1.05,22,1.74,5.39,2.57,4.87,268.65,41.17,260.23,243.2
partially_ai_edited\AutoSplice\Forged_JPEG75\64247_0.jpg,Partially AI-Edited,,0.0714,0.4131,0.0,0.82,35,1.61,6.78,3.27,6.93,699.77,47.79,723.4,888.85
partially_ai_edited\AutoSplice\Forged_JPEG75\64247_1.jpg,Partially AI-Edited,,0.8255,0.3553,0.0013,0.73,28,1.33,4.83,2.67,6.49,608.6,39.36,621.57,669.77
partially_ai_edited\AutoSplice\Forged_JPEG75\64375_0.jpg,Partially AI-Edited,,0.0107,0.1462,0.0001,0.65,10,0.9,5.39,2.49,4.54,279.89,46.64,296.86,303.03
partially_ai_edited\AutoSplice\Forged_JPEG75\64375_1.jpg,Partially AI-Edited,,0.0002,0.175,0.0,0.7,11,0.89,4.6,2.62,4.07,259.75,44.06,286.96,313.0
partially_ai_edited\AutoSplice\Forged_JPEG75\64426_2.jpg,Partially AI-Edited,,0.0001,0.4268,0.0012,1.18,21,1.63,9.06,7.01,11.8,2172.71,80.21,2364.39,2678.13
partially_ai_edited\AutoSplice\Forged_JPEG75\64499_1.jpg,Partially AI-Edited,,0.64,0.4623,0.0017,0.78,12,1.14,11.12,5.61,9.4,1401.92,68.69,1439.26,1558.99
partially_ai_edited\AutoSplice\Forged_JPEG75\64741_2.jpg,Partially AI-Edited,,0.0026,0.1842,0.0001,0.45,21,0.86,5.18,2.6,5.71,404.01,43.45,414.26,408.61
partially_ai_edited\AutoSplice\Forged_JPEG75\64958_1.jpg,Partially AI-Edited,,0.9996,0.2589,0.0013,0.48,37,0.93,2.56,1.56,3.84,159.73,34.03,162.4,217.45
partially_ai_edited\AutoSplice\Forged_JPEG75\65187_2.jpg,Partially AI-Edited,,0.0233,0.2271,0.0214,0.39,18,0.77,2.45,1.38,3.65,171.85,26.8,181.38,221.14
partially_ai_edited\AutoSplice\Forged_JPEG75\65350_0.jpg,Partially AI-Edited,,0.0002,0.0429,0.0028,0.25,11,0.66,2.82,1.6,4.62,254.09,21.32,250.59,399.26
partially_ai_edited\AutoSplice\Forged_JPEG75\65628_2.jpg,Partially AI-Edited,,0.0005,0.2892,0.0001,1.14,32,1.67,7.57,3.86,6.85,667.93,61.15,599.5,637.83
partially_ai_edited\AutoSplice\Forged_JPEG75\65706_2.jpg,Partially AI-Edited,,0.0001,0.4334,0.0001,0.47,13,0.92,4.81,2.19,4.67,239.36,37.9,257.87,300.42
partially_ai_edited\AutoSplice\Forged_JPEG75\65720_1.jpg,Partially AI-Edited,,0.0017,0.2419,0.0005,1.56,17,1.75,19.78,14.13,17.45,7518.74,154.15,7648.31,3439.63
partially_ai_edited\AutoSplice\Forged_JPEG75\65720_2.jpg,Partially AI-Edited,,0.0069,0.2916,0.0004,0.65,9,0.78,4.41,4.74,7.9,935.32,53.27,800.02,519.89
partially_ai_edited\AutoSplice\Forged_JPEG75\65722_1.jpg,Partially AI-Edited,,0.0307,0.1844,0.0001,1.15,31,2.28,2.89,1.77,3.42,129.82,27.53,142.54,95.92
partially_ai_edited\AutoSplice\Forged_JPEG75\65891_1.jpg,Partially AI-Edited,,0.0001,0.2346,0.0001,1.05,22,1.18,16.53,7.84,9.45,1656.61,111.22,1687.81,1387.95
partially_ai_edited\AutoSplice\Forged_JPEG75\66178_2.jpg,Partially AI-Edited,,0.0482,0.3057,0.0001,1.04,20,1.32,5.03,3.66,5.61,440.01,52.76,417.92,215.35
partially_ai_edited\AutoSplice\Forged_JPEG75\66299_1.jpg,Partially AI-Edited,,0.0001,0.5297,0.0005,0.68,15,1.15,5.94,3.78,8.67,1035.18,56.11,929.87,1067.7
partially_ai_edited\AutoSplice\Forged_JPEG75\66468_0.jpg,Partially AI-Edited,,0.6256,0.1688,0.0037,0.59,10,0.85,5.35,2.73,5.21,392.77,47.55,401.39,612.81
partially_ai_edited\AutoSplice\Forged_JPEG75\66661_1.jpg,Partially AI-Edited,,0.0001,0.1138,0.0005,1.02,14,1.18,16.4,7.72,9.51,1704.02,105.38,1772.1,1252.65
partially_ai_edited\AutoSplice\Forged_JPEG75\66728_0.jpg,Partially AI-Edited,,0.0056,0.2373,0.0,0.67,14,1.0,6.48,3.08,5.9,479.35,50.63,496.24,431.46
partially_ai_edited\AutoSplice\Forged_JPEG75\66730_2.jpg,Partially AI-Edited,,0.0548,0.2945,0.0001,0.91,25,1.36,11.8,5.03,7.34,836.83,77.5,813.88,501.77
partially_ai_edited\AutoSplice\Forged_JPEG75\66751_2.jpg,Partially AI-Edited,,0.9694,0.1506,0.0016,0.72,13,0.87,10.34,4.29,5.33,528.16,63.85,537.99,470.6
partially_ai_edited\AutoSplice\Forged_JPEG75\66827_0.jpg,Partially AI-Edited,,0.0009,0.2177,0.0,0.99,27,1.54,9.74,4.75,7.43,908.26,70.17,936.43,902.72
partially_ai_edited\AutoSplice\Forged_JPEG75\66827_1.jpg,Partially AI-Edited,,0.0011,0.2034,0.0,0.99,27,1.55,9.53,4.7,7.43,907.74,68.67,933.4,898.94
partially_ai_edited\AutoSplice\Forged_JPEG75\66883_2.jpg,Partially AI-Edited,,0.0009,0.3476,0.0001,0.55,14,0.9,5.64,2.82,5.78,382.52,50.11,387.43,303.93
partially_ai_edited\AutoSplice\Forged_JPEG75\67065_1.jpg,Partially AI-Edited,,0.8502,0.2046,0.0001,1.28,16,1.38,21.23,8.82,10.19,2552.52,103.57,2585.35,2451.53
partially_ai_edited\AutoSplice\Forged_JPEG75\67162_1.jpg,Partially AI-Edited,,0.0026,0.2585,0.0001,0.69,18,1.28,8.46,4.23,8.82,1319.52,53.87,1189.89,1221.98
partially_ai_edited\AutoSplice\Forged_JPEG75\67178_0.jpg,Partially AI-Edited,,0.0027,0.2411,0.0002,0.75,12,1.03,5.6,2.69,4.46,315.0,47.27,319.04,375.58
partially_ai_edited\AutoSplice\Forged_JPEG75\67202_1.jpg,Partially AI-Edited,,0.7196,0.3558,0.0002,0.39,22,0.77,4.01,1.77,4.07,191.93,33.03,198.23,283.46
partially_ai_edited\AutoSplice\Forged_JPEG75\67202_2.jpg,Partially AI-Edited,,0.9985,0.3622,0.0002,0.42,18,0.79,4.5,1.92,4.14,201.97,33.68,208.33,284.01
partially_ai_edited\AutoSplice\Forged_JPEG75\67306_2.jpg,Partially AI-Edited,,0.001,0.2272,0.0001,1.03,26,1.49,8.8,4.25,7.39,812.99,67.98,820.44,1021.13
partially_ai_edited\AutoSplice\Forged_JPEG75\67337_0.jpg,Partially AI-Edited,,0.0,0.2383,0.0001,0.61,9,0.96,10.2,4.67,8.0,860.25,62.67,865.18,673.28
partially_ai_edited\AutoSplice\Forged_JPEG75\67551_2.jpg,Partially AI-Edited,,0.3776,0.2075,0.0003,0.73,17,1.06,4.85,2.66,4.52,231.85,51.15,232.28,173.55
partially_ai_edited\AutoSplice\Forged_JPEG75\67688_2.jpg,Partially AI-Edited,,0.0758,0.2003,0.0199,0.5,24,0.84,2.28,1.42,2.72,72.95,32.9,76.49,110.68
partially_ai_edited\AutoSplice\Forged_JPEG75\67736_2.jpg,Partially AI-Edited,,0.237,0.2425,0.0001,0.38,11,0.74,3.1,1.74,4.5,257.31,29.72,283.51,328.49
partially_ai_edited\AutoSplice\Forged_JPEG75\67802_0.jpg,Partially AI-Edited,,0.2418,0.2656,0.0008,0.56,34,1.31,4.4,3.09,7.92,733.68,49.96,735.66,535.18
partially_ai_edited\AutoSplice\Forged_JPEG75\67916_2.jpg,Partially AI-Edited,,0.0007,0.2136,0.001,1.9,32,2.29,21.1,8.63,9.75,1569.9,131.58,1633.32,1151.58
partially_ai_edited\AutoSplice\Forged_JPEG75\67981_1.jpg,Partially AI-Edited,,0.1284,0.3679,0.0,0.57,21,1.02,4.04,2.46,6.51,540.83,41.29,476.01,481.27
partially_ai_edited\AutoSplice\Forged_JPEG75\68054_0.jpg,Partially AI-Edited,,0.003,0.2556,0.0007,0.73,18,1.07,5.49,3.06,5.1,351.35,48.3,331.49,379.75
partially_ai_edited\AutoSplice\Forged_JPEG75\68057_2.jpg,Partially AI-Edited,,0.0035,0.1861,0.0026,0.68,12,0.87,3.99,3.11,3.53,208.02,43.79,210.06,113.72
partially_ai_edited\AutoSplice\Forged_JPEG75\68060_2.jpg,Partially AI-Edited,,0.4343,0.1806,0.0047,1.09,34,1.42,3.72,1.99,2.75,107.77,41.64,104.2,127.88
partially_ai_edited\AutoSplice\Forged_JPEG75\68071_2.jpg,Partially AI-Edited,,0.066,0.4649,0.0032,0.76,18,1.45,5.21,2.74,6.81,628.36,50.73,575.66,1204.01
partially_ai_edited\AutoSplice\Forged_JPEG75\68471_1.jpg,Partially AI-Edited,,0.996,0.2619,0.0017,0.67,17,0.98,4.03,2.78,5.56,520.44,36.85,535.06,560.56
partially_ai_edited\AutoSplice\Forged_JPEG75\68849_2.jpg,Partially AI-Edited,,0.9604,0.2127,0.0005,1.06,22,1.51,11.12,5.94,9.62,1583.73,83.43,1634.93,1130.63
partially_ai_edited\AutoSplice\Forged_JPEG75\68930_0.jpg,Partially AI-Edited,,0.0009,0.3343,0.0001,0.54,21,1.05,3.54,1.65,3.55,177.59,27.47,186.67,220.43
partially_ai_edited\AutoSplice\Forged_JPEG75\68930_2.jpg,Partially AI-Edited,,0.8836,0.3333,0.0001,0.61,21,1.16,4.73,1.91,4.1,215.23,34.58,226.47,233.83
partially_ai_edited\AutoSplice\Forged_JPEG75\68971_1.jpg,Partially AI-Edited,,0.9945,0.1787,0.0002,0.91,11,1.02,8.51,3.56,4.67,335.06,62.28,321.23,318.35
partially_ai_edited\AutoSplice\Forged_JPEG75\69036_2.jpg,Partially AI-Edited,,0.0048,0.2581,0.0002,0.92,25,1.37,9.39,4.48,6.56,565.86,67.35,606.63,603.88
partially_ai_edited\AutoSplice\Forged_JPEG75\69063_1.jpg,Partially AI-Edited,,0.0001,0.0943,0.0,1.2,21,1.36,15.35,8.34,11.25,2301.18,99.2,2352.05,2788.39
partially_ai_edited\AutoSplice\Forged_JPEG75\69097_1.jpg,Partially AI-Edited,,0.0006,0.2038,0.0006,0.42,8,0.73,3.38,1.51,3.37,123.87,39.06,124.48,196.78
partially_ai_edited\AutoSplice\Forged_JPEG75\69230_1.jpg,Partially AI-Edited,,0.0016,0.1792,0.0,0.88,20,1.13,10.23,4.4,6.62,688.85,62.47,697.45,331.47
partially_ai_edited\AutoSplice\Forged_JPEG75\69418_0.jpg,Partially AI-Edited,,0.0001,0.1984,0.0001,1.06,17,1.17,14.68,6.16,7.17,997.28,85.84,1115.7,998.57
partially_ai_edited\AutoSplice\Forged_JPEG75\69536_2.jpg,Partially AI-Edited,,0.0013,0.2976,0.0001,0.62,31,1.29,4.97,2.1,4.8,269.8,43.61,282.32,313.69
partially_ai_edited\AutoSplice\Forged_JPEG75\69669_1.jpg,Partially AI-Edited,,0.829,0.3094,0.0078,0.46,17,0.92,3.12,1.63,4.68,262.32,31.04,269.13,408.71
partially_ai_edited\AutoSplice\Forged_JPEG75\69722_0.jpg,Partially AI-Edited,,0.006,0.2425,0.0006,0.77,32,1.51,4.69,2.22,4.98,269.88,44.5,290.14,547.86
partially_ai_edited\AutoSplice\Forged_JPEG75\69777_0.jpg,Partially AI-Edited,,0.405,0.3876,0.0,0.74,27,1.23,6.37,3.08,6.53,594.22,52.14,614.74,504.32
partially_ai_edited\AutoSplice\Forged_JPEG75\69984_2.jpg,Partially AI-Edited,,0.0125,0.3625,0.0025,0.99,27,1.65,4.64,2.05,4.18,259.4,33.1,262.83,252.03
partially_ai_edited\AutoSplice\Forged_JPEG75\70008_1.jpg,Partially AI-Edited,,0.8626,0.1373,0.0027,0.44,15,0.85,2.21,1.07,2.63,86.7,22.7,89.43,126.6
partially_ai_edited\AutoSplice\Forged_JPEG75\70051_0.jpg,Partially AI-Edited,,0.1162,0.3662,0.0008,0.62,20,1.09,4.83,1.94,3.76,150.74,38.79,155.96,167.49
partially_ai_edited\AutoSplice\Forged_JPEG75\70124_2.jpg,Partially AI-Edited,,0.2421,0.1664,0.0161,0.6,22,1.15,2.66,1.42,3.66,125.91,36.72,138.72,197.76
partially_ai_edited\AutoSplice\Forged_JPEG75\70141_1.jpg,Partially AI-Edited,,0.0001,0.2104,0.0,1.27,27,1.74,15.43,7.99,10.75,1988.75,108.62,1990.44,1493.81
partially_ai_edited\AutoSplice\Forged_JPEG75\70144_2.jpg,Partially AI-Edited,,0.1963,0.2725,0.0,1.48,27,2.01,16.01,6.43,8.79,1262.8,97.62,1187.94,1529.14
partially_ai_edited\AutoSplice\Forged_JPEG75\70379_0.jpg,Partially AI-Edited,,0.8113,0.4029,0.0008,0.95,32,1.89,3.9,2.07,5.13,343.1,38.77,338.75,482.76
partially_ai_edited\AutoSplice\Forged_JPEG75\70392_0.jpg,Partially AI-Edited,,0.0343,0.2804,0.0,0.94,16,1.22,9.52,5.13,8.66,1107.69,86.62,1087.39,943.28
partially_ai_edited\AutoSplice\Forged_JPEG75\70456_0.jpg,Partially AI-Edited,,0.0773,0.3687,0.0001,0.9,37,1.65,9.34,5.45,8.69,1081.84,71.73,1072.96,889.85
partially_ai_edited\AutoSplice\Forged_JPEG75\70619_0.jpg,Partially AI-Edited,,0.0,0.3946,0.0,1.17,18,1.53,15.59,7.0,10.06,1905.82,90.25,1944.53,1609.72
partially_ai_edited\AutoSplice\Forged_JPEG75\70619_1.jpg,Partially AI-Edited,,0.0,0.3342,0.0001,1.16,18,1.51,14.83,7.04,10.41,1978.28,89.75,2023.25,1551.76
partially_ai_edited\AutoSplice\Forged_JPEG75\70809_0.jpg,Partially AI-Edited,,0.0238,0.1654,0.0033,0.47,33,0.87,3.67,1.98,4.88,302.82,37.9,309.1,418.61
partially_ai_edited\AutoSplice\Forged_JPEG75\70842_2.jpg,Partially AI-Edited,,0.0266,0.3934,0.0068,0.63,12,1.04,7.32,3.62,7.99,872.06,52.35,936.19,972.39
partially_ai_edited\AutoSplice\Forged_JPEG75\70860_0.jpg,Partially AI-Edited,,0.0864,0.314,0.0005,0.71,27,1.47,4.26,2.29,5.7,404.65,37.56,400.19,733.92
partially_ai_edited\AutoSplice\Forged_JPEG75\70872_0.jpg,Partially AI-Edited,,0.0363,0.1802,0.0025,0.52,20,1.0,3.53,1.79,4.54,306.25,27.47,297.17,371.16
partially_ai_edited\AutoSplice\Forged_JPEG75\70890_0.jpg,Partially AI-Edited,,0.7413,0.4069,0.0006,1.39,20,1.56,14.37,6.17,7.57,931.7,92.01,954.34,1087.57
partially_ai_edited\AutoSplice\Forged_JPEG75\70918_2.jpg,Partially AI-Edited,,0.0598,0.2808,0.0001,0.45,16,0.71,4.89,2.09,3.5,133.92,50.66,143.46,120.34
partially_ai_edited\AutoSplice\Forged_JPEG75\70935_1.jpg,Partially AI-Edited,,0.004,0.1936,0.0038,0.62,18,0.99,2.88,1.59,3.85,176.76,34.94,180.41,305.75
partially_ai_edited\AutoSplice\Forged_JPEG75\70949_2.jpg,Partially AI-Edited,,0.9979,0.4947,0.001,0.83,32,1.74,4.15,2.2,5.36,340.26,34.51,307.81,342.75
partially_ai_edited\AutoSplice\Forged_JPEG75\70961_1.jpg,Partially AI-Edited,,0.0464,0.1638,0.0012,0.58,18,0.98,2.47,1.55,3.22,120.93,39.71,124.93,154.04
partially_ai_edited\AutoSplice\Forged_JPEG75\71000_0.jpg,Partially AI-Edited,,0.4387,0.3209,0.0005,0.92,23,1.09,8.95,5.72,7.93,832.19,86.23,861.18,437.87
partially_ai_edited\AutoSplice\Forged_JPEG75\71000_2.jpg,Partially AI-Edited,,0.5105,0.1987,0.0003,0.92,33,1.94,3.97,2.27,4.87,261.74,40.12,262.83,274.07
partially_ai_edited\AutoSplice\Forged_JPEG75\71057_0.jpg,Partially AI-Edited,,0.0296,0.1061,0.0002,0.75,7,0.85,5.6,3.47,3.85,281.91,50.44,315.83,203.8
partially_ai_edited\AutoSplice\Forged_JPEG75\71057_1.jpg,Partially AI-Edited,,0.0003,0.1425,0.0,0.94,17,1.01,11.75,5.85,6.63,922.7,76.65,949.32,399.17
partially_ai_edited\AutoSplice\Forged_JPEG75\71090_2.jpg,Partially AI-Edited,,0.596,0.1937,0.0001,0.69,28,1.09,8.88,4.16,6.34,518.19,63.25,556.97,583.05
partially_ai_edited\AutoSplice\Forged_JPEG75\71156_0.jpg,Partially AI-Edited,,0.0247,0.2507,0.0309,0.4,11,0.8,3.83,1.77,4.41,262.56,31.91,279.53,336.61
partially_ai_edited\AutoSplice\Forged_JPEG75\71220_1.jpg,Partially AI-Edited,,0.0086,0.0947,0.0,0.45,10,0.78,3.74,1.77,3.67,177.8,31.87,158.6,228.85
partially_ai_edited\AutoSplice\Forged_JPEG75\71263_2.jpg,Partially AI-Edited,,0.8444,0.1105,0.007,0.4,8,0.64,1.48,1.81,2.48,77.7,31.62,83.51,77.42
partially_ai_edited\AutoSplice\Forged_JPEG75\71637_0.jpg,Partially AI-Edited,,0.0011,0.1615,0.0,0.95,19,1.13,12.32,4.91,6.3,746.54,68.42,736.75,627.81
partially_ai_edited\AutoSplice\Forged_JPEG75\71697_2.jpg,Partially AI-Edited,,0.011,0.3594,0.0003,0.89,13,1.19,14.8,7.11,10.46,2104.62,83.1,2137.54,2244.92
partially_ai_edited\AutoSplice\Forged_JPEG75\72027_2.jpg,Partially AI-Edited,,0.0005,0.2488,0.0001,1.3,30,2.28,9.2,6.0,10.49,1218.25,95.23,1282.51,886.02
partially_ai_edited\AutoSplice\Forged_JPEG75\72064_0.jpg,Partially AI-Edited,,0.0001,0.2796,0.0,1.53,29,1.83,16.48,9.34,11.45,2987.44,102.19,3028.0,2077.73
partially_ai_edited\AutoSplice\Forged_JPEG75\72119_0.jpg,Partially AI-Edited,,0.0041,0.2541,0.0001,1.26,29,1.81,11.17,5.47,7.87,923.23,81.28,930.01,452.21
partially_ai_edited\AutoSplice\Forged_JPEG75\72136_1.jpg,Partially AI-Edited,,0.0029,0.1118,0.0003,1.25,21,1.37,20.24,9.71,11.71,2963.27,116.94,3029.21,1308.76
partially_ai_edited\AutoSplice\Forged_JPEG75\72140_2.jpg,Partially AI-Edited,,0.0,0.19,0.0033,0.77,32,1.0,8.25,4.46,5.75,547.68,61.65,555.24,448.17
partially_ai_edited\AutoSplice\Forged_JPEG75\72162_0.jpg,Partially AI-Edited,,0.013,0.4268,0.0863,0.74,23,1.03,10.37,5.91,10.43,1409.74,85.96,1151.63,1730.18
partially_ai_edited\AutoSplice\Forged_JPEG75\72162_1.jpg,Partially AI-Edited,,0.0611,0.4382,0.2889,0.76,28,1.03,10.87,6.1,10.46,1437.47,88.85,1171.84,1732.18
partially_ai_edited\AutoSplice\Forged_JPEG75\72190_0.jpg,Partially AI-Edited,,0.9014,0.3292,0.0058,0.38,15,0.71,3.71,1.88,4.12,163.63,39.17,155.26,268.64
partially_ai_edited\AutoSplice\Forged_JPEG75\72227_2.jpg,Partially AI-Edited,,0.9997,0.244,0.0028,1.92,52,2.58,13.19,6.67,9.08,1332.89,94.4,1366.93,728.24
partially_ai_edited\AutoSplice\Forged_JPEG75\72230_0.jpg,Partially AI-Edited,,0.002,0.1964,0.0643,0.51,28,0.85,2.79,2.94,5.08,445.59,35.64,453.23,786.08
partially_ai_edited\AutoSplice\Forged_JPEG75\72250_0.jpg,Partially AI-Edited,,0.0,0.3434,0.0002,0.9,17,1.21,9.99,5.91,9.78,1626.89,78.48,1679.73,1811.01
partially_ai_edited\AutoSplice\Forged_JPEG75\72481_1.jpg,Partially AI-Edited,,0.3858,0.3806,0.0026,0.6,16,1.0,6.51,3.68,6.53,688.65,52.24,695.81,701.87
partially_ai_edited\AutoSplice\Forged_JPEG75\72548_1.jpg,Partially AI-Edited,,0.9999,0.171,0.0167,0.32,25,0.58,1.65,1.72,3.24,112.76,31.4,122.51,170.98
partially_ai_edited\AutoSplice\Forged_JPEG75\72566_0.jpg,Partially AI-Edited,,0.0045,0.3359,0.0008,0.83,17,1.35,5.83,3.28,7.39,901.46,52.47,927.87,1769.51
partially_ai_edited\AutoSplice\Forged_JPEG75\72579_0.jpg,Partially AI-Edited,,0.3206,0.0167,0.0004,0.23,17,0.82,1.76,0.78,3.3,112.06,13.86,109.32,234.03
partially_ai_edited\AutoSplice\Forged_JPEG75\72723_2.jpg,Partially AI-Edited,,0.0001,0.2416,0.0,0.71,15,0.95,7.89,4.21,6.09,590.71,63.3,595.65,501.3
partially_ai_edited\AutoSplice\Forged_JPEG75\73008_1.jpg,Partially AI-Edited,,0.4796,0.3606,0.0019,0.93,14,1.25,8.76,4.95,8.41,994.06,69.63,960.72,718.33
partially_ai_edited\AutoSplice\Forged_JPEG75\73101_0.jpg,Partially AI-Edited,,0.0057,0.0901,0.0016,0.51,16,0.82,2.29,1.27,3.13,110.56,30.75,118.97,169.02
partially_ai_edited\AutoSplice\Forged_JPEG75\73176_2.jpg,Partially AI-Edited,,0.0057,0.1922,0.0002,0.73,13,0.96,7.78,2.63,4.17,197.02,68.25,194.87,201.51
partially_ai_edited\AutoSplice\Forged_JPEG75\73223_1.jpg,Partially AI-Edited,,0.0014,0.1828,0.0,1.29,19,1.47,7.95,5.87,6.99,1167.49,75.35,1205.39,571.04
partially_ai_edited\AutoSplice\Forged_JPEG75\73473_2.jpg,Partially AI-Edited,,0.0023,0.4125,0.0001,0.45,17,0.83,6.14,2.62,5.33,302.96,50.58,323.98,292.11
partially_ai_edited\AutoSplice\Forged_JPEG75\73493_0.jpg,Partially AI-Edited,,0.0115,0.1214,0.0008,0.49,10,0.73,4.91,3.07,4.97,341.26,46.71,349.15,417.69
partially_ai_edited\AutoSplice\Forged_JPEG75\73517_0.jpg,Partially AI-Edited,,0.0001,0.2774,0.0,1.04,24,1.39,12.49,6.74,10.44,1787.62,86.01,1810.7,1318.81
partially_ai_edited\AutoSplice\Forged_JPEG90\39406_0.jpg,Partially AI-Edited,,0.0004,0.101,0.0,0.35,16,0.88,17.45,8.05,9.69,1795.26,100.29,1834.51,908.32
partially_ai_edited\AutoSplice\Forged_JPEG90\39406_2.jpg,Partially AI-Edited,,0.0597,0.0982,0.0,0.43,22,1.08,17.21,7.92,9.56,1756.98,99.82,1798.2,908.92
partially_ai_edited\AutoSplice\Forged_JPEG90\39436_1.jpg,Partially AI-Edited,,0.0001,0.2492,0.0,0.46,28,1.17,12.43,7.43,11.3,1818.99,94.74,1875.72,1697.79
partially_ai_edited\AutoSplice\Forged_JPEG90\39457_1.jpg,Partially AI-Edited,,0.002,0.1082,0.0001,0.06,18,0.35,2.6,2.17,3.07,125.54,37.06,185.29,213.48
partially_ai_edited\AutoSplice\Forged_JPEG90\39460_1.jpg,Partially AI-Edited,,0.9996,0.2173,0.2712,0.69,36,1.93,6.7,3.75,8.85,1009.61,62.49,1056.7,1309.74
partially_ai_edited\AutoSplice\Forged_JPEG90\39553_2.jpg,Partially AI-Edited,,0.1218,0.1812,0.0003,0.41,19,0.82,6.74,2.94,4.0,228.89,57.23,238.66,204.18
partially_ai_edited\AutoSplice\Forged_JPEG90\39576_1.jpg,Partially AI-Edited,,0.9956,0.1323,0.2085,0.18,20,0.71,2.14,1.24,2.56,70.37,24.94,72.61,102.88
partially_ai_edited\AutoSplice\Forged_JPEG90\39579_1.jpg,Partially AI-Edited,,0.0015,0.1044,0.0,0.35,16,0.79,14.74,7.24,8.86,1476.09,95.66,1504.9,823.13
partially_ai_edited\AutoSplice\Forged_JPEG90\39602_1.jpg,Partially AI-Edited,,0.9998,0.0548,0.1065,0.01,5,0.12,26.17,12.4,12.74,3448.13,146.69,3516.68,1606.33
partially_ai_edited\AutoSplice\Forged_JPEG90\39635_1.jpg,Partially AI-Edited,,0.0049,0.112,0.0012,0.48,18,1.1,8.85,3.17,4.06,231.3,57.62,244.8,148.78
partially_ai_edited\AutoSplice\Forged_JPEG90\39691_2.jpg,Partially AI-Edited,,1.0,0.2357,0.0767,0.23,20,0.83,3.28,1.67,4.07,220.63,33.11,209.77,268.29
partially_ai_edited\AutoSplice\Forged_JPEG90\39836_1.jpg,Partially AI-Edited,,0.9982,0.1854,0.0051,0.06,12,0.36,4.88,1.97,3.71,233.08,45.53,236.15,465.26
partially_ai_edited\AutoSplice\Forged_JPEG90\39886_1.jpg,Partially AI-Edited,,0.7422,0.1737,0.0004,0.16,9,0.51,6.25,3.68,4.88,560.01,49.61,582.3,517.79
partially_ai_edited\AutoSplice\Forged_JPEG90\39985_2.jpg,Partially AI-Edited,,0.0003,0.1872,0.0,0.19,7,0.57,12.08,6.21,9.51,1229.24,83.07,1239.59,1072.52
partially_ai_edited\AutoSplice\Forged_JPEG90\40019_1.jpg,Partially AI-Edited,,0.0001,0.1618,0.0002,0.16,16,0.52,2.97,1.42,2.8,71.63,34.92,140.91,253.08
partially_ai_edited\AutoSplice\Forged_JPEG90\40037_1.jpg,Partially AI-Edited,,0.012,0.2319,0.0019,0.02,5,0.2,2.71,2.49,3.27,239.75,33.9,243.39,233.39
partially_ai_edited\AutoSplice\Forged_JPEG90\40079_1.jpg,Partially AI-Edited,,0.1142,0.1744,0.0161,0.15,7,0.49,5.48,2.0,3.81,197.48,41.72,205.91,176.64
partially_ai_edited\AutoSplice\Forged_JPEG90\40197_1.jpg,Partially AI-Edited,,0.0,0.0699,0.0,0.11,9,0.44,15.54,7.35,9.07,1571.36,89.26,1600.28,727.15
partially_ai_edited\AutoSplice\Forged_JPEG90\40226_2.jpg,Partially AI-Edited,,0.0001,0.2615,0.0001,0.42,36,1.15,8.02,3.22,6.28,526.71,52.71,471.38,635.93
partially_ai_edited\AutoSplice\Forged_JPEG90\40266_1.jpg,Partially AI-Edited,,0.0009,0.3496,0.0,0.71,30,1.32,14.99,7.68,11.51,1949.12,104.38,1992.29,1232.24
partially_ai_edited\AutoSplice\Forged_JPEG90\40444_0.jpg,Partially AI-Edited,,0.9851,0.2758,0.0041,0.37,16,0.88,6.44,2.6,4.29,185.4,57.02,200.71,196.76
partially_ai_edited\AutoSplice\Forged_JPEG90\40444_1.jpg,Partially AI-Edited,,0.9257,0.2853,0.0504,0.32,16,0.81,5.87,2.45,4.04,170.41,52.45,182.06,167.42
partially_ai_edited\AutoSplice\Forged_JPEG90\40469_1.jpg,Partially AI-Edited,,0.0007,0.1564,0.0009,0.09,9,0.44,8.85,3.63,5.97,755.2,50.25,775.89,818.32
partially_ai_edited\AutoSplice\Forged_JPEG90\40567_0.jpg,Partially AI-Edited,,0.9999,0.1686,0.0012,0.63,18,1.07,11.39,4.09,5.05,303.81,77.98,321.43,185.02
partially_ai_edited\AutoSplice\Forged_JPEG90\40574_0.jpg,Partially AI-Edited,,0.006,0.2165,0.4996,0.03,21,0.26,3.27,1.29,2.93,66.55,33.2,75.44,126.81
partially_ai_edited\AutoSplice\Forged_JPEG90\40574_2.jpg,Partially AI-Edited,,0.008,0.2162,0.4312,0.03,21,0.25,3.22,1.27,2.93,66.19,32.42,75.27,126.81
partially_ai_edited\AutoSplice\Forged_JPEG90\40587_1.jpg,Partially AI-Edited,,0.9909,0.2549,0.0068,0.09,7,0.4,1.6,2.02,3.14,156.65,31.34,164.99,167.9
partially_ai_edited\AutoSplice\Forged_JPEG90\40591_0.jpg,Partially AI-Edited,,0.9687,0.3063,0.1605,0.14,15,0.57,2.63,2.09,5.58,316.56,37.07,325.38,317.04
partially_ai_edited\AutoSplice\Forged_JPEG90\40596_0.jpg,Partially AI-Edited,,0.0,0.1809,0.0,0.41,15,0.86,16.38,8.75,10.85,2038.88,109.14,2092.41,1145.86
partially_ai_edited\AutoSplice\Forged_JPEG90\40691_0.jpg,Partially AI-Edited,,0.0002,0.2668,0.0001,0.24,25,0.88,15.09,9.18,12.48,2560.85,101.3,2568.15,2096.14
partially_ai_edited\AutoSplice\Forged_JPEG90\40691_1.jpg,Partially AI-Edited,,0.0005,0.337,0.0,0.24,28,0.94,14.92,9.1,12.46,2544.99,100.66,2547.99,2089.16
partially_ai_edited\AutoSplice\Forged_JPEG90\40691_2.jpg,Partially AI-Edited,,0.0002,0.3024,0.0,0.2,18,0.75,14.3,8.85,12.49,2506.44,97.4,2509.15,2118.79
partially_ai_edited\AutoSplice\Forged_JPEG90\40709_1.jpg,Partially AI-Edited,,0.0452,0.1034,0.3048,0.01,17,0.19,0.29,1.15,1.25,25.53,21.18,25.25,17.1
partially_ai_edited\AutoSplice\Forged_JPEG90\40722_1.jpg,Partially AI-Edited,,0.3791,0.307,0.0001,0.74,25,1.45,20.73,9.8,11.16,2506.86,124.62,2568.31,1878.26
partially_ai_edited\AutoSplice\Forged_JPEG90\40722_2.jpg,Partially AI-Edited,,0.0784,0.2142,0.0023,0.6,15,1.09,21.77,9.61,10.77,2446.93,118.46,2494.38,1923.13
partially_ai_edited\AutoSplice\Forged_JPEG90\40961_2.jpg,Partially AI-Edited,,0.0004,0.3087,0.0005,0.1,12,0.46,3.52,2.19,6.25,533.22,30.62,501.41,941.09
partially_ai_edited\AutoSplice\Forged_JPEG90\41008_2.jpg,Partially AI-Edited,,0.9998,0.3528,0.0167,0.43,25,1.18,4.27,2.84,6.47,435.2,46.16,427.31,365.38
partially_ai_edited\AutoSplice\Forged_JPEG90\41021_1.jpg,Partially AI-Edited,,0.0003,0.1849,0.0,0.17,23,0.64,16.36,7.03,9.38,1639.97,90.35,1703.7,1296.18
partially_ai_edited\AutoSplice\Forged_JPEG90\41032_1.jpg,Partially AI-Edited,,0.0141,0.2151,0.0,0.38,23,1.13,6.45,2.94,5.32,300.95,53.09,316.42,228.15
partially_ai_edited\AutoSplice\Forged_JPEG90\41042_0.jpg,Partially AI-Edited,,0.9861,0.1159,0.0077,1.0,20,1.4,19.18,5.92,5.72,775.35,90.72,788.22,393.82
partially_ai_edited\AutoSplice\Forged_JPEG90\41141_0.jpg,Partially AI-Edited,,0.0017,0.2182,0.0001,0.06,6,0.31,4.98,2.37,3.67,177.53,46.07,158.79,128.26
partially_ai_edited\AutoSplice\Forged_JPEG90\41145_2.jpg,Partially AI-Edited,,0.0,0.2693,0.0,0.09,6,0.39,2.44,1.36,2.69,79.86,25.08,82.05,74.0
partially_ai_edited\AutoSplice\Forged_JPEG90\41187_0.jpg,Partially AI-Edited,,0.0,0.1483,0.0,0.26,16,0.73,13.23,9.04,13.71,3289.71,116.04,3107.56,2744.78
partially_ai_edited\AutoSplice\Forged_JPEG90\41281_2.jpg,Partially AI-Edited,,0.0039,0.2391,0.0004,0.03,8,0.24,4.79,2.24,4.14,201.34,33.36,207.55,182.99
partially_ai_edited\AutoSplice\Forged_JPEG90\41284_2.jpg,Partially AI-Edited,,0.0121,0.3808,0.1707,0.83,35,1.62,2.9,1.24,2.69,78.18,31.83,86.25,88.1
partially_ai_edited\AutoSplice\Forged_JPEG90\41295_1.jpg,Partially AI-Edited,,0.0112,0.3776,0.0145,0.09,11,0.39,8.04,4.53,8.6,859.61,66.1,806.01,926.41
partially_ai_edited\AutoSplice\Forged_JPEG90\41321_2.jpg,Partially AI-Edited,,0.7136,0.4328,0.0405,0.58,25,1.36,8.46,4.08,8.41,1197.81,56.59,1024.99,1324.2
partially_ai_edited\AutoSplice\Forged_JPEG90\41328_2.jpg,Partially AI-Edited,,0.0002,0.2166,0.0001,0.5,21,1.02,15.82,6.69,10.17,1836.25,95.08,1676.74,2065.38
partially_ai_edited\AutoSplice\Forged_JPEG90\41438_2.jpg,Partially AI-Edited,,0.9999,0.3772,0.3346,0.35,27,1.15,4.18,2.46,7.48,737.14,36.62,763.06,1116.44
partially_ai_edited\AutoSplice\Forged_JPEG90\41487_2.jpg,Partially AI-Edited,,0.9991,0.3377,0.0424,0.22,20,0.78,4.28,2.31,6.13,589.15,39.37,578.64,1105.19
partially_ai_edited\AutoSplice\Forged_JPEG90\41491_2.jpg,Partially AI-Edited,,0.9613,0.2515,0.0971,0.21,23,0.69,6.83,2.66,6.56,553.92,54.62,512.56,791.58
partially_ai_edited\AutoSplice\Forged_JPEG90\41524_2.jpg,Partially AI-Edited,,0.9973,0.4726,0.1612,0.35,33,1.33,2.79,1.76,5.45,328.99,30.9,338.97,467.67
partially_ai_edited\AutoSplice\Forged_JPEG90\41540_0.jpg,Partially AI-Edited,,0.9997,0.5,0.0077,0.37,34,1.44,3.33,1.95,5.63,335.11,39.67,355.83,394.68
partially_ai_edited\AutoSplice\Forged_JPEG90\41545_2.jpg,Partially AI-Edited,,0.9995,0.3181,0.0002,0.15,10,0.53,3.8,1.91,4.87,330.46,33.18,328.93,388.44
partially_ai_edited\AutoSplice\Forged_JPEG90\41655_2.jpg,Partially AI-Edited,,0.5789,0.1625,0.0033,0.21,21,0.88,3.88,2.32,6.4,468.89,40.33,497.35,771.75
partially_ai_edited\AutoSplice\Forged_JPEG90\41668_1.jpg,Partially AI-Edited,,0.007,0.0731,0.0001,0.1,7,0.4,13.34,11.29,16.54,3902.63,147.36,4090.75,1679.67
partially_ai_edited\AutoSplice\Forged_JPEG90\41668_2.jpg,Partially AI-Edited,,0.0165,0.0708,0.0001,0.11,9,0.44,13.56,11.35,16.51,3917.4,147.97,4098.45,1700.64
partially_ai_edited\AutoSplice\Forged_JPEG90\41713_2.jpg,Partially AI-Edited,,0.1054,0.2006,0.0309,0.05,4,0.3,6.15,3.93,6.05,480.23,54.69,518.36,420.58
partially_ai_edited\AutoSplice\Forged_JPEG90\41734_2.jpg,Partially AI-Edited,,0.1405,0.2369,0.0001,0.84,22,1.41,20.59,16.17,17.99,5415.67,186.58,5505.69,2740.14
partially_ai_edited\AutoSplice\Forged_JPEG90\41750_2.jpg,Partially AI-Edited,,0.0,0.1722,0.0,0.22,12,0.66,12.68,7.04,9.67,1446.52,90.13,1644.22,1038.03
partially_ai_edited\AutoSplice\Forged_JPEG90\41759_1.jpg,Partially AI-Edited,,0.8677,0.1869,0.0005,1.08,41,2.06,11.65,4.9,6.07,672.58,79.09,692.0,418.48
partially_ai_edited\AutoSplice\Forged_JPEG90\41765_1.jpg,Partially AI-Edited,,0.9982,0.1227,0.007,0.14,9,0.51,2.71,1.37,3.55,143.77,36.95,136.47,328.21
partially_ai_edited\AutoSplice\Forged_JPEG90\41832_1.jpg,Partially AI-Edited,,0.619,0.1625,0.0001,0.42,22,0.96,5.42,1.98,4.4,226.7,44.33,240.71,275.03
partially_ai_edited\AutoSplice\Forged_JPEG90\41958_1.jpg,Partially AI-Edited,,0.0,0.2214,0.0,0.44,25,1.22,20.68,10.06,12.93,3175.23,114.02,3212.9,2116.31
partially_ai_edited\AutoSplice\Forged_JPEG90\41993_2.jpg,Partially AI-Edited,,0.0001,0.201,0.0001,0.15,11,0.56,6.37,3.19,5.75,380.43,53.1,459.54,482.91
partially_ai_edited\AutoSplice\Forged_JPEG90\42035_0.jpg,Partially AI-Edited,,0.0005,0.1467,0.0006,0.05,6,0.29,2.53,1.25,2.14,48.32,34.02,52.03,50.85
partially_ai_edited\AutoSplice\Forged_JPEG90\42074_0.jpg,Partially AI-Edited,,0.0484,0.1654,0.0003,0.55,19,1.05,11.06,4.46,6.33,599.5,74.98,621.41,508.16
partially_ai_edited\AutoSplice\Forged_JPEG90\42149_1.jpg,Partially AI-Edited,,0.0666,0.2436,0.0779,0.08,10,0.38,7.46,3.14,5.68,357.44,55.05,367.69,339.1
partially_ai_edited\AutoSplice\Forged_JPEG90\42241_0.jpg,Partially AI-Edited,,0.9902,0.2149,0.0002,0.43,23,1.11,9.98,3.76,5.9,529.06,61.57,519.65,543.4
partially_ai_edited\AutoSplice\Forged_JPEG90\42255_1.jpg,Partially AI-Edited,,0.113,0.1886,0.0012,0.43,18,0.98,6.15,2.5,3.88,187.33,58.43,203.45,210.58
partially_ai_edited\AutoSplice\Forged_JPEG90\42336_0.jpg,Partially AI-Edited,,0.0386,0.1309,0.0,0.27,10,0.69,21.53,9.94,9.3,2702.87,104.26,2941.75,1823.18
partially_ai_edited\AutoSplice\Forged_JPEG90\42336_1.jpg,Partially AI-Edited,,0.2037,0.1308,0.0,0.29,10,0.7,21.86,10.4,9.82,2899.81,108.89,3118.32,1930.53
partially_ai_edited\AutoSplice\Forged_JPEG90\42368_1.jpg,Partially AI-Edited,,0.9753,0.126,0.006,0.26,18,0.86,4.32,1.89,4.24,318.94,32.91,338.74,461.75
partially_ai_edited\AutoSplice\Forged_JPEG90\42401_1.jpg,Partially AI-Edited,,0.0004,0.1614,0.0,1.04,16,1.32,17.6,8.75,10.56,2134.19,109.07,2187.38,1219.2
partially_ai_edited\AutoSplice\Forged_JPEG90\42407_0.jpg,Partially AI-Edited,,0.746,0.1846,0.001,0.02,6,0.17,5.04,3.32,6.35,649.82,42.73,623.04,763.41
partially_ai_edited\AutoSplice\Forged_JPEG90\42448_1.jpg,Partially AI-Edited,,0.9999,0.401,0.0013,0.91,32,1.84,6.61,2.7,4.36,236.18,57.38,247.17,229.47
partially_ai_edited\AutoSplice\Forged_JPEG90\42512_2.jpg,Partially AI-Edited,,0.1292,0.3979,0.0013,0.71,43,2.16,5.42,2.65,5.93,405.01,42.15,424.34,445.7
partially_ai_edited\AutoSplice\Forged_JPEG90\42549_0.jpg,Partially AI-Edited,,0.9929,0.1105,0.034,0.09,7,0.38,4.78,2.05,4.73,358.02,36.38,353.73,471.7
partially_ai_edited\AutoSplice\Forged_JPEG90\42602_0.jpg,Partially AI-Edited,,0.9923,0.2555,0.0002,0.4,21,1.16,8.44,4.45,6.96,644.34,65.78,620.61,455.61
partially_ai_edited\AutoSplice\Forged_JPEG90\42620_1.jpg,Partially AI-Edited,,0.2013,0.3633,0.0669,0.03,5,0.23,2.75,1.8,5.68,420.42,28.45,419.54,402.15
partially_ai_edited\AutoSplice\Forged_JPEG90\42620_2.jpg,Partially AI-Edited,,0.9966,0.3407,0.0014,0.22,28,0.98,4.48,3.11,9.84,1176.4,42.77,1146.86,1908.44
partially_ai_edited\AutoSplice\Forged_JPEG90\42680_2.jpg,Partially AI-Edited,,0.5226,0.3531,0.2009,0.09,9,0.41,3.91,2.1,4.55,299.09,40.43,309.55,380.07
partially_ai_edited\AutoSplice\Forged_JPEG90\42801_2.jpg,Partially AI-Edited,,0.9999,0.3561,0.0259,0.07,14,0.36,3.38,1.68,3.27,167.44,33.33,171.27,163.34
partially_ai_edited\AutoSplice\Forged_JPEG90\42837_0.jpg,Partially AI-Edited,,0.0002,0.3185,0.0,0.74,31,1.63,17.63,9.85,14.27,3183.28,119.76,3202.55,3587.75
partially_ai_edited\AutoSplice\Forged_JPEG90\42873_0.jpg,Partially AI-Edited,,0.0023,0.1641,0.0019,0.14,8,0.5,3.65,2.39,4.51,234.18,42.67,239.98,238.16
partially_ai_edited\AutoSplice\Forged_JPEG90\42887_1.jpg,Partially AI-Edited,,0.9988,0.2591,0.1222,0.16,25,0.61,4.66,3.0,7.98,806.1,48.53,832.43,710.1
partially_ai_edited\AutoSplice\Forged_JPEG90\43003_0.jpg,Partially AI-Edited,,0.6691,0.2958,0.0002,0.33,25,1.06,10.01,5.64,8.67,1095.52,71.47,1110.13,1126.48
partially_ai_edited\AutoSplice\Forged_JPEG90\43003_2.jpg,Partially AI-Edited,,0.0444,0.2972,0.0001,0.46,28,1.25,10.23,5.4,8.13,1026.47,65.65,1044.4,1068.18
partially_ai_edited\AutoSplice\Forged_JPEG90\43058_1.jpg,Partially AI-Edited,,0.0015,0.11,0.0005,0.41,48,1.37,5.84,3.98,8.89,894.02,61.33,1020.5,1927.5
partially_ai_edited\AutoSplice\Forged_JPEG90\43070_1.jpg,Partially AI-Edited,,0.7265,0.2702,0.0081,0.79,48,2.21,3.59,1.61,3.55,144.23,34.97,153.53,231.71
partially_ai_edited\AutoSplice\Forged_JPEG90\43130_2.jpg,Partially AI-Edited,,0.0072,0.2571,0.0,0.14,23,0.76,7.92,5.04,8.54,1078.22,61.83,1105.43,1183.29
partially_ai_edited\AutoSplice\Forged_JPEG90\43259_2.jpg,Partially AI-Edited,,0.0001,0.1615,0.0,0.07,8,0.34,15.98,7.11,8.68,1559.49,85.41,1563.6,1185.02
partially_ai_edited\AutoSplice\Forged_JPEG90\43277_2.jpg,Partially AI-Edited,,0.0144,0.402,0.0026,0.23,27,1.07,5.13,3.24,7.4,645.6,46.4,675.23,629.8
partially_ai_edited\AutoSplice\Forged_JPEG90\43656_0.jpg,Partially AI-Edited,,0.1214,0.2974,0.0011,0.78,36,2.01,6.52,3.3,6.7,667.03,58.94,679.95,616.93
partially_ai_edited\AutoSplice\Forged_JPEG90\43682_0.jpg,Partially AI-Edited,,0.1272,0.2001,0.0015,0.07,8,0.36,3.17,1.97,5.72,420.77,35.24,412.83,581.57
partially_ai_edited\AutoSplice\Forged_JPEG90\43701_2.jpg,Partially AI-Edited,,0.0032,0.3115,0.0008,0.57,22,1.36,14.61,6.43,8.65,1281.94,85.4,1180.2,1023.97
partially_ai_edited\AutoSplice\Forged_JPEG90\43757_1.jpg,Partially AI-Edited,,0.1531,0.1737,0.0154,0.01,4,0.11,5.66,3.39,6.81,491.59,59.98,588.44,623.29
partially_ai_edited\AutoSplice\Forged_JPEG90\43842_2.jpg,Partially AI-Edited,,0.9984,0.2083,0.0609,0.27,23,0.93,4.48,2.65,5.37,375.05,43.46,415.07,364.79
partially_ai_edited\AutoSplice\Forged_JPEG90\43891_0.jpg,Partially AI-Edited,,0.8975,0.0722,0.0001,0.13,10,0.5,12.92,6.02,6.92,916.78,80.82,962.9,447.84
partially_ai_edited\AutoSplice\Forged_JPEG90\43925_2.jpg,Partially AI-Edited,,0.9904,0.2441,0.0059,0.26,25,0.79,4.86,2.54,5.38,370.2,46.32,389.38,355.8
partially_ai_edited\AutoSplice\Forged_JPEG90\43926_1.jpg,Partially AI-Edited,,0.4035,0.1638,0.0348,0.08,29,0.44,2.8,1.55,4.1,204.2,35.04,201.49,274.78
partially_ai_edited\AutoSplice\Forged_JPEG90\43979_2.jpg,Partially AI-Edited,,0.0038,0.139,0.0006,0.32,14,0.78,7.82,3.11,5.17,377.79,56.84,381.61,357.34
partially_ai_edited\AutoSplice\Forged_JPEG90\43994_2.jpg,Partially AI-Edited,,0.9442,0.2155,0.0002,0.57,21,1.04,26.93,9.96,10.04,2654.59,112.65,2540.53,1591.41
partially_ai_edited\AutoSplice\Forged_JPEG90\44043_2.jpg,Partially AI-Edited,,0.3007,0.2307,0.0045,0.16,11,0.56,3.03,1.76,5.16,304.67,34.89,321.79,502.13
partially_ai_edited\AutoSplice\Forged_JPEG90\44055_2.jpg,Partially AI-Edited,,0.693,0.2044,0.0006,0.1,12,0.43,4.77,2.65,6.33,448.29,42.91,476.38,396.1
partially_ai_edited\AutoSplice\Forged_JPEG90\44058_0.jpg,Partially AI-Edited,,0.8202,0.2272,0.0408,0.19,10,0.58,4.4,1.96,3.83,194.88,40.43,183.56,152.37
partially_ai_edited\AutoSplice\Forged_JPEG90\44061_2.jpg,Partially AI-Edited,,0.5923,0.1181,0.0013,0.06,8,0.31,2.57,1.27,3.09,117.44,26.52,122.97,145.99
partially_ai_edited\AutoSplice\Forged_JPEG90\44154_0.jpg,Partially AI-Edited,,0.9992,0.291,0.006,0.31,19,0.88,4.33,2.24,5.66,412.92,39.11,501.7,636.86
partially_ai_edited\AutoSplice\Forged_JPEG90\44154_1.jpg,Partially AI-Edited,,0.9474,0.2874,0.0381,0.45,16,1.05,8.64,3.11,5.29,393.09,53.54,406.12,419.24
partially_ai_edited\AutoSplice\Forged_JPEG90\44235_2.jpg,Partially AI-Edited,,0.0024,0.1272,0.0001,0.31,30,0.93,7.8,3.85,6.23,486.13,61.47,499.45,354.08
partially_ai_edited\AutoSplice\Forged_JPEG90\44269_2.jpg,Partially AI-Edited,,0.0058,0.1657,0.005,0.2,9,0.58,20.66,11.59,13.97,4031.57,143.32,3972.78,2508.81
partially_ai_edited\AutoSplice\Forged_JPEG90\44324_2.jpg,Partially AI-Edited,,1.0,0.2404,0.0002,0.23,9,0.64,8.06,3.51,5.0,298.07,63.3,320.38,220.56
partially_ai_edited\AutoSplice\Forged_JPEG90\44370_2.jpg,Partially AI-Edited,,0.2813,0.1224,0.1933,0.17,20,0.63,2.37,1.37,3.77,191.16,28.93,192.63,315.91
partially_ai_edited\AutoSplice\Forged_JPEG90\44399_0.jpg,Partially AI-Edited,,0.8963,0.2347,0.0125,0.24,21,0.82,3.58,1.94,4.16,218.95,32.04,225.88,270.2
partially_ai_edited\AutoSplice\Forged_JPEG90\44479_1.jpg,Partially AI-Edited,,0.9654,0.074,0.0252,0.14,16,0.57,2.44,1.54,3.28,141.25,32.51,144.14,241.12
partially_ai_edited\AutoSplice\Forged_JPEG90\44505_2.jpg,Partially AI-Edited,,0.0588,0.1999,0.0007,0.34,9,0.73,3.89,4.22,5.2,965.24,36.52,928.71,761.49
partially_ai_edited\AutoSplice\Forged_JPEG90\44659_1.jpg,Partially AI-Edited,,0.002,0.379,0.0,0.62,20,1.43,8.64,4.81,8.61,735.66,79.8,749.53,507.75
partially_ai_edited\AutoSplice\Forged_JPEG90\44659_2.jpg,Partially AI-Edited,,0.0062,0.3189,0.0002,0.53,17,1.25,8.42,3.97,7.11,470.36,71.13,477.71,452.85
partially_ai_edited\AutoSplice\Forged_JPEG90\44705_0.jpg,Partially AI-Edited,,0.0122,0.2396,0.005,0.3,14,0.81,8.23,3.4,4.94,382.33,61.56,405.43,278.57
partially_ai_edited\AutoSplice\Forged_JPEG90\44705_1.jpg,Partially AI-Edited,,0.0701,0.1459,0.0212,0.14,10,0.5,5.45,2.42,3.68,180.66,47.34,187.78,121.94
partially_ai_edited\AutoSplice\Forged_JPEG90\44785_0.jpg,Partially AI-Edited,,0.6692,0.4044,0.0046,0.09,10,0.39,5.35,3.17,7.52,895.27,44.82,845.47,731.95
partially_ai_edited\AutoSplice\Forged_JPEG90\44906_1.jpg,Partially AI-Edited,,0.0075,0.215,0.0174,0.03,6,0.21,5.56,1.81,3.07,97.13,41.56,97.51,105.08
partially_ai_edited\AutoSplice\Forged_JPEG90\44998_2.jpg,Partially AI-Edited,,0.0039,0.2665,0.0033,0.24,15,0.64,4.04,1.94,4.07,166.31,47.21,180.04,192.59
partially_ai_edited\AutoSplice\Forged_JPEG90\45062_2.jpg,Partially AI-Edited,,0.9775,0.2988,0.0,0.07,9,0.35,2.51,1.37,3.49,146.3,31.22,148.27,180.55
partially_ai_edited\AutoSplice\Forged_JPEG90\45143_0.jpg,Partially AI-Edited,,0.9997,0.1005,0.1541,0.56,24,1.38,8.42,3.54,5.89,400.08,67.02,422.81,290.82
partially_ai_edited\AutoSplice\Forged_JPEG90\45143_1.jpg,Partially AI-Edited,,0.1454,0.1634,0.0003,0.25,11,0.65,7.2,3.08,5.22,295.29,59.04,307.54,223.84
partially_ai_edited\AutoSplice\Forged_JPEG90\45260_1.jpg,Partially AI-Edited,,0.9652,0.0227,0.0746,0.09,25,0.63,2.76,1.29,4.21,246.57,22.87,242.12,435.87
partially_ai_edited\AutoSplice\Forged_JPEG90\45265_1.jpg,Partially AI-Edited,,0.9956,0.1945,0.0013,0.11,11,0.47,3.16,1.81,4.94,316.6,35.42,326.27,485.73
partially_ai_edited\AutoSplice\Forged_JPEG90\45436_1.jpg,Partially AI-Edited,,0.9994,0.2494,0.1003,0.8,28,1.61,6.85,2.39,4.58,288.53,41.16,297.97,443.97
partially_ai_edited\AutoSplice\Forged_JPEG90\45510_1.jpg,Partially AI-Edited,,0.8905,0.0456,0.3289,0.2,20,0.88,1.77,0.99,3.8,197.28,14.6,198.24,427.52
partially_ai_edited\AutoSplice\Forged_JPEG90\45548_1.jpg,Partially AI-Edited,,0.0007,0.1237,0.0001,0.08,6,0.36,5.37,2.91,4.93,321.3,45.06,308.78,401.18
partially_ai_edited\AutoSplice\Forged_JPEG90\45620_1.jpg,Partially AI-Edited,,0.0173,0.3258,0.001,0.03,14,0.29,7.09,4.43,7.3,733.26,61.48,746.75,717.6
partially_ai_edited\AutoSplice\Forged_JPEG90\45641_2.jpg,Partially AI-Edited,,0.8106,0.1659,0.0937,0.22,15,0.77,6.66,3.27,5.87,407.8,50.8,384.17,246.51
partially_ai_edited\AutoSplice\Forged_JPEG90\45770_2.jpg,Partially AI-Edited,,0.9429,0.0624,0.0056,0.19,51,0.77,2.34,1.32,2.44,60.26,29.39,57.0,86.82
partially_ai_edited\AutoSplice\Forged_JPEG90\45842_0.jpg,Partially AI-Edited,,0.0145,0.2913,0.016,0.47,33,1.6,6.32,2.89,5.26,414.64,55.13,423.67,359.13
partially_ai_edited\AutoSplice\Forged_JPEG90\45878_1.jpg,Partially AI-Edited,,0.743,0.1868,0.044,0.47,20,1.15,7.16,3.24,6.26,566.52,57.26,595.68,720.38
partially_ai_edited\AutoSplice\Forged_JPEG90\45879_0.jpg,Partially AI-Edited,,0.9867,0.2389,0.0023,0.1,12,0.42,3.75,1.91,3.97,236.53,31.11,215.66,243.57
partially_ai_edited\AutoSplice\Forged_JPEG90\45983_0.jpg,Partially AI-Edited,,0.215,0.2364,0.0121,0.19,13,0.62,6.32,3.2,6.75,614.56,47.98,582.99,518.48
partially_ai_edited\AutoSplice\Forged_JPEG90\46016_1.jpg,Partially AI-Edited,,0.1052,0.2167,0.0006,0.42,21,1.03,11.12,4.4,6.79,705.66,77.31,743.79,1026.61
partially_ai_edited\AutoSplice\Forged_JPEG90\46104_1.jpg,Partially AI-Edited,,0.0082,0.1792,0.0019,0.23,15,0.73,5.54,2.48,3.71,206.77,44.17,208.27,139.57
partially_ai_edited\AutoSplice\Forged_JPEG90\46307_2.jpg,Partially AI-Edited,,0.9562,0.2989,0.0592,0.19,17,0.7,3.4,1.85,6.22,502.64,31.16,519.64,478.97
partially_ai_edited\AutoSplice\Forged_JPEG90\46425_2.jpg,Partially AI-Edited,,0.9999,0.021,0.0181,0.06,19,0.41,1.73,0.99,3.21,127.75,18.79,115.67,222.92
partially_ai_edited\AutoSplice\Forged_JPEG90\46499_1.jpg,Partially AI-Edited,,0.0724,0.3175,0.0297,0.16,17,0.61,5.41,2.57,5.46,392.72,56.39,410.31,489.32
partially_ai_edited\AutoSplice\Forged_JPEG90\46565_0.jpg,Partially AI-Edited,,0.0876,0.4808,0.082,0.46,25,1.09,7.23,3.69,7.52,946.41,57.85,914.32,1052.89
partially_ai_edited\AutoSplice\Forged_JPEG90\46565_2.jpg,Partially AI-Edited,,0.1286,0.2753,0.0018,0.56,24,1.29,3.31,2.11,5.64,420.59,40.07,404.08,617.69
partially_ai_edited\AutoSplice\Forged_JPEG90\46628_1.jpg,Partially AI-Edited,,0.9088,0.2459,0.2244,0.44,32,1.36,3.56,2.12,6.56,624.08,36.16,609.3,636.47
partially_ai_edited\AutoSplice\Forged_JPEG90\46628_2.jpg,Partially AI-Edited,,1.0,0.1741,0.1462,0.13,32,0.58,3.69,2.01,5.68,340.95,37.85,380.6,471.59
partially_ai_edited\AutoSplice\Forged_JPEG90\46773_0.jpg,Partially AI-Edited,,0.2537,0.2368,0.0062,0.1,7,0.41,8.72,3.55,5.41,388.79,66.94,411.75,335.9
partially_ai_edited\AutoSplice\Forged_JPEG90\46873_0.jpg,Partially AI-Edited,,0.3465,0.3548,0.002,0.84,32,2.1,7.13,5.29,12.15,1954.52,67.78,1986.51,1779.45
partially_ai_edited\AutoSplice\Forged_JPEG90\46923_2.jpg,Partially AI-Edited,,0.0062,0.1073,0.0001,0.13,23,0.69,12.2,6.04,7.96,1066.71,78.99,1104.52,571.31
partially_ai_edited\AutoSplice\Forged_JPEG90\46937_0.jpg,Partially AI-Edited,,0.4852,0.19,0.1087,0.12,23,0.68,1.93,1.21,4.18,237.01,18.53,240.52,450.53
partially_ai_edited\AutoSplice\Forged_JPEG90\46957_0.jpg,Partially AI-Edited,,0.9716,0.215,0.0108,0.2,24,0.85,3.43,1.96,4.13,201.51,43.4,209.18,241.45
partially_ai_edited\AutoSplice\Forged_JPEG90\47017_2.jpg,Partially AI-Edited,,1.0,0.0981,0.0525,0.24,11,0.65,4.59,2.45,5.21,391.92,48.08,358.54,554.98
partially_ai_edited\AutoSplice\Forged_JPEG90\47097_2.jpg,Partially AI-Edited,,0.4108,0.0895,0.0015,0.11,11,0.47,6.98,3.22,4.65,456.32,52.09,465.61,260.66
partially_ai_edited\AutoSplice\Forged_JPEG90\47211_0.jpg,Partially AI-Edited,,0.007,0.4667,0.0083,0.31,34,1.13,11.41,5.38,9.3,1353.32,69.03,1266.91,1566.44
partially_ai_edited\AutoSplice\Forged_JPEG90\47215_0.jpg,Partially AI-Edited,,0.902,0.1708,0.0096,0.27,14,0.76,0.82,1.25,3.13,116.12,16.43,104.1,170.31
partially_ai_edited\AutoSplice\Forged_JPEG90\47267_1.jpg,Partially AI-Edited,,0.9532,0.3399,0.0026,0.37,39,1.28,3.7,1.86,4.83,292.74,33.1,303.99,471.24
partially_ai_edited\AutoSplice\Forged_JPEG90\47410_1.jpg,Partially AI-Edited,,0.9999,0.2574,0.0015,0.05,9,0.28,4.79,1.89,3.95,237.86,37.76,247.3,196.1
partially_ai_edited\AutoSplice\Forged_JPEG90\47495_2.jpg,Partially AI-Edited,,0.0487,0.1065,0.0049,0.27,25,0.77,9.53,3.91,5.73,397.94,69.77,418.59,364.77
partially_ai_edited\AutoSplice\Forged_JPEG90\47536_0.jpg,Partially AI-Edited,,0.9996,0.2962,0.3404,0.05,5,0.27,3.11,1.79,5.69,363.07,39.96,344.08,573.75
partially_ai_edited\AutoSplice\Forged_JPEG90\47614_2.jpg,Partially AI-Edited,,0.9999,0.2736,0.0059,0.16,19,0.75,4.34,2.4,6.56,533.74,37.5,546.53,798.92
partially_ai_edited\AutoSplice\Forged_JPEG90\47749_1.jpg,Partially AI-Edited,,0.9995,0.1468,0.0001,0.41,22,1.12,4.46,2.52,4.03,195.07,43.02,200.95,156.86
partially_ai_edited\AutoSplice\Forged_JPEG90\47844_0.jpg,Partially AI-Edited,,0.0348,0.2776,0.0029,0.38,21,1.08,5.28,2.54,4.65,278.83,49.99,294.09,233.43
partially_ai_edited\AutoSplice\Forged_JPEG90\47919_2.jpg,Partially AI-Edited,,0.9582,0.2842,0.0371,0.03,6,0.23,2.32,1.35,2.99,122.68,28.0,126.66,150.27
partially_ai_edited\AutoSplice\Forged_JPEG90\47973_2.jpg,Partially AI-Edited,,0.551,0.2142,0.0003,0.07,13,0.39,15.35,7.76,9.45,1562.46,87.18,1605.8,1133.14
partially_ai_edited\AutoSplice\Forged_JPEG90\48115_2.jpg,Partially AI-Edited,,0.943,0.3348,0.0117,0.65,29,1.61,4.07,1.86,3.87,198.96,41.34,235.21,334.04
partially_ai_edited\AutoSplice\Forged_JPEG90\48230_0.jpg,Partially AI-Edited,,0.5012,0.1637,0.0046,0.14,19,0.66,3.15,2.49,8.35,825.34,34.73,868.46,1382.05
partially_ai_edited\AutoSplice\Forged_JPEG90\48342_1.jpg,Partially AI-Edited,,0.0102,0.3043,0.0029,0.56,17,1.18,6.19,3.01,6.24,503.0,47.17,456.41,918.02
partially_ai_edited\AutoSplice\Forged_JPEG90\48421_0.jpg,Partially AI-Edited,,0.007,0.185,0.0233,0.25,14,0.71,7.22,3.35,5.67,523.13,61.67,518.48,506.9
partially_ai_edited\AutoSplice\Forged_JPEG90\48535_2.jpg,Partially AI-Edited,,0.9896,0.3504,0.3768,0.13,9,0.5,7.25,3.32,5.92,496.09,48.36,542.72,615.6
partially_ai_edited\AutoSplice\Forged_JPEG90\48707_0.jpg,Partially AI-Edited,,0.9999,0.4186,0.0085,0.78,26,1.68,7.35,3.41,6.4,750.87,49.41,743.61,681.83
partially_ai_edited\AutoSplice\Forged_JPEG90\48925_1.jpg,Partially AI-Edited,,0.9915,0.2369,0.1482,0.48,23,1.09,5.21,2.23,4.28,158.11,55.55,182.83,159.91
partially_ai_edited\AutoSplice\Forged_JPEG90\49019_2.jpg,Partially AI-Edited,,0.9435,0.0076,0.4925,0.07,10,0.37,2.14,1.0,3.36,158.92,15.06,144.64,299.47
partially_ai_edited\AutoSplice\Forged_JPEG90\49054_2.jpg,Partially AI-Edited,,0.0057,0.2111,0.0014,0.44,43,1.59,10.47,3.9,4.63,408.8,51.68,413.92,303.39
partially_ai_edited\AutoSplice\Forged_JPEG90\49323_0.jpg,Partially AI-Edited,,0.1757,0.0785,0.0205,0.14,13,0.5,2.36,1.21,2.94,116.66,27.42,119.34,226.61
partially_ai_edited\AutoSplice\Forged_JPEG90\49342_1.jpg,Partially AI-Edited,,0.9853,0.4694,0.0022,0.38,23,1.05,5.4,2.48,5.19,337.9,48.29,301.45,320.48
partially_ai_edited\AutoSplice\Forged_JPEG90\49555_1.jpg,Partially AI-Edited,,0.0079,0.1363,0.0001,0.02,4,0.18,5.04,2.8,5.54,482.25,40.86,441.28,807.25
partially_ai_edited\AutoSplice\Forged_JPEG90\49694_0.jpg,Partially AI-Edited,,0.9666,0.4034,0.0653,0.17,22,0.67,5.66,2.34,5.5,386.41,46.76,403.32,424.62
partially_ai_edited\AutoSplice\Forged_JPEG90\49867_1.jpg,Partially AI-Edited,,0.0206,0.2472,0.001,0.11,14,0.49,5.38,3.04,6.55,558.1,53.59,615.36,614.28
partially_ai_edited\AutoSplice\Forged_JPEG90\49881_1.jpg,Partially AI-Edited,,0.1335,0.2738,0.0018,0.64,29,1.39,12.12,4.78,6.29,770.82,66.73,765.32,742.09
partially_ai_edited\AutoSplice\Forged_JPEG90\50148_2.jpg,Partially AI-Edited,,0.1764,0.2295,0.0013,0.32,27,1.0,3.19,1.59,4.07,205.3,27.78,191.78,284.16
partially_ai_edited\AutoSplice\Forged_JPEG90\50301_2.jpg,Partially AI-Edited,,0.7193,0.1551,0.2031,0.0,2,0.05,3.85,1.46,2.39,62.46,37.19,70.55,57.31
partially_ai_edited\AutoSplice\Forged_JPEG90\50672_0.jpg,Partially AI-Edited,,0.0136,0.1627,0.0001,0.05,9,0.31,9.25,4.26,6.33,702.05,56.51,716.31,804.54
partially_ai_edited\AutoSplice\Forged_JPEG90\50708_0.jpg,Partially AI-Edited,,0.3483,0.2561,0.0377,0.47,16,1.06,8.18,4.81,6.92,1041.78,62.05,1070.16,646.03
partially_ai_edited\AutoSplice\Forged_JPEG90\50903_1.jpg,Partially AI-Edited,,0.241,0.2079,0.0107,0.2,9,0.56,5.77,2.26,4.81,272.04,45.72,280.22,303.57
partially_ai_edited\AutoSplice\Forged_JPEG90\50986_2.jpg,Partially AI-Edited,,0.9977,0.3484,0.0236,0.0,1,0.04,5.38,3.06,6.33,477.74,51.48,490.73,409.82
partially_ai_edited\AutoSplice\Forged_JPEG90\50998_0.jpg,Partially AI-Edited,,0.4569,0.1046,0.0004,0.04,8,0.26,31.9,18.32,16.21,8677.7,176.87,8770.11,4164.74
partially_ai_edited\AutoSplice\Forged_JPEG90\50998_1.jpg,Partially AI-Edited,,0.7011,0.1051,0.0004,0.04,8,0.27,32.08,18.41,16.2,8708.16,178.32,8800.64,4146.92
partially_ai_edited\AutoSplice\Forged_JPEG90\51054_1.jpg,Partially AI-Edited,,0.2429,0.1959,0.0048,0.1,24,0.49,5.9,2.98,5.08,462.36,43.42,456.99,419.98
partially_ai_edited\AutoSplice\Forged_JPEG90\51119_0.jpg,Partially AI-Edited,,0.0,0.1245,0.0,0.37,19,1.05,14.16,7.12,9.34,1516.45,90.53,1554.71,1140.36
partially_ai_edited\AutoSplice\Forged_JPEG90\51191_0.jpg,Partially AI-Edited,,0.0172,0.2846,0.0007,0.14,8,0.5,4.11,1.85,3.43,171.14,39.66,168.79,201.2
partially_ai_edited\AutoSplice\Forged_JPEG90\51191_2.jpg,Partially AI-Edited,,0.9342,0.2742,0.3113,0.1,11,0.42,4.03,1.79,3.4,184.61,34.35,182.35,267.33
partially_ai_edited\AutoSplice\Forged_JPEG90\51452_1.jpg,Partially AI-Edited,,0.2487,0.1716,0.0204,0.13,16,0.55,7.66,3.67,5.83,538.44,53.57,564.59,708.41
partially_ai_edited\AutoSplice\Forged_JPEG90\51458_0.jpg,Partially AI-Edited,,0.9999,0.3819,0.0132,0.31,23,0.94,6.37,2.82,5.71,410.57,53.35,414.85,806.42
partially_ai_edited\AutoSplice\Forged_JPEG90\51458_1.jpg,Partially AI-Edited,,0.4513,0.2648,0.0163,0.26,12,0.72,5.89,3.04,7.51,682.15,56.02,649.99,1373.82
partially_ai_edited\AutoSplice\Forged_JPEG90\51588_1.jpg,Partially AI-Edited,,0.9683,0.117,0.0,0.51,16,0.93,12.73,6.74,8.68,1441.66,94.89,1506.41,474.28
partially_ai_edited\AutoSplice\Forged_JPEG90\51683_1.jpg,Partially AI-Edited,,0.9941,0.3311,0.0555,0.34,23,1.02,5.81,2.41,4.59,283.0,45.04,287.77,261.93
partially_ai_edited\AutoSplice\Forged_JPEG90\51845_1.jpg,Partially AI-Edited,,0.1755,0.2334,0.0163,0.39,21,1.14,6.67,2.94,4.58,247.69,53.51,268.27,174.24
partially_ai_edited\AutoSplice\Forged_JPEG90\51949_1.jpg,Partially AI-Edited,,0.0053,0.2527,0.0001,0.37,21,0.87,18.0,7.53,9.83,1895.9,93.8,1922.38,1411.12
partially_ai_edited\AutoSplice\Forged_JPEG90\51949_2.jpg,Partially AI-Edited,,0.0048,0.2474,0.0,0.36,13,0.82,17.92,7.47,9.83,1886.01,93.37,1912.88,1424.11
partially_ai_edited\AutoSplice\Forged_JPEG90\51965_2.jpg,Partially AI-Edited,,0.0014,0.0757,0.0,0.24,15,0.69,21.93,10.16,11.1,2956.04,108.74,2982.02,1122.55
partially_ai_edited\AutoSplice\Forged_JPEG90\52074_2.jpg,Partially AI-Edited,,0.9999,0.3013,0.4039,0.46,21,1.27,4.4,1.91,4.37,234.96,39.57,239.51,255.74
partially_ai_edited\AutoSplice\Forged_JPEG90\52168_1.jpg,Partially AI-Edited,,0.9986,0.1235,0.0074,0.12,6,0.45,3.99,2.59,4.22,249.69,39.05,257.08,128.91
partially_ai_edited\AutoSplice\Forged_JPEG90\52169_0.jpg,Partially AI-Edited,,1.0,0.2089,0.0088,0.57,36,1.65,7.98,4.12,8.03,1418.11,49.85,1438.65,2046.54
partially_ai_edited\AutoSplice\Forged_JPEG90\52229_1.jpg,Partially AI-Edited,,0.5194,0.1585,0.0003,0.23,12,0.64,25.03,11.53,12.67,3211.63,155.76,3200.59,2431.92
partially_ai_edited\AutoSplice\Forged_JPEG90\52229_2.jpg,Partially AI-Edited,,0.9496,0.1902,0.0001,0.25,9,0.66,23.97,11.43,12.82,3225.2,154.31,3213.94,2485.95
partially_ai_edited\AutoSplice\Forged_JPEG90\52506_2.jpg,Partially AI-Edited,,0.8467,0.3582,0.0002,1.35,35,2.12,26.9,10.85,10.88,3390.41,121.93,3035.11,1951.64
partially_ai_edited\AutoSplice\Forged_JPEG90\52522_2.jpg,Partially AI-Edited,,0.0,0.2349,0.0,0.29,23,0.86,12.23,5.58,8.04,990.73,73.01,1030.6,644.82
partially_ai_edited\AutoSplice\Forged_JPEG90\52551_1.jpg,Partially AI-Edited,,0.8185,0.1447,0.139,0.29,20,0.79,3.68,2.07,3.89,234.6,37.06,251.62,260.58
partially_ai_edited\AutoSplice\Forged_JPEG90\52589_1.jpg,Partially AI-Edited,,0.9267,0.1434,0.0217,0.6,19,1.16,13.33,5.64,7.69,1054.95,80.89,1082.91,884.7
partially_ai_edited\AutoSplice\Forged_JPEG90\52589_2.jpg,Partially AI-Edited,,0.1134,0.1539,0.0004,0.69,19,1.26,15.82,6.17,7.82,1139.05,90.48,1169.04,832.76
partially_ai_edited\AutoSplice\Forged_JPEG90\52599_1.jpg,Partially AI-Edited,,0.0031,0.2228,0.0004,0.28,29,0.97,6.54,3.14,6.25,484.43,49.02,499.37,678.69
partially_ai_edited\AutoSplice\Forged_JPEG90\52717_0.jpg,Partially AI-Edited,,0.5915,0.1364,0.0051,0.31,13,0.78,4.94,2.28,4.4,223.21,53.12,242.67,243.56
partially_ai_edited\AutoSplice\Forged_JPEG90\52717_2.jpg,Partially AI-Edited,,0.9901,0.1658,0.0048,0.3,20,0.82,6.12,2.79,5.49,415.92,57.13,427.6,448.6
partially_ai_edited\AutoSplice\Forged_JPEG90\52722_0.jpg,Partially AI-Edited,,0.0224,0.3182,0.323,0.43,28,1.1,8.4,3.82,6.04,721.94,49.88,746.68,686.88
partially_ai_edited\AutoSplice\Forged_JPEG90\52750_0.jpg,Partially AI-Edited,,0.2014,0.2272,0.3567,0.1,17,0.5,3.49,1.77,3.63,162.5,32.61,169.48,281.56
partially_ai_edited\AutoSplice\Forged_JPEG90\52822_1.jpg,Partially AI-Edited,,0.9592,0.2631,0.0001,0.07,9,0.37,5.34,3.61,7.47,865.43,47.02,760.04,1050.25
partially_ai_edited\AutoSplice\Forged_JPEG90\53115_0.jpg,Partially AI-Edited,,0.9368,0.4775,0.0561,0.24,14,0.72,4.64,2.34,5.92,465.13,40.43,480.33,479.03
partially_ai_edited\AutoSplice\Forged_JPEG90\53149_1.jpg,Partially AI-Edited,,0.9964,0.0761,0.0537,0.15,14,0.63,2.41,1.57,3.6,182.54,35.87,166.35,253.54
partially_ai_edited\AutoSplice\Forged_JPEG90\53199_0.jpg,Partially AI-Edited,,0.9859,0.1869,0.0079,0.06,5,0.31,4.38,1.98,3.58,137.5,41.38,147.78,155.46
partially_ai_edited\AutoSplice\Forged_JPEG90\53237_1.jpg,Partially AI-Edited,,0.8971,0.3136,0.0007,0.44,32,1.21,8.56,3.76,6.66,642.23,71.17,629.64,598.65
partially_ai_edited\AutoSplice\Forged_JPEG90\53260_1.jpg,Partially AI-Edited,,0.4483,0.13,0.0284,0.07,11,0.37,4.12,1.82,4.15,232.22,39.18,227.95,179.3
partially_ai_edited\AutoSplice\Forged_JPEG90\53368_0.jpg,Partially AI-Edited,,0.003,0.1727,0.0,0.12,11,0.51,10.67,5.37,8.19,946.7,74.93,1002.54,816.18
partially_ai_edited\AutoSplice\Forged_JPEG90\53382_1.jpg,Partially AI-Edited,,0.0115,0.5,0.0025,0.02,7,0.21,6.99,2.69,5.16,273.36,51.02,259.57,325.97
partially_ai_edited\AutoSplice\Forged_JPEG90\53424_1.jpg,Partially AI-Edited,,0.0635,0.125,0.0002,0.19,13,0.61,8.5,4.27,7.25,659.18,72.09,765.93,643.39
partially_ai_edited\AutoSplice\Forged_JPEG90\53443_2.jpg,Partially AI-Edited,,0.0003,0.2448,0.0,0.4,26,0.99,24.99,13.43,14.9,5538.84,154.91,5734.26,3677.22
partially_ai_edited\AutoSplice\Forged_JPEG90\53483_0.jpg,Partially AI-Edited,,0.0007,0.1022,0.0004,0.11,7,0.45,2.94,1.83,5.0,256.5,32.65,257.38,468.71
partially_ai_edited\AutoSplice\Forged_JPEG90\53529_1.jpg,Partially AI-Edited,,0.0685,0.1547,0.0003,0.33,18,1.02,7.6,3.06,4.65,330.56,54.6,343.61,479.77
partially_ai_edited\AutoSplice\Forged_JPEG90\53559_0.jpg,Partially AI-Edited,,0.6115,0.352,0.3052,0.52,25,1.32,3.91,2.26,5.21,339.67,38.28,347.86,362.03
partially_ai_edited\AutoSplice\Forged_JPEG90\53689_2.jpg,Partially AI-Edited,,0.4284,0.2993,0.0028,0.13,11,0.5,4.28,2.22,4.57,247.44,43.07,257.31,348.87
partially_ai_edited\AutoSplice\Forged_JPEG90\53692_2.jpg,Partially AI-Edited,,0.6757,0.1601,0.0548,0.04,5,0.24,11.33,5.1,7.99,922.9,84.33,937.84,1001.87
partially_ai_edited\AutoSplice\Forged_JPEG90\53700_0.jpg,Partially AI-Edited,,0.9986,0.1815,0.0046,0.28,9,0.68,7.44,3.02,4.96,247.99,66.07,270.1,225.14
partially_ai_edited\AutoSplice\Forged_JPEG90\53828_0.jpg,Partially AI-Edited,,0.9939,0.1649,0.0128,0.01,6,0.14,15.53,7.51,10.63,1977.81,93.3,2034.34,1638.21
partially_ai_edited\AutoSplice\Forged_JPEG90\53835_0.jpg,Partially AI-Edited,,0.4165,0.124,0.0066,0.15,18,0.58,4.56,2.63,4.45,364.29,45.24,380.25,331.67
partially_ai_edited\AutoSplice\Forged_JPEG90\53836_2.jpg,Partially AI-Edited,,0.9981,0.0,0.2936,0.09,11,0.44,0.6,0.38,1.76,38.76,7.02,34.71,100.79
partially_ai_edited\AutoSplice\Forged_JPEG90\53847_0.jpg,Partially AI-Edited,,0.9858,0.3352,0.0241,0.07,12,0.36,3.28,1.76,4.49,308.54,31.72,329.08,410.42
partially_ai_edited\AutoSplice\Forged_JPEG90\53847_1.jpg,Partially AI-Edited,,0.9855,0.1974,0.0008,0.06,9,0.33,3.19,1.95,4.62,294.81,37.02,305.88,424.28
partially_ai_edited\AutoSplice\Forged_JPEG90\53869_1.jpg,Partially AI-Edited,,0.2234,0.2404,0.0005,0.25,26,1.03,6.14,4.74,12.65,2374.39,66.64,2115.74,3500.89
partially_ai_edited\AutoSplice\Forged_JPEG90\53909_0.jpg,Partially AI-Edited,,0.0001,0.1916,0.0001,0.58,27,1.52,13.33,6.48,8.76,1269.85,87.92,1397.12,1083.84
partially_ai_edited\AutoSplice\Forged_JPEG90\53911_0.jpg,Partially AI-Edited,,0.9911,0.1221,0.0033,0.04,5,0.24,2.05,1.45,2.28,65.68,23.58,67.64,49.78
partially_ai_edited\AutoSplice\Forged_JPEG90\53930_0.jpg,Partially AI-Edited,,0.0161,0.1053,0.0,0.25,8,0.61,24.4,12.83,14.12,5090.24,143.55,5169.56,3595.09
partially_ai_edited\AutoSplice\Forged_JPEG90\53947_1.jpg,Partially AI-Edited,,0.0,0.2365,0.0009,0.2,10,0.71,7.68,4.81,7.26,692.28,66.98,704.49,388.22
partially_ai_edited\AutoSplice\Forged_JPEG90\53947_2.jpg,Partially AI-Edited,,0.0,0.2583,0.0,0.26,17,0.87,7.79,4.92,7.37,718.78,67.87,760.83,414.19
partially_ai_edited\AutoSplice\Forged_JPEG90\53949_0.jpg,Partially AI-Edited,,0.7427,0.1082,0.0017,0.42,20,0.99,23.01,8.42,8.13,1591.54,105.48,1625.14,750.16
partially_ai_edited\AutoSplice\Forged_JPEG90\53995_1.jpg,Partially AI-Edited,,0.8562,0.1971,0.078,0.32,31,1.19,3.99,2.18,5.77,427.76,38.68,400.56,632.4
partially_ai_edited\AutoSplice\Forged_JPEG90\54004_2.jpg,Partially AI-Edited,,0.2328,0.1845,0.0467,1.04,32,2.08,8.02,4.02,6.44,490.1,72.83,530.55,411.42
partially_ai_edited\AutoSplice\Forged_JPEG90\54038_2.jpg,Partially AI-Edited,,0.1136,0.1177,0.1039,0.23,14,0.71,5.97,3.38,5.29,527.54,58.14,550.96,410.89
partially_ai_edited\AutoSplice\Forged_JPEG90\54041_1.jpg,Partially AI-Edited,,0.0432,0.2817,0.0021,0.81,25,1.52,8.02,3.05,4.53,252.83,61.58,266.98,296.32
partially_ai_edited\AutoSplice\Forged_JPEG90\54046_0.jpg,Partially AI-Edited,,0.0005,0.13,0.0008,0.59,22,1.36,7.66,3.74,5.76,429.29,63.86,408.16,341.39
partially_ai_edited\AutoSplice\Forged_JPEG90\54066_0.jpg,Partially AI-Edited,,0.3512,0.412,0.2644,0.32,44,1.02,6.57,3.99,8.74,1056.66,59.5,1088.57,1228.51
partially_ai_edited\AutoSplice\Forged_JPEG90\54085_2.jpg,Partially AI-Edited,,0.9989,0.3219,0.4285,0.16,23,0.69,4.62,2.22,5.98,441.54,38.69,406.56,536.81
partially_ai_edited\AutoSplice\Forged_JPEG90\54112_2.jpg,Partially AI-Edited,,0.8426,0.1543,0.002,0.08,20,0.44,8.16,4.53,7.75,720.75,70.73,744.29,521.29
partially_ai_edited\AutoSplice\Forged_JPEG90\54139_1.jpg,Partially AI-Edited,,0.695,0.1404,0.0003,0.18,11,0.64,5.95,3.45,6.57,511.54,55.31,525.94,625.38
partially_ai_edited\AutoSplice\Forged_JPEG90\54177_1.jpg,Partially AI-Edited,,0.7477,0.1316,0.0046,0.04,4,0.22,7.14,4.02,7.27,595.18,74.43,661.39,456.2
partially_ai_edited\AutoSplice\Forged_JPEG90\54239_1.jpg,Partially AI-Edited,,0.0146,0.3424,0.0011,0.88,32,1.87,4.84,2.83,6.03,398.25,49.18,505.91,619.08
partially_ai_edited\AutoSplice\Forged_JPEG90\54239_2.jpg,Partially AI-Edited,,0.1083,0.41,0.0121,0.66,44,1.67,4.97,2.52,5.21,354.88,43.24,614.26,989.51
partially_ai_edited\AutoSplice\Forged_JPEG90\54287_2.jpg,Partially AI-Edited,,0.5633,0.3412,0.008,0.3,14,0.86,4.12,2.55,6.51,570.54,39.75,593.45,564.56
partially_ai_edited\AutoSplice\Forged_JPEG90\54297_0.jpg,Partially AI-Edited,,0.0001,0.1136,0.0,0.2,20,0.71,16.7,8.17,10.24,1940.66,103.88,1996.01,1473.24
partially_ai_edited\AutoSplice\Forged_JPEG90\54327_0.jpg,Partially AI-Edited,,0.2505,0.0742,0.2278,0.1,13,0.5,2.19,1.02,3.24,109.12,18.89,94.59,155.06
partially_ai_edited\AutoSplice\Forged_JPEG90\54341_1.jpg,Partially AI-Edited,,0.0454,0.1966,0.0018,0.11,13,0.49,5.31,2.9,4.88,438.84,45.38,463.23,375.39
partially_ai_edited\AutoSplice\Forged_JPEG90\54360_1.jpg,Partially AI-Edited,,0.0038,0.2051,0.0001,0.69,28,1.92,15.34,6.51,8.21,1135.92,91.78,1174.25,748.97
partially_ai_edited\AutoSplice\Forged_JPEG90\54360_2.jpg,Partially AI-Edited,,0.5323,0.0834,0.0626,0.0,2,0.07,14.81,6.68,8.7,1218.81,92.54,1269.07,836.54
partially_ai_edited\AutoSplice\Forged_JPEG90\54456_2.jpg,Partially AI-Edited,,0.1607,0.3065,0.0248,1.19,27,1.93,11.88,4.69,6.86,891.56,71.21,918.47,535.11
partially_ai_edited\AutoSplice\Forged_JPEG90\54472_2.jpg,Partially AI-Edited,,0.0872,0.1619,0.114,0.17,10,0.59,4.28,1.61,2.65,63.96,41.0,76.01,68.97
partially_ai_edited\AutoSplice\Forged_JPEG90\54529_0.jpg,Partially AI-Edited,,0.4693,0.3929,0.0027,0.1,11,0.46,5.46,2.39,4.57,399.74,41.93,364.08,428.15
partially_ai_edited\AutoSplice\Forged_JPEG90\54629_0.jpg,Partially AI-Edited,,0.0001,0.37,0.0,0.35,20,0.87,4.32,2.42,5.06,283.96,44.58,305.52,260.26
partially_ai_edited\AutoSplice\Forged_JPEG90\54733_2.jpg,Partially AI-Edited,,0.9984,0.1381,0.4079,0.17,15,0.67,2.71,1.54,3.19,109.95,27.57,129.86,162.36
partially_ai_edited\AutoSplice\Forged_JPEG90\54739_0.jpg,Partially AI-Edited,,0.9393,0.1157,0.0088,0.17,15,0.64,3.1,1.82,3.0,109.61,35.02,122.27,73.15
partially_ai_edited\AutoSplice\Forged_JPEG90\54769_2.jpg,Partially AI-Edited,,0.9568,0.0437,0.0191,0.1,7,0.42,2.63,1.58,4.98,333.98,27.53,337.51,688.34
partially_ai_edited\AutoSplice\Forged_JPEG90\54795_1.jpg,Partially AI-Edited,,0.7852,0.1762,0.0,0.23,16,0.79,23.41,8.19,8.14,1665.19,100.46,1702.24,680.81
partially_ai_edited\AutoSplice\Forged_JPEG90\54795_2.jpg,Partially AI-Edited,,0.1822,0.1234,0.0001,0.16,11,0.55,23.33,8.12,8.06,1644.1,99.81,1680.21,702.43
partially_ai_edited\AutoSplice\Forged_JPEG90\54810_1.jpg,Partially AI-Edited,,0.0013,0.2219,0.0002,0.39,29,1.14,7.98,4.51,8.73,1276.1,62.9,1289.45,2665.68
partially_ai_edited\AutoSplice\Forged_JPEG90\54810_2.jpg,Partially AI-Edited,,0.0014,0.2687,0.0002,0.46,26,1.28,7.9,4.75,8.93,1333.08,64.38,1364.7,2636.29
partially_ai_edited\AutoSplice\Forged_JPEG90\55005_0.jpg,Partially AI-Edited,,0.1285,0.3607,0.0012,0.31,16,0.85,3.25,1.7,4.46,193.74,30.54,195.45,377.97
partially_ai_edited\AutoSplice\Forged_JPEG90\55072_1.jpg,Partially AI-Edited,,0.0312,0.0564,0.0071,0.07,6,0.33,10.15,4.5,5.31,432.64,74.2,526.98,538.46
partially_ai_edited\AutoSplice\Forged_JPEG90\55148_2.jpg,Partially AI-Edited,,0.033,0.2144,0.0668,0.0,2,0.06,5.11,2.15,3.74,124.36,50.96,145.93,121.69
partially_ai_edited\AutoSplice\Forged_JPEG90\55230_2.jpg,Partially AI-Edited,,0.2292,0.35,0.0008,0.16,14,0.54,6.3,2.84,6.22,447.31,56.78,460.57,439.55
partially_ai_edited\AutoSplice\Forged_JPEG90\55239_0.jpg,Partially AI-Edited,,0.9906,0.2699,0.1541,0.64,35,1.58,6.89,3.12,5.98,444.73,56.95,461.62,357.63
partially_ai_edited\AutoSplice\Forged_JPEG90\55316_0.jpg,Partially AI-Edited,,0.0024,0.193,0.0003,0.06,6,0.32,13.47,5.84,7.9,1217.22,71.78,1236.98,1273.73
partially_ai_edited\AutoSplice\Forged_JPEG90\55370_2.jpg,Partially AI-Edited,,0.9998,0.1733,0.1594,0.25,16,0.76,2.64,1.04,2.23,52.8,28.25,54.1,49.98
partially_ai_edited\AutoSplice\Forged_JPEG90\55432_0.jpg,Partially AI-Edited,,0.9999,0.2431,0.1557,0.21,18,0.7,3.43,1.57,3.72,132.32,41.94,141.31,179.78
partially_ai_edited\AutoSplice\Forged_JPEG90\55480_1.jpg,Partially AI-Edited,,0.9983,0.1757,0.0815,0.23,18,0.79,2.35,1.86,4.04,188.69,32.37,197.22,248.65
partially_ai_edited\AutoSplice\Forged_JPEG90\55500_0.jpg,Partially AI-Edited,,0.9889,0.3372,0.0164,0.02,9,0.2,2.14,1.38,3.56,161.42,27.79,165.23,272.24
partially_ai_edited\AutoSplice\Forged_JPEG90\55526_0.jpg,Partially AI-Edited,,0.0158,0.2276,0.0,0.58,15,1.05,22.04,7.05,8.17,1272.71,103.95,1309.75,806.97
partially_ai_edited\AutoSplice\Forged_JPEG90\55626_0.jpg,Partially AI-Edited,,0.0001,0.2748,0.0,0.75,30,1.47,21.0,11.02,13.36,3175.27,140.79,3203.68,1877.1
partially_ai_edited\AutoSplice\Forged_JPEG90\55710_0.jpg,Partially AI-Edited,,0.9999,0.2381,0.0033,0.54,23,1.13,9.34,3.67,5.08,401.78,64.16,414.21,445.8
partially_ai_edited\AutoSplice\Forged_JPEG90\55710_1.jpg,Partially AI-Edited,,0.9689,0.1981,0.0447,0.56,20,1.13,9.18,3.56,5.03,388.02,64.52,401.63,459.31
partially_ai_edited\AutoSplice\Forged_JPEG90\55738_0.jpg,Partially AI-Edited,,0.9905,0.4406,0.0215,1.07,38,2.32,8.61,4.66,7.61,768.17,75.66,805.32,748.85
partially_ai_edited\AutoSplice\Forged_JPEG90\55744_1.jpg,Partially AI-Edited,,0.989,0.4648,0.0326,0.38,32,1.3,5.77,3.54,9.54,1197.39,56.06,1218.45,1709.89
partially_ai_edited\AutoSplice\Forged_JPEG90\55846_0.jpg,Partially AI-Edited,,0.1043,0.375,0.0073,0.02,6,0.17,4.68,2.09,4.35,354.14,33.32,343.61,411.07
partially_ai_edited\AutoSplice\Forged_JPEG90\55942_2.jpg,Partially AI-Edited,,0.9983,0.434,0.007,0.09,12,0.39,5.08,2.39,5.26,444.1,41.64,439.34,466.47
partially_ai_edited\AutoSplice\Forged_JPEG90\55966_1.jpg,Partially AI-Edited,,0.9538,0.2813,0.0272,0.33,18,0.87,6.48,3.5,6.69,696.68,54.17,716.83,877.61
partially_ai_edited\AutoSplice\Forged_JPEG90\56115_1.jpg,Partially AI-Edited,,0.2464,0.4451,0.0078,0.27,38,1.04,4.38,1.9,4.91,299.31,38.65,318.88,343.16
partially_ai_edited\AutoSplice\Forged_JPEG90\56166_2.jpg,Partially AI-Edited,,0.0011,0.251,0.0388,0.11,27,0.46,10.12,3.8,4.5,281.61,63.58,298.6,293.73
partially_ai_edited\AutoSplice\Forged_JPEG90\56189_0.jpg,Partially AI-Edited,,0.7155,0.3367,0.3944,0.48,31,1.34,3.76,1.72,4.02,229.51,28.02,242.29,211.87
partially_ai_edited\AutoSplice\Forged_JPEG90\56257_1.jpg,Partially AI-Edited,,0.9522,0.2282,0.0024,0.11,8,0.46,3.96,2.72,6.47,425.68,40.89,394.14,298.8
partially_ai_edited\AutoSplice\Forged_JPEG90\56294_2.jpg,Partially AI-Edited,,0.004,0.0987,0.0422,0.26,7,0.68,7.55,3.27,4.29,262.45,63.51,271.12,138.27
partially_ai_edited\AutoSplice\Forged_JPEG90\56340_0.jpg,Partially AI-Edited,,0.0246,0.0907,0.0063,0.07,6,0.34,10.8,4.14,4.48,357.04,68.82,350.63,249.37
partially_ai_edited\AutoSplice\Forged_JPEG90\56340_1.jpg,Partially AI-Edited,,0.7393,0.1075,0.0012,0.07,12,0.36,10.89,4.18,4.55,363.02,70.57,361.76,237.7
partially_ai_edited\AutoSplice\Forged_JPEG90\56345_0.jpg,Partially AI-Edited,,0.0001,0.1657,0.0,0.43,25,0.94,12.35,6.0,8.53,1251.73,76.72,1268.44,1213.2
partially_ai_edited\AutoSplice\Forged_JPEG90\56379_2.jpg,Partially AI-Edited,,0.0037,0.0955,0.0002,0.12,11,0.52,10.91,4.71,5.61,633.53,62.26,619.8,526.24
partially_ai_edited\AutoSplice\Forged_JPEG90\56394_1.jpg,Partially AI-Edited,,0.2265,0.4945,0.294,1.07,44,2.21,5.52,2.05,4.59,213.08,40.96,223.42,248.23
partially_ai_edited\AutoSplice\Forged_JPEG90\56403_2.jpg,Partially AI-Edited,,0.4191,0.189,0.0001,0.49,15,1.04,9.62,4.25,8.03,881.23,75.35,901.23,1114.75
partially_ai_edited\AutoSplice\Forged_JPEG90\56462_1.jpg,Partially AI-Edited,,0.9325,0.2745,0.2308,0.13,8,0.47,6.39,3.01,4.39,378.83,49.01,385.42,411.31
partially_ai_edited\AutoSplice\Forged_JPEG90\56469_1.jpg,Partially AI-Edited,,0.0004,0.1195,0.0,0.19,15,0.63,10.62,5.14,7.16,829.19,70.65,870.16,463.78
partially_ai_edited\AutoSplice\Forged_JPEG90\56509_1.jpg,Partially AI-Edited,,0.0732,0.1565,0.2461,0.36,26,0.92,5.3,2.81,3.84,215.15,45.43,246.93,263.82
partially_ai_edited\AutoSplice\Forged_JPEG90\56603_0.jpg,Partially AI-Edited,,0.4873,0.4179,0.0079,0.1,20,0.53,2.92,1.86,5.31,348.62,30.73,361.07,385.27
partially_ai_edited\AutoSplice\Forged_JPEG90\56635_0.jpg,Partially AI-Edited,,0.0013,0.0274,0.2305,0.02,22,0.19,0.52,0.23,0.78,4.72,10.02,6.42,12.23
partially_ai_edited\AutoSplice\Forged_JPEG90\56646_1.jpg,Partially AI-Edited,,0.9999,0.0377,0.2065,0.01,2,0.1,2.37,2.58,5.06,291.61,40.79,280.27,456.24
partially_ai_edited\AutoSplice\Forged_JPEG90\56695_1.jpg,Partially AI-Edited,,0.005,0.2057,0.005,0.13,14,0.65,6.17,3.74,6.54,472.72,55.59,447.43,482.83
partially_ai_edited\AutoSplice\Forged_JPEG90\56703_2.jpg,Partially AI-Edited,,0.9192,0.2821,0.0001,0.15,12,0.56,4.9,2.55,5.76,454.69,50.79,473.38,631.05
partially_ai_edited\AutoSplice\Forged_JPEG90\56719_0.jpg,Partially AI-Edited,,0.8247,0.3832,0.016,0.44,21,1.07,4.43,2.24,5.43,323.9,41.58,291.79,378.92
partially_ai_edited\AutoSplice\Forged_JPEG90\56823_0.jpg,Partially AI-Edited,,0.3276,0.18,0.0077,0.11,8,0.43,3.31,1.54,4.35,257.08,31.98,252.2,380.75
partially_ai_edited\AutoSplice\Forged_JPEG90\57049_0.jpg,Partially AI-Edited,,0.0018,0.2614,0.0004,0.48,44,1.32,6.86,4.2,8.6,1046.84,61.88,1724.01,3289.73
partially_ai_edited\AutoSplice\Forged_JPEG90\57049_1.jpg,Partially AI-Edited,,0.0002,0.2381,0.0001,0.35,44,1.04,5.92,3.34,7.05,537.91,57.44,847.43,1015.09
partially_ai_edited\AutoSplice\Forged_JPEG90\57204_0.jpg,Partially AI-Edited,,0.5649,0.3848,0.344,0.55,30,1.49,2.99,1.53,3.6,151.93,25.12,154.19,224.56
partially_ai_edited\AutoSplice\Forged_JPEG90\57303_1.jpg,Partially AI-Edited,,0.9686,0.1491,0.0227,0.14,37,0.8,3.89,2.07,6.0,496.74,41.37,517.84,914.11
partially_ai_edited\AutoSplice\Forged_JPEG90\57334_2.jpg,Partially AI-Edited,,0.147,0.2178,0.0016,0.71,30,1.52,18.39,7.79,8.53,1451.74,100.35,1489.78,992.33
partially_ai_edited\AutoSplice\Forged_JPEG90\57347_1.jpg,Partially AI-Edited,,0.0785,0.1194,0.0003,0.42,10,0.83,22.59,9.3,10.38,2282.3,125.03,2332.15,1788.42
partially_ai_edited\AutoSplice\Forged_JPEG90\57406_2.jpg,Partially AI-Edited,,0.0001,0.2077,0.0,0.49,16,0.95,12.87,5.88,8.12,1025.0,79.75,1056.57,828.92
partially_ai_edited\AutoSplice\Forged_JPEG90\57428_1.jpg,Partially AI-Edited,,0.0003,0.2646,0.0,0.07,9,0.34,10.57,5.43,8.91,1295.79,67.66,1302.41,1235.86
partially_ai_edited\AutoSplice\Forged_JPEG90\57492_0.jpg,Partially AI-Edited,,0.0927,0.1745,0.0027,0.35,20,1.0,5.59,2.16,3.76,165.36,50.07,179.46,218.93
partially_ai_edited\AutoSplice\Forged_JPEG90\57622_0.jpg,Partially AI-Edited,,0.0,0.1091,0.0,1.73,29,2.03,28.16,13.75,12.73,4018.64,180.37,4116.62,1261.31
partially_ai_edited\AutoSplice\Forged_JPEG90\57820_0.jpg,Partially AI-Edited,,0.2211,0.1815,0.0323,0.29,17,0.7,4.73,2.57,4.08,220.29,49.29,239.82,316.91
partially_ai_edited\AutoSplice\Forged_JPEG90\57852_0.jpg,Partially AI-Edited,,0.7943,0.1585,0.0043,0.05,11,0.31,3.99,2.04,3.1,119.01,43.82,125.16,109.31
partially_ai_edited\AutoSplice\Forged_JPEG90\57869_0.jpg,Partially AI-Edited,,0.3379,0.4983,0.003,0.28,37,1.19,4.69,3.8,11.07,1491.99,49.79,1518.47,1544.3
partially_ai_edited\AutoSplice\Forged_JPEG90\57904_1.jpg,Partially AI-Edited,,0.5872,0.3046,0.0449,0.32,16,0.89,6.66,3.45,6.58,603.13,52.95,571.1,604.88
partially_ai_edited\AutoSplice\Forged_JPEG90\57996_2.jpg,Partially AI-Edited,,0.9269,0.2089,0.0421,0.14,8,0.5,4.13,2.38,3.44,152.88,42.51,161.14,105.02
partially_ai_edited\AutoSplice\Forged_JPEG90\58039_2.jpg,Partially AI-Edited,,0.9342,0.0503,0.0965,0.11,17,0.52,3.92,1.7,4.9,324.88,26.89,302.62,472.93
partially_ai_edited\AutoSplice\Forged_JPEG90\58050_1.jpg,Partially AI-Edited,,0.0001,0.2004,0.0002,0.06,5,0.31,3.78,1.87,4.77,282.43,31.76,290.45,402.21
partially_ai_edited\AutoSplice\Forged_JPEG90\58068_0.jpg,Partially AI-Edited,,0.0002,0.1281,0.0,0.28,20,0.88,5.52,3.04,4.43,259.99,51.09,267.99,243.27
partially_ai_edited\AutoSplice\Forged_JPEG90\58184_1.jpg,Partially AI-Edited,,0.53,0.4965,0.009,0.56,30,1.41,5.58,2.92,6.28,388.02,54.73,413.01,327.42
partially_ai_edited\AutoSplice\Forged_JPEG90\58238_1.jpg,Partially AI-Edited,,0.1017,0.2066,0.2991,0.54,38,1.68,4.41,2.31,5.53,340.73,36.88,351.62,384.15
partially_ai_edited\AutoSplice\Forged_JPEG90\58256_1.jpg,Partially AI-Edited,,0.0039,0.123,0.0796,0.15,7,0.49,7.17,2.62,3.98,198.45,46.75,189.93,162.57
partially_ai_edited\AutoSplice\Forged_JPEG90\58290_2.jpg,Partially AI-Edited,,0.9973,0.1308,0.0035,0.14,11,0.56,4.6,3.09,3.86,229.99,44.18,229.88,193.23
partially_ai_edited\AutoSplice\Forged_JPEG90\58329_2.jpg,Partially AI-Edited,,0.8836,0.1651,0.0014,0.12,32,0.68,3.44,1.66,3.86,162.72,41.77,162.98,258.52
partially_ai_edited\AutoSplice\Forged_JPEG90\58626_2.jpg,Partially AI-Edited,,0.0052,0.392,0.1215,0.12,16,0.52,6.38,2.97,5.64,429.36,44.24,407.92,471.46
partially_ai_edited\AutoSplice\Forged_JPEG90\58690_0.jpg,Partially AI-Edited,,0.2515,0.2346,0.0001,0.06,14,0.33,4.71,2.33,4.63,415.14,43.37,366.76,734.82
partially_ai_edited\AutoSplice\Forged_JPEG90\58692_0.jpg,Partially AI-Edited,,0.992,0.2061,0.1015,0.06,14,0.39,2.72,1.49,2.99,110.83,26.13,107.45,87.01
partially_ai_edited\AutoSplice\Forged_JPEG90\58705_1.jpg,Partially AI-Edited,,0.0043,0.0324,0.0022,0.03,6,0.25,1.48,1.1,3.38,127.85,16.78,130.88,264.65
partially_ai_edited\AutoSplice\Forged_JPEG90\58768_0.jpg,Partially AI-Edited,,0.9318,0.2952,0.0024,0.05,6,0.31,7.81,4.12,6.18,748.99,53.3,715.46,689.14
partially_ai_edited\AutoSplice\Forged_JPEG90\58775_1.jpg,Partially AI-Edited,,0.6067,0.2508,0.3722,0.82,31,1.73,5.93,4.68,8.36,1183.95,61.66,1204.54,933.25
partially_ai_edited\AutoSplice\Forged_JPEG90\58869_0.jpg,Partially AI-Edited,,0.9233,0.2477,0.0103,0.18,11,0.56,5.74,2.84,6.21,412.81,54.45,758.1,1584.2
partially_ai_edited\AutoSplice\Forged_JPEG90\58873_1.jpg,Partially AI-Edited,,0.0003,0.2342,0.0266,0.85,29,1.49,7.48,4.95,8.67,938.07,75.9,926.07,607.24
partially_ai_edited\AutoSplice\Forged_JPEG90\58930_2.jpg,Partially AI-Edited,,0.873,0.1926,0.0012,0.19,9,0.55,3.46,1.96,4.14,228.66,44.3,234.96,290.71
partially_ai_edited\AutoSplice\Forged_JPEG90\58982_0.jpg,Partially AI-Edited,,0.9997,0.2856,0.164,0.18,16,0.63,3.77,1.99,4.49,251.05,43.04,256.96,270.14
partially_ai_edited\AutoSplice\Forged_JPEG90\59053_2.jpg,Partially AI-Edited,,0.6359,0.3231,0.0001,0.93,20,1.22,22.46,8.19,8.21,970.0,146.96,899.32,505.26
partially_ai_edited\AutoSplice\Forged_JPEG90\59099_2.jpg,Partially AI-Edited,,0.0002,0.1436,0.0004,0.51,23,1.2,18.61,8.99,10.83,2533.13,112.1,2574.62,1390.78
partially_ai_edited\AutoSplice\Forged_JPEG90\59119_2.jpg,Partially AI-Edited,,0.2911,0.3125,0.0001,0.3,34,1.12,5.22,2.94,7.03,638.71,50.26,581.74,711.58
partially_ai_edited\AutoSplice\Forged_JPEG90\59141_1.jpg,Partially AI-Edited,,0.1164,0.3747,0.0066,0.7,23,1.2,6.83,3.11,5.56,362.04,51.52,368.25,414.39
partially_ai_edited\AutoSplice\Forged_JPEG90\59212_1.jpg,Partially AI-Edited,,0.0161,0.3775,0.002,0.46,25,1.15,9.6,4.41,7.63,931.99,64.69,837.39,533.02
partially_ai_edited\AutoSplice\Forged_JPEG90\59213_2.jpg,Partially AI-Edited,,0.9963,0.1879,0.0184,1.09,46,2.05,9.41,3.64,5.54,542.55,57.89,561.06,433.16
partially_ai_edited\AutoSplice\Forged_JPEG90\59220_1.jpg,Partially AI-Edited,,0.0002,0.158,0.0,0.39,19,0.97,18.19,9.77,12.42,2568.56,123.37,2614.64,1618.96
partially_ai_edited\AutoSplice\Forged_JPEG90\59220_2.jpg,Partially AI-Edited,,0.0001,0.1569,0.0,0.39,19,0.98,18.2,9.83,12.42,2586.27,123.98,2633.42,1598.75
partially_ai_edited\AutoSplice\Forged_JPEG90\59234_0.jpg,Partially AI-Edited,,0.9949,0.1036,0.0022,0.34,26,1.13,3.58,2.2,6.98,685.88,28.28,695.15,1076.94
partially_ai_edited\AutoSplice\Forged_JPEG90\59245_2.jpg,Partially AI-Edited,,0.9723,0.1558,0.2019,0.06,13,0.38,2.99,1.9,4.23,232.22,32.77,205.98,314.46
partially_ai_edited\AutoSplice\Forged_JPEG90\59301_2.jpg,Partially AI-Edited,,0.1868,0.256,0.0014,1.33,40,2.43,11.12,4.09,5.5,452.1,66.31,463.4,225.47
partially_ai_edited\AutoSplice\Forged_JPEG90\59316_1.jpg,Partially AI-Edited,,0.0011,0.4301,0.0004,0.35,24,1.0,4.51,2.67,6.88,644.58,45.85,642.57,1482.45
partially_ai_edited\AutoSplice\Forged_JPEG90\59385_2.jpg,Partially AI-Edited,,0.0,0.2401,0.0004,0.4,48,1.03,3.45,1.91,3.33,122.65,38.98,133.28,188.03
partially_ai_edited\AutoSplice\Forged_JPEG90\59451_2.jpg,Partially AI-Edited,,0.0652,0.2835,0.0006,0.85,34,1.6,13.39,8.02,13.69,2246.26,111.79,2201.36,3112.39
partially_ai_edited\AutoSplice\Forged_JPEG90\59513_1.jpg,Partially AI-Edited,,0.9999,0.3824,0.0014,0.31,12,0.76,4.72,1.87,3.69,163.08,41.54,159.76,164.14
partially_ai_edited\AutoSplice\Forged_JPEG90\59599_0.jpg,Partially AI-Edited,,0.9981,0.3171,0.0101,0.7,32,1.75,5.75,2.76,6.12,442.44,51.29,449.29,553.25
partially_ai_edited\AutoSplice\Forged_JPEG90\59834_0.jpg,Partially AI-Edited,,0.43,0.1312,0.0834,0.4,41,1.03,12.3,5.38,8.1,920.18,81.94,958.82,803.56
partially_ai_edited\AutoSplice\Forged_JPEG90\59838_0.jpg,Partially AI-Edited,,0.6352,0.3058,0.0619,0.4,20,1.19,4.08,2.22,5.59,467.58,34.48,480.86,727.77
partially_ai_edited\AutoSplice\Forged_JPEG90\59894_2.jpg,Partially AI-Edited,,0.9787,0.1379,0.0136,0.23,11,0.65,3.19,1.78,3.18,118.83,38.3,121.97,114.73
partially_ai_edited\AutoSplice\Forged_JPEG90\59943_2.jpg,Partially AI-Edited,,0.9611,0.1864,0.0402,0.37,29,1.1,4.43,3.49,6.43,619.66,51.76,702.12,413.81
partially_ai_edited\AutoSplice\Forged_JPEG90\60118_1.jpg,Partially AI-Edited,,0.9571,0.2936,0.1213,0.12,14,0.53,5.08,2.29,4.85,322.78,36.91,331.29,316.6
partially_ai_edited\AutoSplice\Forged_JPEG90\60118_2.jpg,Partially AI-Edited,,0.7919,0.2223,0.075,0.28,29,1.02,3.99,1.94,4.65,277.27,33.27,284.66,280.18
partially_ai_edited\AutoSplice\Forged_JPEG90\60376_2.jpg,Partially AI-Edited,,0.0029,0.2301,0.0003,0.82,48,2.04,24.98,10.14,10.16,2870.94,112.44,2934.22,1046.04
partially_ai_edited\AutoSplice\Forged_JPEG90\60582_0.jpg,Partially AI-Edited,,0.1293,0.0891,0.0067,0.13,9,0.46,4.16,3.24,9.32,1110.9,50.78,1008.58,1906.15
partially_ai_edited\AutoSplice\Forged_JPEG90\60598_0.jpg,Partially AI-Edited,,0.0024,0.219,0.0001,0.43,23,0.93,10.03,3.69,5.27,420.56,66.23,419.05,362.0
partially_ai_edited\AutoSplice\Forged_JPEG90\60632_0.jpg,Partially AI-Edited,,0.9656,0.2976,0.0069,0.12,21,0.59,3.94,2.34,5.73,454.05,38.12,491.14,643.86
partially_ai_edited\AutoSplice\Forged_JPEG90\60632_2.jpg,Partially AI-Edited,,0.8547,0.2069,0.0004,0.15,19,0.58,4.69,2.39,4.54,335.28,37.83,344.45,274.66
partially_ai_edited\AutoSplice\Forged_JPEG90\60661_1.jpg,Partially AI-Edited,,0.0002,0.1032,0.0,0.07,6,0.37,11.29,5.04,6.88,749.56,69.1,704.5,618.06
partially_ai_edited\AutoSplice\Forged_JPEG90\60661_2.jpg,Partially AI-Edited,,0.0001,0.1162,0.0,0.1,21,0.51,11.7,5.13,6.99,775.97,69.66,731.1,648.81
partially_ai_edited\AutoSplice\Forged_JPEG90\60729_2.jpg,Partially AI-Edited,,0.936,0.2874,0.0014,0.17,11,0.58,3.73,2.17,4.75,251.41,37.11,250.8,286.39
partially_ai_edited\AutoSplice\Forged_JPEG90\60836_1.jpg,Partially AI-Edited,,1.0,0.1658,0.0165,0.61,21,1.35,7.21,3.26,5.26,417.07,57.8,405.07,526.11
partially_ai_edited\AutoSplice\Forged_JPEG90\61101_1.jpg,Partially AI-Edited,,0.0001,0.1129,0.0,0.31,24,0.89,14.55,7.58,10.96,1903.89,100.42,1926.46,1047.76
partially_ai_edited\AutoSplice\Forged_JPEG90\61136_1.jpg,Partially AI-Edited,,0.0013,0.3852,0.0003,0.12,10,0.47,9.51,5.97,11.98,2389.65,71.71,2236.94,2641.6
partially_ai_edited\AutoSplice\Forged_JPEG90\61213_0.jpg,Partially AI-Edited,,0.0002,0.1378,0.0,0.39,21,0.99,11.2,5.48,6.23,817.22,67.87,831.84,511.31
partially_ai_edited\AutoSplice\Forged_JPEG90\61289_1.jpg,Partially AI-Edited,,0.8787,0.2694,0.0093,0.4,31,1.24,4.93,2.55,5.92,515.89,40.4,515.66,543.37
partially_ai_edited\AutoSplice\Forged_JPEG90\61333_0.jpg,Partially AI-Edited,,0.0131,0.2625,0.0171,0.07,7,0.35,6.68,2.82,4.95,385.34,49.56,375.42,510.12
partially_ai_edited\AutoSplice\Forged_JPEG90\61407_0.jpg,Partially AI-Edited,,0.0003,0.3995,0.0007,0.18,28,0.74,6.42,3.33,6.73,513.12,48.44,535.29,540.03
partially_ai_edited\AutoSplice\Forged_JPEG90\61424_0.jpg,Partially AI-Edited,,0.0001,0.2451,0.0,0.47,17,0.92,9.87,4.47,6.46,548.37,74.97,567.04,439.92
partially_ai_edited\AutoSplice\Forged_JPEG90\61487_2.jpg,Partially AI-Edited,,0.0001,0.1275,0.0,0.47,25,0.96,16.46,6.35,7.28,920.59,88.52,970.44,616.91
partially_ai_edited\AutoSplice\Forged_JPEG90\61586_1.jpg,Partially AI-Edited,,0.8737,0.3614,0.0012,0.13,14,0.56,5.76,2.48,6.52,539.68,50.5,559.29,878.08
partially_ai_edited\AutoSplice\Forged_JPEG90\61674_2.jpg,Partially AI-Edited,,0.0002,0.1381,0.0,0.22,9,0.64,12.17,5.75,7.92,994.09,75.7,1011.78,593.45
partially_ai_edited\AutoSplice\Forged_JPEG90\62070_1.jpg,Partially AI-Edited,,0.002,0.1483,0.0005,0.02,5,0.18,4.36,3.52,8.28,1014.13,46.89,1028.54,1492.02
partially_ai_edited\AutoSplice\Forged_JPEG90\62163_0.jpg,Partially AI-Edited,,0.3056,0.402,0.0257,1.01,23,1.81,5.21,2.6,5.77,406.15,38.06,380.33,290.41
partially_ai_edited\AutoSplice\Forged_JPEG90\62244_1.jpg,Partially AI-Edited,,0.0006,0.3803,0.0001,0.41,28,1.38,26.55,11.92,12.08,3652.82,135.07,3738.09,1298.67
partially_ai_edited\AutoSplice\Forged_JPEG90\62575_2.jpg,Partially AI-Edited,,0.9997,0.3009,0.1153,0.04,5,0.25,3.7,1.82,3.59,169.93,30.36,174.06,151.92
partially_ai_edited\AutoSplice\Forged_JPEG90\62638_0.jpg,Partially AI-Edited,,0.6794,0.1774,0.4134,0.08,11,0.38,7.5,3.99,5.34,688.66,52.58,721.61,811.89
partially_ai_edited\AutoSplice\Forged_JPEG90\62638_1.jpg,Partially AI-Edited,,0.9992,0.1424,0.0994,0.15,8,0.49,9.96,4.32,6.07,756.02,60.77,804.93,883.91
partially_ai_edited\AutoSplice\Forged_JPEG90\62638_2.jpg,Partially AI-Edited,,0.0704,0.0901,0.0009,0.24,11,0.65,14.71,6.13,6.83,1405.88,72.9,1419.99,1011.63
partially_ai_edited\AutoSplice\Forged_JPEG90\62898_1.jpg,Partially AI-Edited,,1.0,0.094,0.0031,0.17,22,0.55,3.49,1.81,3.59,135.02,48.06,143.14,187.04
partially_ai_edited\AutoSplice\Forged_JPEG90\62981_1.jpg,Partially AI-Edited,,0.2539,0.2544,0.2105,0.01,14,0.13,0.3,0.62,1.02,9.73,19.06,11.44,10.28
partially_ai_edited\AutoSplice\Forged_JPEG90\63145_0.jpg,Partially AI-Edited,,0.0003,0.1833,0.0,0.34,11,0.79,15.38,7.29,10.29,1708.58,93.16,1661.04,1284.57
partially_ai_edited\AutoSplice\Forged_JPEG90\63145_2.jpg,Partially AI-Edited,,0.0004,0.1833,0.0,0.33,18,0.8,15.24,7.46,10.71,1822.67,95.94,1764.68,1417.24
partially_ai_edited\AutoSplice\Forged_JPEG90\63308_0.jpg,Partially AI-Edited,,0.5705,0.1646,0.0004,0.2,9,0.62,5.83,2.27,3.7,161.12,48.04,164.15,158.19
partially_ai_edited\AutoSplice\Forged_JPEG90\63308_1.jpg,Partially AI-Edited,,0.9679,0.1731,0.0196,0.3,27,0.95,6.49,2.44,4.03,193.9,49.35,197.53,230.79
partially_ai_edited\AutoSplice\Forged_JPEG90\63408_1.jpg,Partially AI-Edited,,0.0016,0.2034,0.0024,0.34,27,1.1,2.22,1.27,2.69,68.64,34.26,72.01,111.0
partially_ai_edited\AutoSplice\Forged_JPEG90\63491_1.jpg,Partially AI-Edited,,0.9991,0.3805,0.0015,0.05,7,0.32,4.67,2.31,5.4,380.07,35.35,391.37,432.53
partially_ai_edited\AutoSplice\Forged_JPEG90\63550_1.jpg,Partially AI-Edited,,0.0406,0.3267,0.0441,0.16,18,0.59,4.65,2.0,4.37,219.56,33.88,193.14,272.05
partially_ai_edited\AutoSplice\Forged_JPEG90\63986_1.jpg,Partially AI-Edited,,0.0001,0.1807,0.0006,0.73,23,1.73,5.2,2.2,4.28,217.23,35.5,214.26,210.47
partially_ai_edited\AutoSplice\Forged_JPEG90\64219_0.jpg,Partially AI-Edited,,0.0,0.2077,0.0,0.45,13,0.96,15.43,8.12,10.82,1922.06,100.57,1901.23,860.11
partially_ai_edited\AutoSplice\Forged_JPEG90\64223_1.jpg,Partially AI-Edited,,0.0229,0.1026,0.0,0.15,20,0.6,23.22,8.05,7.78,1581.2,99.29,1524.94,784.68
partially_ai_edited\AutoSplice\Forged_JPEG90\64375_0.jpg,Partially AI-Edited,,0.8386,0.117,0.009,0.17,13,0.54,5.15,2.55,4.61,308.2,46.39,324.2,321.58
partially_ai_edited\AutoSplice\Forged_JPEG90\64375_2.jpg,Partially AI-Edited,,0.0023,0.1986,0.0001,0.12,5,0.42,4.84,2.43,3.65,239.24,42.53,303.65,405.87
partially_ai_edited\AutoSplice\Forged_JPEG90\64593_0.jpg,Partially AI-Edited,,0.186,0.1427,0.001,0.09,6,0.4,9.21,5.67,9.73,1414.29,90.06,1455.21,1475.72
partially_ai_edited\AutoSplice\Forged_JPEG90\64594_0.jpg,Partially AI-Edited,,0.0012,0.1287,0.0001,0.1,6,0.38,7.09,3.35,5.97,409.42,59.81,423.36,297.58
partially_ai_edited\AutoSplice\Forged_JPEG90\64664_1.jpg,Partially AI-Edited,,0.9423,0.182,0.0028,0.21,14,0.69,4.88,2.18,4.95,298.6,46.9,319.32,733.52
partially_ai_edited\AutoSplice\Forged_JPEG90\64741_2.jpg,Partially AI-Edited,,0.0025,0.1753,0.0001,0.12,22,0.56,5.14,2.48,5.4,338.16,43.05,349.28,332.91
partially_ai_edited\AutoSplice\Forged_JPEG90\64938_0.jpg,Partially AI-Edited,,0.6204,0.1495,0.0054,0.29,18,0.9,4.56,2.22,4.2,216.04,41.47,222.81,264.09
partially_ai_edited\AutoSplice\Forged_JPEG90\65187_1.jpg,Partially AI-Edited,,0.9377,0.1882,0.0535,0.12,18,0.51,2.51,1.58,3.97,189.85,28.84,202.69,289.7
partially_ai_edited\AutoSplice\Forged_JPEG90\65554_1.jpg,Partially AI-Edited,,0.0175,0.1775,0.0004,0.24,13,0.69,8.81,4.1,6.29,579.4,65.35,573.67,507.68
partially_ai_edited\AutoSplice\Forged_JPEG90\65720_0.jpg,Partially AI-Edited,,0.0629,0.4389,0.0001,1.6,48,3.09,9.05,6.28,12.57,2521.11,72.71,2164.84,1493.25
partially_ai_edited\AutoSplice\Forged_JPEG90\65784_0.jpg,Partially AI-Edited,,0.2706,0.1787,0.0058,0.03,13,0.27,5.87,2.92,6.28,404.24,48.92,421.58,409.52
partially_ai_edited\AutoSplice\Forged_JPEG90\66007_0.jpg,Partially AI-Edited,,0.0001,0.1381,0.0,0.5,28,1.05,6.44,4.48,7.84,793.57,64.86,824.99,1076.88
partially_ai_edited\AutoSplice\Forged_JPEG90\66077_2.jpg,Partially AI-Edited,,0.9865,0.0284,0.0846,0.05,13,0.36,1.2,0.6,1.73,31.15,13.47,33.82,71.53
partially_ai_edited\AutoSplice\Forged_JPEG90\66299_2.jpg,Partially AI-Edited,,0.0001,0.4734,0.0004,0.27,20,0.86,5.9,3.57,8.3,895.21,55.18,807.22,960.25
partially_ai_edited\AutoSplice\Forged_JPEG90\66661_1.jpg,Partially AI-Edited,,0.0793,0.0607,0.0006,0.13,12,0.55,16.06,7.44,9.14,1482.2,104.01,1553.51,880.42
partially_ai_edited\AutoSplice\Forged_JPEG90\66667_1.jpg,Partially AI-Edited,,0.7365,0.3528,0.0134,0.43,26,1.18,4.49,2.37,5.67,342.0,45.02,339.94,459.88
partially_ai_edited\AutoSplice\Forged_JPEG90\66827_2.jpg,Partially AI-Edited,,0.004,0.201,0.0,0.53,25,1.35,9.59,4.5,7.05,756.76,68.49,781.51,727.37
partially_ai_edited\AutoSplice\Forged_JPEG90\66895_2.jpg,Partially AI-Edited,,0.6511,0.2269,0.0003,0.26,20,0.75,9.95,4.1,6.44,552.01,75.71,561.87,369.48
partially_ai_edited\AutoSplice\Forged_JPEG90\66904_1.jpg,Partially AI-Edited,,0.2512,0.3781,0.2037,0.81,39,2.06,5.2,2.94,6.96,634.63,41.44,649.17,567.91
partially_ai_edited\AutoSplice\Forged_JPEG90\67065_2.jpg,Partially AI-Edited,,0.0295,0.1499,0.0002,0.21,21,0.6,20.53,7.98,9.31,1972.64,98.3,1999.23,1828.06
partially_ai_edited\AutoSplice\Forged_JPEG90\67167_0.jpg,Partially AI-Edited,,0.0024,0.2239,0.0,0.26,16,0.75,13.09,6.22,7.91,998.17,88.98,1047.78,540.21
partially_ai_edited\AutoSplice\Forged_JPEG90\67178_0.jpg,Partially AI-Edited,,0.0486,0.2148,0.0337,0.31,13,0.8,5.52,2.61,4.29,279.36,46.89,291.77,310.23
partially_ai_edited\AutoSplice\Forged_JPEG90\67202_0.jpg,Partially AI-Edited,,0.3009,0.267,0.0006,0.13,14,0.53,4.35,1.84,3.94,168.11,34.62,174.07,225.39
partially_ai_edited\AutoSplice\Forged_JPEG90\67551_2.jpg,Partially AI-Edited,,0.9856,0.1588,0.0607,0.32,16,0.84,4.84,2.62,4.54,233.91,50.79,237.77,182.06
partially_ai_edited\AutoSplice\Forged_JPEG90\67554_0.jpg,Partially AI-Edited,,0.3752,0.0694,0.0072,0.03,12,0.22,4.16,2.24,6.06,477.91,33.18,408.5,553.0
partially_ai_edited\AutoSplice\Forged_JPEG90\67709_0.jpg,Partially AI-Edited,,0.9997,0.1371,0.0594,0.13,27,0.65,2.64,1.42,3.9,188.71,27.0,173.8,267.57
partially_ai_edited\AutoSplice\Forged_JPEG90\67844_0.jpg,Partially AI-Edited,,0.0031,0.2828,0.0001,0.84,47,2.33,9.94,5.95,10.13,1336.57,76.62,1290.41,1345.26
partially_ai_edited\AutoSplice\Forged_JPEG90\67844_2.jpg,Partially AI-Edited,,0.0003,0.285,0.0,0.69,49,2.06,8.24,4.95,8.81,948.16,65.39,908.4,853.95
partially_ai_edited\AutoSplice\Forged_JPEG90\68054_2.jpg,Partially AI-Edited,,0.4959,0.237,0.0184,0.67,31,1.42,8.87,4.3,5.96,532.6,66.94,515.64,391.3
partially_ai_edited\AutoSplice\Forged_JPEG90\68057_0.jpg,Partially AI-Edited,,0.6171,0.0915,0.0144,0.47,29,1.48,4.13,2.91,3.39,182.96,44.97,186.84,124.84
partially_ai_edited\AutoSplice\Forged_JPEG90\68071_1.jpg,Partially AI-Edited,,0.9932,0.4976,0.0436,0.79,35,1.68,6.3,3.97,8.59,838.39,64.86,770.84,964.11
partially_ai_edited\AutoSplice\Forged_JPEG90\68132_1.jpg,Partially AI-Edited,,0.6855,0.1436,0.0012,0.08,5,0.37,10.27,4.33,5.69,524.93,69.32,543.49,593.5
partially_ai_edited\AutoSplice\Forged_JPEG90\68139_1.jpg,Partially AI-Edited,,0.2133,0.1423,0.0006,0.4,21,0.97,6.61,2.67,4.49,254.57,50.32,264.48,350.45
partially_ai_edited\AutoSplice\Forged_JPEG90\68282_1.jpg,Partially AI-Edited,,0.4175,0.2339,0.0,0.54,46,1.73,9.07,4.91,8.47,887.55,80.39,1132.69,1000.64
partially_ai_edited\AutoSplice\Forged_JPEG90\68480_2.jpg,Partially AI-Edited,,0.0001,0.2311,0.0,0.16,19,0.59,13.56,5.92,8.47,1117.68,82.76,1041.45,812.33
partially_ai_edited\AutoSplice\Forged_JPEG90\68671_2.jpg,Partially AI-Edited,,0.0364,0.2775,0.0045,0.42,25,1.1,3.93,2.15,5.01,382.49,36.94,359.14,454.15
partially_ai_edited\AutoSplice\Forged_JPEG90\68849_0.jpg,Partially AI-Edited,,0.9934,0.1772,0.0032,0.52,25,1.15,10.15,5.04,8.0,1032.53,84.62,1056.37,619.35
partially_ai_edited\AutoSplice\Forged_JPEG90\68930_2.jpg,Partially AI-Edited,,0.9996,0.2747,0.0898,0.3,29,1.07,4.67,1.98,4.28,268.75,34.35,282.16,280.53
partially_ai_edited\AutoSplice\Forged_JPEG90\68948_2.jpg,Partially AI-Edited,,0.0019,0.2179,0.0003,0.58,16,1.1,12.48,7.35,10.43,1710.71,98.65,1651.87,1393.39
partially_ai_edited\AutoSplice\Forged_JPEG90\69039_1.jpg,Partially AI-Edited,,0.0037,0.1074,0.0005,0.34,13,0.76,7.56,4.12,6.74,555.96,61.29,726.2,607.68
partially_ai_edited\AutoSplice\Forged_JPEG90\69649_2.jpg,Partially AI-Edited,,0.0,0.2,0.0001,0.37,14,0.89,9.76,5.03,8.07,925.21,75.85,853.86,926.28
partially_ai_edited\AutoSplice\Forged_JPEG90\70091_0.jpg,Partially AI-Edited,,0.0001,0.2258,0.0001,0.26,18,0.8,7.77,4.48,8.21,906.19,58.25,895.67,948.91
partially_ai_edited\AutoSplice\Forged_JPEG90\70124_2.jpg,Partially AI-Edited,,0.5233,0.1737,0.054,0.34,23,1.04,2.69,1.4,3.66,125.89,36.52,139.76,192.71
partially_ai_edited\AutoSplice\Forged_JPEG90\70244_2.jpg,Partially AI-Edited,,0.0695,0.1938,0.0026,0.13,21,0.59,8.99,4.09,7.32,916.86,59.34,958.32,1549.49
partially_ai_edited\AutoSplice\Forged_JPEG90\70339_1.jpg,Partially AI-Edited,,0.9996,0.0466,0.0245,0.09,14,0.45,2.84,1.05,3.08,117.45,23.78,109.76,185.89
partially_ai_edited\AutoSplice\Forged_JPEG90\70379_1.jpg,Partially AI-Edited,,0.9734,0.4727,0.0223,0.48,28,1.33,4.07,2.09,4.23,280.15,39.01,268.61,265.86
partially_ai_edited\AutoSplice\Forged_JPEG90\70382_1.jpg,Partially AI-Edited,,0.7637,0.1733,0.0013,0.25,20,0.89,2.43,1.07,3.19,126.1,21.35,132.55,178.1
partially_ai_edited\AutoSplice\Forged_JPEG90\70382_2.jpg,Partially AI-Edited,,0.4537,0.1554,0.0351,0.25,25,0.96,1.93,0.97,2.75,90.7,20.84,93.32,202.24
partially_ai_edited\AutoSplice\Forged_JPEG90\70419_0.jpg,Partially AI-Edited,,0.9899,0.3398,0.012,0.74,41,1.76,6.74,3.87,8.04,869.6,59.87,893.16,1343.32
partially_ai_edited\AutoSplice\Forged_JPEG90\70681_0.jpg,Partially AI-Edited,,0.9994,0.2666,0.0106,0.06,8,0.33,4.89,3.08,6.43,503.39,47.46,517.67,423.92
partially_ai_edited\AutoSplice\Forged_JPEG90\70704_0.jpg,Partially AI-Edited,,0.0,0.1699,0.0,0.48,25,1.14,8.0,4.56,8.96,1077.77,69.54,1083.1,1091.74
partially_ai_edited\AutoSplice\Forged_JPEG90\70809_1.jpg,Partially AI-Edited,,0.3252,0.1629,0.0255,0.12,16,0.5,8.62,3.85,5.74,748.87,54.52,760.0,564.7
partially_ai_edited\AutoSplice\Forged_JPEG90\70872_2.jpg,Partially AI-Edited,,0.0116,0.1796,0.2561,0.7,41,2.14,4.12,4.56,13.61,2493.42,55.03,2411.28,2805.08
partially_ai_edited\AutoSplice\Forged_JPEG90\70890_1.jpg,Partially AI-Edited,,0.9999,0.2163,0.0024,1.42,19,1.7,14.65,6.88,7.85,970.93,108.03,1010.28,796.08
partially_ai_edited\AutoSplice\Forged_JPEG90\70920_0.jpg,Partially AI-Edited,,0.8527,0.3736,0.0012,0.23,12,0.65,3.99,2.05,5.28,435.21,36.21,480.97,612.24
partially_ai_edited\AutoSplice\Forged_JPEG90\70944_1.jpg,Partially AI-Edited,,0.9992,0.3093,0.0287,0.51,27,1.34,9.1,4.06,6.9,624.73,72.5,662.24,549.14
partially_ai_edited\AutoSplice\Forged_JPEG90\71019_1.jpg,Partially AI-Edited,,0.0,0.1549,0.0,0.38,18,0.87,15.98,8.62,11.32,2386.27,104.32,2461.02,1801.02
partially_ai_edited\AutoSplice\Forged_JPEG90\71162_2.jpg,Partially AI-Edited,,0.0021,0.1909,0.4273,0.21,37,0.69,11.9,5.36,7.91,1110.04,71.41,1139.49,925.62
partially_ai_edited\AutoSplice\Forged_JPEG90\71243_0.jpg,Partially AI-Edited,,0.0342,0.3801,0.0009,0.42,23,1.13,5.62,2.6,5.07,288.45,50.65,310.08,261.03
partially_ai_edited\AutoSplice\Forged_JPEG90\71372_1.jpg,Partially AI-Edited,,0.5753,0.1078,0.0008,0.15,10,0.54,7.96,3.44,6.15,611.18,50.93,626.34,657.48
partially_ai_edited\AutoSplice\Forged_JPEG90\71571_2.jpg,Partially AI-Edited,,0.0,0.2069,0.0,0.57,20,1.15,16.66,7.21,9.28,1657.71,88.96,1526.92,1019.23
partially_ai_edited\AutoSplice\Forged_JPEG90\71624_0.jpg,Partially AI-Edited,,1.0,0.2433,0.0006,0.25,23,0.8,5.86,2.55,5.8,426.5,43.95,391.61,621.83
partially_ai_edited\AutoSplice\Forged_JPEG90\71629_2.jpg,Partially AI-Edited,,0.0003,0.2485,0.0005,0.54,20,1.24,9.77,4.57,8.07,955.3,72.36,989.36,1133.46
partially_ai_edited\AutoSplice\Forged_JPEG90\71637_0.jpg,Partially AI-Edited,,0.001,0.1258,0.0,0.34,22,0.83,11.95,4.62,5.89,611.44,66.99,605.03,492.74
partially_ai_edited\AutoSplice\Forged_JPEG90\71672_1.jpg,Partially AI-Edited,,0.0001,0.1694,0.0006,0.43,20,1.05,8.99,4.6,8.36,978.92,63.9,1005.73,999.27
partially_ai_edited\AutoSplice\Forged_JPEG90\72010_1.jpg,Partially AI-Edited,,0.3168,0.2524,0.0142,0.29,19,0.98,2.28,1.78,5.37,296.52,34.57,276.43,342.34
partially_ai_edited\AutoSplice\Forged_JPEG90\72010_2.jpg,Partially AI-Edited,,0.7529,0.155,0.0034,0.1,22,0.54,3.11,1.59,4.27,187.08,34.98,175.45,226.96
partially_ai_edited\AutoSplice\Forged_JPEG90\72082_2.jpg,Partially AI-Edited,,0.9995,0.1322,0.0008,0.08,7,0.37,3.71,1.52,3.05,117.67,33.07,125.35,154.28
partially_ai_edited\AutoSplice\Forged_JPEG90\72140_1.jpg,Partially AI-Edited,,0.0,0.1605,0.0054,0.19,27,0.67,7.99,4.1,5.3,437.08,59.25,442.02,351.4
partially_ai_edited\AutoSplice\Forged_JPEG90\72250_0.jpg,Partially AI-Edited,,0.0,0.2922,0.0005,0.21,14,0.65,9.82,5.56,9.15,1326.16,77.13,1370.88,1457.13
partially_ai_edited\AutoSplice\Forged_JPEG90\72262_1.jpg,Partially AI-Edited,,0.2084,0.2612,0.0012,0.43,20,1.0,8.76,5.71,10.98,1671.12,87.69,1690.98,1768.33
partially_ai_edited\AutoSplice\Forged_JPEG90\72300_1.jpg,Partially AI-Edited,,0.0002,0.1838,0.0,0.9,35,1.59,19.07,8.79,10.5,2242.28,113.19,2286.51,1329.06
partially_ai_edited\AutoSplice\Forged_JPEG90\72315_1.jpg,Partially AI-Edited,,0.1128,0.1279,0.1695,0.43,23,0.93,13.48,6.41,8.51,1088.53,94.97,1140.06,548.86
partially_ai_edited\AutoSplice\Forged_JPEG90\72481_1.jpg,Partially AI-Edited,,0.7166,0.3341,0.0036,0.13,17,0.59,6.29,3.47,6.18,581.26,51.29,583.0,633.82
partially_ai_edited\AutoSplice\Forged_JPEG90\72723_1.jpg,Partially AI-Edited,,0.0009,0.19,0.0,0.15,18,0.57,7.71,3.98,5.78,496.77,62.98,500.59,427.43
partially_ai_edited\AutoSplice\Forged_JPEG90\72918_0.jpg,Partially AI-Edited,,0.0003,0.1358,0.0148,0.23,18,0.78,14.12,6.83,9.36,1395.11,88.65,1395.68,1348.74
partially_ai_edited\AutoSplice\Forged_JPEG90\72918_2.jpg,Partially AI-Edited,,0.0001,0.1358,0.0001,0.23,15,0.72,13.41,6.6,9.37,1383.31,85.55,1415.87,1345.94
partially_ai_edited\AutoSplice\Forged_JPEG90\72925_2.jpg,Partially AI-Edited,,0.9999,0.3306,0.4494,0.1,12,0.45,4.94,1.97,3.83,244.99,38.56,250.35,257.01
partially_ai_edited\AutoSplice\Forged_JPEG90\73101_0.jpg,Partially AI-Edited,,0.0046,0.0606,0.0653,0.15,10,0.52,2.26,1.29,3.25,135.38,30.6,145.4,208.84
partially_ai_edited\AutoSplice\Forged_JPEG90\73185_2.jpg,Partially AI-Edited,,0.4891,0.4993,0.0029,0.34,15,0.9,8.17,4.31,8.43,1034.32,67.0,875.24,1059.64
partially_ai_edited\AutoSplice\Forged_JPEG90\73416_0.jpg,Partially AI-Edited,,0.9451,0.1328,0.0056,0.04,5,0.26,2.94,1.26,2.61,81.13,32.35,85.19,106.82
partially_ai_edited\AutoSplice\Forged_JPEG90\73530_2.jpg,Partially AI-Edited,,0.0455,0.0984,0.0,0.15,9,0.49,16.84,7.34,8.37,1550.86,86.3,1578.52,1050.84
