filename,label,meanDifference,maxDifference,standardDeviation,edgeDensity,noiseMean,noiseStd,blurScore,sharpnessScore,blockSharpnessAverage,blockSharpnessStd
real_0001.jpg,REAL,3.11393404006958,32.0,2.8401408195495605,16.047447447447446,6.749399185180664,11.099678039550781,3190.7728760327896,34.510402402402406,3390.7634288293975,3326.8530944707354
real_0002.jpg,REAL,2.394458770751953,22.0,2.067959785461426,0.23679999999999998,2.0158772468566895,2.741095542907715,215.81850615591824,10.812714666666666,220.0538066829954,144.6321296056787
real_0003.jpg,REAL,2.3825531005859375,28.0,2.5146446228027344,9.25531914893617,5.484409809112549,10.495814323425293,2413.412858431417,25.63923404255319,2705.2299223388945,2597.5616814117884
real_0004.jpg,REAL,3.2648308277130127,41.0,2.8143482208251953,19.785585585585586,7.930276393890381,12.403022766113281,3833.1830554205017,39.721315315315316,3676.967000060422,2784.8310692444707
real_0005.jpg,REAL,3.4781670570373535,40.0,3.191586971282959,9.415466666666667,5.761663913726807,8.976361274719238,2178.370703654997,29.957146666666667,2703.5339341231756,2705.9276972889984
real_0006.jpg,REAL,2.0271413326263428,32.0,2.147575855255127,9.306666666666667,3.420741319656372,5.8860554695129395,728.3537956812517,15.745829333333333,821.4589482835361,482.03697040580164
real_0007.jpg,REAL,1.6301920413970947,31.0,1.8568679094314575,5.5312,3.240384101867676,6.888638496398926,868.9165781869226,14.483882666666666,1030.9935966270311,651.5179733425259
real_0008.jpg,REAL,2.703036069869995,26.0,2.4332516193389893,2.6962264150943396,3.2905659675598145,5.780352592468262,820.7051815459013,16.92689150943396,904.5063081383705,715.3953014986653
real_0009.jpg,REAL,0.5511246919631958,9.0,0.8156682252883911,2.4625925925925927,0.8837296366691589,1.6576412916183472,51.02878327879287,4.0834,55.36392775698314,49.358268987452725
real_0010.jpg,REAL,3.9501938819885254,43.0,3.237093210220337,18.054933333333334,8.952799797058105,12.884571075439453,4038.309143819491,44.473664,4141.6560692991525,1478.4209268790707
real_0011.jpg,REAL,2.1439573764801025,25.0,2.1458547115325928,1.9442896935933147,2.152618408203125,3.7877135276794434,398.71454019565334,11.195147632311977,491.60265074798036,685.6018335308512
real_0012.jpg,REAL,4.811791896820068,47.0,4.101478576660156,31.2974358974359,14.6864013671875,20.606435775756836,10805.984077000585,73.82623776223777,11023.30232312282,4670.424909686499
real_0013.jpg,REAL,1.2230358123779297,23.0,1.5207741260528564,16.325150821718324,4.561140060424805,7.049893856048584,1182.376571497001,21.889359267734555,1155.6108330925306,634.7768957698952
real_0014.jpg,REAL,1.726622462272644,24.0,1.9748669862747192,8.600378787878787,3.037916660308838,5.696544170379639,777.2563184225063,14.742310606060606,838.5792758266131,868.2050820349325
real_0015.jpg,REAL,1.525187611579895,25.0,1.71538507938385,4.749333333333333,2.16105055809021,5.057513236999512,480.5504873830115,9.668250666666667,614.6418766617775,849.3392494591451
real_0016.jpg,REAL,1.8812246322631836,30.0,2.176935911178589,5.078888888888889,2.914888858795166,5.462403297424316,651.3213340378463,13.74067037037037,693.2670678836959,880.3862978334284
real_0017.jpg,REAL,2.4993457794189453,23.0,2.300847053527832,6.9690666666666665,2.412384033203125,3.7887094020843506,352.8691612757049,11.945904,384.20849907398224,333.35070188563657
real_0018.jpg,REAL,1.4886627197265625,17.0,1.5582391023635864,9.21921921921922,4.15155553817749,6.9174394607543945,1194.7910571427283,20.18654054054054,1262.183269725527,1039.5829528643037
real_0019.jpg,REAL,2.3432250022888184,25.0,2.537224054336548,8.319466666666667,4.091119766235352,6.9493727684021,1155.819827908153,20.106954666666667,957.8115931238447,941.6672902836791
real_0020.jpg,REAL,1.4442862272262573,26.0,1.8491859436035156,2.7207207207207205,1.5228468179702759,3.7990691661834717,309.4909328427526,7.209477477477478,349.0037459237235,386.0122039856704
real_0021.jpg,REAL,2.654601573944092,46.0,3.350511312484741,14.817270194986074,8.25107479095459,16.79129409790039,7338.6002701367925,41.69248467966574,8976.81054153783,11612.50706256361
real_0022.jpg,REAL,2.0937719345092773,31.0,2.4865479469299316,15.365637946283108,4.271243572235107,7.861377239227295,1262.2533993568359,19.084159568030536,1278.4013694814273,1618.031090302182
real_0023.jpg,REAL,2.053731918334961,25.0,1.7606163024902344,12.834000000000001,4.632091999053955,8.032739639282227,1159.557909524416,19.870288,1177.0571422382277,906.8138168198593
real_0024.jpg,REAL,0.1557736098766327,8.0,0.5005698800086975,1.5913872452333993,0.7126298546791077,3.473714828491211,279.4139119000657,3.3694806048652204,339.645011081582,1352.3724526667584
real_0025.jpg,REAL,3.4578440189361572,36.0,3.0851080417633057,12.352631578947367,7.850304126739502,13.740225791931152,4116.0648739070475,37.477321637426904,4748.6537880011965,3094.0956773621315
real_0026.jpg,REAL,3.4857423305511475,28.0,2.7412662506103516,18.389333333333333,9.000005722045898,12.995046615600586,4551.796604745272,47.106634666666665,4643.536176380089,2706.7224459400013
real_0027.jpg,REAL,0.7603643536567688,11.0,0.9539768695831299,16.08842188739096,5.7130255699157715,9.505097389221191,1638.1776706859973,24.6208035950304,1541.0583961506684,266.13315501302225
real_0028.jpg,REAL,1.842392921447754,28.0,2.087460994720459,5.2463999999999995,2.5221545696258545,5.730424404144287,611.1868006368995,11.136048,774.6247135179383,770.5206848607628
real_0029.jpg,REAL,0.1200132966041565,4.0,0.34673041105270386,3.606727934801456,2.1314895153045654,6.546811580657959,873.1602046124501,9.762632217790879,1055.8338456402223,713.3071452954657
real_0030.jpg,REAL,2.0864052772521973,39.0,2.1800875663757324,2.6981333333333333,1.9304640293121338,4.286141395568848,479.0599444882774,9.926912,537.8146412372589,860.0140104162283
real_0031.jpg,REAL,3.6887595653533936,37.0,3.302995443344116,18.88142857142857,9.232421875,14.45604133605957,6171.884194115868,49.920092857142855,6638.185851705925,2780.122302418465
real_0032.jpg,REAL,3.722259521484375,31.0,3.029236078262329,10.510933333333334,6.207488059997559,9.023504257202148,2260.2720062920253,33.171968,2322.387165403366,1915.563563998076
real_0033.jpg,REAL,2.8616888523101807,26.0,2.3774330615997314,4.260266666666666,3.525712013244629,5.530364036560059,801.1016817418241,18.31584,937.6408533419882,614.561869221398
real_0034.jpg,REAL,2.512079954147339,41.0,2.720736265182495,8.91497005988024,5.656269550323486,12.425716400146484,3591.2504298972362,27.465077844311377,4126.021914858477,3957.3725407006737
real_0035.jpg,REAL,1.4743037223815918,31.0,2.5505383014678955,9.963313609467455,5.062502861022949,12.2462739944458,4027.902804733728,25.89231952662722,4812.928690017972,6029.772397323768
real_0036.jpg,REAL,2.1785671710968018,26.0,2.4556028842926025,8.509866666666667,5.600901126861572,12.425357818603516,3542.635427037753,27.014165333333334,4211.346966365406,4909.214638092948
real_0037.jpg,REAL,2.4942872524261475,40.0,2.750277519226074,13.493087557603687,5.021091938018799,9.554983139038086,2163.6800229135465,24.15305069124424,2280.626060807989,1837.4192366617845
real_0038.jpg,REAL,4.4172282218933105,48.0,3.943357467651367,20.475846501128668,9.009430885314941,13.88310718536377,5078.112918090794,46.19749887133183,5444.763303919917,3456.1594877242046
real_0039.jpg,REAL,3.091423988342285,31.0,2.794473886489868,8.824533333333333,5.280096054077148,8.614786148071289,1664.8080846051557,25.612042666666667,1839.490954751628,875.0579276047603
real_0040.jpg,REAL,1.6715786457061768,22.0,1.6494195461273193,4.184569732937685,2.3497092723846436,5.573795795440674,587.2222994128327,10.924569732937686,651.0372073190553,731.9746208726015
real_0041.jpg,REAL,2.444868803024292,32.0,2.4033257961273193,10.61761658031088,4.422347068786621,8.037531852722168,1705.2133367871352,22.809295336787564,1918.7830831791673,2089.582608416519
real_0042.jpg,REAL,3.86201810836792,38.0,3.2462263107299805,26.76876876876877,12.325153350830078,17.56891441345215,8074.905308818728,62.912732732732735,7888.426803375994,4202.948487333902
real_0043.jpg,REAL,2.6135964393615723,39.0,2.5401978492736816,7.392,4.611434459686279,9.78857421875,2021.901884733753,21.515962666666667,1887.409696502345,1606.8199934650927
real_0044.jpg,REAL,3.278129816055298,35.0,2.815467596054077,15.8384,6.262538433074951,9.68377685546875,2676.883062666667,33.133616,2795.9130226271495,2377.3880807628716
real_0045.jpg,REAL,3.5338048934936523,39.0,3.124293804168701,19.048034934497817,5.634786128997803,9.117277145385742,2043.012835345913,27.82359388646288,2095.024093585355,1684.299309296341
real_0046.jpg,REAL,2.3507378101348877,41.0,2.65771746635437,4.739733333333334,3.993013381958008,8.286592483520508,1637.448793538105,19.900896,1533.8831703032765,2006.022489591727
real_0047.jpg,REAL,2.0669021606445312,30.0,2.458458423614502,4.816166281755196,3.690582036972046,9.241096496582031,2067.284725077439,18.78375519630485,1943.2549010458447,2085.9149411580875
real_0048.jpg,REAL,3.673186779022217,40.0,3.012921094894409,12.89214659685864,7.3546648025512695,11.375815391540527,3151.247500388586,37.27138219895288,3387.9757247618268,1364.2553349556163
real_0049.jpg,REAL,1.7943484783172607,30.0,2.0174508094787598,5.6528,3.098618745803833,7.2848711013793945,1212.3822646096783,15.182474666666666,321.56100269556043,582.1419185071003
real_0050.jpg,REAL,2.6538279056549072,43.0,3.1050639152526855,16.60133921280418,7.3049635887146,12.854557037353516,3429.77049596686,33.23607708639556,4193.2500545957255,2388.351941009051
real_0051.jpg,REAL,2.6999094486236572,57.0,2.4906935691833496,11.864533333333334,6.410416126251221,10.252467155456543,2130.076058927189,28.596848,2098.373889880521,1933.7146919831614
real_0052.jpg,REAL,2.9742417335510254,39.0,2.629725694656372,3.254175152749491,3.322521448135376,5.632527828216553,771.8570885324684,17.33186965376782,667.8962331268252,529.4670217495542
real_0053.jpg,REAL,3.6722097396850586,35.0,3.0730106830596924,16.251199999999997,7.505957126617432,10.384354591369629,2957.7945409176464,39.16600533333333,3037.7490246960097,1113.1533398601366
real_0054.jpg,REAL,3.355907678604126,31.0,2.789202928543091,13.575728155339807,4.504587173461914,6.4093828201293945,1163.2603256282166,23.632325242718448,1205.197630208163,867.6247736523908
real_0055.jpg,REAL,3.1534292697906494,26.0,2.806213617324829,25.594666666666665,14.853845596313477,21.57590675354004,13072.344713514214,78.62301866666667,13559.888897952012,7411.008076900793
real_0056.jpg,REAL,3.707735061645508,33.0,3.020855188369751,21.290133333333333,9.310757637023926,13.848467826843262,5063.348055755066,47.77693333333333,5246.673374123233,2856.8553748689083
real_0057.jpg,REAL,2.294276237487793,31.0,2.454766273498535,10.897297297297296,3.708024024963379,7.168764114379883,1236.7090096255176,18.098324324324324,1318.95331160341,1417.45955959662
real_0058.jpg,REAL,3.5651307106018066,33.0,3.2473506927490234,25.318933333333334,13.873071670532227,20.711261749267578,11321.715214839209,70.91242133333333,10143.998260763714,7423.550311596113
real_0059.jpg,REAL,3.1221280097961426,40.0,2.9971067905426025,16.955733333333335,7.935269355773926,13.548589706420898,4287.458491556154,38.27973866666667,4844.7001180189,2985.7923525837805
real_0060.jpg,REAL,1.9483832120895386,29.0,2.2293906211853027,9.959893048128341,3.053379774093628,5.536376476287842,723.9390697495211,14.621470588235294,655.5322216647012,735.6004956343876
real_0061.jpg,REAL,3.55914306640625,23.0,2.813333749771118,26.86366366366366,10.430011749267578,14.47049617767334,5934.289521152829,55.3189009009009,6013.946200471265,1671.3693205813702
real_0062.jpg,REAL,0.28758859634399414,7.0,0.573630154132843,1.0099403578528827,0.4667801260948181,1.1538914442062378,24.251621515607113,2.4583952286282305,26.559940170674096,29.5234058911322
real_0063.jpg,REAL,1.3197795152664185,25.0,1.394049048423767,1.9781333333333335,1.4031786918640137,3.298762083053589,240.93631462772615,6.782394666666667,257.86545779705045,531.1417602693666
real_0064.jpg,REAL,1.9479057788848877,36.0,2.0304136276245117,10.1504,5.461029529571533,9.616373062133789,2591.2450015515305,28.189514666666668,3019.9363939745085,2599.229168167369
real_0065.jpg,REAL,2.5606508255004883,34.0,2.875023126602173,11.479761904761904,4.91462516784668,9.307638168334961,1879.5909783571078,22.960041666666665,2088.627158795084,1638.1038128684102
real_0066.jpg,REAL,3.7389919757843018,33.0,3.409771203994751,13.695466666666666,5.126373291015625,8.094451904296875,1574.0505014185528,25.310410666666666,1819.7211901136807,977.3627340470181
real_0067.jpg,REAL,3.1117866039276123,36.0,2.827413320541382,7.666666666666666,3.7844107151031494,5.835201740264893,929.924963402496,19.767994666666667,925.3406765205519,792.6308340071079
real_0068.jpg,REAL,4.0968708992004395,35.0,3.5246598720550537,8.610133333333334,4.6836957931518555,7.426591873168945,1175.7592933720464,22.339418666666667,1251.2208827955383,1075.968110702319
real_0069.jpg,REAL,0.9842631816864014,27.0,1.2210716009140015,15.047291666666668,5.265649795532227,8.61276626586914,1492.8440284126696,23.528627083333333,1467.1174552937348,991.8960249660079
real_0070.jpg,REAL,3.3676445484161377,34.0,3.081435441970825,13.704533333333332,8.434138298034668,15.277119636535645,6287.847676848896,44.022704,6485.099963091101,5091.1711845901655
real_0071.jpg,REAL,1.184725284576416,29.0,1.9608784914016724,6.0144,3.497978687286377,9.5491304397583,1877.4771306665532,15.723904,903.9543169277055,967.3496341023055
real_0072.jpg,REAL,2.171976089477539,47.0,2.93194580078125,13.595795795795794,6.558330535888672,12.991320610046387,3817.238704988627,30.73228228228228,4119.631930106027,2715.692942107325
real_0073.jpg,REAL,1.8367124795913696,37.0,2.4452133178710938,9.794351374570446,6.417209148406982,13.332236289978027,4365.622557405669,31.729172036082474,4695.203469404152,6922.865179646354
real_0074.jpg,REAL,0.8588935732841492,28.0,1.7537704706192017,6.571428571428571,2.0497143268585205,4.987709999084473,565.6799960918014,10.036336134453782,410.24533809969824,547.1787421253497
real_0075.jpg,REAL,3.3592591285705566,44.0,3.0483829975128174,15.108433734939759,9.289440155029297,15.346549034118652,5714.14251790503,45.82493373493976,5919.591238881861,4143.158578872355
real_0076.jpg,REAL,0.9751150012016296,19.0,1.1026644706726074,2.9325,2.3405299186706543,4.379551887512207,480.279941713975,11.245235,521.5556101373264,813.3993786971533
real_0077.jpg,REAL,2.8177990913391113,32.0,2.66642165184021,11.5936,3.1538827419281006,5.402527809143066,636.4192637859555,14.745072,681.257424231938,870.7702208294065
real_0078.jpg,REAL,2.7124905586242676,26.0,2.6881771087646484,11.217066666666668,7.743882656097412,14.148246765136719,6269.599124189269,43.50687466666667,7016.710265408244,4539.699201078553
real_0079.jpg,REAL,2.3542673587799072,30.0,2.198866605758667,10.174850299401198,4.094880104064941,7.865161895751953,1310.8337140994295,19.050245508982037,1469.579932841233,1681.1236443583473
real_0080.jpg,REAL,1.9177813529968262,34.0,2.28826904296875,5.819599999999999,1.7648520469665527,3.878103017807007,360.06203991238397,8.686712,454.2962972850216,781.6739169433926
real_0081.jpg,REAL,2.4788644313812256,21.0,2.593700647354126,21.666666666666668,13.188850402832031,21.282373428344727,12226.971137814224,68.44139770114943,14147.778565550134,5928.000023818306
real_0082.jpg,REAL,2.7857043743133545,46.0,3.3586931228637695,12.954617414248021,6.551894664764404,12.526163101196289,4227.472875967614,34.00048548812665,3926.815800842217,4486.426038300399
real_0083.jpg,REAL,1.9356358051300049,33.0,2.25079083442688,3.6032407407407407,2.986379623413086,7.277724742889404,1234.6630897955247,14.648,1527.9001962727025,2299.05103173909
real_0084.jpg,REAL,0.9289414286613464,15.0,1.1002273559570312,24.444996219089646,8.482376098632812,12.789944648742676,3716.5723169429093,39.53158470932136,3000.4040341337522,1820.2216256208815
real_0085.jpg,REAL,3.06327748298645,32.0,3.031342029571533,16.34071856287425,7.702329158782959,13.037583351135254,4160.664057427659,37.93183233532934,3898.3903005072048,3361.4098070007103
real_0086.jpg,REAL,0.9684181213378906,37.0,2.0430102348327637,4.579687431979453,1.5630359649658203,4.316676616668701,344.4925294034347,6.876657524705063,279.9941579028964,433.07732807529504
real_0087.jpg,REAL,0.6868148446083069,12.0,0.9303603768348694,2.530080729122447,1.3290892839431763,2.1595003604888916,94.54849081336604,6.136901902146861,96.89791011735065,128.53314079735637
real_0088.jpg,REAL,2.212541103363037,30.0,2.523202419281006,9.362340966921119,3.5702950954437256,7.39082670211792,1221.6626872189786,17.173552162849873,1233.3091933755647,1540.5038446066926
real_0089.jpg,REAL,3.4336800575256348,33.0,2.9580461978912354,9.9324,5.036856174468994,7.650002479553223,1452.1597562864004,25.168632,1730.9125634626466,1334.2991017558704
real_0090.jpg,REAL,1.9986435174942017,35.0,2.0535764694213867,4.283733333333333,3.1028800010681152,7.239261627197266,1184.2935527587838,15.0328,1362.8360746485846,1897.7704502830854
real_0091.jpg,REAL,0.3836616575717926,11.0,0.6367694735527039,2.301208077893978,1.9069284200668335,3.272416353225708,217.90074437131764,8.668507708258204,200.88754350342313,152.55187859552422
real_0092.jpg,REAL,2.7398595809936523,31.0,2.3822531700134277,3.2458666666666662,3.2204532623291016,4.968571186065674,667.8825391325582,17.204122666666667,741.5161239198276,688.8976130960464
real_0093.jpg,REAL,3.1584978103637695,29.0,2.7094264030456543,14.449600000000002,8.920442581176758,15.016318321228027,4983.769097872383,42.237088,6448.488013577461,4118.615981383004
real_0094.jpg,REAL,0.8069196343421936,14.0,1.0013813972473145,3.8319270833333334,2.131606340408325,3.5726208686828613,273.3690686766494,9.929583333333333,265.76122254424627,253.35636264014144
real_0095.jpg,REAL,3.8866078853607178,46.0,3.474977493286133,23.528,13.13203239440918,20.193754196166992,11273.724550890496,68.686848,9928.53671545812,7653.6163054185145
real_0096.jpg,REAL,2.388526201248169,49.0,2.5756680965423584,7.513066666666666,3.289914608001709,6.97015905380249,1142.430616959289,16.040816,1511.6635635410037,1571.6838719663779
real_0097.jpg,REAL,3.046316385269165,22.0,2.6700327396392822,6.138133333333333,4.649706840515137,6.807065010070801,1193.5149796004694,24.26620266666667,1001.3931649684906,497.96223937035245
real_0098.jpg,REAL,2.5722150802612305,39.0,2.642087936401367,7.682666666666667,4.027535915374756,6.8991594314575195,1164.5992938332158,20.122453333333333,825.5171690770558,749.3520820843771
real_0099.jpg,REAL,3.5280675888061523,38.0,3.293259382247925,15.480533333333332,5.4178080558776855,8.511772155761719,1780.585992630585,27.073957333333333,2071.3402591841564,1183.1692498406721
real_0100.jpg,REAL,3.0674684047698975,33.0,2.6359384059906006,10.9504,6.010879993438721,9.797306060791016,2088.614993161216,28.673290666666666,2504.93752310276,1470.4599131259213
real_0101.jpg,REAL,4.662469387054443,49.0,3.999208450317383,23.5664,9.722880363464355,13.929591178894043,5280.596064325518,51.602037333333335,5643.424784725053,3676.800609374285
real_0102.jpg,REAL,1.1403164863586426,23.0,1.531077265739441,4.3402666666666665,1.9656853675842285,3.7755634784698486,294.2913127822222,9.022709333333333,331.54385271412986,302.72211954988046
real_0103.jpg,REAL,2.4400880336761475,30.0,2.7478818893432617,10.91891891891892,4.291957855224609,8.082201957702637,1713.0933432403212,22.067735735735734,1868.4293624196735,1803.6903710295137
real_0104.jpg,REAL,4.583815097808838,39.0,3.7996692657470703,30.8768,15.670101165771484,21.858150482177734,12446.904235812266,79.82303466666667,12617.069345629216,4982.873654839723
real_0105.jpg,REAL,2.6880619525909424,35.0,2.6175355911254883,7.458858858858859,4.403327465057373,8.065047264099121,1518.9628467750995,21.83857657657658,1549.0566707491876,1111.4865237227498
real_0106.jpg,REAL,4.254650115966797,34.0,3.5344765186309814,26.442105263157895,12.250350952148438,19.099702835083008,9301.34041588932,61.708756892230575,9444.461342336166,10168.197850338107
real_0107.jpg,REAL,1.368963599205017,23.0,1.4667361974716187,1.5114666666666667,1.2622613906860352,2.6048920154571533,149.32061909333333,6.193141333333333,168.37348841599055,211.9434740350296
real_0108.jpg,REAL,0.5575201511383057,22.0,0.8912438154220581,5.3791046142578125,1.8039029836654663,3.449901580810547,234.28496157457994,8.120800018310547,237.75118634539345,328.3978100291558
real_0109.jpg,REAL,1.3150273561477661,19.0,1.2933306694030762,21.820496632996633,7.496828556060791,11.044852256774902,2840.2727164398584,35.800646043771046,2940.354446431001,2248.9106518206922
real_0110.jpg,REAL,1.9928808212280273,37.0,2.4025044441223145,8.926651480637814,4.889521598815918,11.51359748840332,3079.8333369801107,23.56153986332574,2991.5463319690452,3817.2051056829664
real_0111.jpg,REAL,1.0905884504318237,22.0,1.168351411819458,0.7205333333333334,0.9472799897193909,2.1109659671783447,100.75840959214936,4.712597333333333,92.19611310447965,211.81761992680518
real_0112.jpg,REAL,3.380769729614258,37.0,3.1814486980438232,19.6208,6.102506637573242,10.762978553771973,2883.4782745751045,29.730533333333334,3164.7604196480343,3167.174303274387
real_0113.jpg,REAL,3.8425493240356445,37.0,3.3887088298797607,20.904,7.1722612380981445,11.256389617919922,3378.7337708576997,36.75730133333333,3677.586705441134,2554.4109013654497
real_0114.jpg,REAL,3.2952799797058105,40.0,3.1125504970550537,16.867733333333334,6.75654935836792,11.752724647521973,3065.2672668684513,31.992672,3007.6514023372106,1956.6558427291272
real_0115.jpg,REAL,3.084935188293457,28.0,2.6884546279907227,7.656533333333333,4.43013334274292,7.363569259643555,1228.6397031968993,22.180842666666667,1508.298701458318,802.420897640354
real_0116.jpg,REAL,1.0448130369186401,27.0,1.241053581237793,4.795663956639566,1.9701354503631592,4.919708728790283,448.87332109050317,8.719159891598917,341.69372457095557,510.7583894801854
real_0117.jpg,REAL,0.8470319509506226,12.0,1.0391285419464111,1.6945833333333333,1.6195875406265259,2.438525676727295,130.42177495305557,7.498825,130.42183665839994,99.21425756106842
real_0118.jpg,REAL,1.8070204257965088,30.0,2.235440969467163,6.417599999999999,4.7151198387146,13.588313102722168,3755.320635833572,23.156661333333332,2857.6036033170562,2771.8060394702625
real_0119.jpg,REAL,2.3735804557800293,29.0,2.5461325645446777,9.40228832951945,6.227084636688232,13.766255378723145,4728.890031311972,31.106022883295193,5374.458716564235,6128.819890508118
real_0120.jpg,REAL,4.223125457763672,49.0,3.7222163677215576,27.3344,12.566384315490723,18.16173553466797,8833.212789973333,64.711872,8897.635210687773,4507.766499260166
real_0121.jpg,REAL,2.4209794998168945,28.0,2.2351908683776855,4.89597855227882,3.0346059799194336,5.535707950592041,774.4589879452595,15.430664879356568,645.9836247512272,439.6509699746396
real_0122.jpg,REAL,2.692525863647461,32.0,2.4178850650787354,4.918426501035197,3.4115238189697266,5.225308418273926,652.8269727751587,17.188521739130433,631.4267432081456,493.1398722311206
real_0123.jpg,REAL,3.88083553314209,47.0,3.720743417739868,18.002133333333333,9.34657096862793,15.833210945129395,6068.578809757326,45.146928,7707.679804178647,7656.135535132765
real_0124.jpg,REAL,2.0227677822113037,23.0,1.9191380739212036,7.267873303167422,2.7605249881744385,4.891108989715576,513.2368322004872,12.995719457013575,233.88060275713602,259.2288982362915
real_0125.jpg,REAL,2.9683055877685547,57.0,3.1807148456573486,5.5875,5.471402645111084,10.422090530395508,2754.796169836227,28.42249537037037,3073.857017688808,4281.3167130536885
real_0126.jpg,REAL,2.1649012565612793,27.0,2.155534267425537,7.1392,2.8220534324645996,4.651576995849609,514.4580465005226,13.834730666666667,631.2781784875052,534.6076365820293
real_0127.jpg,REAL,2.005887985229492,16.0,1.820043683052063,0.8031999999999999,1.846442699432373,2.552882432937622,198.43228190367293,10.200448,232.9597127045904,119.6717513265532
real_0128.jpg,REAL,2.8686702251434326,44.0,2.9741716384887695,13.466666666666665,7.511546611785889,14.85430908203125,5794.895374450232,37.742666666666665,6144.485380859034,8319.500886173299
real_0129.jpg,REAL,2.9751665592193604,31.0,2.8410868644714355,13.425480769230768,5.287928104400635,9.968992233276367,2782.8502555768314,27.657548076923078,3074.020701296273,3924.649223028939
real_0130.jpg,REAL,2.038522720336914,46.0,2.56256103515625,11.112596401028279,5.638493537902832,13.553824424743652,3968.6516966574363,26.24094087403599,2806.0583372797287,3092.9562700667034
real_0131.jpg,REAL,2.6204168796539307,24.0,2.4545063972473145,19.47669616519174,9.052536964416504,15.450657844543457,6584.880988218724,47.13626548672566,6056.827523153169,6652.761538098452
real_0132.jpg,REAL,2.0219781398773193,23.0,1.8863089084625244,2.857286432160804,1.8446884155273438,2.6206915378570557,133.4447144999116,8.276015075376884,144.195076665708,78.63613163937508
real_0133.jpg,REAL,2.2724449634552,27.0,2.0616753101348877,4.421006564551423,2.632161855697632,4.657171726226807,573.6203871366392,13.612459518599563,649.6576305165582,804.1180104514897
real_0134.jpg,REAL,1.3022149801254272,31.0,1.827274203300476,2.7791183294663573,1.3492575883865356,3.5653228759765625,310.3839070615684,6.889800464037123,324.3238644897938,385.22744794832823
real_0135.jpg,REAL,2.7531003952026367,35.0,3.0871481895446777,15.716800000000001,6.553296089172363,11.828872680664062,3531.668310497166,32.80272,4610.53737156902,2992.2728794553227
real_0136.jpg,REAL,2.2187066078186035,37.0,2.5499179363250732,8.329,5.081395149230957,11.55886173248291,3289.2253344839005,25.13166,3174.8923692987078,2865.0796701109202
real_0137.jpg,REAL,1.448846697807312,17.0,1.5033799409866333,23.017599999999998,7.891660213470459,11.991531372070312,2766.841563989745,34.54066,2982.354900018293,831.0487453310622
real_0138.jpg,REAL,2.436762571334839,37.0,2.3222246170043945,8.436266666666667,5.455008029937744,11.840642929077148,3838.034543626552,28.116730666666665,5040.552612100329,6240.796296271811
real_0139.jpg,REAL,1.8439768552780151,28.0,2.2269468307495117,5.889839572192514,3.068679094314575,6.663494110107422,1093.5971336759985,15.352973262032085,1036.5677520360266,1522.0936645921506
real_0140.jpg,REAL,2.0710222721099854,34.0,2.2999396324157715,5.815466666666667,2.9008853435516357,6.970494270324707,1171.764025853156,14.337781333333334,1505.7027911237308,2715.919783868923
real_0141.jpg,REAL,0.2536020874977112,10.0,0.5901734232902527,1.399375,0.5588812232017517,2.192308187484741,86.18882499437501,2.6529125,98.62066010965242,143.39021415763338
real_0142.jpg,REAL,3.1990292072296143,28.0,2.644742250442505,35.585,18.251989364624023,24.079206466674805,15492.39901330361,94.12543125,16140.235571423063,5974.488165962427
real_0143.jpg,REAL,2.5579519271850586,29.0,2.8362410068511963,11.224533333333333,5.574693202972412,10.541197776794434,3052.664514902926,29.514624,3079.1606104016305,3604.1663647413043
real_0144.jpg,REAL,3.582538604736328,45.0,3.065779209136963,12.376533333333334,6.680448055267334,10.714631080627441,2546.022694345955,31.967370666666667,2596.3340366976604,1604.640469064901
real_0145.jpg,REAL,2.7329938411712646,34.0,2.7447149753570557,8.3232,5.647125244140625,11.108771324157715,2618.646180888889,26.729584,2971.2400731614657,2548.6368902427753
real_0146.jpg,REAL,2.234053611755371,19.0,1.9092670679092407,7.541152263374486,3.4759156703948975,5.465635299682617,608.0298813670638,16.109002057613168,582.1237007588148,259.64033510081254
real_0147.jpg,REAL,0.8352406620979309,50.0,1.7123537063598633,3.3269058295964125,2.159475326538086,8.72386646270752,1968.1040919937864,11.254408071748879,2585.279729127884,5226.950780378609
real_0148.jpg,REAL,0.4261915385723114,35.0,0.9208115935325623,2.2378285725911455,1.1167577505111694,3.290062189102173,231.52811503328692,5.317740122477214,241.15194703172892,640.5130270039296
real_0149.jpg,REAL,1.4044102430343628,26.0,1.466169834136963,0.8997926093514328,1.3453336954116821,2.5972065925598145,147.96932443200046,6.583210784313725,178.86754988630614,393.43537879166996
real_0150.jpg,REAL,0.49470987915992737,14.0,0.7980726361274719,4.0451342967754345,1.204559087753296,2.7062532901763916,139.5200062374985,5.406978142207901,163.45063450166157,183.4748425092533
real_0151.jpg,REAL,3.5589871406555176,45.0,3.201674699783325,12.731100478468898,8.000578880310059,14.484840393066406,4899.981927387744,38.96693779904306,5396.827178187314,6742.664786946352
real_0152.jpg,REAL,0.6518334150314331,13.0,0.8615469336509705,13.840738932291666,3.3843586444854736,5.779660701751709,646.2327750961607,14.948801676432291,657.9758980497718,651.2374075851784
real_0153.jpg,REAL,3.41109299659729,25.0,2.752474784851074,23.324324324324326,19.06169891357422,28.625747680664062,24055.768412673,102.54936936936937,22676.93065587623,19892.000116104165
real_0154.jpg,REAL,2.9372923374176025,32.0,2.9973034858703613,16.3984,8.90661907196045,15.662124633789062,6062.73111141706,44.239488,5264.839395221642,4928.872496842645
real_0155.jpg,REAL,3.2348532676696777,22.0,2.585432529449463,6.3242666666666665,4.779642581939697,7.31805419921875,1297.7208138598114,24.862106666666666,1359.1697658879416,792.618428526724
real_0156.jpg,REAL,3.874093770980835,51.0,3.431797981262207,20.54712643678161,13.003678321838379,21.030378341674805,11175.60701513423,65.70085057471265,11090.931897166796,7486.069858472815
real_0157.jpg,REAL,2.568160057067871,46.0,2.6156158447265625,6.4488,4.594099998474121,8.620702743530273,2041.4716521584,24.29376,2504.5017811266744,2556.9553479202013
real_0158.jpg,REAL,0.8456552624702454,12.0,0.9542560577392578,17.80920060331825,6.910457611083984,10.632868766784668,2170.952909969134,30.191679235796883,2065.641229259968,792.0347090359437
real_0159.jpg,REAL,1.8367840051651,24.0,1.823631763458252,2.4281524926686218,1.8298592567443848,4.47731876373291,476.9545486631521,9.081319648093842,548.8115017754691,1093.9317544118928
real_0160.jpg,REAL,2.044541120529175,28.0,2.000420570373535,7.542857142857143,2.9804675579071045,5.5623674392700195,644.9757103889356,13.630311688311687,665.9852570039885,675.2182745417036
real_0161.jpg,REAL,2.255603551864624,21.0,2.188098192214966,6.3072,3.289344072341919,6.095944404602051,941.6073663409495,16.44343466666667,1156.6409071121898,1276.285824065812
real_0162.jpg,REAL,4.256965160369873,42.0,3.7590949535369873,20.228828828828828,11.78164005279541,18.377456665039062,8830.447350182614,59.6581021021021,8799.404538798331,5468.026336737201
real_0163.jpg,REAL,2.6135528087615967,43.0,2.5234971046447754,6.79324894514768,3.437101364135742,5.747623443603516,799.11313917207,17.091392405063292,916.1133692568662,587.4431994268868
real_0164.jpg,REAL,2.1557955741882324,45.0,2.6445767879486084,6.357333333333333,2.707535982131958,5.6531171798706055,715.8658556908374,12.832762666666667,828.6087841238294,1070.0008426532247
real_0165.jpg,REAL,2.7545788288116455,39.0,3.00777530670166,17.2666839333506,8.730676651000977,15.076953887939453,5054.517564694458,40.41797708464375,5840.882691534361,5407.332675885968
real_0166.jpg,REAL,2.5656871795654297,35.0,2.5654380321502686,6.896533333333334,3.10099196434021,6.012644290924072,758.6725229904783,14.40768,850.997848544802,801.570519323813
real_0167.jpg,REAL,2.538449764251709,31.0,2.5018632411956787,10.1824,3.6507625579833984,6.918029308319092,1145.8173330708194,17.774021333333334,1432.9215098227774,1814.4111469133256
real_0168.jpg,REAL,3.6051411628723145,40.0,3.2520716190338135,21.71171171171171,9.143597602844238,13.94678783416748,4895.962476662032,45.48486486486487,5054.808616479805,3985.345602542129
real_0169.jpg,REAL,1.2769198417663574,17.0,1.2314988374710083,1.1610126582278482,1.0690885782241821,1.7923154830932617,68.46388316895369,5.081524050632911,74.07907295368966,79.08594151696803
real_0170.jpg,REAL,1.8603639602661133,20.0,1.9386941194534302,5.2299999999999995,2.645832061767578,5.60260534286499,789.713136174064,13.638756,676.689646067668,986.6838524787486
real_0171.jpg,REAL,3.905381202697754,42.0,3.343641519546509,30.618617021276595,12.291718482971191,16.677528381347656,6937.4273588409915,61.1400744680851,6821.089401202543,4000.236876563803
real_0172.jpg,REAL,3.1205315589904785,24.0,2.5003607273101807,11.576500000000001,3.9152300357818604,5.520434379577637,735.5159909903997,19.60712,782.2503656787532,358.2320117021054
real_0173.jpg,REAL,3.206038236618042,28.0,2.6851212978363037,15.037986270022882,5.724086761474609,9.36986255645752,2309.692553364682,29.48770251716247,2563.501982298635,1772.6346853493942
real_0174.jpg,REAL,1.9680622816085815,30.0,2.2408013343811035,6.665066666666666,3.326848030090332,6.179696083068848,830.446240160313,15.596853333333334,869.4014484201159,1039.4355173375861
real_0175.jpg,REAL,2.4027903079986572,31.0,2.7098960876464844,10.787425149700598,5.525299549102783,11.392407417297363,2971.4829683558387,26.538107784431137,3171.3294151101795,3122.279927359023
real_0176.jpg,REAL,0.9421313405036926,11.0,0.9871596693992615,32.653134328358206,20.869199752807617,29.30164909362793,24378.039652897165,109.27115223880597,26696.957164812087,21239.8769495934
real_0177.jpg,REAL,1.2468342781066895,20.0,1.4616479873657227,11.74894538821115,3.5852468013763428,6.402751445770264,823.7376362237413,16.186557975145366,919.8128280162812,600.0573450638265
real_0178.jpg,REAL,2.5949759483337402,42.0,2.548922300338745,7.974933333333334,4.230133533477783,8.353222846984863,1549.2919452670862,20.552256,1556.8580158046313,1369.8997368239118
real_0179.jpg,REAL,1.9264084100723267,26.0,2.2402451038360596,7.243243243243243,2.9810571670532227,6.240921497344971,1093.0384477026214,15.510294294294294,1239.8904951759748,1994.607734677536
real_0180.jpg,REAL,3.1682097911834717,31.0,2.6375958919525146,13.2384,5.144351959228516,7.74591588973999,1560.5106089522915,26.326181333333334,1563.1530431270598,988.0128624862364
real_0181.jpg,REAL,3.453871965408325,32.0,2.9423828125,16.69129129129129,7.464552402496338,12.133177757263184,3434.0874314679004,36.20129129129129,3380.809059427466,1536.8887703343803
real_0182.jpg,REAL,1.9536190032958984,26.0,2.1304774284362793,3.980952380952381,3.23956298828125,6.682735443115234,974.8148171927281,15.420689075630252,1026.465202334949,998.1788900545824
real_0183.jpg,REAL,3.6334400177001953,28.0,2.8940773010253906,26.742933333333337,11.095429420471191,15.259774208068848,6062.4576366472265,56.59689066666667,6128.109745866912,3175.564553141043
real_0184.jpg,REAL,3.9907236099243164,48.0,3.6234323978424072,22.251199999999997,12.477898597717285,19.363157272338867,8559.259067859939,59.205936,8296.582644428525,5662.811402198362
real_0185.jpg,REAL,2.198080062866211,35.0,2.1061151027679443,9.535641547861507,3.1731324195861816,5.171538829803467,566.9672178910657,14.678496945010183,664.956655608148,374.1192607981715
real_0186.jpg,REAL,2.753918170928955,30.0,2.386594533920288,5.533333333333333,3.040714740753174,4.925729751586914,587.3082988622223,15.458629333333333,572.7476291963033,234.95541111562014
real_0187.jpg,REAL,2.7477545738220215,26.0,2.448765993118286,14.75688622754491,7.0420241355896,11.642939567565918,2671.4132093037038,31.531275449101795,2819.34972549166,1297.2750191537837
real_0188.jpg,REAL,1.6892932653427124,34.0,2.2512295246124268,5.938138138138138,2.8672072887420654,6.984158515930176,1117.064712562797,13.860804804804804,1268.1213357635907,1669.0536803305201
real_0189.jpg,REAL,1.8956656455993652,40.0,2.266051769256592,8.149262536873156,4.433410167694092,9.949177742004395,2025.9493344974026,20.20587610619469,1863.1869986193522,1897.4686874824797
real_0190.jpg,REAL,1.9625600576400757,40.0,2.236861228942871,4.570666666666667,2.8625385761260986,5.785952091217041,737.2928981246862,14.146538666666666,654.6310722368104,761.3890378575414
real_0191.jpg,REAL,3.4886231422424316,31.0,3.036724328994751,19.846728971962616,7.042840957641602,10.39946460723877,2728.6731464489258,35.28540654205607,2503.973037538074,1805.6864656799175
real_0192.jpg,REAL,3.294083833694458,33.0,2.7697837352752686,17.851497005988023,6.168778419494629,9.832818031311035,2503.089143960558,31.02897005988024,2339.541029063293,2602.2051150592606
real_0193.jpg,REAL,0.46350887417793274,19.0,0.8569622039794922,9.283564537989317,2.586153745651245,5.900156021118164,709.5787590238878,11.391857011879136,586.026198198398,598.8602808492572
real_0194.jpg,REAL,2.0823423862457275,50.0,2.9369614124298096,6.875810473815461,4.280688285827637,10.93638801574707,2463.827998081081,20.60370573566085,2245.2686004567713,2199.0327073855897
real_0195.jpg,REAL,0.31648263335227966,26.0,0.7536249756813049,2.757083333333333,1.0531978607177734,2.839344024658203,151.70893878270834,4.9417625,162.74132724878964,325.36998986974965
real_0196.jpg,REAL,4.158807277679443,36.0,3.3501644134521484,21.944,9.906757354736328,14.25847339630127,5556.752659355733,52.09315733333333,4944.743370890617,3656.7779975261687
real_0197.jpg,REAL,3.823521852493286,34.0,3.090409994125366,16.594666666666665,6.334554672241211,8.572202682495117,1951.5367758584887,32.778672,2065.240729934829,567.9137145463145
real_0198.jpg,REAL,2.6099660396575928,39.0,3.007305383682251,13.586186186186186,6.263639450073242,13.605639457702637,3746.768684536933,29.301741741741743,3723.232734438351,2279.02753389408
real_0199.jpg,REAL,2.561932325363159,29.0,2.6439530849456787,6.8688,3.7767839431762695,7.346687316894531,1215.6212130136462,18.608592,1261.9462414622308,1017.7372788080016
real_0200.jpg,REAL,2.6019840240478516,18.0,2.0745818614959717,7.400597014925372,3.117492437362671,4.177743911743164,397.77397591891287,14.998155223880596,401.09351639236723,155.09876489083211
real_0201.jpg,REAL,3.6767449378967285,33.0,3.1520750522613525,16.853571428571428,6.260566234588623,10.06935977935791,2715.6331367309454,31.933969387755102,2971.6886246346294,2383.0422913067105
real_0202.jpg,REAL,0.5959223508834839,16.0,1.2775700092315674,6.855984840509527,3.675685167312622,10.14665699005127,2705.9121920311663,18.565998175246516,2839.3691149701676,2954.2372833504587
real_0203.jpg,REAL,1.5763812065124512,40.0,2.1455581188201904,4.435928143712575,2.1577064990997314,5.945542812347412,897.4808469916815,10.880413173652695,978.5196320227215,1644.1512411862932
real_0204.jpg,REAL,1.048987627029419,18.0,1.1405785083770752,14.973632812500002,3.6850717067718506,6.329523086547852,811.212414271789,16.413414713541666,877.1990092260497,809.8041731391631
real_0205.jpg,REAL,2.38266658782959,46.0,3.07180118560791,7.366753246753246,3.0860986709594727,6.864466190338135,1175.2620772814032,15.457522077922079,1322.870959943249,1516.2806042644238
real_0206.jpg,REAL,2.4116122722625732,29.0,2.401231050491333,8.99498746867168,3.9207818508148193,6.811604976654053,1307.4494227448322,20.575318295739347,1419.5665798087914,1467.510639400967
real_0207.jpg,REAL,2.919701337814331,23.0,2.6533472537994385,19.536,8.602068901062012,12.291593551635742,3928.4616243961177,44.175957333333336,3894.7772891061645,1547.6039751663234
real_0208.jpg,REAL,2.5526280403137207,35.0,2.857703685760498,14.88243761996161,6.970561504364014,13.033612251281738,3559.7661774086264,31.769779270633396,3706.847776658833,1801.0166568638256
real_0209.jpg,REAL,0.8071057200431824,21.0,0.8564230799674988,0.776990254720052,0.6948299407958984,1.2239888906478882,27.534437151605957,3.3311564127604165,29.380121586068224,37.202239433133414
real_0210.jpg,REAL,3.714611530303955,39.0,3.3504228591918945,20.5168,6.757285118103027,10.679384231567383,2883.920157332451,33.64498666666667,3422.4026240672383,2630.786607684758
real_0211.jpg,REAL,1.5547502040863037,34.0,2.0198333263397217,6.7164179104477615,3.071582078933716,7.803144931793213,1275.120834915001,14.24004776119403,1510.4654920526914,2068.2455371727515
real_0212.jpg,REAL,2.9853105545043945,36.0,3.256009101867676,13.23377308707124,6.378417015075684,12.12171745300293,3109.9717572559366,29.219419525065963,3599.750365524633,2975.550902930153
real_0213.jpg,REAL,1.4429422616958618,24.0,1.4442380666732788,3.213866666666667,1.2648533582687378,2.343367576599121,112.46452002542935,6.007978666666666,92.66384307997568,70.3110973162548
real_0214.jpg,REAL,3.189150333404541,32.0,2.764996290206909,6.714344262295081,4.734643459320068,8.224567413330078,1606.9963856006282,24.69725,1575.0928246695169,899.25834136232
real_0215.jpg,REAL,2.0659520626068115,22.0,2.1036877632141113,6.4336,3.5031840801239014,7.0865960121154785,1428.6865256682386,18.453589333333333,1733.185871395043,1486.181073298014
real_0216.jpg,REAL,0.9073070883750916,12.0,1.066141963005066,11.447337962962962,3.053304433822632,5.1031293869018555,555.1005505689247,14.19008101851852,465.4078823992184,461.73264724233076
real_0217.jpg,REAL,2.8814685344696045,30.0,2.44921612739563,3.5221333333333336,3.0418453216552734,4.449839115142822,509.1927655331555,15.768805333333333,608.2241098080362,481.5798136100077
real_0218.jpg,REAL,0.6400080323219299,19.0,0.9425115585327148,1.3482658959537572,0.7153492569923401,1.9729918241500854,73.49518294628308,3.5395905587668595,81.56430639699101,110.21494992421702
real_0219.jpg,REAL,1.8282485008239746,36.0,2.386348247528076,3.7716763005780347,2.211942195892334,4.747141361236572,560.2108323699422,11.133988439306359,538.4111190744809,641.9699289081723
real_0220.jpg,REAL,2.8429269790649414,32.0,2.656620979309082,9.885885885885886,5.173627853393555,8.782252311706543,1799.2255578677775,25.071795795795797,1653.616942848478,1411.6412087694277
real_0221.jpg,REAL,0.7988121509552002,35.0,1.4082386493682861,1.7376623376623375,0.7941402792930603,3.27811861038208,260.97823809638055,4.312763636363637,303.24201375955624,715.2976536297102
real_0222.jpg,REAL,2.550112009048462,38.0,2.5265839099884033,12.064264264264263,6.12369966506958,11.124406814575195,2476.83445569804,27.433615615615615,2841.998398748466,2931.831462715819
real_0223.jpg,REAL,2.406883478164673,35.0,2.440807819366455,8.761066666666666,4.141530513763428,8.211533546447754,1487.266580983353,19.940544,1502.1757524507386,1098.73251108489
real_0224.jpg,REAL,3.7063982486724854,34.0,3.3051774501800537,17.290133333333333,6.9374613761901855,11.328348159790039,3443.5108526894646,35.96209066666667,3568.0052045328275,3089.7549004695934
real_0225.jpg,REAL,1.48152756690979,24.0,1.687198281288147,3.6027972027972024,1.6095291376113892,3.728405714035034,308.2938645656348,7.7812820512820515,345.28402250579427,458.26989992987205
real_0226.jpg,REAL,3.6151270866394043,31.0,3.1979355812072754,24.737066666666667,14.787551879882812,22.239179611206055,13105.946787950905,76.182672,14566.945665453162,6712.309871183655
real_0227.jpg,REAL,1.0133873224258423,32.0,1.2924154996871948,7.53587962962963,4.738720893859863,9.13216781616211,2217.4916524943205,23.904340277777777,2484.803017125811,2165.2046422633493
real_0228.jpg,REAL,4.233194828033447,36.0,3.55133056640625,9.499397590361445,5.877373695373535,8.875432014465332,2086.3938992758026,31.029698795180725,2091.903141479833,1814.3314939967295
real_0229.jpg,REAL,3.1819005012512207,40.0,3.0256664752960205,12.490666666666666,8.12227725982666,14.45240592956543,5047.800376629589,40.112224,6021.481691418376,3103.0724564815946
real_0230.jpg,REAL,2.818103313446045,26.0,2.6179890632629395,11.484282460136674,5.8231072425842285,9.128558158874512,2355.2429419734435,30.78074715261959,2590.964200563374,2068.6873953875433
real_0231.jpg,REAL,3.487464189529419,37.0,2.903864860534668,12.66720430107527,6.630505561828613,10.067034721374512,2659.8378106573014,34.33267741935484,2515.4761642473086,1007.6815819251439
real_0232.jpg,REAL,4.344841003417969,33.0,3.4277102947235107,22.249066666666668,9.41546630859375,13.504528045654297,4853.351688506709,49.013258666666665,5121.845568300996,1545.2097551627553
real_0233.jpg,REAL,2.1112265586853027,36.0,2.2719428539276123,9.712,3.794975996017456,6.936323642730713,1065.5049356641848,17.86840533333333,1185.8578622136797,950.1772212286487
real_0234.jpg,REAL,4.003223896026611,32.0,3.204970121383667,2.694013303769401,4.626443386077881,5.947674751281738,1093.5899763506372,25.955902439024392,1105.8763628529043,292.6463933441797
real_0235.jpg,REAL,3.8740103244781494,32.0,3.2425875663757324,23.35925925925926,8.696382522583008,13.264148712158203,4342.538839438957,43.248925925925924,4414.210448185036,3251.5850409453806
real_0236.jpg,REAL,3.1425528526306152,38.0,3.011538028717041,17.058682634730538,7.291125774383545,12.474069595336914,3912.487451969738,35.99734131736527,3776.8653841682844,5013.307556238637
real_0237.jpg,REAL,2.161285400390625,30.0,2.251054286956787,5.656,4.028540134429932,8.842315673828125,2151.0356828593767,21.377084,2671.591096015609,3784.768965355573
real_0238.jpg,REAL,0.3508355915546417,18.0,0.7012666463851929,3.2526652018229165,1.6343752145767212,4.537380695343018,422.46598555634046,7.464612325032552,428.0009160454695,681.2006552949207
real_0239.jpg,REAL,2.476684331893921,23.0,2.51334547996521,23.788266666666665,22.173786163330078,36.297603607177734,35993.41648102184,113.30763733333333,35260.52182615484,25409.232878854298
real_0240.jpg,REAL,3.591191053390503,47.0,3.1436760425567627,12.919466666666668,6.778794765472412,11.636639595031738,3554.7469840503177,34.469925333333336,3041.735245028564,3204.770787180004
real_0241.jpg,REAL,1.9788657426834106,32.0,2.249232053756714,6.239999999999999,2.8885600566864014,6.492276668548584,1101.9361367179663,14.58312,1330.5929619652884,2125.5859432072752
real_0242.jpg,REAL,0.4351596236228943,8.0,0.6806578636169434,1.8172799422799424,1.2040088176727295,4.037008762359619,267.30371593204046,5.395359848484849,305.13404011300634,493.5133719270739
real_0243.jpg,REAL,0.47126296162605286,32.0,0.927445113658905,3.5275925925925926,1.6394907236099243,4.468881130218506,432.33537406743477,7.83537037037037,458.2776338207343,971.7651520702079
real_0244.jpg,REAL,0.7458449006080627,9.0,0.9421439170837402,11.74074074074074,3.8639235496520996,7.722341537475586,1237.4380458139092,17.510381944444443,1267.0339467150825,1707.4171390071087
real_0245.jpg,REAL,2.7903947830200195,33.0,2.561249017715454,9.1648,5.388991832733154,9.685698509216309,2384.1990011750113,27.087706666666666,2407.935961282253,1975.2065540978083
real_0246.jpg,REAL,1.66973078250885,24.0,1.9968944787979126,7.225133689839572,4.280459880828857,11.188438415527344,2646.309072579599,20.28309090909091,1790.398079909597,1933.7616135930032
real_0247.jpg,REAL,2.8253190517425537,22.0,2.4179954528808594,9.858666666666666,4.633930683135986,7.4473652839660645,1367.7970597219842,23.355642666666668,1111.211706016745,723.2815094781664
real_0248.jpg,REAL,2.997626781463623,39.0,2.9537830352783203,8.927999999999999,6.095205307006836,11.117838859558105,2842.4968094266023,29.32306133333333,3085.9926548651288,2460.5533546228135
real_0249.jpg,REAL,2.770965337753296,33.0,2.682386875152588,12.2684,5.49894380569458,10.071271896362305,2582.790658321663,28.023208,2883.3854390382767,2637.6063789706413
real_0250.jpg,REAL,1.7676717042922974,31.0,2.0824239253997803,3.3045045045045045,2.4615914821624756,6.265098571777344,1032.6158068611314,12.77815015015015,1187.1007557698658,2196.934755565175
real_0251.jpg,REAL,3.589338779449463,36.0,3.4812192916870117,20.7104,13.837936401367188,23.001962661743164,13384.693213011367,68.758128,15146.212350113052,13088.699135676607
real_0252.jpg,REAL,2.5066845417022705,32.0,2.3939902782440186,4.118399999999999,3.1199839115142822,5.437899112701416,709.0960043598222,15.847642666666667,791.2596818004336,603.1653457764563
real_0253.jpg,REAL,0.3149348497390747,8.0,0.5720406770706177,3.110352640018831,1.9604960680007935,3.2963907718658447,255.5631617271793,9.357350712783017,250.5329766213894,168.66903383479868
real_0254.jpg,REAL,1.9670737981796265,28.0,2.43221378326416,2.336,2.744213342666626,4.899370193481445,629.4272814392889,14.118645333333333,537.1762815254075,533.6565517358889
real_0255.jpg,REAL,0.6645435690879822,17.0,1.0826284885406494,4.31438127090301,1.6861835718154907,3.5039923191070557,256.56034125969535,7.880431066518023,266.74614015860215,208.73663139864627
real_0256.jpg,REAL,3.9171946048736572,36.0,3.5312604904174805,23.8976,13.390634536743164,20.687280654907227,12643.155867178411,72.23333866666667,12632.678054366794,7050.627858417444
real_0257.jpg,REAL,3.188948392868042,36.0,2.8605475425720215,14.994827586206897,9.290224075317383,16.145700454711914,7126.781798109361,48.41846551724138,7670.011350393295,6656.918820900306
real_0258.jpg,REAL,0.6639928817749023,20.0,1.1545937061309814,2.6581333333333332,1.7721279859542847,6.648815155029297,1029.0126491477336,8.899744,1206.438446349757,2269.436889285732
real_0259.jpg,REAL,1.862440824508667,24.0,1.8503178358078003,9.301624129930394,3.712097406387329,6.761119842529297,1015.4328667543992,17.351271461716937,1229.760398084209,2092.7411242344324
real_0260.jpg,REAL,1.819548487663269,32.0,2.2689642906188965,6.023960880195599,2.5306406021118164,6.558499336242676,1051.3633261498676,12.57043031784841,1271.7639837988786,1613.706960534057
real_0261.jpg,REAL,1.1256695985794067,22.0,1.2387207746505737,0.7015228271484375,0.6369773745536804,1.1068612337112427,22.22431278848031,3.090686798095703,24.009499721974134,25.24695329530407
real_0262.jpg,REAL,2.5132253170013428,41.0,2.5137624740600586,7.91051051051051,5.141357421875,10.120829582214355,2181.7389570321316,24.219003003003003,2254.545268334661,1868.0319141256755
real_0263.jpg,REAL,4.4440836906433105,36.0,3.7513065338134766,30.826900584795318,18.705636978149414,26.626726150512695,19669.007236256453,96.24911695906432,20246.617793473175,18528.48597889082
real_0264.jpg,REAL,0.8380909562110901,13.0,0.9275015592575073,3.305,1.6381326913833618,2.7311718463897705,152.82052324494165,7.486750694444445,157.7956466281414,180.31181907282402
real_0265.jpg,REAL,1.1322612762451172,15.0,1.0974712371826172,0.6586666666666667,1.2029919624328613,2.2654199600219727,104.54501972340621,5.928506666666666,113.74256153617587,167.2349408821681
real_0266.jpg,REAL,3.4304873943328857,23.0,2.728090286254883,18.496774193548386,8.548832893371582,12.275650024414062,3887.1555554033985,43.86530107526882,4030.8357239672114,1763.788372601151
real_0267.jpg,REAL,3.968090057373047,33.0,3.189821720123291,22.443843843843844,7.539231300354004,11.213157653808594,3125.8487050149242,37.58808408408409,3362.1039714046888,1816.7714937089274
real_0268.jpg,REAL,2.740579605102539,38.0,2.8806066513061523,9.1936,7.051029205322266,14.723978996276855,5261.876930117944,35.102928,6513.969553894656,6729.131431813409
real_0269.jpg,REAL,2.344240665435791,27.0,2.0192646980285645,9.35483870967742,2.9890644550323486,4.347728252410889,439.00836848172486,14.526951612903225,405.77015285467616,258.12932143115455
real_0270.jpg,REAL,1.8747377395629883,27.0,2.1061089038848877,6.6255999999999995,2.5573654174804688,5.434183120727539,665.591256758585,12.270202666666666,751.2017396977969,976.4577468080654
real_0271.jpg,REAL,2.66300106048584,44.0,2.686957836151123,6.995795795795797,5.281567573547363,10.943914413452148,2703.596658181605,25.549039039039037,3096.92854398489,3491.526876670239
real_0272.jpg,REAL,2.8508267402648926,47.0,2.9781789779663086,13.980799999999999,10.865189552307129,21.42766761779785,11923.266079163737,54.18384,14473.638883161544,22586.41459429445
real_0273.jpg,REAL,2.432833671569824,46.0,2.6294167041778564,6.717333333333333,3.2841227054595947,7.062119007110596,1277.2946753207184,16.845504,1642.4448682206018,1839.3725448723994
real_0274.jpg,REAL,1.9284977912902832,25.0,2.159665107727051,5.3328,2.738058567047119,5.670291423797607,926.2848798040461,14.714448,1097.1256986566952,1650.956545394187
real_0275.jpg,REAL,4.233372211456299,46.0,3.7360143661499023,32.1764,13.598456382751465,18.095361709594727,7848.696573493184,66.06568,7654.184295576446,2041.1152827588908
real_0276.jpg,REAL,0.48719698190689087,14.0,0.8150821328163147,6.760227272727273,3.7550625801086426,6.676321983337402,1053.5320561854337,18.185761363636363,1099.8735999703408,1555.729929446973
real_0277.jpg,REAL,1.4154119491577148,42.0,2.1144304275512695,3.1919999999999997,1.6769440174102783,4.651168346405029,539.4312791971839,8.707544,674.7137300469437,989.2819082161159
real_0278.jpg,REAL,3.7075650691986084,32.0,3.2296900749206543,18.411671087533158,9.462461471557617,14.084394454956055,5210.503746129221,48.806641909814324,5401.140390566417,2439.5933077248214
real_0279.jpg,REAL,2.961507558822632,28.0,2.6505560874938965,5.700266666666667,4.812607765197754,7.324777126312256,1612.538262751545,26.333861333333335,1353.515152977194,1395.6611828734992
real_0280.jpg,REAL,2.6446666717529297,40.0,2.750985622406006,6.571501272264631,4.2552313804626465,8.696569442749023,1888.5821686335034,21.420982188295167,2073.4559077436015,2278.2707604677403
real_0281.jpg,REAL,3.4203999042510986,48.0,3.503793478012085,14.5312,8.125455856323242,14.695441246032715,4639.229684129678,37.79792,5545.94367934806,3852.438444218382
real_0282.jpg,REAL,2.006394624710083,28.0,2.13976788520813,8.3216,3.23197340965271,6.739020347595215,1074.1135901155556,15.765269333333332,1029.4485334566662,716.577633639936
real_0283.jpg,REAL,2.3146755695343018,46.0,2.7710843086242676,1.3082666666666667,2.04693865776062,4.05133581161499,438.1974234661263,11.292133333333334,458.7387085556984,447.0235094853727
real_0284.jpg,REAL,3.3091020584106445,40.0,3.079371690750122,7.7598547836643075,7.057098865509033,14.754585266113281,5161.278215526444,34.319684944684944,5553.111411688476,4869.240842499683
real_0285.jpg,REAL,3.432518482208252,47.0,3.486697196960449,22.86846846846847,7.832294464111328,12.197149276733398,3771.8690580193165,39.075543543543546,3912.786573588848,3186.5922369614887
real_0286.jpg,REAL,2.051907539367676,32.0,2.084829807281494,2.2848,1.9097280502319336,3.2023589611053467,236.30026292937956,9.612112,295.32203372887204,257.08460858914196
real_0287.jpg,REAL,2.4671366214752197,23.0,2.5275819301605225,7.670503597122302,6.455414772033691,12.46104907989502,3727.9587745409076,31.86652278177458,3604.148480010884,2933.176247160644
real_0288.jpg,REAL,3.2046267986297607,35.0,2.8950345516204834,15.960479041916168,5.196706771850586,8.776897430419922,1926.4227435578186,25.50911377245509,2093.6316783274924,2314.9698869413787
real_0289.jpg,REAL,1.071304440498352,14.0,1.2246676683425903,19.86995812210712,6.511510848999023,10.742557525634766,2677.6906630602816,30.966574829182278,2820.7193933486938,2262.4996472731737
real_0290.jpg,REAL,2.129603624343872,24.0,2.437020778656006,7.248,4.206031799316406,8.596198081970215,1759.3367975413762,20.779466666666668,2100.5037650551117,1649.2367884577252
real_0291.jpg,REAL,3.1426079273223877,39.0,2.852585554122925,13.889066666666666,7.520453453063965,13.453740119934082,4724.314659193145,38.64738666666667,4601.72733974627,4200.31891304993
real_0292.jpg,REAL,2.7518978118896484,31.0,2.3294315338134766,7.637837837837838,3.683129072189331,5.6222662925720215,751.9212535618861,18.23551951951952,757.0565840670041,491.2402889384783
real_0293.jpg,REAL,3.8699514865875244,35.0,3.3781790733337402,18.059649122807016,5.880185604095459,8.695635795593262,1960.3426180206152,29.88364411027569,1978.4529726476896,1739.1105475257502
real_0294.jpg,REAL,0.3440757691860199,10.0,0.6917689442634583,2.4261229314420802,0.9089539051055908,2.8184654712677,153.52246703743285,4.368127321850726,191.97573278844357,339.8628263852293
real_0295.jpg,REAL,3.4315760135650635,26.0,2.756495952606201,20.787462686567164,10.851242065429688,15.924334526062012,7072.14514830086,57.1219223880597,6786.417599698475,4951.890590899567
real_0296.jpg,REAL,3.0971271991729736,25.0,2.6876165866851807,11.906666666666666,6.17852783203125,10.210992813110352,2671.9410646407396,31.887050666666667,2849.8056054064205,1929.8566294999805
real_0297.jpg,REAL,1.8030651807785034,25.0,2.1325273513793945,5.425,2.1495542526245117,5.98974609375,859.4068250430058,10.546543478260869,846.8750257934843,1171.0296813350692
real_0298.jpg,REAL,3.3453691005706787,28.0,2.87272310256958,15.960597014925373,6.563218116760254,10.109953880310059,2453.7725611119095,32.41008955223881,2384.33454950537,1237.5913181142957
real_0299.jpg,REAL,3.881333351135254,34.0,3.281554698944092,27.33946731234867,16.20869255065918,23.100309371948242,14531.53313635186,84.55452784503632,14253.113386435169,7175.9011697336855
real_0300.jpg,REAL,2.4969120025634766,23.0,2.2398464679718018,1.8746666666666665,2.6375412940979004,3.932047128677368,414.42707670638936,13.711269333333334,493.8290532520839,387.5229712030566
real_0301.jpg,REAL,2.010776996612549,39.0,2.288599967956543,7.196266666666666,3.938746690750122,8.925152778625488,1573.8793197263929,17.710416,1277.4857460141181,1158.8172256326036
real_0302.jpg,REAL,2.551506996154785,34.0,2.658086061477661,7.70031746031746,3.4045143127441406,5.977992057800293,897.2083140909649,17.132907936507937,914.5235684428897,819.3374820388232
real_0303.jpg,REAL,3.371701240539551,31.0,2.776339530944824,18.6528,8.339605331420898,12.165413856506348,3863.655316401038,42.74493866666667,4016.0319648844857,3010.5928496749166
real_0304.jpg,REAL,0.8024640083312988,22.0,1.3083184957504272,4.6744,1.9972679615020752,4.6761155128479,530.7172548335999,9.739176,672.0817350270797,804.465863504953
real_0305.jpg,REAL,3.0862979888916016,30.0,2.7721681594848633,14.87250755287009,5.935824871063232,9.756878852844238,2187.90708898619,28.60705740181269,2159.140822444643,1460.9355840600767
real_0306.jpg,REAL,3.169454574584961,28.0,2.5975823402404785,8.3908,4.120160102844238,5.953034400939941,857.2974579824639,20.421304,921.4225264325433,725.3630041555933
real_0307.jpg,REAL,2.0162792205810547,36.0,2.1261050701141357,6.4112,3.3388054370880127,7.065929889678955,1010.2857231954773,15.513669333333333,987.2523509911128,994.3751572343281
real_0308.jpg,REAL,0.5985987186431885,13.0,0.8614020347595215,3.2799657534246576,1.9692466259002686,4.841806411743164,428.1853607029344,8.700856164383561,503.8519931609432,365.05815335537073
real_0309.jpg,REAL,2.31638240814209,33.0,2.461395263671875,3.81981981981982,3.21274471282959,6.64504337310791,1190.4358437536637,16.52705105105105,1313.0046986665045,1855.374203843087
real_0310.jpg,REAL,3.169630765914917,34.0,2.896724224090576,11.469972451790634,7.153322219848633,12.66686725616455,3742.3672009889738,36.08990082644628,2973.1061970642636,2768.6817313373344
real_0311.jpg,REAL,3.191728115081787,31.0,2.7034759521484375,18.496428571428574,6.44741678237915,10.222442626953125,2135.66309506374,30.182684523809524,2167.0322933009693,1417.5336529356437
real_0312.jpg,REAL,2.403864860534668,35.0,2.2887444496154785,4.8224,2.4816319942474365,3.973443031311035,384.46358602023815,12.370965333333332,420.0931976335389,264.7972144983625
real_0313.jpg,REAL,2.2726738452911377,22.0,1.973516583442688,7.141333333333333,3.125663995742798,4.923354148864746,491.8786655515307,14.241162666666666,593.0815169862339,404.43961087943563
real_0314.jpg,REAL,2.2264657020568848,28.0,1.9029159545898438,11.6048,3.128549337387085,4.767754077911377,500.79092322062223,14.836378666666667,489.8433056303433,498.0165778878615
real_0315.jpg,REAL,1.9710471630096436,29.0,2.191728115081787,4.5584,2.6094987392425537,5.3829827308654785,794.5500957323662,13.687184,969.8710395319122,1449.4510785878135
real_0316.jpg,REAL,0.4274306297302246,11.0,0.7682902216911316,7.208672086720867,2.6728920936584473,8.975074768066406,1859.9986325653201,12.487069299264421,425.8963950920105,460.1281663064168
real_0317.jpg,REAL,3.0936248302459717,44.0,3.2670936584472656,12.93089005235602,7.2195024490356445,13.384422302246094,3589.008094651764,32.503261780104715,3361.3221086842673,2408.075755784866
real_0318.jpg,REAL,3.555131196975708,40.0,3.1060738563537598,22.084985835694052,7.941195487976074,11.5179443359375,3522.51331025178,40.43218696883853,3397.939190232754,2685.6652045361934
real_0319.jpg,REAL,0.5219889283180237,15.0,0.7686783671379089,10.731770833333334,4.286891460418701,7.853931903839111,1193.354922051737,18.884195963541668,1228.372057305915,913.7339427144536
real_0320.jpg,REAL,3.3514065742492676,30.0,3.0508310794830322,25.45875370919881,10.29340648651123,17.009244918823242,6287.286727488347,49.48897922848665,5196.672503800051,2703.3720763388674
real_0321.jpg,REAL,1.2793102264404297,32.0,2.06373929977417,5.378775510204081,1.9242122173309326,5.6687541007995605,788.7724969673305,9.62589387755102,980.1386762358704,1931.261738619762
real_0322.jpg,REAL,3.0683937072753906,26.0,2.461766481399536,6.450980392156863,5.100819110870361,8.893583297729492,2059.903388685719,27.09937254901961,2322.4747022220067,2887.1287061358003
real_0323.jpg,REAL,2.463543176651001,52.0,2.9274795055389404,6.5056,3.5545759201049805,8.39008617401123,1866.8569537552785,18.456848,2431.7353394321035,2702.843830172589
real_0324.jpg,REAL,2.9226222038269043,37.0,3.0778329372406006,16.055802469135802,7.98377799987793,13.719525337219238,4941.612118518518,40.33115061728395,5437.507911364238,4843.4782907887975
real_0325.jpg,REAL,3.9256906509399414,27.0,3.0971388816833496,34.08906666666667,14.611519813537598,19.21531105041504,9967.819877589078,75.82578666666667,9669.341349802698,3357.2116970079583
real_0326.jpg,REAL,1.1536906957626343,28.0,1.4918304681777954,8.178133333333333,4.671775817871094,9.685641288757324,2381.3830266699097,23.233002666666668,1867.3898597155298,1901.2869813850914
real_0327.jpg,REAL,2.36588454246521,40.0,2.5621793270111084,5.610133333333334,3.3866078853607178,7.4540534019470215,1410.2949540594063,17.127536,1580.18575292996,1934.2241110522764
real_0328.jpg,REAL,3.923424005508423,35.0,3.1916496753692627,30.261866666666666,15.72217082977295,21.926958084106445,13244.856197959227,82.72315733333333,14269.343542775086,2986.9563262263805
real_0329.jpg,REAL,1.668473482131958,27.0,1.6510443687438965,4.598955613577024,3.169900894165039,6.319657802581787,754.7754663802739,13.61776501305483,675.7793940884726,881.70627083882
real_0330.jpg,REAL,3.297708511352539,52.0,2.9309511184692383,13.339733333333333,8.763168334960938,15.319968223571777,5654.0615197847055,43.162128,6730.901937666961,7246.70835008054
real_0331.jpg,REAL,2.3939342498779297,34.0,2.352405309677124,6.52955223880597,3.6126327514648438,6.977197170257568,1230.9379987268082,18.113176119402986,1250.4812843424934,1197.4658491952912
real_0332.jpg,REAL,2.0679919719696045,28.0,2.4238533973693848,8.534534534534535,3.9102702140808105,8.650806427001953,2081.3064160630543,20.428228228228228,2326.6269469840186,3449.8521236534025
real_0333.jpg,REAL,3.5468389987945557,34.0,3.0850212574005127,10.4368,5.7203145027160645,9.437461853027344,2356.360238368398,29.866373333333332,2574.8873614907266,1268.2179697438858
real_0334.jpg,REAL,4.385372638702393,42.0,3.702343463897705,23.7872,10.755605697631836,15.663640022277832,6444.644905338767,54.99184,5561.893756236349,3836.3371276059665
real_0335.jpg,REAL,1.6984692811965942,32.0,1.8396531343460083,5.4501333333333335,2.5094666481018066,4.350508213043213,387.95947580447285,11.350597333333333,346.13195218188423,359.77122124643654
real_0336.jpg,REAL,2.6582791805267334,37.0,2.7920186519622803,9.303466666666667,4.584799766540527,8.828473091125488,1692.578808289593,21.460624,1985.4414195690836,1603.9138426622653
real_0337.jpg,REAL,2.473437547683716,23.0,2.365192174911499,11.596396396396397,4.213747978210449,7.436115741729736,1345.3375426916646,20.688084084084085,932.4591350163732,888.5960327663344
real_0338.jpg,REAL,2.9441778659820557,31.0,2.5773215293884277,9.933153638814016,4.988280296325684,8.249064445495605,1681.5742112358678,24.756932614555257,1983.0311014890672,1726.775268068247
real_0339.jpg,REAL,2.3552463054656982,43.0,2.4220151901245117,6.739733333333334,3.871354579925537,8.027165412902832,1343.5543451989336,17.991946666666667,1442.9780517237527,2224.762068804834
real_0340.jpg,REAL,0.8472166657447815,19.0,1.3241628408432007,8.8375,5.201300144195557,11.231228828430176,2770.6891698243744,24.460175,3039.970414472951,2082.2308460544746
real_0341.jpg,REAL,1.44306218624115,19.0,1.6570374965667725,14.410235073850636,5.239858627319336,7.42948055267334,1392.8021413024976,25.906885791553982,1233.0495166738829,641.4885264694643
real_0342.jpg,REAL,1.4306970834732056,16.0,1.3543078899383545,15.835866261398177,7.96071720123291,12.010469436645508,3375.0774202728726,38.10649848024316,3460.1119977218764,2230.6567281989683
real_0343.jpg,REAL,3.536820888519287,25.0,2.917919635772705,26.94291948198198,13.132981300354004,18.129066467285156,7467.56764050499,63.58292863175676,7452.82550188601,2381.31004664413
real_0344.jpg,REAL,4.107406139373779,43.0,3.4780635833740234,22.574933333333334,12.66475772857666,19.184513092041016,9342.229809312314,63.27739733333333,11077.473284173011,8306.271445059374
real_0345.jpg,REAL,0.556279182434082,31.0,1.286731481552124,2.9225000000000003,1.0671000480651855,3.7404987812042236,293.0411187468359,4.91234375,329.8133345047633,522.8524379482795
real_0346.jpg,REAL,3.1715087890625,32.0,2.8312504291534424,15.096918767507002,6.746425628662109,10.803349494934082,3091.468126074304,35.02623529411765,3290.1942698785238,1772.9538432006568
real_0347.jpg,REAL,2.498044490814209,32.0,2.4902989864349365,2.700266666666667,2.6526613235473633,4.211691856384277,459.1584397902507,13.567018666666666,388.8250763603619,361.0663750514135
real_0348.jpg,REAL,3.2766470909118652,38.0,2.8031554222106934,15.159466666666665,9.85960578918457,16.589345932006836,5782.072248199851,45.815029333333335,7030.5811893854825,6313.166081487399
real_0349.jpg,REAL,2.2212133407592773,42.0,2.970998764038086,10.006134969325153,5.9665846824646,13.61138916015625,4131.7082331288175,28.049738241308795,4549.006217358064,4749.488439429164
real_0350.jpg,REAL,1.7525756359100342,30.0,2.2066729068756104,6.825882352941176,4.459750652313232,12.079526901245117,2869.4252739947183,20.93739294117647,2385.356738509167,2174.867801721256
real_0351.jpg,REAL,2.9312994480133057,39.0,2.959411859512329,17.857066666666665,8.986384391784668,15.815569877624512,6469.453063933156,44.672992,8044.870746144226,9797.061842261772
real_0352.jpg,REAL,1.3964825868606567,22.0,1.7321512699127197,17.927898312513697,10.562305450439453,18.06749725341797,7868.01455330393,50.70468989699759,8791.364654326439,6762.6103922358125
real_0353.jpg,REAL,1.5238661766052246,16.0,1.4364124536514282,26.382458847736622,11.841691970825195,16.598407745361328,6524.399831866332,56.964120370370374,7127.552521169186,1832.5588357003521
real_0354.jpg,REAL,2.9436562061309814,27.0,2.5190322399139404,6.95850144092219,4.555838584899902,7.252799987792969,1309.6306092509362,23.475746397694525,1468.2465965185847,860.3323732687625
real_0355.jpg,REAL,4.284639835357666,43.0,3.6196606159210205,31.491733333333332,15.138277053833008,20.83845329284668,11479.002555065916,77.79252266666667,11937.782479543346,3266.502528379672
real_0356.jpg,REAL,2.0225346088409424,31.0,2.4951205253601074,8.824024024024023,4.654324531555176,11.005776405334473,2844.5365185825467,23.001735735735735,3259.4711525167736,6027.16289791664
real_0357.jpg,REAL,1.916823148727417,20.0,2.0053915977478027,6.919466666666667,3.941375970840454,8.199487686157227,1524.6966360718222,19.107264,1705.8627239295415,1764.1185717186897
real_0358.jpg,REAL,3.409973382949829,36.0,2.8248610496520996,7.750933333333333,4.526181221008301,7.305948257446289,1284.1219313837792,23.183461333333334,1302.3014091525758,1145.3644646357145
real_0359.jpg,REAL,3.6712443828582764,36.0,3.262617588043213,16.437333333333335,7.533455848693848,12.009923934936523,3660.266680420665,37.81624,4382.204078265599,2972.6324194597587
real_0360.jpg,REAL,1.3125754594802856,29.0,1.9792484045028687,7.67672514619883,4.7793684005737305,11.563460350036621,3322.7347384425752,23.711419883040936,3558.52515378047,3741.0527926002615
real_0361.jpg,REAL,1.716312050819397,21.0,1.6774961948394775,20.82370820668693,6.261671543121338,9.431966781616211,1993.884522128362,29.30234650455927,2029.876813178403,1764.7720887421788
real_0362.jpg,REAL,1.8272621631622314,30.0,2.2008793354034424,7.673066666666667,3.450378656387329,8.264047622680664,1876.162067380793,17.90027733333333,2222.9316553371295,2546.527081305925
real_0363.jpg,REAL,1.7769688367843628,40.0,2.1069884300231934,2.1632,2.7618720531463623,6.218358993530273,852.045551931705,13.232965333333333,1039.5276446206228,1489.7034933093673
real_0364.jpg,REAL,2.300983190536499,34.0,2.4144539833068848,10.959402985074627,6.246214866638184,11.92659854888916,2969.0438633673425,27.771235820895523,3430.488396075794,3542.674736680844
real_0365.jpg,REAL,1.6959192752838135,41.0,2.3777549266815186,6.760934182590233,2.920564651489258,7.384749889373779,1402.1954911316843,14.557944798301486,1618.9299172296817,2047.8928264929143
real_0366.jpg,REAL,0.43061062693595886,15.0,0.7314950823783875,3.3485849855956618,1.2749533653259277,4.290423393249512,363.30284588927486,5.898373157092018,165.3714158286651,210.73226444558307
real_0367.jpg,REAL,2.1502208709716797,35.0,2.6742103099823,7.582530120481927,3.2373433113098145,8.085103988647461,1701.5671293062856,16.298084337349398,1993.3905811548234,3252.8902521753707
real_0368.jpg,REAL,3.09914493560791,40.0,3.0801503658294678,10.845866666666666,6.493840217590332,12.147480010986328,3525.1609812018064,31.96786133333333,2953.0669856769696,1598.3444374488686
real_0369.jpg,REAL,2.971747636795044,45.0,3.015777349472046,10.278933333333333,5.899381160736084,9.841266632080078,2693.2040303065314,31.303658666666667,2307.5148562329155,2369.0250835417523
real_0370.jpg,REAL,3.872546911239624,49.0,3.5168325901031494,20.18177339901478,6.0217437744140625,9.621098518371582,2350.994049030819,30.23260591133005,2492.9892284855955,1265.1400585190997
real_0371.jpg,REAL,1.7053866386413574,34.0,2.0460004806518555,3.9805714285714284,4.1276116371154785,12.017071723937988,2808.6272713350527,19.46142857142857,2510.855366522925,2151.2410205447723
real_0372.jpg,REAL,3.8897807598114014,34.0,3.1294188499450684,23.172727272727272,7.29097843170166,10.643914222717285,2809.5141395717346,36.32891978609626,2929.690095743111,1738.4619678686906
real_0373.jpg,REAL,2.7250354290008545,43.0,2.4495184421539307,4.674704491725768,3.664548397064209,6.275809288024902,1067.2699592615843,19.694397163120566,824.0797109901905,1028.6065434919333
real_0374.jpg,REAL,3.140490770339966,51.0,2.706014394760132,7.726933333333333,4.823802471160889,7.867075443267822,1441.3195938054826,23.94961066666667,1733.6795581851686,934.8878255264802
real_0375.jpg,REAL,2.375363349914551,31.0,2.358271360397339,9.908383233532934,3.535754442214966,6.346758842468262,994.3611399969882,17.40816766467066,1147.5039146644729,1330.0659282645775
real_0376.jpg,REAL,2.414626359939575,20.0,2.23294734954834,34.07216494845361,13.225966453552246,16.671661376953125,7494.0322736043945,68.66056701030928,7528.703899264336,587.3519858121872
real_0377.jpg,REAL,3.9779679775238037,51.0,4.4750590324401855,25.5125748502994,23.565431594848633,34.580169677734375,31821.242392408447,120.39276047904191,30532.323029458523,20228.749169033174
real_0378.jpg,REAL,1.2458417415618896,32.0,1.7924013137817383,8.214933333333335,4.410586833953857,9.3018159866333,1951.7650024936104,20.78496,2378.354740904059,2838.798891074102
real_0379.jpg,REAL,3.2952895164489746,32.0,2.817697525024414,12.871257485029941,8.80735969543457,14.772176742553711,5085.318192055327,42.892520958083836,4224.6045441763745,3276.8713136812003
real_0380.jpg,REAL,4.142538547515869,40.0,3.4640703201293945,29.52252252252252,13.721375465393066,18.92988395690918,9824.257510531468,71.70131531531531,9911.43291263921,4182.150304468226
real_0381.jpg,REAL,2.8898561000823975,53.0,3.4490549564361572,9.0016,5.4863786697387695,11.929757118225098,3111.340652710571,25.962592,3819.9588181938443,4980.284464781015
real_0382.jpg,REAL,2.526116132736206,35.0,2.3641884326934814,3.8420420420420416,3.1132912635803223,5.608737468719482,776.4179979897376,15.844834834834835,856.9580774034772,514.5765944450612
real_0383.jpg,REAL,1.8259308338165283,27.0,1.8473806381225586,4.55464480874317,2.2640819549560547,4.098669052124023,378.14298904592556,10.906486338797814,434.96123350007196,518.8692031433687
real_0384.jpg,REAL,2.9378957748413086,40.0,2.859706401824951,12.379704016913319,7.6519365310668945,14.630066871643066,4660.0601715159855,35.67540380549683,5023.507476816372,3928.8660643724693
real_0385.jpg,REAL,2.357311487197876,28.0,2.526928186416626,7.330746268656717,3.9883103370666504,8.10722827911377,1706.2711482148895,20.394029850746268,1730.6995434795108,2422.0768686396705
real_0386.jpg,REAL,2.174990177154541,26.0,2.509249448776245,8.9536,4.511354446411133,8.136422157287598,1641.2345229224106,22.445893333333334,1509.7949750270163,1559.4473332017485
real_0387.jpg,REAL,2.8614187240600586,26.0,2.4752471446990967,4.7472,4.163205146789551,7.351039886474609,1427.4846773326221,21.625370666666665,1411.720837351254,1692.9231337318233
real_0388.jpg,REAL,2.9272496700286865,40.0,3.137254238128662,8.885866666666667,4.338650703430176,7.485523700714111,1411.3307108231397,22.330154666666665,1562.7388264196259,1361.0407220166767
real_0389.jpg,REAL,2.152618169784546,34.0,2.355638027191162,7.911627906976744,3.8143603801727295,7.75814962387085,1241.7719943339303,17.382622093023254,1359.6543849025454,1505.9685851257127
real_0390.jpg,REAL,2.6911089420318604,41.0,3.0557799339294434,13.327764127764127,4.912535667419434,9.202467918395996,1909.127812941605,23.19563144963145,1659.2947616335891,2058.5790450073982
real_0391.jpg,REAL,1.858865737915039,35.0,2.581892251968384,7.590277777777778,3.459129571914673,7.803258419036865,1556.0458060920566,17.732152777777777,1751.8368125387601,2026.9575913870658
real_0392.jpg,REAL,2.3456294536590576,24.0,2.40682053565979,26.341405508072175,16.049026489257812,24.648731231689453,14581.076744728887,77.1113485280152,16210.486349284649,4058.5145679353436
real_0393.jpg,REAL,2.5247232913970947,21.0,2.1811165809631348,19.83984375,3.5161685943603516,5.009212970733643,465.52037480159333,15.210325520833333,493.7353669711522,312.709741284613
real_0394.jpg,REAL,3.958488941192627,43.0,3.3351712226867676,27.826946107784433,13.268065452575684,18.777801513671875,8907.46516868213,67.13374850299401,9512.82071259703,3490.599446720318
real_0395.jpg,REAL,3.1283555030822754,34.0,2.7797529697418213,11.997333333333334,6.0295305252075195,10.05844497680664,2673.0655175929173,31.033664,3388.842150884015,3990.857232726403
real_0396.jpg,REAL,1.2613670825958252,21.0,1.3423582315444946,2.4645333333333337,1.1032373905181885,2.0219130516052246,84.305763484416,5.213882666666667,91.18695797239032,74.44707506149999
real_0397.jpg,REAL,2.0862185955047607,23.0,1.9533495903015137,3.8586666666666667,3.958751916885376,8.568744659423828,1407.9673092759042,17.977221333333333,1441.580025964124,1406.6009192493889
real_0398.jpg,REAL,1.586821436882019,30.0,2.726278066635132,9.184798375398898,3.5545401573181152,8.409505844116211,1468.6194952023216,16.120150855816654,1575.564737028735,1322.1335769744692
real_0399.jpg,REAL,1.6835476160049438,30.0,2.094940662384033,3.5341836734693874,2.5240561962127686,6.504047393798828,967.0077628687008,12.457642857142858,1115.4228050623622,1667.2014120519998
real_0400.jpg,REAL,1.429319977760315,22.0,1.734748125076294,7.554945054945055,2.553462505340576,5.087802410125732,508.1971686570917,11.6318463282749,454.3854701121648,235.38599252837938
real_0401.jpg,REAL,3.6533572673797607,37.0,3.1858415603637695,16.349723756906076,7.311911582946777,11.451631546020508,3393.3389103028294,37.54809392265194,3630.1072363223348,1510.6997912238596
real_0402.jpg,REAL,1.5072649717330933,18.0,1.5273197889328003,27.840816800092817,10.25814437866211,15.76236629486084,6247.947207086666,50.125658429052095,6568.085450301852,6515.751311270055
real_0403.jpg,REAL,3.383514642715454,45.0,3.1392478942871094,11.998933333333333,7.68668794631958,13.310746192932129,3910.3320812792886,36.58736533333333,4477.155524252143,3168.743241519312
real_0404.jpg,REAL,2.726278781890869,39.0,2.8884167671203613,8.8772,5.294164180755615,11.729410171508789,3273.293569713664,26.484904,2937.637237586537,2713.9190291241366
real_0405.jpg,REAL,0.6420729160308838,10.0,0.9484342336654663,10.528081272762124,4.093684196472168,8.203971862792969,1169.3440049793307,17.21311737269184,1401.5073467244704,884.5769811826735
real_0406.jpg,REAL,3.5182955265045166,37.0,3.522132158279419,13.5202216066482,10.236698150634766,18.42460060119629,7549.024370449707,48.486526315789476,7924.591669314248,6122.043660727913
real_0407.jpg,REAL,3.1282684803009033,24.0,2.5980923175811768,13.445866666666667,5.168346881866455,7.83780574798584,1633.9672075690667,26.768629333333333,1870.0720566460066,990.7688911394362
real_0408.jpg,REAL,3.5051145553588867,28.0,2.9074254035949707,16.221333333333334,8.499119758605957,13.178689956665039,3998.4421655896467,40.983856,3914.1858675871576,3432.508849036419
real_0409.jpg,REAL,0.2665826082229614,16.0,0.651100754737854,3.9795817958179582,1.5160701274871826,4.756999969482422,383.98522465759214,6.663963099630997,384.6716701073779,374.9451762932796
real_0410.jpg,REAL,3.808147668838501,39.0,3.1292998790740967,0.9269333333333333,4.58026647567749,5.944526672363281,967.6414178457316,23.930032,937.0106544119972,351.3304167857373
real_0411.jpg,REAL,2.3988161087036133,26.0,2.3862733840942383,10.459733333333334,3.7301599979400635,6.201669692993164,1042.0007261835663,19.302842666666667,837.7392137851034,964.2909892475352
real_0412.jpg,REAL,3.116469383239746,53.0,3.3591134548187256,9.55638629283489,3.460710287094116,6.783611297607422,1116.6020865612327,16.896841121495328,1197.9501073445592,687.8768096425808
real_0413.jpg,REAL,1.8662042617797852,18.0,1.65254545211792,1.852731591448931,1.7946555614471436,2.859440803527832,202.4214582111137,9.02212351543943,239.48661097742263,234.6579618946401
real_0414.jpg,REAL,2.352496385574341,27.0,2.0365703105926514,2.3165165165165162,2.0950751304626465,2.965642213821411,237.34538629137248,11.012264264264264,244.90632797820228,151.81561502154474
real_0415.jpg,REAL,2.0948877334594727,27.0,2.1024138927459717,5.779165047285917,3.7124102115631104,7.952234745025635,1460.767330713221,17.899310953491383,1758.1343877899646,1418.5475798123846
real_0416.jpg,REAL,1.5203731060028076,23.0,1.5454041957855225,4.819065622468269,2.703470230102539,8.307440757751465,1691.5038718265141,12.45208614636781,1637.7778998953956,3916.9911282744097
real_0417.jpg,REAL,2.7568740844726562,29.0,2.4677374362945557,5.906843267108168,3.0890684127807617,4.689930438995361,583.1647484291625,16.283134657836644,555.1835605903548,540.502602497401
real_0418.jpg,REAL,2.9356887340545654,34.0,2.6828372478485107,13.967065868263473,7.3325090408325195,13.028407096862793,3552.3847762177197,34.02580838323353,3525.5817113365447,2029.5311864561868
real_0419.jpg,REAL,1.841123104095459,26.0,1.808439016342163,4.347747747747747,1.86758553981781,3.0505142211914062,210.6958650057625,9.108396396396396,210.89614078487668,185.41503183421165
real_0420.jpg,REAL,2.0437917709350586,29.0,1.9029958248138428,2.47789046653144,2.4061906337738037,4.349582195281982,430.7241211097351,12.143115618661257,474.78837168581634,565.4607679489746
real_0421.jpg,REAL,1.823330044746399,40.0,2.417212724685669,3.897755610972568,2.1172568798065186,5.441684246063232,612.8813743311548,10.145137157107232,555.8173782740321,664.7171951083712
real_0422.jpg,REAL,3.256941080093384,37.0,2.9835150241851807,13.928519855595667,6.594512462615967,11.182320594787598,2809.609433920213,31.24239711191336,3217.1201289338724,1313.6823317213507
real_0423.jpg,REAL,3.6713972091674805,39.0,3.4098517894744873,22.09760479041916,10.84908390045166,16.205522537231445,6314.058511827568,53.31622155688623,6750.848366434234,5058.5952290363175
real_0424.jpg,REAL,1.5592137575149536,15.0,1.4391039609909058,1.252887537993921,1.3285653591156006,1.9869741201400757,96.41864166428618,6.74761094224924,104.1433286530631,47.91240744308763
real_0425.jpg,REAL,2.181649684906006,32.0,2.0767712593078613,6.341866666666666,3.9616799354553223,7.869081497192383,1303.5391778307128,18.384133333333335,1484.8282544578824,1332.368561933291
real_0426.jpg,REAL,2.918708562850952,32.0,2.503511667251587,5.2910931174089075,4.915137767791748,8.87724781036377,2063.054249412365,25.46355870445344,2421.264568443201,2993.7002756919906
real_0427.jpg,REAL,0.8039112687110901,13.0,0.987460196018219,8.690524193548386,3.5333166122436523,6.75482177734375,1040.555571213254,16.570423387096774,1036.7614583604866,1253.538150297597
real_0428.jpg,REAL,2.1285102367401123,23.0,2.1364734172821045,1.9232,2.7404799461364746,4.574036121368408,531.9138985642666,13.93952,489.0970885004316,456.02618104912335
real_0429.jpg,REAL,2.7325279712677,29.0,2.495429754257202,4.301333333333333,2.717519998550415,4.114438056945801,449.5514963349048,14.112256,527.9207703164645,402.21285785438795
real_0430.jpg,REAL,1.0823217630386353,12.0,1.0836728811264038,2.2127999999999997,0.944378674030304,1.5769126415252686,45.20124480841955,4.336672,55.43685915470123,52.71541179521057
real_0431.jpg,REAL,1.8819080591201782,37.0,2.4642586708068848,12.080106100795756,6.523496150970459,13.357969284057617,4508.3053972067355,31.85515649867374,5680.721055156844,6331.455323659488
real_0432.jpg,REAL,2.229722738265991,25.0,2.3821165561676025,7.154133333333333,4.036479949951172,8.320378303527832,1633.3977941869223,19.782826666666665,1832.1155265978405,1413.8757027166885
real_0433.jpg,REAL,3.519441604614258,47.0,3.059410810470581,14.591489361702129,8.715930938720703,14.953829765319824,5086.539704077751,42.30322340425532,5273.339212879113,4224.502378445861
real_0434.jpg,REAL,2.4121084213256836,40.0,2.7249648571014404,7.1632,3.596640110015869,8.344609260559082,1721.695912620345,17.928229333333334,2193.4590420126915,2109.6901381737516
real_0435.jpg,REAL,2.6687662601470947,22.0,2.258284091949463,4.877866666666667,2.4004907608032227,3.3712666034698486,248.85091083935288,11.33536,289.7086877294949,98.60373777439963
real_0436.jpg,REAL,1.8209229707717896,38.0,2.445850372314453,4.538138138138138,2.078979015350342,4.646117687225342,569.5148569226524,10.747399399399399,609.5756704023906,765.0904931232529
real_0437.jpg,REAL,3.7834062576293945,30.0,3.0447940826416016,26.27893333333333,11.112101554870605,15.285713195800781,6113.578478401876,56.930090666666665,6274.025161371912,2831.6741331735607
real_0438.jpg,REAL,2.1319074630737305,25.0,1.9799667596817017,5.826666666666667,2.816005229949951,5.228277206420898,569.9460276865706,13.122250666666666,601.6463601282665,464.9979719428941
real_0439.jpg,REAL,2.1153030395507812,32.0,2.238710641860962,4.581333333333333,3.452634572982788,7.675062656402588,1281.641615384206,16.262821333333335,1562.516396011625,1618.9218336156641
real_0440.jpg,REAL,1.9131466150283813,26.0,2.0587658882141113,5.392533333333334,2.754394769668579,6.4164509773254395,1038.2019470072887,13.582245333333333,1370.3033829433577,2414.0619304428187
real_0441.jpg,REAL,3.161635637283325,35.0,2.8433151245117188,15.269333333333332,4.138815879821777,6.435710906982422,985.9086171063185,20.152682666666667,1153.6558591331755,664.5767735567985
real_0442.jpg,REAL,4.591001033782959,43.0,4.1585283279418945,30.600533333333335,14.71296501159668,20.965702056884766,10921.328610102013,72.33951466666667,11152.628651998724,5890.983069915678
real_0443.jpg,REAL,1.64518404006958,30.0,2.0572304725646973,6.478933333333334,3.4510560035705566,9.082773208618164,1778.4455460641,16.099690666666667,1511.546763931002,1697.9592250082878
real_0444.jpg,REAL,3.4869749546051025,33.0,2.919705867767334,25.147747747747744,12.431958198547363,18.460721969604492,9601.227923110535,64.88273273273273,9385.455556326253,6144.819675586903
real_0445.jpg,REAL,3.7092676162719727,31.0,2.997828960418701,20.437866666666665,9.324682235717773,13.223064422607422,4814.637975451278,49.20178666666666,4741.601636770793,2412.783925354616
real_0446.jpg,REAL,3.6294448375701904,28.0,2.873814105987549,7.449848024316109,8.723014831542969,15.302520751953125,5274.391576088323,43.15147720364742,5828.305978671142,4614.414873274034
real_0447.jpg,REAL,3.9092752933502197,40.0,3.341688394546509,20.344565217391306,8.735913276672363,13.343384742736816,4664.006829478704,44.50925543478261,4980.360087185247,2812.6264577406923
real_0448.jpg,REAL,1.7512147426605225,23.0,1.9185274839401245,26.154581705729168,12.41795825958252,18.904434204101562,8968.28786286147,61.732704162597656,9082.962783341607,6487.730357314944
real_0449.jpg,REAL,3.941178560256958,41.0,3.194312334060669,31.394666666666666,15.589903831481934,20.959787368774414,11750.098814847543,80.907392,10755.88344216517,4037.3213082533257
real_0450.jpg,REAL,3.6142704486846924,29.0,2.9539458751678467,22.316945107398567,12.568262100219727,18.905410766601562,9599.832121948246,64.51132696897375,8507.460300045354,7933.892711496705
real_0451.jpg,REAL,0.541614294052124,18.0,1.2729010581970215,2.247416561932691,0.8032310605049133,3.366831064224243,285.5401233615121,4.108635316296606,308.3048544168472,579.1465958420042
real_0452.jpg,REAL,2.006688117980957,21.0,1.9188268184661865,5.4496,3.1052372455596924,6.637752532958984,1034.3218611979096,15.243578666666666,1106.328376361302,1522.0534363416525
real_0453.jpg,REAL,3.293855905532837,30.0,3.032944440841675,14.495466666666667,7.284229278564453,11.875311851501465,3749.43834918511,37.59642133333333,3222.0530591113225,1500.1192982390025
real_0454.jpg,REAL,2.9138987064361572,42.0,2.7547662258148193,9.648533333333335,6.027653217315674,11.159374237060547,3025.203564210488,30.246949333333333,1945.6109596320562,2272.9883157036793
real_0455.jpg,REAL,3.291585683822632,25.0,2.747173547744751,13.879466666666668,4.5351948738098145,6.286697864532471,1030.2061561564728,23.27504,916.3220700059618,434.96615061683343
real_0456.jpg,REAL,1.7236586809158325,28.0,2.1307454109191895,4.665066666666666,2.259626626968384,5.147943019866943,666.2991796513851,11.471024,631.8149133307593,726.7660486666381
real_0457.jpg,REAL,1.373091459274292,49.0,1.9668985605239868,4.642477876106195,2.5793628692626953,7.239410877227783,981.8952273515196,11.911941002949852,875.8505325147083,943.3276013384742
real_0458.jpg,REAL,2.45605206489563,29.0,2.3755083084106445,11.5176,6.809584140777588,12.640434265136719,4414.978151537602,35.56608,5293.518030717665,5642.854012375611
real_0459.jpg,REAL,3.6983697414398193,25.0,2.924121618270874,25.522133333333336,11.80126953125,16.684995651245117,7842.281116594743,62.258784,7680.824477112294,6725.234053516029
real_0460.jpg,REAL,3.8194713592529297,28.0,3.097177028656006,26.844827586206897,11.325078010559082,16.57546043395996,7112.571564953757,58.01655603448276,7312.702442616833,5864.088964306223
real_0461.jpg,REAL,0.40258529782295227,24.0,0.7539569735527039,2.665891831319178,1.1524550914764404,2.452637195587158,119.79165677102252,5.381129426663501,131.18424309513688,199.88304659827654
real_0462.jpg,REAL,2.688339948654175,29.0,2.9948039054870605,14.644499999999999,6.917679786682129,12.871556282043457,4052.8596468097758,34.308655,3820.4887095193067,3802.351049675054
real_0463.jpg,REAL,1.8114783763885498,23.0,2.3041558265686035,7.279411764705883,5.246235370635986,11.776060104370117,2929.3568537853284,25.017564705882354,3073.3878915957043,2694.7914635850657
real_0464.jpg,REAL,2.457827568054199,35.0,2.640023708343506,11.577066666666665,7.3292694091796875,15.078947067260742,4501.068513885156,33.16754666666667,4331.475597032479,3832.3111110109858
real_0465.jpg,REAL,1.2213786840438843,30.0,1.681164026260376,3.6484443383464624,1.788143515586853,4.239617824554443,407.91461300648854,8.469988859711943,429.5237508228532,605.4667651972809
real_0466.jpg,REAL,0.9747167229652405,24.0,1.222529411315918,3.127927927927928,0.7208889126777649,1.7826898097991943,69.82241085828173,3.723183183183183,84.19954392910003,134.9511454792949
real_0467.jpg,REAL,2.644421339035034,35.0,2.6571531295776367,11.383466666666667,6.802650451660156,13.303759574890137,3653.6123855543183,30.88647466666667,4060.3610217979976,4098.443296940228
real_0468.jpg,REAL,4.291363716125488,33.0,3.5814287662506104,12.442666666666668,6.8001227378845215,9.271052360534668,2240.3920948224004,34.366421333333335,1912.5003497958182,731.973583371875
real_0469.jpg,REAL,2.485717296600342,23.0,2.281843900680542,7.623466666666667,4.273082733154297,7.5774688720703125,1302.7913342582328,20.714997333333333,1470.0453400782176,1132.2959966047226
real_0470.jpg,REAL,0.9004936814308167,16.0,1.145106554031372,12.536271480253241,5.403409481048584,10.470904350280762,2339.9623989684715,24.765615578836297,2738.6000666675113,3968.399152293766
real_0471.jpg,REAL,0.27967676520347595,7.0,0.48393702507019043,4.917171717171717,2.605858564376831,4.589103698730469,464.6843428098153,12.07069696969697,505.4865433020251,710.0679753857917
real_0472.jpg,REAL,1.9121013879776,35.0,2.422718048095703,6.4042666666666666,3.328437328338623,7.7433366775512695,1366.272025200953,15.6916,1758.3173618265562,2810.543390163003
real_0473.jpg,REAL,2.0598418712615967,29.0,2.452955484390259,7.858765432098766,2.854419708251953,5.893977165222168,835.0371462949917,14.17004938271605,982.8066887628464,642.6129613530305
real_0474.jpg,REAL,3.377107620239258,33.0,2.9240024089813232,20.07946666666667,10.832554817199707,16.629642486572266,5615.482614210447,49.72661333333333,6647.484261894226,4413.30413824623
real_0475.jpg,REAL,2.6060569286346436,23.0,2.315333604812622,9.087466666666668,5.090885162353516,9.138212203979492,1980.702463871289,25.285744,1924.7834889633316,1494.2164531180715
real_0476.jpg,REAL,0.4093441367149353,13.0,0.6690834760665894,9.342592592592593,3.1056365966796875,5.955411434173584,641.61282278753,13.283761574074074,650.9018628273692,664.2082600865009
real_0477.jpg,REAL,3.6202263832092285,39.0,3.1761393547058105,17.2710182767624,10.108208656311035,16.210376739501953,6230.591446310793,49.39558746736292,6362.881045198441,4311.933172783393
real_0478.jpg,REAL,3.778430223464966,54.0,3.352783441543579,16.395733333333336,7.267797470092773,10.94809341430664,3115.3044533101233,37.402378666666664,3648.809983478274,2086.703227079271
real_0479.jpg,REAL,3.9590933322906494,36.0,3.29486346244812,21.138666666666666,9.65459156036377,14.331597328186035,5567.1696037432885,50.91230933333333,5879.168533045905,1807.5679092302864
real_0480.jpg,REAL,2.641582727432251,37.0,2.7537269592285156,8.531137724550899,3.5554072856903076,6.647718906402588,1175.6853071888918,18.296353293413173,1221.3302836196763,956.337364906593
real_0481.jpg,REAL,3.7845137119293213,29.0,3.0096094608306885,5.729078014184397,4.922624111175537,6.641666889190674,1368.5244979346219,27.64267612293144,1317.1268979566437,408.77642927545565
real_0482.jpg,REAL,2.2483556270599365,21.0,1.9756556749343872,3.9557333333333333,3.0605599880218506,4.8207550048828125,609.3959343632782,15.150565333333333,727.7847037945475,1081.64010594197
real_0483.jpg,REAL,2.661431074142456,53.0,2.810837984085083,7.107733333333334,4.170000076293945,9.2835111618042,2399.374790669539,21.806464,1750.1548794337682,2568.4104322187977
real_0484.jpg,REAL,3.8626134395599365,34.0,3.1589789390563965,27.0096,18.09072494506836,26.685100555419922,20133.324317813647,94.86302933333333,20417.734255184445,12686.427398193826
real_0485.jpg,REAL,4.061242580413818,37.0,3.304781675338745,24.874320241691844,11.125160217285156,15.853713035583496,5999.106898567337,54.059105740181266,6283.453733153003,3510.7173931439793
real_0486.jpg,REAL,2.0464999675750732,33.0,2.4517252445220947,8.0335,3.577744960784912,7.895147800445557,1677.3137189595998,18.37925,1942.6463880099002,2971.9210006660046
real_0487.jpg,REAL,1.1297872066497803,24.0,1.672695517539978,4.228915662650603,2.234265089035034,6.371951580047607,818.3705903242851,10.567819277108434,965.9311151879174,1296.8218690251504
real_0488.jpg,REAL,1.20049250125885,34.0,1.9487285614013672,4.08,1.7987306118011475,4.688377380371094,457.6081086535396,8.439344,555.294006545203,664.1639881576428
real_0489.jpg,REAL,3.2533140182495117,35.0,2.838533878326416,18.395973154362416,7.835906028747559,11.879361152648926,3248.3899391162367,38.12801342281879,3311.7037356055916,1871.5219037072006
real_0490.jpg,REAL,3.2019715309143066,33.0,3.1669883728027344,13.9328,4.484650611877441,8.355316162109375,1822.7208504929854,22.653109333333333,2053.6994197896547,2208.5206079047994
real_0491.jpg,REAL,3.2823643684387207,41.0,3.0223264694213867,16.43963963963964,8.812756538391113,14.713987350463867,4497.504087185527,40.179117117117116,4518.17383951119,2097.7405058813983
real_0492.jpg,REAL,2.7085866928100586,30.0,2.4838662147521973,6.794133333333334,4.501818656921387,9.689427375793457,2892.764446017536,24.289845333333332,3627.81441033738,6780.555424925855
real_0493.jpg,REAL,2.122390031814575,23.0,2.224236488342285,3.925373134328358,2.5434985160827637,4.668940544128418,554.0511166105235,12.984310447761194,651.5664340819632,479.54003124426293
real_0494.jpg,REAL,2.389631986618042,33.0,2.255936622619629,9.090133333333334,3.5764639377593994,7.016690254211426,1247.5307089490773,17.612624,1407.7632755824498,2318.904435798887
real_0495.jpg,REAL,0.6321738958358765,12.0,0.8646430969238281,4.541986281910792,1.223016381263733,2.041480779647827,77.70832645535552,5.434494094727871,94.62245142956574,79.3529121984673
real_0496.jpg,REAL,2.9074862003326416,24.0,2.7063140869140625,15.200533333333333,5.9915361404418945,8.77443790435791,1860.0135470435841,29.636389333333334,1913.8384597216334,893.6766855185562
real_0497.jpg,REAL,3.3048036098480225,33.0,2.807111978530884,9.3536,4.683546543121338,6.891774654388428,1252.6652723086224,24.218261333333334,1112.908182290622,569.2356518713933
real_0498.jpg,REAL,1.1051818132400513,31.0,1.5499093532562256,6.122503840245776,2.834988594055176,6.355411052703857,782.7784082103246,12.566870199692781,851.3675216624031,675.251958351467
real_0499.jpg,REAL,2.1297616958618164,32.0,2.1725046634674072,4.205866666666667,3.024714708328247,6.232935905456543,895.9879201702115,14.777792,838.6349671108383,1278.8521926609594
real_0500.jpg,REAL,4.211223602294922,32.0,3.6880624294281006,24.167657550535075,7.626832962036133,11.626940727233887,3040.4641084327004,36.4495640110979,2297.9834050536156,0.0
ai_0001.jpg,AI,3.5100200176239014,30.0,3.1292991638183594,24.5147705078125,9.533599853515625,14.485764503479004,5489.219807984075,48.96119689941406,5555.892229039222,3277.7110871730274
ai_0002.jpg,AI,4.209452152252197,37.0,3.414851188659668,22.18017578125,10.062973022460938,14.904864311218262,6303.728793496033,53.80805969238281,6356.020228691399,3094.341334729097
ai_0003.jpg,AI,2.063135862350464,27.0,1.942690134048462,11.749267578125,3.1237945556640625,6.164185523986816,668.1310687174555,13.525619506835938,682.3704671561718,537.3936607290029
ai_0004.jpg,AI,2.7804057598114014,28.0,2.4447543621063232,9.9090576171875,4.545684814453125,7.135898113250732,1147.796418032609,21.74896240234375,1165.9298114962876,997.9330804522659
ai_0005.jpg,AI,1.5025736093521118,18.0,1.5215879678726196,6.38427734375,2.5965576171875,7.106278896331787,836.8371507786214,11.11041259765625,840.6345365867019,1003.6400370423876
ai_0006.jpg,AI,4.260594844818115,32.0,3.483342409133911,24.5208740234375,8.985183715820312,12.67831802368164,4196.933016194962,46.21685791015625,4244.0795669443905,1987.483712509118
ai_0007.jpg,AI,2.2113749980926514,25.0,2.3394858837127686,9.25140380859375,4.4762115478515625,10.639324188232422,2140.2842777734622,20.780792236328125,2165.1736627444625,1133.904773148004
ai_0008.jpg,AI,1.9731903076171875,30.0,2.21079683303833,8.4014892578125,4.8631744384765625,12.093852996826172,2877.3811806959566,22.631668090820312,2892.6324293278158,1690.7816895807027
ai_0009.jpg,AI,1.7124582529067993,29.0,2.1492035388946533,4.71649169921875,2.4792633056640625,7.543411731719971,1050.0437466369476,11.611526489257812,1059.2872104384005,802.5455383870226
ai_0010.jpg,AI,2.148534059524536,24.0,2.3155436515808105,7.977294921875,4.094970703125,10.143101692199707,1934.1004113534,19.114730834960938,1947.095578726381,1010.2226506542331
ai_0011.jpg,AI,2.5998077392578125,26.0,2.318809986114502,8.740234375,4.5685577392578125,9.439167022705078,1686.4696084258612,21.049636840820312,1701.5052215494215,1384.631584512497
ai_0012.jpg,AI,3.500371217727661,28.0,2.852571725845337,12.58087158203125,6.9979705810546875,10.815351486206055,2738.27963213413,35.57466125488281,2760.063683874905,1077.3968121420398
ai_0013.jpg,AI,1.2975260019302368,17.0,1.2368487119674683,8.06121826171875,2.73382568359375,9.045212745666504,1327.0398740803357,11.598800659179688,1331.6296235583723,1657.0579318920231
ai_0014.jpg,AI,2.99627685546875,20.0,2.543252944946289,11.6119384765625,6.030242919921875,10.34043025970459,2250.918248295551,29.682876586914062,2268.8079854249954,896.2712561522374
ai_0015.jpg,AI,2.8994243144989014,23.0,2.6167824268341064,11.810302734375,5.628875732421875,10.288527488708496,2220.8184178860392,27.306869506835938,2233.288720741868,1279.3547445486802
ai_0016.jpg,AI,2.339177370071411,21.0,2.2984609603881836,6.0028076171875,3.9564361572265625,9.867352485656738,1752.9921582108364,18.592987060546875,1759.1331448927522,1342.1925696386006
ai_0017.jpg,AI,2.291748046875,19.0,2.1458117961883545,9.10797119140625,3.8759002685546875,6.910986423492432,973.7087453454733,17.975860595703125,984.3515691123903,564.4110021227275
ai_0018.jpg,AI,2.99468994140625,28.0,2.633450508117676,7.7392578125,5.536834716796875,11.44444465637207,2554.2920803567395,27.117340087890625,2567.2904091738164,1681.1009495235933
ai_0019.jpg,AI,4.4452056884765625,33.0,3.6191036701202393,31.9244384765625,11.979598999023438,16.513402938842773,6480.914159949869,58.834503173828125,6577.7624603919685,1518.3645355851295
ai_0020.jpg,AI,3.2773540019989014,21.0,2.676403760910034,24.12872314453125,9.917449951171875,14.513178825378418,5262.682611334836,49.94059753417969,5318.209496557713,3266.7147284677458
ai_0021.jpg,AI,2.864720582962036,23.0,2.5707626342773438,22.4212646484375,7.205291748046875,11.959022521972656,2772.0426379700657,32.08970642089844,2829.378720279783,2461.434981932085
ai_0022.jpg,AI,4.106282711029053,31.0,3.342869758605957,33.7677001953125,16.6966552734375,22.316322326660156,12564.112554311752,84.21237182617188,12697.390889447182,3599.0526378205354
ai_0023.jpg,AI,4.2164306640625,30.0,3.4886395931243896,31.46820068359375,14.731796264648438,20.832529067993164,10176.173347327625,71.12657165527344,10293.272544905543,4649.255704172024
ai_0024.jpg,AI,1.986083984375,23.0,2.1517491340637207,10.04486083984375,3.722808837890625,9.124100685119629,1517.8285508078989,17.004074096679688,1537.1601194143295,1589.3349606484526
ai_0025.jpg,AI,1.6625925302505493,21.0,1.811641812324524,4.9896240234375,3.2369384765625,7.34190034866333,939.3133420012891,13.88946533203125,951.314219456166,621.2409909609501
ai_0026.jpg,AI,1.253082275390625,18.0,1.2934331893920898,2.11334228515625,1.8037109375,6.473823547363281,692.0108245329466,7.9789581298828125,694.5452389232814,732.2200218630097
ai_0027.jpg,AI,2.2838947772979736,24.0,2.352585554122925,6.561279296875,2.81365966796875,4.955286979675293,503.08727272506803,13.248138427734375,510.7258350364864,423.4236667227326
ai_0028.jpg,AI,1.0263315439224243,18.0,1.0574969053268433,4.5562744140625,1.6188507080078125,6.67609977722168,716.09504153952,6.88330078125,718.5072855763137,957.103127581377
ai_0029.jpg,AI,2.0819091796875,20.0,1.904791235923767,10.284423828125,3.6336212158203125,7.4263129234313965,966.3107574572787,15.81329345703125,979.1695533879101,506.92929258775507
ai_0030.jpg,AI,1.2631124258041382,17.0,1.4376330375671387,1.88446044921875,1.60247802734375,4.085448265075684,296.36523408349603,7.492584228515625,298.2276293821633,340.7698002077238
ai_0031.jpg,AI,2.7652790546417236,27.0,2.542099714279175,7.35931396484375,4.3589630126953125,8.23961067199707,1415.4774709185585,21.310882568359375,1425.3643842674792,817.7851528334095
ai_0032.jpg,AI,3.631495237350464,24.0,2.9226291179656982,23.47412109375,9.76318359375,14.004829406738281,5182.230105861789,50.79930114746094,5226.287952065468,2478.352172059544
ai_0033.jpg,AI,4.159780025482178,40.0,3.406825065612793,31.365966796875,12.854263305664062,17.36332893371582,8015.622262699297,66.07151794433594,8095.875307299197,2526.232622821765
ai_0034.jpg,AI,2.7336273193359375,23.0,2.482165813446045,15.67840576171875,5.4210052490234375,9.49527359008789,2074.914658010006,26.833404541015625,2095.8905794247985,1459.595412934189
ai_0035.jpg,AI,2.888890504837036,32.0,2.711927890777588,14.4073486328125,5.4918365478515625,9.642096519470215,2148.371771812439,26.989837646484375,2169.1928751058877,1764.1392621343755
ai_0036.jpg,AI,3.7751057147979736,30.0,3.248317241668701,25.7965087890625,9.381622314453125,13.500201225280762,4486.729098073207,46.290740966796875,4540.442529369146,2891.9413437614276
ai_0037.jpg,AI,3.172943115234375,33.0,2.871926784515381,16.69158935546875,5.5219573974609375,9.364786148071289,1915.215580045944,26.579452514648438,1941.128555279225,1542.88640867592
ai_0038.jpg,AI,2.824183225631714,28.0,2.4491634368896484,12.2467041015625,5.158294677734375,9.437603950500488,1915.7124013900757,25.231903076171875,1932.6202538013458,1342.133449648279
ai_0039.jpg,AI,3.1847736835479736,34.0,2.8105077743530273,19.64569091796875,6.5808868408203125,10.458553314208984,2579.4197251049336,32.80039978027344,2606.9723289757967,1316.976429985529
ai_0040.jpg,AI,3.170196533203125,29.0,2.8418095111846924,15.11077880859375,5.2148284912109375,9.867780685424805,1976.184500694275,24.9649658203125,1996.294331099838,1384.8396322356539
ai_0041.jpg,AI,3.201594114303589,28.0,2.7139852046966553,21.319580078125,7.3477935791015625,12.040168762207031,3491.439744709991,36.956085205078125,3526.1484935991466,2475.654301073959
ai_0042.jpg,AI,2.7830913066864014,29.0,2.373133659362793,10.29510498046875,4.0504913330078125,6.799230575561523,943.5319399030413,19.385696411132812,954.3099421672523,661.7304654649998
ai_0043.jpg,AI,3.0643513202667236,27.0,2.675846815109253,18.11370849609375,5.9659576416015625,9.248993873596191,1919.598879947327,28.721954345703125,1943.5554585307837,1192.205581732316
ai_0044.jpg,AI,1.911956787109375,22.0,2.1223556995391846,2.8045654296875,2.8105316162109375,6.513951301574707,878.7390560796484,14.115478515625,892.4959530606866,849.1735876555133
ai_0045.jpg,AI,3.321294069290161,31.0,2.861755132675171,16.400146484375,6.4419403076171875,10.75302791595459,2435.438899200177,31.063796997070312,2454.107529319823,1336.9379481003707
ai_0046.jpg,AI,2.9519450664520264,22.0,2.4684860706329346,15.2313232421875,5.8609161376953125,9.367151260375977,1981.507056221366,28.5548095703125,1998.5425912365317,1366.8697857230745
ai_0047.jpg,AI,4.2825164794921875,32.0,3.429358720779419,27.630615234375,11.026016235351562,15.852682113647461,6236.76830921229,55.929931640625,6284.2176395095885,2681.9281142517902
ai_0048.jpg,AI,2.623296022415161,25.0,2.4254648685455322,8.73260498046875,4.5326385498046875,10.489679336547852,2126.215832351707,22.03173828125,2133.2895344011486,2460.7073073553524
ai_0049.jpg,AI,1.3670858144760132,20.0,1.7128221988677979,4.04815673828125,1.9860992431640625,5.959820747375488,788.063154659234,9.961761474609375,795.4630803465843,857.0878313298656
ai_0050.jpg,AI,1.56634521484375,40.0,2.4651899337768555,2.74200439453125,1.3518218994140625,4.333949089050293,379.74475962575525,6.628692626953125,380.9295421913266,487.26003103721933
ai_0051.jpg,AI,1.1013997793197632,28.0,1.7327238321304321,1.96533203125,0.7901458740234375,2.493349075317383,119.7813595791813,3.9419708251953125,121.02690771967173,89.6773373047219
ai_0052.jpg,AI,1.56756591796875,25.0,1.9628331661224365,2.57568359375,1.2034149169921875,3.9033150672912598,255.3893116377294,5.622314453125,257.15593292191625,282.13320202021157
ai_0053.jpg,AI,1.95489501953125,35.0,2.6066622734069824,2.3773193359375,1.6799468994140625,5.400889873504639,505.40378829999827,7.8844451904296875,506.06581676378846,888.8251862770496
ai_0054.jpg,AI,0.6359913945198059,18.0,1.1710847616195679,0.77667236328125,0.4621734619140625,3.301708936691284,174.4436489706859,2.4998779296875,174.08261068165302,236.14721980622136
ai_0055.jpg,AI,2.794194459915161,29.0,2.8947620391845703,12.51220703125,3.7306060791015625,9.008183479309082,1490.7153523394372,16.792098999023438,1519.3605671226978,1321.9262824644559
ai_0056.jpg,AI,2.772791624069214,34.0,2.686020851135254,15.44036865234375,5.4022674560546875,9.57326602935791,2308.003577217227,26.964828491210938,2321.684910736978,2262.23301944448
ai_0057.jpg,AI,3.797215700149536,33.0,3.176751136779785,25.58746337890625,7.2275238037109375,10.608854293823242,2566.195229291683,35.00868225097656,2597.9510280005634,790.6401555258244
ai_0058.jpg,AI,3.5796966552734375,30.0,3.0453450679779053,17.9840087890625,5.9538726806640625,9.431249618530273,2253.298644392751,30.10845947265625,2273.785800371319,1476.3648226924713
ai_0059.jpg,AI,2.55865478515625,26.0,2.4038302898406982,10.89935302734375,3.4883575439453125,5.621203899383545,711.2519672773778,16.769775390625,724.870793916285,479.9550505307955
ai_0060.jpg,AI,1.760528564453125,19.0,1.7173751592636108,11.10992431640625,3.0297088623046875,6.899907112121582,826.8412236636505,13.18975830078125,838.9375247657299,650.1281444983198
ai_0061.jpg,AI,3.737096071243286,32.0,3.2557196617126465,18.76220703125,4.875823974609375,6.902589797973633,1145.1049293195829,24.085784912109375,1165.0635982453823,514.4077758367561
ai_0062.jpg,AI,4.125463008880615,31.0,3.5030477046966553,23.199462890625,5.6827392578125,8.878908157348633,1615.7694561444223,26.9044189453125,1645.328351199627,872.3482859710017
ai_0063.jpg,AI,3.6112060546875,28.0,3.1453540325164795,15.2618408203125,5.47039794921875,9.592501640319824,1912.7959043970332,26.7857666015625,1927.0819038785994,837.1307727092111
ai_0064.jpg,AI,2.091771364212036,23.0,2.0875916481018066,3.887939453125,1.880584716796875,4.082379341125488,292.79433676507324,8.46234130859375,298.5662188306451,198.69570135014024
ai_0065.jpg,AI,3.0114898681640625,28.0,2.720125675201416,19.92950439453125,4.8697052001953125,9.368149757385254,1580.886808118783,21.98858642578125,1603.6743967495859,1225.7335624827858
ai_0066.jpg,AI,3.4910430908203125,26.0,2.9711802005767822,6.98394775390625,4.389739990234375,6.489117622375488,1065.4465141219553,22.745864868164062,1075.9994423799217,378.6733712521765
ai_0067.jpg,AI,0.7003071904182434,13.0,0.8450315594673157,1.21612548828125,1.1851959228515625,7.39483642578125,875.6329277120531,5.391876220703125,874.9431884028018,1089.012003052843
ai_0068.jpg,AI,1.9015909433364868,24.0,2.1836042404174805,11.71875,4.083526611328125,9.13789176940918,1783.5545852445066,19.510009765625,1813.857972599566,1294.955164546308
ai_0069.jpg,AI,1.0423330068588257,17.0,1.191247582435608,4.84466552734375,1.6436920166015625,7.770966529846191,968.9402028387412,7.071533203125,971.3044976592064,1097.1984144647859
ai_0070.jpg,AI,2.0867817401885986,34.0,2.4465699195861816,13.0096435546875,5.10601806640625,11.019193649291992,2592.9864756427705,23.88763427734375,2641.4434051290154,1947.277231549231
ai_0071.jpg,AI,1.4726461172103882,28.0,1.8573262691497803,4.48455810546875,1.859405517578125,7.029747486114502,920.3740972541273,8.821441650390625,927.8348660841584,885.6682185787126
ai_0072.jpg,AI,2.672765016555786,22.0,2.36940336227417,22.137451171875,5.73370361328125,9.08437728881836,1710.9978691004217,26.370697021484375,1740.5185225456953,1027.9819869168593
ai_0073.jpg,AI,3.4473063945770264,42.0,3.167036533355713,17.156982421875,6.024261474609375,10.3800630569458,2382.5722911572084,28.84735107421875,2430.4442240670323,1913.7433715433501
ai_0074.jpg,AI,2.2527263164520264,29.0,3.112025737762451,12.054443359375,6.3477020263671875,14.101837158203125,4478.916126923403,31.135818481445312,4551.407819896936,3685.565455420749
ai_0075.jpg,AI,4.104451656341553,31.0,3.2729673385620117,34.95025634765625,10.82611083984375,14.598219871520996,5056.898049142212,53.119049072265625,5136.785455711186,812.0555489794374
ai_0076.jpg,AI,2.802027463912964,25.0,2.587484121322632,10.5865478515625,3.836212158203125,8.59233570098877,1337.6415239041671,17.722930908203125,1350.0984202288091,812.7410048357582
ai_0077.jpg,AI,2.2324066162109375,24.0,2.2472829818725586,10.4339599609375,2.858367919921875,6.319944381713867,790.3799700140953,13.294769287109375,804.1168629899621,594.7280875664073
ai_0078.jpg,AI,1.6814371347427368,22.0,1.7511560916900635,7.3394775390625,2.074310302734375,5.399891376495361,480.31082447525114,8.882476806640625,489.11004892736673,492.52689988104635
ai_0079.jpg,AI,0.4456888735294342,13.0,0.8664072751998901,1.32293701171875,1.0698699951171875,7.243475437164307,841.1819165712222,4.5794677734375,839.5878046043217,996.9615803122826
ai_0080.jpg,AI,0.6893361210823059,20.0,1.3664990663528442,2.20794677734375,1.5513916015625,9.174942016601562,1366.494050975889,6.82891845703125,1367.940211623907,1603.3520461931187
ai_0081.jpg,AI,1.1446329355239868,13.0,1.3607573509216309,8.8470458984375,2.693359375,9.25167179107666,1399.5095795989037,11.56011962890625,1405.2052412554622,1455.072851511212
ai_0082.jpg,AI,1.3633066415786743,24.0,1.8894414901733398,4.058837890625,1.3863677978515625,4.515235900878906,339.5916724167764,6.27001953125,347.8500668182969,300.38572609624015
ai_0083.jpg,AI,0.9685261845588684,20.0,1.3012899160385132,2.4566650390625,1.32025146484375,6.419784069061279,663.8864884935319,5.931640625,664.3442156091332,771.9603087926457
ai_0084.jpg,AI,1.2955220937728882,24.0,1.569602370262146,3.46527099609375,1.440582275390625,6.244158744812012,625.4467914840207,6.287750244140625,626.3526249788702,715.0838835832033
ai_0085.jpg,AI,1.0986989736557007,17.0,1.39736008644104,4.32891845703125,2.0970306396484375,9.295023918151855,1414.4977413034067,9.421661376953125,1417.1110677458346,1582.651953340834
ai_0086.jpg,AI,1.3955484628677368,19.0,1.4882572889328003,4.7454833984375,1.9141998291015625,7.381042957305908,884.5742971263826,8.25262451171875,891.4485834687948,1086.2221649994158
ai_0087.jpg,AI,3.5159504413604736,31.0,2.9752378463745117,13.97247314453125,6.0153045654296875,11.647351264953613,2574.3227170556784,28.92376708984375,2590.826715711504,1987.2524124437093
ai_0088.jpg,AI,1.6237233877182007,30.0,2.3387973308563232,5.6884765625,2.33306884765625,8.37522029876709,1305.383360978216,11.143829345703125,1318.0126268789172,1550.140479176946
ai_0089.jpg,AI,3.3586273193359375,31.0,2.972262382507324,14.9993896484375,7.21160888671875,12.891688346862793,3589.1115547416266,35.05101013183594,3617.1088613569736,1650.7830919260016
ai_0090.jpg,AI,1.4583383798599243,24.0,1.6491081714630127,4.42047119140625,2.7103729248046875,10.117751121520996,1690.8924436857924,12.09844970703125,1694.6334490850568,1831.4849184929888
ai_0091.jpg,AI,2.1776530742645264,27.0,2.4623701572418213,14.33258056640625,5.0243377685546875,10.569477081298828,2451.123202033108,24.138046264648438,2477.3825845718384,2143.2228967853357
ai_0092.jpg,AI,1.8539479970932007,28.0,2.2918684482574463,9.06524658203125,3.3374786376953125,7.785067558288574,1385.8952267831191,16.411041259765625,1400.025532670319,755.9017493582076
ai_0093.jpg,AI,1.2367299795150757,19.0,1.5102981328964233,4.3426513671875,2.185516357421875,8.161293983459473,1100.9132323113736,9.749465942382812,1104.429421942681,794.204181509401
ai_0094.jpg,AI,1.7028859853744507,24.0,2.1219663619995117,6.793212890625,2.45440673828125,6.732656478881836,839.8836118613835,11.325424194335938,852.4687517285347,512.7901581748217
ai_0095.jpg,AI,1.88433837890625,20.0,1.9496634006500244,7.1197509765625,2.9571380615234375,7.522710800170898,1052.657274093479,14.0689697265625,1057.754698768258,825.7045220230489
ai_0096.jpg,AI,2.0948894023895264,24.0,2.3333535194396973,14.36767578125,4.5856170654296875,9.748038291931152,2028.4636915714946,22.100753784179688,2046.715474292636,1124.6654302912234
ai_0097.jpg,AI,3.390711545944214,32.0,3.038093090057373,19.14825439453125,7.217559814453125,11.281577110290527,3243.961985781556,36.21662902832031,3278.7368661537766,2127.872306090313
ai_0098.jpg,AI,3.5003764629364014,34.0,2.9940857887268066,26.99432373046875,7.413726806640625,11.435182571411133,2640.938619591063,34.01365661621094,2692.0676345154643,1529.1234343056149
ai_0099.jpg,AI,3.5579121112823486,32.0,3.0737271308898926,24.43695068359375,7.511474609375,12.38586711883545,3607.5358881046996,37.08251953125,3640.593946479261,2496.1092072055344
ai_0100.jpg,AI,3.1181132793426514,25.0,2.7656168937683105,17.3858642578125,5.9955596923828125,10.902544975280762,2422.428283557296,29.106109619140625,2440.52720413357,1071.1603008940397
ai_0101.jpg,AI,1.9728444814682007,22.0,1.8609144687652588,13.3026123046875,3.3526611328125,7.82392692565918,1044.7836452273186,14.558578491210938,1060.633751180023,841.9064971525746
ai_0102.jpg,AI,3.3788604736328125,27.0,2.9379680156707764,26.20391845703125,8.889068603515625,14.106657028198242,4539.189194142818,42.769134521484375,4587.99767069146,2737.087009484309
ai_0103.jpg,AI,4.3751220703125,36.0,3.5448825359344482,21.9970703125,7.4438934326171875,10.679219245910645,2900.9149504562374,38.43302917480469,2932.7611721903086,1061.7747749943671
ai_0104.jpg,AI,3.732386350631714,34.0,2.98433256149292,27.84881591796875,11.149627685546875,15.65885066986084,5825.697727052262,54.35792541503906,5899.291550479829,1918.3262342776993
ai_0105.jpg,AI,2.5458271503448486,30.0,2.9050135612487793,9.814453125,3.442108154296875,7.981196880340576,1411.5360392928123,16.579437255859375,1437.2141171768308,933.8042296769906
ai_0106.jpg,AI,2.8446807861328125,44.0,3.0397517681121826,13.26141357421875,4.993011474609375,9.210766792297363,2179.8753025494516,25.31573486328125,2202.4787792749703,2381.9209323258124
ai_0107.jpg,AI,3.3974406719207764,33.0,3.280729055404663,15.2862548828125,5.315704345703125,9.78170394897461,2462.5154571533203,27.115753173828125,2494.7990998625755,1330.4012440665906
ai_0108.jpg,AI,2.413355588912964,41.0,2.625718593597412,8.89739990234375,2.836273193359375,6.625582695007324,848.9148350504693,13.510665893554688,859.3559430502355,1006.5299874864933
ai_0109.jpg,AI,1.5120645761489868,20.0,1.612994909286499,2.57110595703125,1.4542999267578125,2.448331594467163,118.24210080411285,6.638641357421875,122.14791880548,54.435154408235015
ai_0110.jpg,AI,3.240208864212036,25.0,2.695528268814087,17.75054931640625,4.974609375,8.840797424316406,1511.6833779772278,23.651382446289062,1525.1437554098666,794.2306660410727
ai_0111.jpg,AI,1.85943603515625,19.0,1.7843074798583984,13.0279541015625,2.9944610595703125,4.7497358322143555,447.1490865563974,13.470489501953125,458.50432546436787,284.17730018413397
ai_0112.jpg,AI,4.209747314453125,30.0,3.355154275894165,27.716064453125,9.796585083007812,13.669032096862793,4756.725200053304,49.5638427734375,4824.343372229487,1073.974564405136
ai_0113.jpg,AI,1.9083404541015625,21.0,1.867908239364624,4.962158203125,2.9867706298828125,7.628230094909668,1043.6721912985668,13.919525146484375,1046.805189281702,1138.04073853599
ai_0114.jpg,AI,3.1399738788604736,24.0,2.655514717102051,15.936279296875,4.675079345703125,7.75372314453125,1254.62606242951,22.40313720703125,1269.1829057708383,601.889521900008
ai_0115.jpg,AI,0.821014404296875,19.0,1.1394461393356323,1.44195556640625,1.1696014404296875,6.932042121887207,769.318714722991,5.28857421875,768.7228516153991,1067.8726283228832
ai_0116.jpg,AI,1.6299844980239868,23.0,2.215014696121216,7.647705078125,2.1324615478515625,4.694939613342285,492.67170264734887,10.236404418945312,508.1970479823649,494.0954250810346
ai_0117.jpg,AI,1.8907928466796875,24.0,2.1353368759155273,10.43548583984375,3.009521484375,6.701416969299316,846.7502028604504,13.440689086914062,872.8222087621689,832.9222799803397
ai_0118.jpg,AI,1.1989542245864868,15.0,1.2943816184997559,4.07867431640625,1.972137451171875,8.371929168701172,1136.1723220199347,8.579315185546875,1140.6185418367386,1617.0683719877954
ai_0119.jpg,AI,1.6488596200942993,23.0,2.1203770637512207,8.04290771484375,2.219268798828125,4.912756443023682,496.1256467914209,10.1527099609375,518.7038367651403,600.6411066961209
ai_0120.jpg,AI,1.3809305429458618,26.0,1.8434749841690063,2.496337890625,1.6828155517578125,6.9286298751831055,824.6337389796972,7.597625732421875,828.2835485078394,826.1421491742922
ai_0121.jpg,AI,3.6776936054229736,30.0,3.1120827198028564,17.8192138671875,6.2271575927734375,10.022494316101074,2285.4263457655907,30.62933349609375,2311.2301199249923,891.3244844977547
ai_0122.jpg,AI,1.700286865234375,20.0,1.8751344680786133,6.8756103515625,2.6487274169921875,7.8553595542907715,1060.3566482728347,11.977142333984375,1066.7225747443736,1079.1932820738243
ai_0123.jpg,AI,2.2319843769073486,24.0,2.327287197113037,8.19549560546875,2.9698333740234375,7.956568241119385,1115.5708276533987,13.329116821289062,1133.1643003560603,712.2154188823746
ai_0124.jpg,AI,2.6232402324676514,28.0,2.5731027126312256,12.9425048828125,4.1581573486328125,9.963423728942871,1818.522990167141,19.213653564453125,1844.3657238334417,1605.4938914316244
ai_0125.jpg,AI,1.3574930429458618,17.0,1.3460781574249268,7.2967529296875,1.9471435546875,5.743688583374023,536.6977533677127,8.290267944335938,540.8120860084891,639.8145663902767
ai_0126.jpg,AI,3.7551372051239014,36.0,3.3202004432678223,17.578125,6.42645263671875,10.766337394714355,2546.5933431515004,30.623764038085938,2605.251225709915,1515.204823272619
ai_0127.jpg,AI,3.417485475540161,41.0,3.568371534347534,19.96612548828125,8.714752197265625,15.709881782531738,6086.047797188163,43.753021240234375,6146.787667583674,4274.160348734622
ai_0128.jpg,AI,4.46880578994751,31.0,3.650397300720215,25.80108642578125,7.625213623046875,11.039054870605469,2785.406090758508,37.12797546386719,2824.2741329595447,1108.1566100806556
ai_0129.jpg,AI,2.3985595703125,26.0,2.4232382774353027,9.97161865234375,4.5319671630859375,11.678689002990723,2487.382480856031,20.716522216796875,2517.7005491293967,1736.7727882130184
ai_0130.jpg,AI,3.8500773906707764,28.0,3.0841262340545654,26.53045654296875,10.288543701171875,15.206286430358887,5701.660121470457,53.31138610839844,5735.393217951059,2039.1997005333883
ai_0131.jpg,AI,3.958806276321411,32.0,3.257042407989502,22.80120849609375,8.60247802734375,12.81820297241211,4128.680895462399,43.50355529785156,4171.729663647711,2080.5868619817998
ai_0132.jpg,AI,3.0197651386260986,34.0,3.1796133518218994,17.3095703125,6.8468170166015625,11.799646377563477,3351.265879975399,34.03138732910156,3385.5021995976567,3166.064135350329
ai_0133.jpg,AI,2.066279172897339,27.0,2.499122142791748,5.9417724609375,2.4292449951171875,7.363395690917969,1016.7245736753102,11.356643676757812,1028.8397070132196,755.9634021827424
ai_0134.jpg,AI,1.5326334238052368,30.0,1.9958741664886475,5.15594482421875,2.0662384033203125,6.833166599273682,870.0851931141224,9.794326782226562,883.0979436673224,605.9918767058494
ai_0135.jpg,AI,1.8781280517578125,27.0,2.063009023666382,6.268310546875,2.3250885009765625,7.2926106452941895,936.7446356862783,10.520965576171875,942.3814698457718,842.6124743310907
ai_0136.jpg,AI,1.875579833984375,37.0,2.4091908931732178,6.7230224609375,2.4074859619140625,7.290907382965088,960.0361983140465,11.228652954101562,972.5744303166866,529.4336272295695
ai_0137.jpg,AI,1.6169942617416382,29.0,1.9691362380981445,4.8553466796875,2.0316162109375,5.871071815490723,731.9119054963812,9.834747314453125,739.4441161714494,849.395628711808
ai_0138.jpg,AI,1.5048624277114868,27.0,1.8382872343063354,3.25469970703125,2.1504974365234375,8.560832977294922,1315.6410945020616,10.152099609375,1319.0620402134955,1571.34064391209
ai_0139.jpg,AI,1.9448496103286743,18.0,1.6477323770523071,6.32781982421875,3.474822998046875,8.283003807067871,1155.7512909537181,15.26483154296875,1165.4990496896207,1060.3965148304728
ai_0140.jpg,AI,3.996943235397339,32.0,3.1781344413757324,30.4931640625,11.408584594726562,15.934473037719727,6452.147122677416,58.012420654296875,6527.543921757489,2438.107147513096
ai_0141.jpg,AI,2.5104572772979736,27.0,2.397583246231079,12.60833740234375,3.9324188232421875,7.7372612953186035,1169.095361291431,18.0447998046875,1188.446220844984,501.41399507146906
ai_0142.jpg,AI,2.3922119140625,24.0,2.290215015411377,18.85223388671875,5.0698394775390625,10.066186904907227,1970.837712224573,22.772613525390625,2005.4842697940767,1325.3924921564676
ai_0143.jpg,AI,3.2118632793426514,24.0,2.6623828411102295,14.801025390625,5.9126434326171875,9.022480964660645,1888.8578872894868,29.155303955078125,1908.7893467657268,681.2502647367417
ai_0144.jpg,AI,2.1234333515167236,25.0,2.311206817626953,11.41510009765625,3.4735260009765625,7.524560928344727,1134.5296296169981,16.10894775390625,1150.4798415191472,791.0171125826657
ai_0145.jpg,AI,1.9665628671646118,30.0,2.1063687801361084,10.83984375,2.67633056640625,6.7547831535339355,792.8309571461286,11.688858032226562,810.3512626178563,1093.1728320324064
ai_0146.jpg,AI,2.979670286178589,27.0,2.671149492263794,18.1793212890625,5.87310791015625,9.795783996582031,2006.0682692369446,27.4027099609375,2064.7766366824508,1025.6154427615347
ai_0147.jpg,AI,2.96319580078125,25.0,2.6441893577575684,15.42816162109375,4.3868255615234375,8.168586730957031,1300.0493570333347,19.978363037109375,1323.0456258915365,761.5536416188087
ai_0148.jpg,AI,3.0953216552734375,25.0,2.713895082473755,20.49407958984375,6.2727203369140625,11.415046691894531,2486.371517925523,28.640380859375,2533.5477151833475,1646.4939182406108
ai_0149.jpg,AI,2.9262592792510986,33.0,3.00541615486145,20.04547119140625,7.41424560546875,12.40915298461914,3626.1057074179407,35.95750427246094,3689.9402232915163,2575.1961257778817
ai_0150.jpg,AI,2.4025726318359375,28.0,2.666012763977051,12.95928955078125,5.48590087890625,12.542393684387207,2974.1670604085084,25.189468383789062,3007.797909669578,1896.252864097421
ai_0151.jpg,AI,2.9539947509765625,34.0,2.811817169189453,12.493896484375,4.44647216796875,8.07158088684082,1446.2556800236925,21.57220458984375,1467.9874759241939,779.5195672993253
ai_0152.jpg,AI,3.216212034225464,34.0,3.2106902599334717,13.00506591796875,4.955810546875,9.547075271606445,1992.5163506865501,24.217010498046875,2012.697125930339,1907.829154441419
ai_0153.jpg,AI,2.638422727584839,28.0,2.6848175525665283,13.165283203125,3.6393890380859375,6.858349323272705,972.0751745551825,16.951446533203125,982.6239333562553,571.6842630962292
ai_0154.jpg,AI,1.4242299795150757,19.0,1.4419957399368286,7.71942138671875,2.34149169921875,8.50283145904541,1174.6586070058402,10.064651489257812,1180.840407051146,1504.6023867704946
ai_0155.jpg,AI,1.7969156503677368,20.0,1.9043322801589966,6.95953369140625,1.96484375,5.930845737457275,579.4977634751704,8.541824340820312,589.9783464372158,702.0880325307677
ai_0156.jpg,AI,1.670166015625,29.0,2.011134624481201,6.72607421875,1.89874267578125,5.164436340332031,493.47654570057057,8.637680053710938,505.4076666235924,454.5294017382074
ai_0157.jpg,AI,3.836217164993286,37.0,3.359271287918091,23.492431640625,7.004119873046875,10.857250213623047,2590.569218253484,33.51982116699219,2634.230243124068,1299.9810106154343
ai_0158.jpg,AI,3.367584228515625,31.0,2.893550157546997,22.5494384765625,6.3004150390625,10.209237098693848,2232.2327966056764,29.80792236328125,2275.059075437486,1344.842634071729
ai_0159.jpg,AI,3.5307819843292236,33.0,3.160203456878662,9.54132080078125,4.541748046875,7.332596302032471,1240.469553694129,22.60272216796875,1254.7306838147342,794.3498597877795
ai_0160.jpg,AI,3.518951416015625,39.0,3.1167988777160645,17.17376708984375,6.44635009765625,10.833186149597168,2708.280018701218,31.3482666015625,2745.930587694049,1894.4367590002323
ai_0161.jpg,AI,2.606165647506714,33.0,2.7959418296813965,12.22381591796875,3.85064697265625,7.219204902648926,1155.1903898676392,18.303176879882812,1173.7137471437454,1001.7795309479527
ai_0162.jpg,AI,4.132547855377197,38.0,3.6570985317230225,14.86358642578125,6.7625274658203125,11.526450157165527,3130.032582744956,34.117645263671875,3160.941794309765,2086.1634917428596
ai_0163.jpg,AI,1.746429443359375,21.0,1.8594824075698853,3.4149169921875,1.6080169677734375,4.373227596282959,344.2052087849006,7.49725341796875,348.8387237265706,373.2636342534036
ai_0164.jpg,AI,1.5525716543197632,25.0,1.5684500932693481,2.12860107421875,1.927093505859375,5.352624416351318,501.3918989440426,8.954559326171875,503.58055233955383,616.1236966642167
ai_0165.jpg,AI,4.17138671875,34.0,3.4000720977783203,22.17559814453125,7.1091156005859375,10.71811580657959,2654.519022278255,35.52861022949219,2677.8905806057155,1155.9300164336546
ai_0166.jpg,AI,1.9788259267807007,30.0,2.021700859069824,7.61260986328125,2.702392578125,6.277888298034668,733.8705645722803,12.321090698242188,740.2023481242359,498.22464125030945
ai_0167.jpg,AI,2.405390501022339,20.0,1.9772417545318604,5.7891845703125,3.4938201904296875,6.173275470733643,731.3320775122847,16.473220825195312,739.197130471468,346.4262828142345
ai_0168.jpg,AI,2.8878326416015625,31.0,2.8182156085968018,10.99090576171875,4.4957122802734375,9.135322570800781,1696.8393817991018,21.5953369140625,1711.7193202450871,1272.4355068568045
ai_0169.jpg,AI,1.4563446044921875,30.0,1.9450632333755493,3.87725830078125,2.5666351318359375,9.14714527130127,1492.2341825084295,12.198410034179688,1502.6561717428267,1366.0453095991131
ai_0170.jpg,AI,2.0608978271484375,25.0,2.332869529724121,9.70916748046875,3.6377716064453125,10.742949485778809,2023.2673516550565,16.780105590820312,2032.6038156971335,1600.4868121109416
ai_0171.jpg,AI,1.59722900390625,24.0,1.9322627782821655,5.712890625,2.319671630859375,7.7955498695373535,1052.8752171061933,10.556732177734375,1060.6587582938373,939.8708013648023
ai_0172.jpg,AI,2.847315549850464,27.0,2.838174343109131,15.6524658203125,5.0548858642578125,10.609599113464355,2289.2407489733305,23.959793090820312,2320.2960999943316,1059.87327815908
ai_0173.jpg,AI,1.564788818359375,23.0,1.8681472539901733,5.5023193359375,1.9430084228515625,4.475013732910156,387.47780507430434,9.1260986328125,395.87703996524215,412.1533291487971
ai_0174.jpg,AI,1.928680419921875,21.0,2.294632911682129,6.4971923828125,4.0542449951171875,10.44905948638916,2193.8011221578345,20.005035400390625,2199.1125467717648,2001.221941594057
ai_0175.jpg,AI,2.052302122116089,25.0,2.116222858428955,10.198974609375,3.030548095703125,7.14652681350708,940.7559163437691,13.706253051757812,955.8141821660101,859.5306946197317
ai_0176.jpg,AI,1.6237894296646118,20.0,1.9170805215835571,7.3577880859375,2.1260986328125,5.228131294250488,495.2271760085132,9.579391479492188,505.2180435657501,621.802807966752
ai_0177.jpg,AI,1.12322998046875,14.0,1.0595383644104004,3.23638916015625,2.2245025634765625,7.893163681030273,1002.9303630879149,9.3304443359375,1005.2278271019459,1170.0302821779055
ai_0178.jpg,AI,1.8519083261489868,19.0,1.6585243940353394,14.013671875,3.370880126953125,7.332233905792236,914.6273726820946,14.654632568359375,926.5453671328723,826.4921501555339
ai_0179.jpg,AI,1.5476480722427368,20.0,1.702168583869934,6.77642822265625,2.5906524658203125,7.149964332580566,883.8896569830831,11.672317504882812,892.9251154884696,695.6813284591507
ai_0180.jpg,AI,0.7801564335823059,10.0,0.8838337659835815,1.416015625,1.19091796875,5.9077067375183105,558.6200329205021,5.244720458984375,558.9864972531796,640.4346907442138
ai_0181.jpg,AI,2.1786601543426514,20.0,2.1220638751983643,11.36627197265625,4.0712738037109375,8.852336883544922,1437.327551688766,18.586105346679688,1460.1822950206697,730.9235060198994
ai_0182.jpg,AI,2.3793437480926514,25.0,2.14959454536438,8.44268798828125,3.69097900390625,5.998959064483643,778.0222724357154,17.405044555664062,793.2679249979556,373.6999794299562
ai_0183.jpg,AI,3.4074604511260986,29.0,2.9493820667266846,24.542236328125,7.2071380615234375,10.697450637817383,2507.955060232198,34.13557434082031,2545.0885008201003,919.9572835351048
ai_0184.jpg,AI,0.8084055781364441,30.0,1.7314220666885376,2.21099853515625,1.6078033447265625,7.7386794090271,1067.1918950518593,7.21051025390625,1077.738298304379,891.2822949167024
ai_0185.jpg,AI,1.1544952392578125,26.0,2.004387378692627,4.5013427734375,2.321929931640625,8.477250099182129,1385.2519735486712,10.634414672851562,1407.409215155989,1243.1763316659383
ai_0186.jpg,AI,2.4886016845703125,27.0,2.3142199516296387,11.24114990234375,3.7867584228515625,6.456563472747803,830.2676398546901,17.361648559570312,843.9094891883433,436.1020514311219
ai_0187.jpg,AI,1.2949371337890625,23.0,1.812503457069397,6.10504150390625,2.532318115234375,7.465237617492676,1053.278363197809,11.994949340820312,1063.604928623885,1006.3131701501987
ai_0188.jpg,AI,1.930023193359375,24.0,2.034721612930298,6.8115234375,4.1500244140625,9.052628517150879,1468.9147505161818,18.612167358398438,1482.1302646249533,764.3742210956248
ai_0189.jpg,AI,2.271820068359375,31.0,2.8565196990966797,11.93695068359375,4.9603118896484375,11.434747695922852,2927.021299689077,24.8704833984375,2952.952334869653,2160.4684144852395
ai_0190.jpg,AI,1.070281982421875,19.0,1.383832573890686,3.16162109375,1.5858154296875,5.153189659118652,527.5323861853685,7.3891143798828125,529.8358613476157,662.9707886371607
ai_0191.jpg,AI,2.4003143310546875,21.0,2.440121650695801,9.5458984375,3.7593841552734375,7.285315990447998,1099.5449203101452,17.735183715820312,1118.0008190013468,655.6941360609956
ai_0192.jpg,AI,1.4723052978515625,23.0,2.121765375137329,5.86090087890625,2.4608154296875,8.223475456237793,1173.001740991138,11.04571533203125,1185.8135826289654,767.4166464354988
ai_0193.jpg,AI,3.480829954147339,26.0,2.8379881381988525,20.7550048828125,8.38238525390625,12.29924201965332,3294.2348205810413,39.9542236328125,3312.9845234043896,707.5862332967363
ai_0194.jpg,AI,2.646184206008911,40.0,3.4001002311706543,13.189697265625,4.5296630859375,10.03681468963623,2013.4679803615436,21.14996337890625,2032.743726491928,1197.3445596240915
ai_0195.jpg,AI,1.226654052734375,26.0,1.999679446220398,2.92510986328125,1.358428955078125,6.262414932250977,631.6397293114569,5.8314666748046875,636.8210350088775,688.9178404352216
ai_0196.jpg,AI,3.054967164993286,20.0,2.485250234603882,6.24237060546875,4.6754302978515625,6.639009475708008,1024.9561417901423,23.021804809570312,1044.9030126444995,316.4207055797021
ai_0197.jpg,AI,3.059544801712036,33.0,2.9616520404815674,13.78173828125,4.9699554443359375,9.340847969055176,1883.8575139062013,23.503189086914062,1916.1131321825087,1330.9317534666418
ai_0198.jpg,AI,4.160044193267822,29.0,3.313894271850586,30.97381591796875,12.033477783203125,16.185630798339844,6234.05109177134,59.23838806152344,6278.654280837625,1965.982503034883
ai_0199.jpg,AI,1.5022379159927368,24.0,1.8080254793167114,5.2825927734375,2.6834564208984375,9.640957832336426,1566.4741675993428,11.94818115234375,1583.6576986722648,1637.1868245115488
ai_0200.jpg,AI,1.3737741708755493,20.0,1.8217754364013672,5.11016845703125,1.78369140625,6.045151233673096,683.1216315627098,8.58111572265625,688.2484472468495,637.0446095177615
ai_0201.jpg,AI,2.0848846435546875,24.0,1.9946551322937012,10.35308837890625,2.9511566162109375,6.828754901885986,903.5143711781129,13.594512939453125,914.7741975672543,712.321629386928
ai_0202.jpg,AI,1.3441110849380493,21.0,1.5299509763717651,3.99017333984375,1.6188812255859375,5.310286045074463,477.31550152204,7.2818145751953125,485.98282635211945,499.2686789461491
ai_0203.jpg,AI,1.6649271249771118,29.0,2.1599314212799072,6.87713623046875,2.76708984375,9.036197662353516,1556.7600780630019,13.139602661132812,1590.2680651023984,880.6969334177559
ai_0204.jpg,AI,2.428990602493286,27.0,2.48370623588562,15.13214111328125,4.2611846923828125,8.790236473083496,1491.8193659556564,19.570022583007812,1546.7801587432623,1200.0748973887733
ai_0205.jpg,AI,2.0649261474609375,41.0,2.5477378368377686,6.34918212890625,2.7656402587890625,6.075045585632324,849.6670321503188,13.325241088867188,861.503609135747,871.695595641764
ai_0206.jpg,AI,3.9170379638671875,34.0,3.2886791229248047,23.4100341796875,10.718780517578125,16.437055587768555,5877.690605954966,50.83677673339844,5944.635563410819,2678.8654216397413
ai_0207.jpg,AI,2.7602996826171875,29.0,2.7595980167388916,9.1400146484375,3.339935302734375,6.247715473175049,949.2909757473972,16.610519409179688,961.866982858628,657.7988116215887
ai_0208.jpg,AI,3.5693511962890625,32.0,2.946312427520752,12.5091552734375,6.619354248046875,9.653671264648438,2244.433954179287,33.449310302734375,2262.5026510842144,760.036195792349
ai_0209.jpg,AI,3.416020631790161,36.0,3.0039947032928467,14.83917236328125,5.6064605712890625,8.853375434875488,1791.3701271747705,27.016891479492188,1828.402499627322,732.4525760306724
ai_0210.jpg,AI,2.3466033935546875,33.0,2.423184633255005,8.197021484375,3.1843109130859375,5.9824090003967285,776.0079653523862,14.95947265625,788.7110951282084,727.5117232473021
ai_0211.jpg,AI,1.0902099609375,22.0,1.5864697694778442,2.55584716796875,1.45794677734375,4.805425643920898,435.3734256764874,6.9615478515625,439.99418668821454,366.22621554932294
ai_0212.jpg,AI,3.448308229446411,40.0,3.3654866218566895,12.65869140625,4.8113555908203125,9.487196922302246,1679.0663755366113,22.174057006835938,1697.868666332215,665.6221843191935
ai_0213.jpg,AI,2.402959108352661,31.0,2.438718795776367,11.004638671875,3.2247467041015625,6.491474628448486,789.1378145345952,14.504898071289062,800.7833247669041,727.4926772016507
ai_0214.jpg,AI,4.006678104400635,30.0,3.2079553604125977,28.57208251953125,9.227401733398438,12.753046989440918,3867.4780458488967,45.81288146972656,3897.3009768761694,915.440316175437
ai_0215.jpg,AI,3.2363483905792236,33.0,2.8951587677001953,20.87249755859375,4.84063720703125,7.9923014640808105,1183.285223522922,21.294754028320312,1212.0795674957335,592.5638909282876
ai_0216.jpg,AI,3.4564056396484375,27.0,2.927560567855835,12.4725341796875,6.880615234375,11.590414047241211,2970.4053624139633,34.42140197753906,2986.894803158939,1235.3333517509473
ai_0217.jpg,AI,1.3332265615463257,22.0,1.3032046556472778,4.0069580078125,2.90313720703125,8.450662612915039,1154.653426980367,11.993728637695312,1156.7559306658804,1246.0972140926183
ai_0218.jpg,AI,1.3948415517807007,24.0,1.9686440229415894,4.473876953125,2.5680694580078125,8.792218208312988,1389.7103447318077,11.89215087890625,1389.3513891473413,1071.5242812097604
ai_0219.jpg,AI,3.109161376953125,27.0,2.66200852394104,21.37298583984375,6.99102783203125,10.913484573364258,2338.617704626173,31.988494873046875,2363.5464946217835,957.2519175344169
ai_0220.jpg,AI,1.3243306875228882,31.0,1.537145733833313,3.6224365234375,2.333740234375,5.628509998321533,575.3766886794474,10.210556030273438,588.6107708513737,305.9963928713431
ai_0221.jpg,AI,1.3870697021484375,26.0,1.6503565311431885,5.53741455078125,2.11181640625,6.171886920928955,761.5311572009232,9.512283325195312,771.0433876663446,735.7203167132436
ai_0222.jpg,AI,1.82135009765625,23.0,2.000314235687256,7.99560546875,2.9483795166015625,6.4730610847473145,794.1245105264243,13.133834838867188,815.0811850093305,704.3291240958433
ai_0223.jpg,AI,2.0672149658203125,28.0,2.554616689682007,11.62261962890625,4.7117919921875,11.498798370361328,2781.4202304889914,23.214828491210938,2803.332373313606,1154.783184974695
ai_0224.jpg,AI,2.7741241455078125,30.0,2.679032564163208,17.3797607421875,6.4409637451171875,11.3069486618042,2625.6839292934164,29.616912841796875,2663.8313770219684,1476.1229848811854
ai_0225.jpg,AI,2.678278684616089,27.0,2.5777058601379395,19.5556640625,4.447265625,7.895541667938232,1232.7128475399222,20.103561401367188,1262.7548206597567,463.64829715932666
ai_0226.jpg,AI,1.8241628408432007,35.0,2.801760673522949,6.280517578125,2.6227264404296875,8.171186447143555,1278.2307375334203,12.579620361328125,1287.1654907651246,784.681609479802
ai_0227.jpg,AI,3.970219850540161,32.0,3.198951244354248,32.6629638671875,13.319488525390625,17.737728118896484,6500.144043392502,60.995635986328125,6572.212785910815,1605.3587563257174
ai_0228.jpg,AI,3.3041789531707764,25.0,2.701307535171509,24.89013671875,7.658843994140625,11.026690483093262,2707.8804834967013,36.59184265136719,2735.55166599527,1260.2989600929575
ai_0229.jpg,AI,2.0217182636260986,20.0,1.8261810541152954,5.3619384765625,2.8282012939453125,6.9981369972229,832.999784813961,12.532913208007812,839.2987042628229,713.6880318632467
ai_0230.jpg,AI,3.5582275390625,25.0,2.828597068786621,11.846923828125,8.009017944335938,11.541013717651367,3327.087123634061,40.97590637207031,3344.2207380719483,1379.8165718866778
ai_0231.jpg,AI,2.424041748046875,26.0,2.2013230323791504,18.62030029296875,3.592193603515625,7.891052722930908,1051.1697935031261,15.297866821289062,1070.7397382631898,812.9947692398312
ai_0232.jpg,AI,3.6914775371551514,31.0,3.3783724308013916,19.13604736328125,6.9147491455078125,10.945304870605469,2661.353551982902,33.4051513671875,2699.1739965304732,1533.1807037165781
ai_0233.jpg,AI,3.112518310546875,25.0,2.688929319381714,18.7591552734375,6.879852294921875,10.676553726196289,2641.022604360245,33.469482421875,2672.0300213992596,2013.2801993563926
ai_0234.jpg,AI,3.770319700241089,30.0,3.159388542175293,12.18109130859375,6.9291839599609375,10.802543640136719,2775.032956119394,35.26383972167969,2795.5086943097413,1259.0033811285625
ai_0235.jpg,AI,2.8406219482421875,25.0,2.6366934776306152,16.6717529296875,4.540557861328125,8.976717948913574,1515.1774266397115,20.074050903320312,1548.4095163792372,809.903438621585
ai_0236.jpg,AI,2.3605449199676514,28.0,2.808180332183838,13.92364501953125,6.463531494140625,13.755903244018555,4234.889982163906,31.549407958984375,4274.083999268711,2906.409945740545
ai_0237.jpg,AI,4.05371618270874,31.0,3.426008939743042,28.68804931640625,7.9612884521484375,12.214903831481934,3083.6695938685443,36.65977478027344,3144.440765336156,925.708523693188
ai_0238.jpg,AI,3.634801149368286,39.0,3.3455288410186768,24.2645263671875,6.905975341796875,10.884590148925781,2657.887948743766,32.74693298339844,2705.1062843874097,1587.4732356161037
ai_0239.jpg,AI,4.388153076171875,35.0,3.6729655265808105,30.89599609375,12.391128540039062,17.140275955200195,7396.383280459559,62.81376647949219,7461.000512830913,2097.3607718627004
ai_0240.jpg,AI,1.4885507822036743,23.0,1.8775726556777954,6.21337890625,3.4401092529296875,8.410076141357422,1385.0131587644573,15.589126586914062,1396.507595963776,1439.0082772958758
ai_0241.jpg,AI,2.014826536178589,29.0,2.090075969696045,3.36456298828125,2.5208740234375,7.591917037963867,987.2414662837982,11.249786376953125,987.8876641318202,920.6499574422099
ai_0242.jpg,AI,4.055948734283447,32.0,3.37501859664917,27.64739990234375,9.170944213867188,13.376845359802246,3974.58305533207,43.24589538574219,4036.9062760956585,1535.203010301068
ai_0243.jpg,AI,2.453369140625,24.0,2.295621871948242,17.51708984375,4.135345458984375,8.793405532836914,1346.1982937359717,18.084060668945312,1366.9298398122191,1100.8167677363258
ai_0244.jpg,AI,4.031768798828125,26.0,3.2776358127593994,28.6376953125,10.770965576171875,15.713300704956055,5991.253729082411,52.95118713378906,6039.655320484191,3753.703110429783
ai_0245.jpg,AI,3.221705198287964,30.0,2.8638622760772705,18.6279296875,6.1422882080078125,10.85313892364502,2318.372398676118,28.298233032226562,2326.100926987827,1263.708240648289
ai_0246.jpg,AI,3.9796345233917236,35.0,3.368298292160034,27.50091552734375,11.222274780273438,16.77964973449707,6663.895817527315,54.79646301269531,6728.468480255455,3429.71115875143
ai_0247.jpg,AI,0.6702015995979309,18.0,1.113910436630249,2.00042724609375,1.3678741455078125,5.831569671630859,554.4378122603521,5.995452880859375,555.5303511247039,553.5168714778637
ai_0248.jpg,AI,2.2972259521484375,34.0,2.505734920501709,11.97052001953125,5.5035247802734375,11.431571006774902,2735.7350003337488,24.56170654296875,2771.1349801011384,1658.0625533732489
ai_0249.jpg,AI,1.9966684579849243,24.0,1.8696277141571045,11.52801513671875,4.5589141845703125,8.319368362426758,1179.4925251444802,18.9429931640625,1192.0838098749518,668.9757066091499
ai_0250.jpg,AI,2.0676167011260986,35.0,2.6153690814971924,9.26513671875,3.2513275146484375,6.902942657470703,906.9346530400217,14.662506103515625,922.851503636688,648.5942390962103
ai_0251.jpg,AI,1.7907155752182007,21.0,2.227057695388794,11.712646484375,4.4948272705078125,10.620498657226562,2173.4219008141663,20.608047485351562,2191.8878974057734,1320.145655506423
ai_0252.jpg,AI,0.8449198603630066,15.0,0.9837537407875061,1.776123046875,1.0386505126953125,4.499637126922607,334.13592773652636,4.8163299560546875,334.5002089627087,353.7323819927254
ai_0253.jpg,AI,2.796600341796875,43.0,2.510010004043579,3.8299560546875,4.248565673828125,8.143492698669434,1311.96860287874,20.462722778320312,1319.2784811854362,596.4693311634859
ai_0254.jpg,AI,3.172541379928589,22.0,2.573822498321533,6.982421875,5.830535888671875,9.522359848022461,1876.495164934313,28.366775512695312,1889.192984778434,857.2807860679158
ai_0255.jpg,AI,3.3965861797332764,25.0,2.7877883911132812,20.8770751953125,7.6576690673828125,11.405890464782715,3015.3428806625307,37.826080322265625,3047.674779329449,1285.5541431015372
ai_0256.jpg,AI,2.5010478496551514,23.0,2.5811057090759277,16.08734130859375,6.259979248046875,11.555572509765625,3246.7238645404577,30.594940185546875,3328.7563943117857,3095.301641117748
ai_0257.jpg,AI,2.679011106491089,21.0,2.4686033725738525,14.4744873046875,6.7887115478515625,12.419868469238281,3563.961736833444,33.37931823730469,3578.6743411384523,2879.30498867505
ai_0258.jpg,AI,2.6876323223114014,24.0,2.49430513381958,14.99481201171875,4.980621337890625,9.054672241210938,1650.1111943197902,23.299880981445312,1668.0784953385592,868.3083327889378
ai_0259.jpg,AI,2.119969606399536,28.0,2.3394854068756104,9.5947265625,3.762115478515625,7.776769638061523,1275.8782595992088,17.725677490234375,1296.2781270369887,967.4549492007181
ai_0260.jpg,AI,1.6892242431640625,31.0,2.3656318187713623,6.88018798828125,3.0003662109375,9.347057342529297,1613.3930449464824,13.996719360351562,1627.8363369107246,836.7574402241979
ai_0261.jpg,AI,2.717890501022339,26.0,2.588669538497925,12.11700439453125,5.7775421142578125,10.473225593566895,2574.7474804511294,27.870574951171875,2593.1781622096896,1703.8502258264923
ai_0262.jpg,AI,2.923492431640625,29.0,2.983893871307373,21.0723876953125,7.3244476318359375,13.751626968383789,3912.6425907462835,34.71990966796875,3950.7655114308,2278.520810080084
ai_0263.jpg,AI,2.6160888671875,24.0,2.3631536960601807,12.774658203125,5.418670654296875,10.666473388671875,2122.959411150776,24.626617431640625,2149.8716498091817,812.3199882875663
ai_0264.jpg,AI,1.7098897695541382,22.0,2.0172908306121826,6.5643310546875,3.202880859375,8.174165725708008,1246.341030179523,14.776885986328125,1264.9267243817449,774.2874891474448
ai_0265.jpg,AI,1.34796142578125,27.0,1.819920301437378,7.17315673828125,2.17340087890625,5.542234420776367,627.1895930597093,10.346786499023438,646.9591865092516,406.9330288729994
ai_0266.jpg,AI,1.5687408447265625,19.0,1.5874489545822144,4.4036865234375,1.8730316162109375,4.788401126861572,414.7732704123482,8.65789794921875,422.05884182825685,328.9884558965975
ai_0267.jpg,AI,1.8063455820083618,17.0,1.8687924146652222,9.86785888671875,3.6545562744140625,9.198360443115234,1494.5057493613567,16.443099975585938,1518.1958943717182,1228.065707408336
ai_0268.jpg,AI,2.2520344257354736,23.0,2.3343162536621094,11.40899658203125,4.0967864990234375,8.129768371582031,1310.4724174176808,19.388015747070312,1322.9093845039606,866.9277044874775
ai_0269.jpg,AI,2.3336384296417236,30.0,2.4554426670074463,15.643310546875,5.3907012939453125,11.123916625976562,2550.39756566938,25.0777587890625,2571.44175747782,2401.6979415642277
ai_0270.jpg,AI,2.2141520977020264,22.0,2.4201369285583496,8.67919921875,3.8238067626953125,9.725635528564453,1725.5293581017759,18.082809448242188,1739.5571439154446,1280.6302921546967
ai_0271.jpg,AI,2.03363037109375,24.0,2.0988423824310303,8.9691162109375,3.8521575927734375,8.603919982910156,1414.71066251304,17.503143310546875,1424.0465430691838,868.1253170488192
ai_0272.jpg,AI,0.9645843505859375,21.0,1.4805055856704712,4.09393310546875,2.199676513671875,8.752775192260742,1278.1774609254207,9.808914184570312,1282.963556919247,1257.7241057086678
ai_0273.jpg,AI,1.972808837890625,27.0,2.192199230194092,9.722900390625,3.1362152099609375,7.63547945022583,1085.47308091796,14.136703491210938,1101.3388004116714,1080.3468071730454
ai_0274.jpg,AI,2.141815185546875,25.0,2.5769054889678955,14.15863037109375,5.9692230224609375,12.940563201904297,3448.8317873699125,28.269241333007812,3478.831524245441,1812.799671292312
ai_0275.jpg,AI,1.3678079843521118,21.0,1.7076350450515747,6.87255859375,3.513031005859375,9.924247741699219,1761.2022008895874,15.57183837890625,1784.0203968137503,1664.0185292720867
ai_0276.jpg,AI,1.8258260488510132,23.0,2.0744426250457764,9.3536376953125,3.6105499267578125,8.003063201904297,1300.084819826996,16.617233276367188,1322.8813928440213,1292.5867641325951
ai_0277.jpg,AI,1.8643341064453125,29.0,2.262716293334961,7.4859619140625,4.2025299072265625,10.778807640075684,2369.57011937513,19.630935668945312,2386.97044448182,1928.4663438565324
ai_0278.jpg,AI,2.9844257831573486,32.0,2.8422067165374756,11.474609375,5.4453887939453125,9.799762725830078,1895.4668673647102,24.811508178710938,1911.5937320031226,792.2153837932931
ai_0279.jpg,AI,1.4330087900161743,24.0,1.6620588302612305,4.10003662109375,2.554840087890625,6.380372524261475,701.5358344593551,11.097396850585938,711.9086811505258,488.1114772253703
ai_0280.jpg,AI,1.6044870615005493,22.0,2.301623821258545,7.84759521484375,3.500274658203125,10.075543403625488,2065.0255648456514,17.289031982421875,2079.5996852479875,1256.0779115510425
ai_0281.jpg,AI,1.0088399648666382,28.0,1.7130478620529175,2.68096923828125,1.4916839599609375,5.665942192077637,587.2406179076061,6.939544677734375,593.3554565794766,558.2518778736024
ai_0282.jpg,AI,2.011042356491089,26.0,2.189005136489868,11.27777099609375,5.101531982421875,11.185388565063477,2575.2857790505514,23.124267578125,2594.110443763435,2964.793124364428
ai_0283.jpg,AI,1.3185933828353882,17.0,1.3863756656646729,7.58514404296875,3.4110870361328125,8.93293285369873,1321.4012700878084,14.28216552734375,1334.376350518316,1046.328382081576
ai_0284.jpg,AI,1.04132080078125,14.0,1.2685279846191406,4.42962646484375,1.8520355224609375,6.63452672958374,724.9600515365601,8.185211181640625,726.4022012017667,717.9912870628611
ai_0285.jpg,AI,1.110931396484375,18.0,1.5082284212112427,6.09283447265625,2.7110748291015625,10.09062385559082,1706.3147977998015,11.957565307617188,1715.1816800646484,1859.6492653864907
ai_0286.jpg,AI,3.563812255859375,35.0,3.072122097015381,19.9127197265625,10.159194946289062,16.870786666870117,7546.987036480568,52.9439697265625,7584.580513164401,4792.771949359899
ai_0287.jpg,AI,2.166508913040161,21.0,2.1858925819396973,11.6424560546875,4.171539306640625,8.694809913635254,1451.3959756158292,18.746063232421875,1472.4805427230895,1138.2781989993362
ai_0288.jpg,AI,1.6839599609375,28.0,2.0348734855651855,7.257080078125,4.272369384765625,9.47457504272461,1716.319365493022,18.9942626953125,1731.8909463621676,952.04094304153
ai_0289.jpg,AI,2.805363893508911,29.0,3.005544900894165,15.72265625,5.5745849609375,10.23404312133789,2094.1808515032753,25.149444580078125,2144.6229144632816,1537.8569140976058
ai_0290.jpg,AI,1.5281881093978882,25.0,1.739393949508667,3.6224365234375,2.9705810546875,7.670459270477295,1011.2852760246024,12.66497802734375,1018.6195549629629,709.8855065635344
ai_0291.jpg,AI,1.6221466064453125,32.0,1.9083282947540283,4.50897216796875,2.328948974609375,7.915771961212158,1096.4424569213297,10.502029418945312,1105.5939306505024,1019.1029560571511
ai_0292.jpg,AI,2.642644166946411,38.0,3.0210373401641846,13.787841796875,5.71563720703125,11.835731506347656,3452.8669521377888,27.980667114257812,3479.8703010715544,4216.244698375975
ai_0293.jpg,AI,2.415430784225464,32.0,2.5064632892608643,9.16595458984375,3.887237548828125,8.137166023254395,1306.8512102803215,17.818206787109375,1319.6500034295022,817.6584628348288
ai_0294.jpg,AI,3.6359455585479736,36.0,3.3676199913024902,25.12054443359375,12.6160888671875,19.700881958007812,10216.454809185117,64.91073608398438,10302.22226717323,7326.212043274101
ai_0295.jpg,AI,1.76910400390625,21.0,1.8676618337631226,10.791015625,4.299713134765625,9.161046028137207,1515.024403002113,18.836456298828125,1526.2360003516078,1436.727100981786
ai_0296.jpg,AI,1.5551656484603882,29.0,1.9351327419281006,7.5836181640625,3.055145263671875,8.37059211730957,1268.1583963893354,14.010406494140625,1276.4339714236557,1035.6516736044703
ai_0297.jpg,AI,2.5920257568359375,23.0,2.4594004154205322,11.55548095703125,5.1357421875,9.867520332336426,2134.414292796515,24.522064208984375,2164.085083886981,1134.0317369117863
ai_0298.jpg,AI,2.4220478534698486,23.0,2.3439619541168213,11.9384765625,4.235382080078125,8.796252250671387,1513.0377366542816,19.499542236328125,1526.8943483829498,1287.927716852389
ai_0299.jpg,AI,2.266688108444214,35.0,2.3661575317382812,8.33892822265625,3.5093841552734375,7.726476669311523,1190.8968212527689,16.257827758789062,1218.3219993300736,997.0491754175571
ai_0300.jpg,AI,0.80322265625,25.0,1.6117264032363892,2.459716796875,1.3062744140625,5.426695346832275,738.7599996530917,6.8168182373046875,761.1571125760674,1378.96388935918
ai_0301.jpg,AI,1.5131988525390625,24.0,1.7926832437515259,6.6680908203125,2.6693267822265625,9.037626266479492,1384.7853733859956,12.07012939453125,1392.0249020420015,1763.163621194448
ai_0302.jpg,AI,1.4357452392578125,39.0,1.8315527439117432,4.2236328125,2.4429473876953125,8.074485778808594,1114.1994149684906,10.7071533203125,1125.1878825128078,952.0516003209975
ai_0303.jpg,AI,1.3014475107192993,30.0,1.5353056192398071,6.21185302734375,1.852386474609375,5.767209053039551,541.8034594112542,8.004531860351562,559.6723107025027,485.8477965348807
ai_0304.jpg,AI,1.3031412363052368,35.0,1.556689739227295,4.45404052734375,2.4275970458984375,5.548112869262695,528.9269140360411,10.656143188476562,534.8291346766055,514.3967627130174
ai_0305.jpg,AI,1.3417714834213257,24.0,1.706033706665039,4.302978515625,2.026824951171875,4.860271453857422,441.12465006276034,9.393264770507812,454.5296577885747,250.62266977065377
ai_0306.jpg,AI,3.679316282272339,43.0,3.2306461334228516,25.42266845703125,10.331268310546875,15.626182556152344,5519.381599411368,49.483734130859375,5582.474632438272,2001.0752734622783
ai_0307.jpg,AI,0.7333424687385559,21.0,1.4939401149749756,2.01568603515625,1.142852783203125,6.129579544067383,623.2162960243877,4.9721527099609375,627.1114323288202,650.3104535547899
ai_0308.jpg,AI,1.8776346445083618,19.0,1.8361455202102661,11.96136474609375,3.3153228759765625,6.193840026855469,799.2528355603572,15.160873413085938,819.3502052947879,516.8511541864453
ai_0309.jpg,AI,1.3657582998275757,23.0,1.4913333654403687,3.34014892578125,2.3971405029296875,4.969871520996094,413.83641634043306,10.027099609375,419.79028645530343,299.0791798785683
ai_0310.jpg,AI,1.0705209970474243,23.0,1.6977546215057373,2.996826171875,1.3115081787109375,5.406525135040283,496.78787901159376,6.038848876953125,498.4305845089257,399.4503326310472
ai_0311.jpg,AI,1.1023000478744507,18.0,1.256059169769287,6.01806640625,2.4443206787109375,6.048504829406738,631.3729047244415,10.45745849609375,640.4923284761608,461.0403876800132
ai_0312.jpg,AI,1.1141153573989868,32.0,1.7959290742874146,2.07977294921875,1.4475860595703125,6.795024871826172,831.3057312124874,6.9093780517578125,838.7152053900063,703.6073960194519
ai_0313.jpg,AI,1.1951141357421875,21.0,1.8292738199234009,4.8248291015625,2.6818695068359375,9.542058944702148,1695.914353105938,12.503952026367188,1705.6031740121543,1470.2415650817072
ai_0314.jpg,AI,0.5993499755859375,11.0,0.7622808218002319,1.16424560546875,1.307403564453125,7.41615629196167,880.3590525758918,5.8033905029296875,879.7630618661642,1038.6202867944448
ai_0315.jpg,AI,0.9013926386833191,14.0,0.9790367484092712,3.887939453125,1.5342864990234375,7.338281631469727,862.3350514301565,6.6081390380859375,887.6856642402709,1154.2935025261202
ai_0316.jpg,AI,1.4126434326171875,22.0,1.8171097040176392,5.072021484375,2.6156768798828125,7.172882556915283,907.6716714939103,11.72869873046875,923.8263047859073,622.9038762099551
ai_0317.jpg,AI,0.9343668818473816,20.0,1.1169030666351318,2.47802734375,2.2663726806640625,9.649616241455078,1499.7112976757342,9.553970336914062,1498.8061107955873,2011.6937009836256
ai_0318.jpg,AI,2.51251220703125,21.0,2.4064266681671143,15.0115966796875,5.9487152099609375,11.44859790802002,2358.2697740772273,26.564773559570312,2381.794119283557,1313.9951012818508
ai_0319.jpg,AI,1.016510009765625,17.0,1.217055320739746,3.076171875,1.0330657958984375,3.95356822013855,251.78102646768093,4.659332275390625,254.98004537075758,294.9746693952045
ai_0320.jpg,AI,3.040674924850464,27.0,2.709689140319824,17.84210205078125,7.538330078125,11.953639030456543,2905.4475125335157,34.260040283203125,2933.7149168998003,714.6794905072121
ai_0321.jpg,AI,1.8687540292739868,24.0,2.061115264892578,7.623291015625,3.7677154541015625,8.511740684509277,1233.6871768673882,16.25152587890625,1238.3136005811393,923.0874017268701
ai_0322.jpg,AI,2.120112180709839,30.0,2.4672460556030273,3.5614013671875,2.572845458984375,6.575599670410156,765.6265829724725,11.902755737304688,769.0574498139322,733.5495521738076
ai_0323.jpg,AI,1.6555734872817993,22.0,1.740951418876648,6.4697265625,2.367156982421875,6.755570888519287,768.0852099796757,10.23345947265625,782.555582113564,721.8115330939809
ai_0324.jpg,AI,2.132293701171875,30.0,2.527881145477295,9.613037109375,3.6739654541015625,8.759516716003418,1459.15877507627,16.853546142578125,1491.6911318190396,1039.2245243394389
ai_0325.jpg,AI,1.2552388906478882,31.0,1.6973657608032227,1.702880859375,0.9464874267578125,3.4183709621429443,212.63122305925936,4.561859130859375,214.66777482256293,223.1512108794815
ai_0326.jpg,AI,1.3120574951171875,25.0,1.7121223211288452,2.31475830078125,1.14532470703125,4.9534220695495605,396.31510404660366,5.2072906494140625,396.64208859950304,506.9923669122006
ai_0327.jpg,AI,1.7739511728286743,25.0,1.9167852401733398,11.11907958984375,2.970611572265625,6.973156452178955,841.7655656849965,13.21514892578125,849.9204993359745,743.7219966478011
ai_0328.jpg,AI,1.0068258047103882,20.0,1.2616779804229736,1.873779296875,0.9997100830078125,4.432867527008057,314.5506948083639,4.523651123046875,318.6705122552812,428.7379114307131
ai_0329.jpg,AI,1.5172678232192993,23.0,1.5465188026428223,3.08837890625,2.441314697265625,9.149822235107422,1372.2105150809512,10.647216796875,1373.1068672686815,1755.214071256241
ai_0330.jpg,AI,1.1116842031478882,18.0,1.3896400928497314,1.33209228515625,1.4172210693359375,6.096675395965576,641.9835555923637,6.7443084716796875,642.7764236778021,928.8745524511077
ai_0331.jpg,AI,2.681793212890625,33.0,3.057325839996338,16.1529541015625,5.79986572265625,10.806344985961914,2825.547797970241,29.036422729492188,2853.9018408320844,2206.541483638169
ai_0332.jpg,AI,2.161127805709839,39.0,2.6248650550842285,8.07952880859375,3.580963134765625,10.446003913879395,1905.1005164673552,15.88055419921875,1944.273557215929,2027.5113411766374
ai_0333.jpg,AI,1.5796712636947632,24.0,1.8232580423355103,4.37164306640625,2.2823028564453125,7.5676679611206055,1001.6275573335588,10.41845703125,1006.6822724677622,715.4735750803728
ai_0334.jpg,AI,1.57879638671875,22.0,1.9605838060379028,5.657958984375,2.422271728515625,7.660415172576904,1135.43326435145,11.670257568359375,1151.1447029300034,761.6409008859613
ai_0335.jpg,AI,1.2709451913833618,20.0,1.5109376907348633,2.14691162109375,0.981201171875,4.3657307624816895,307.52068538125604,4.5482177734375,308.9620744138956,347.6556948257985
ai_0336.jpg,AI,2.1601970195770264,34.0,2.791015386581421,7.379150390625,2.558197021484375,5.833547592163086,788.5429984123912,12.916702270507812,812.0510685145855,639.9383085851689
ai_0337.jpg,AI,1.7501627206802368,22.0,1.7624707221984863,7.1014404296875,2.8312530517578125,6.6305437088012695,796.0361146470532,12.8699951171875,802.6339097172022,689.5120472719389
ai_0338.jpg,AI,3.1991119384765625,27.0,2.7484869956970215,12.835693359375,5.4967193603515625,9.079204559326172,1761.7954630702734,26.31964111328125,1784.8111414574087,1011.4984262529739
ai_0339.jpg,AI,2.514043092727661,24.0,2.5024008750915527,11.95220947265625,5.8212738037109375,12.393807411193848,3221.9470281004906,28.688018798828125,3237.1194815523922,2147.9389535750383
ai_0340.jpg,AI,1.4234466552734375,20.0,1.593918800354004,4.3548583984375,2.7714691162109375,9.689556121826172,1650.1294069492724,12.787704467773438,1652.4629689641297,1410.987628408669
ai_0341.jpg,AI,2.222132444381714,24.0,2.1856017112731934,7.65838623046875,3.5649261474609375,6.629361629486084,869.9058500488754,16.258743286132812,881.8976132571697,619.1540934244491
ai_0342.jpg,AI,1.4558767080307007,22.0,1.610100507736206,6.77490234375,2.6231231689453125,7.250043869018555,906.355969540542,11.615280151367188,910.4979402571917,1027.4661645814022
ai_0343.jpg,AI,1.113250732421875,12.0,1.2251442670822144,5.94329833984375,2.5771331787109375,10.088035583496094,1651.3022435863968,11.027145385742188,1666.571969345212,2016.119923992879
ai_0344.jpg,AI,1.1452585458755493,19.0,1.3859328031539917,4.11224365234375,1.255767822265625,4.254925727844238,297.5118499954697,5.6410675048828125,304.00477911904454,364.7206609679729
ai_0345.jpg,AI,2.4255878925323486,21.0,2.180706262588501,6.67266845703125,3.514862060546875,6.424081802368164,861.8177676012274,16.988815307617188,871.0484821721911,492.95125177696707
ai_0346.jpg,AI,1.6861623525619507,22.0,1.8495206832885742,7.51495361328125,2.643096923828125,7.182882785797119,917.8590556269046,11.914169311523438,924.7686678618193,963.6298489061769
ai_0347.jpg,AI,0.8842061161994934,13.0,1.1486674547195435,3.2928466796875,0.93426513671875,2.646430253982544,118.48016494512558,4.22039794921875,133.35419118404388,136.61133418251612
ai_0348.jpg,AI,1.2216440439224243,18.0,1.4002554416656494,4.931640625,1.543914794921875,4.216889381408691,322.4329451562371,7.0728912353515625,329.53281338885427,275.89261188709173
ai_0349.jpg,AI,0.6155497431755066,13.0,0.7951719760894775,2.80914306640625,1.8840484619140625,11.490897178649902,2114.831398553215,7.993988037109375,2117.504434350878,2544.330839722247
ai_0350.jpg,AI,2.3913726806640625,28.0,2.1855902671813965,16.3726806640625,4.5299835205078125,7.4577956199646,1122.72137347213,20.758804321289062,1144.4787770919502,590.4604725585134
ai_0351.jpg,AI,1.5739339590072632,21.0,1.6821948289871216,6.11114501953125,2.397796630859375,5.862481594085693,652.2980515134986,11.110214233398438,665.4400796890259,440.8176869113515
ai_0352.jpg,AI,0.7739105224609375,15.0,0.9268962144851685,3.7811279296875,1.2359619140625,5.708325386047363,523.3404551052954,5.4314117431640625,528.9676204323769,853.081733307918
ai_0353.jpg,AI,1.212493896484375,18.0,1.2880568504333496,5.615234375,1.59307861328125,5.370046615600586,471.07147866650485,6.9304046630859375,480.48237247392535,580.8172682596154
ai_0354.jpg,AI,0.7510783076286316,10.0,0.9033600091934204,2.10418701171875,1.0829315185546875,5.8443803787231445,548.4000383876264,4.807342529296875,549.7402768656611,983.293541445794
ai_0355.jpg,AI,1.2410989999771118,29.0,1.2472615242004395,5.83953857421875,1.8111419677734375,4.658820629119873,364.7554412705358,7.9028778076171875,381.1317457295954,522.3200616089797
ai_0356.jpg,AI,0.9277089238166809,12.0,1.2091710567474365,2.4383544921875,1.638031005859375,7.638454914093018,946.7156404273119,7.2303314208984375,946.2045794539154,1258.4340945176355
ai_0357.jpg,AI,0.9911397099494934,18.0,1.203202247619629,2.3223876953125,1.4866180419921875,7.156552314758301,837.3678844308015,6.7294158935546875,839.3623937517405,1007.0132511852
ai_0358.jpg,AI,0.9260457158088684,22.0,1.0265060663223267,3.1494140625,1.116729736328125,3.788015127182007,235.68562515056692,5.0183868408203125,239.1865594945848,324.4065644463317
ai_0359.jpg,AI,1.4151153564453125,20.0,1.6176109313964844,4.56085205078125,2.446075439453125,8.404267311096191,1192.9267814417835,10.996353149414062,1201.5269272476435,1130.5589710095617
ai_0360.jpg,AI,0.7449238896369934,12.0,0.8691909313201904,2.06298828125,1.2406768798828125,5.747542858123779,531.3877846726682,5.4749603271484375,532.4728606082499,911.6179960433594
ai_0361.jpg,AI,1.5552114248275757,21.0,1.6236859560012817,4.19158935546875,2.6203460693359375,7.43037223815918,951.2774609343614,12.043411254882812,953.8301349915564,926.7662683386471
ai_0362.jpg,AI,1.0980987548828125,20.0,1.282779335975647,3.66363525390625,1.2423095703125,4.997217178344727,401.71101399115287,5.4511566162109375,405.1362219490111,576.467490047714
ai_0363.jpg,AI,0.9129689335823059,12.0,1.0251600742340088,3.02276611328125,1.0702667236328125,3.7363131046295166,229.16725276317447,4.910552978515625,232.75641547888517,266.9294724077821
ai_0364.jpg,AI,1.3514047861099243,18.0,1.4946718215942383,4.7576904296875,1.5837249755859375,4.505573749542236,364.04634180292487,7.30078125,372.04171235859394,386.1177502960176
ai_0365.jpg,AI,1.4719644784927368,22.0,1.673221468925476,3.2012939453125,1.419403076171875,4.252830982208252,306.3899613113608,6.5124359130859375,310.7207002453506,409.75242700049483
ai_0366.jpg,AI,1.4069976806640625,18.0,1.5435694456100464,6.4178466796875,2.1283111572265625,6.171043872833252,643.645652978681,9.374114990234375,656.9251276925206,773.1530709428764
ai_0367.jpg,AI,1.1748758554458618,14.0,1.2780570983886719,3.78875732421875,1.3851318359375,5.402528762817383,473.7910732065793,6.1355438232421875,477.84064393118024,590.9038083908215
ai_0368.jpg,AI,1.5050557851791382,20.0,1.5526987314224243,5.22308349609375,2.6239013671875,8.000970840454102,1097.744241132401,11.795989990234375,1100.915199905634,1398.3189828654229
ai_0369.jpg,AI,2.8639323711395264,20.0,2.566295862197876,9.6405029296875,4.835968017578125,7.765044212341309,1381.7550487963017,24.101455688476562,1397.6231712214649,784.9910298740094
ai_0370.jpg,AI,1.9595845937728882,27.0,1.9960068464279175,10.56976318359375,3.549285888671875,6.446648120880127,848.1965528873261,16.384323120117188,866.1995283141732,623.9509591513806
ai_0371.jpg,AI,2.248204469680786,23.0,2.063652515411377,10.14862060546875,3.597320556640625,6.535675048828125,895.4407838433981,16.995819091796875,922.9297269359231,496.0185254972096
ai_0372.jpg,AI,2.3878631591796875,20.0,2.3631551265716553,7.6629638671875,4.0155792236328125,6.825079917907715,1210.5000190585852,20.552154541015625,1239.7416685931385,1134.0513247171011
ai_0373.jpg,AI,2.021967649459839,19.0,1.9303044080734253,6.15386962890625,3.1745452880859375,6.5837626457214355,842.6734121059999,14.9212646484375,849.5760735161602,619.2841779241503
ai_0374.jpg,AI,1.096221923828125,14.0,1.0819716453552246,4.60357666015625,1.341583251953125,3.62589168548584,217.54354716069065,5.8752593994140625,234.44263968616724,415.32767373133436
ai_0375.jpg,AI,3.078669309616089,30.0,2.8689026832580566,16.49017333984375,5.3886871337890625,9.348882675170898,1886.1783525906503,25.9298095703125,1910.855286538601,1325.2335619419814
ai_0376.jpg,AI,1.1464385986328125,14.0,1.195650577545166,2.1942138671875,1.2112884521484375,5.104647159576416,418.6542633154895,5.3896331787109375,419.9044376425445,456.29685582342887
ai_0377.jpg,AI,1.4066873788833618,21.0,1.8035457134246826,6.13250732421875,2.9785308837890625,8.854059219360352,1626.0367920824792,14.278366088867188,1644.199032858014,1982.3281979795368
ai_0378.jpg,AI,1.6466013193130493,18.0,1.6161595582962036,6.378173828125,2.3922119140625,5.431373596191406,542.2555955422577,10.815658569335938,558.0326529443264,503.373396802701
ai_0379.jpg,AI,0.7919972538948059,11.0,0.9575564861297607,2.2705078125,1.048431396484375,4.336147785186768,304.8080254753586,4.7639312744140625,310.07730732113123,552.4319182498925
ai_0380.jpg,AI,1.8232828378677368,21.0,1.8340197801589966,11.1907958984375,3.2124176025390625,6.265017509460449,751.0326223373413,14.5911865234375,761.7644417993724,532.1892315893851
ai_0381.jpg,AI,1.4812774658203125,25.0,1.6164627075195312,4.45404052734375,1.701416015625,4.292234420776367,348.08317589666694,7.93133544921875,354.0492227189243,327.8459518811276
ai_0382.jpg,AI,2.0072021484375,20.0,2.192922353744507,6.91070556640625,3.239776611328125,6.372556209564209,880.0883599461522,15.787429809570312,888.6479340009391,606.5210251160933
ai_0383.jpg,AI,3.079625368118286,26.0,2.867443323135376,26.5350341796875,8.048049926757812,12.062736511230469,3285.00056418404,38.408905029296875,3331.748922135681,1574.558055231433
ai_0384.jpg,AI,1.4329935312271118,20.0,1.6297277212142944,4.74090576171875,1.69769287109375,4.246659755706787,335.17212809971534,7.9307098388671875,339.37300357595086,295.8938784149376
ai_0385.jpg,AI,1.7600961923599243,23.0,1.8328007459640503,3.09600830078125,2.0646209716796875,3.639010429382324,295.1378044486046,10.170257568359375,299.8468339331448,199.92838910623522
ai_0386.jpg,AI,1.7140604257583618,17.0,1.5846590995788574,8.21990966796875,2.5496826171875,6.5692901611328125,706.5497379861772,10.8218994140625,713.8034542687237,699.1614559485953
ai_0387.jpg,AI,1.378082275390625,19.0,1.7354180812835693,5.19256591796875,3.0940704345703125,10.789737701416016,1992.8530630310997,13.916473388671875,1998.6274413019419,2006.2172965172342
ai_0388.jpg,AI,1.4213104248046875,20.0,1.6194356679916382,3.84368896484375,2.1223602294921875,7.536504745483398,962.3293486973271,9.627593994140625,971.8321077898145,980.6501547638586
ai_0389.jpg,AI,2.393000364303589,23.0,2.319298505783081,12.18719482421875,4.2201385498046875,8.165353775024414,1273.3063067232724,19.130599975585938,1302.7665172442794,790.8208814449441
ai_0390.jpg,AI,1.8966470956802368,18.0,1.9988831281661987,5.26885986328125,2.8848114013671875,5.381082057952881,587.4505308230873,13.524002075195312,598.1438226960599,569.3356062129066
ai_0391.jpg,AI,2.6407368183135986,28.0,2.486656427383423,20.37200927734375,6.176361083984375,10.178905487060547,2166.3497839830816,28.7982177734375,2192.6556566506624,1433.385567366356
ai_0392.jpg,AI,3.1056621074676514,31.0,2.7622454166412354,21.12884521484375,7.389129638671875,12.054511070251465,3119.412923861062,35.22541809082031,3169.169061411172,1571.3309873673309
ai_0393.jpg,AI,1.70977783203125,22.0,1.7722867727279663,4.34417724609375,2.622100830078125,6.739785671234131,821.945951863192,11.937164306640625,830.6858026832342,766.1024661706532
ai_0394.jpg,AI,2.9302875995635986,23.0,2.907241106033325,12.4755859375,6.60888671875,13.116511344909668,3796.1796829663217,33.88433837890625,3814.3131159842014,2236.278274795199
ai_0395.jpg,AI,2.9789631366729736,26.0,2.511427402496338,12.7899169921875,5.6343994140625,10.118764877319336,2013.2495147576556,26.64031982421875,2034.425643004477,1166.5580953949561
ai_0396.jpg,AI,1.7415567636489868,28.0,1.908298134803772,4.05120849609375,2.2697296142578125,5.901248931884766,665.2035819254816,10.78204345703125,668.3448995873332,627.6954588447426
ai_0397.jpg,AI,2.600804567337036,26.0,2.49607253074646,13.8946533203125,3.4080810546875,6.828366756439209,930.4888458317146,15.6649169921875,954.62810472399,582.6471991477379
ai_0398.jpg,AI,2.5340118408203125,30.0,2.8260979652404785,16.7327880859375,5.9712371826171875,11.510287284851074,3071.7057609409094,28.948211669921875,3109.0963444299996,3152.5092442686014
ai_0399.jpg,AI,3.6230926513671875,33.0,3.095770835876465,28.45306396484375,8.511978149414062,12.9347505569458,3414.505327081075,38.91194152832031,3474.224335618317,1757.7854599084326
ai_0400.jpg,AI,2.591700315475464,30.0,2.428046464920044,13.67340087890625,3.8346710205078125,8.479395866394043,1305.4844728326425,17.30712890625,1327.8405414409935,836.4579654897976
ai_0401.jpg,AI,2.304534912109375,30.0,2.5247294902801514,12.249755859375,4.3943939208984375,10.232823371887207,2223.2985066734254,21.176971435546875,2249.4628374651074,1300.0413414766201
ai_0402.jpg,AI,3.2065021991729736,34.0,3.1380085945129395,15.6494140625,5.5729217529296875,10.636670112609863,2464.7482098853216,26.484130859375,2493.1838791929185,2383.316727307009
ai_0403.jpg,AI,1.8468068838119507,21.0,1.694611668586731,10.8673095703125,3.521209716796875,8.386924743652344,1189.283717572689,15.229400634765625,1204.5353534668684,1323.6476606991337
ai_0404.jpg,AI,2.11376953125,17.0,1.8534585237503052,15.48309326171875,4.3519744873046875,8.383543968200684,1274.179986863397,19.45556640625,1299.408621136099,823.5319701592699
ai_0405.jpg,AI,3.127960205078125,29.0,2.8969075679779053,13.9251708984375,6.7440185546875,11.95748519897461,3563.910698896041,34.21696472167969,3593.3331369012594,2911.2183217807383
ai_0406.jpg,AI,1.4159952402114868,24.0,1.356784462928772,5.4901123046875,2.3690338134765625,6.942038059234619,790.1875655911863,10.130645751953125,796.2338424324989,902.8337715224337
ai_0407.jpg,AI,3.060887575149536,25.0,2.717432737350464,12.445068359375,7.0674896240234375,11.722640991210938,3540.1252654641867,36.036346435546875,3579.931354213506,4204.551654620378
ai_0408.jpg,AI,1.29302978515625,19.0,1.6325103044509888,5.7464599609375,1.9456024169921875,4.871594429016113,445.0883673718199,8.8197021484375,455.86910062655807,454.83059443617356
ai_0409.jpg,AI,0.8409474492073059,10.0,0.9592402577400208,3.2501220703125,1.295440673828125,5.671148300170898,516.8224666209426,5.7331695556640625,518.1684298068285,705.8117571346351
ai_0410.jpg,AI,2.2508952617645264,26.0,2.196868658065796,10.39886474609375,4.4173583984375,10.821476936340332,2150.8563672741875,20.282318115234375,2168.7111847363412,2050.1375768273583
ai_0411.jpg,AI,1.5179494619369507,16.0,1.4531155824661255,3.228759765625,2.00537109375,4.657904148101807,381.58078360557556,9.197113037109375,384.493013266474,355.70333368345257
ai_0412.jpg,AI,1.6349996328353882,19.0,1.8763651847839355,5.66253662109375,2.6177520751953125,7.250776290893555,993.8163737794384,12.553314208984375,1003.3350669667125,1489.182780799721
ai_0413.jpg,AI,1.2201639413833618,15.0,1.277907133102417,4.6844482421875,1.7356719970703125,6.4800705909729,677.2010586073156,7.4276275634765625,678.8792819157243,880.1874565155478
ai_0414.jpg,AI,3.1350505352020264,27.0,2.992347240447998,16.80145263671875,6.0738525390625,10.205687522888184,2543.754601802677,30.45111083984375,2567.2026273831725,2212.2745192649236
ai_0415.jpg,AI,1.62481689453125,17.0,1.6060261726379395,5.6610107421875,2.18328857421875,4.579216003417969,396.59943344420753,10.128555297851562,406.03085424005985,299.2926080523357
ai_0416.jpg,AI,2.4455413818359375,20.0,2.2974627017974854,7.70721435546875,3.902008056640625,7.873864650726318,1327.3384133940563,19.6363525390625,1336.786235217005,954.227932575085
ai_0417.jpg,AI,1.3561605215072632,26.0,1.4883311986923218,4.66156005859375,1.8621673583984375,7.2855048179626465,870.1851865628269,8.240554809570312,871.6357443928719,1126.2560935029935
ai_0418.jpg,AI,1.8611043691635132,20.0,2.073063611984253,10.589599609375,3.9697723388671875,8.96908187866211,1688.5707310659345,19.128738403320312,1711.4506590403616,1663.1984422232192
ai_0419.jpg,AI,1.6846466064453125,17.0,1.6714990139007568,2.7191162109375,1.8997344970703125,3.931809425354004,300.516813329421,9.0653076171875,304.25000255182385,334.8192175762082
ai_0420.jpg,AI,1.2047017812728882,11.0,1.2079633474349976,4.20684814453125,1.5833282470703125,3.9686450958251953,264.5699118205812,6.9729156494140625,272.3553017601371,355.7014584204009
ai_0421.jpg,AI,1.6708425283432007,22.0,1.7903605699539185,4.01458740234375,2.4940338134765625,8.25845718383789,1157.921486116713,11.460372924804688,1160.4741394519806,1337.1053445091131
ai_0422.jpg,AI,2.7141876220703125,36.0,2.8387575149536133,10.552978515625,5.297760009765625,11.590559959411621,2867.544411737239,26.432632446289062,2877.500678461045,1836.7242306502508
ai_0423.jpg,AI,2.065582275390625,33.0,2.03680682182312,8.62579345703125,3.0995941162109375,6.367152214050293,781.3624754240736,14.129913330078125,793.9541083276272,534.9511748805593
ai_0424.jpg,AI,0.9686991572380066,12.0,1.0461832284927368,5.1849365234375,1.389739990234375,4.207780361175537,291.5504140777048,6.1971893310546875,297.38902156054974,365.16007175431025
ai_0425.jpg,AI,1.6203104257583618,20.0,1.6947546005249023,4.388427734375,1.8520660400390625,3.98531174659729,291.82208843692206,8.504409790039062,297.5889828428626,343.04610473038963
ai_0426.jpg,AI,1.5386301279067993,22.0,1.622285008430481,6.207275390625,2.0628662109375,4.857870101928711,420.56311850901693,9.32635498046875,429.6016930118203,427.28969041059355
ai_0427.jpg,AI,1.5482584238052368,19.0,1.6508333683013916,4.29534912109375,2.4974365234375,6.701899528503418,790.4325281046331,11.344482421875,794.2788559012115,634.2051888675305
ai_0428.jpg,AI,2.105717897415161,25.0,2.2067301273345947,9.47265625,3.38232421875,7.163214206695557,1029.1508888602257,15.913726806640625,1051.9967102371156,908.5493283184776
ai_0429.jpg,AI,1.8801981210708618,23.0,1.974923014640808,7.66754150390625,3.251251220703125,8.915583610534668,1439.0470531245228,14.999710083007812,1447.2067602798343,1728.4724312261976
ai_0430.jpg,AI,2.2022857666015625,21.0,2.0456247329711914,10.0738525390625,3.842926025390625,8.637160301208496,1343.270934280008,17.43023681640625,1358.5537729896605,1195.725661706865
ai_0431.jpg,AI,2.65283203125,22.0,2.4924750328063965,14.02587890625,4.9302978515625,8.458806991577148,1745.4502514451742,24.580657958984375,1766.1054413467646,1066.0158549311946
ai_0432.jpg,AI,4.071314334869385,34.0,3.2656493186950684,28.66668701171875,9.991165161132812,13.794973373413086,4862.919089317322,50.898193359375,4914.426893405616,1092.0302823430222
ai_0433.jpg,AI,1.1040140390396118,12.0,1.109317421913147,3.7811279296875,2.027374267578125,7.070221900939941,809.0199258716311,8.616348266601562,817.9083800278604,881.5094070426738
ai_0434.jpg,AI,2.62274169921875,29.0,2.5837275981903076,6.0333251953125,3.6474151611328125,7.87762975692749,1208.560727532953,17.4041748046875,1223.5891382396221,989.9917776740863
ai_0435.jpg,AI,1.7343546152114868,25.0,1.7375450134277344,6.19354248046875,2.84124755859375,9.209357261657715,1376.920947282575,12.019744873046875,1384.1897981576622,1693.1016206913303
ai_0436.jpg,AI,3.379638671875,27.0,2.9710652828216553,28.23638916015625,11.311859130859375,17.027385711669922,6554.807349599665,54.66432189941406,6614.26744460687,3273.1598609155626
ai_0437.jpg,AI,1.00927734375,16.0,1.20361328125,5.18341064453125,2.0692596435546875,8.975725173950195,1309.049947883701,8.870529174804688,1324.76394726336,1710.0277853693428
ai_0438.jpg,AI,1.5604909658432007,21.0,1.630912184715271,11.00311279296875,3.36065673828125,9.95671558380127,1656.9187572521623,14.594924926757812,1662.2331339530647,1920.719653647083
ai_0439.jpg,AI,1.5819193124771118,16.0,1.448979377746582,13.1500244140625,2.9830474853515625,5.10275936126709,459.24696162249893,12.825225830078125,474.8443092033267,374.80595064134377
ai_0440.jpg,AI,1.6002960205078125,24.0,1.6995257139205933,8.5205078125,2.686859130859375,5.637210369110107,586.7413019964006,12.027084350585938,599.3491238690913,291.9680308281117
ai_0441.jpg,AI,1.3774515390396118,20.0,1.6762945652008057,7.0831298828125,2.5071258544921875,7.193861484527588,914.882927208906,11.090957641601562,939.0970813557506,902.4666344719355
ai_0442.jpg,AI,1.118927001953125,19.0,1.181977391242981,6.57196044921875,2.2767791748046875,8.793015480041504,1246.2693888449576,9.649826049804688,1256.5388227552176,1364.2358077961676
ai_0443.jpg,AI,2.191741943359375,21.0,2.085076093673706,7.415771484375,3.5600128173828125,8.58464241027832,1354.3289714863058,16.633255004882812,1373.6210707612336,1123.6708394198151
ai_0444.jpg,AI,1.7964324951171875,23.0,1.8225517272949219,10.3118896484375,3.696624755859375,8.78174877166748,1378.6779934978113,16.332000732421875,1423.0235949344933,1801.6692457251957
ai_0445.jpg,AI,1.0497335195541382,22.0,1.7685574293136597,5.25360107421875,2.84613037109375,11.681706428527832,2270.42410909757,12.415283203125,2284.5175782479346,2446.735142577631
ai_0446.jpg,AI,0.984832763671875,13.0,0.9682163000106812,3.54461669921875,1.72064208984375,8.563555717468262,1175.9315695257392,7.2724151611328125,1177.0691584832966,1838.2572141691458
ai_0447.jpg,AI,1.5723724365234375,15.0,1.4480516910552979,7.23114013671875,2.4847259521484375,4.939368724822998,418.69309698045254,10.79278564453125,426.2753774598241,251.50199228762028
ai_0448.jpg,AI,1.3767496347427368,16.0,1.343782901763916,7.73468017578125,2.0259552001953125,5.783936023712158,546.2959524653852,8.607421875,559.1776317507029,632.5078784340908
ai_0449.jpg,AI,1.9594930410385132,20.0,1.8707897663116455,9.41162109375,3.660186767578125,8.308951377868652,1208.904481034493,16.423233032226562,1224.7575070112944,1026.7292529268655
ai_0450.jpg,AI,1.0878702402114868,19.0,1.1893701553344727,2.39715576171875,1.0620574951171875,4.4639201164245605,320.0290256140288,4.7436370849609375,322.60701121017337,346.156986504173
ai_0451.jpg,AI,1.0845235586166382,15.0,1.0975134372711182,3.89404296875,2.1496429443359375,9.42460823059082,1431.3576682989951,9.146499633789062,1444.5585416592658,1967.0499873796703
ai_0452.jpg,AI,1.3021951913833618,21.0,1.278108835220337,3.22113037109375,1.4734649658203125,5.402856349945068,469.72122102137655,6.321319580078125,471.62299969792366,740.5734593717862
ai_0453.jpg,AI,1.3101094961166382,18.0,1.3428877592086792,2.05535888671875,1.710235595703125,5.903085708618164,578.9588225928601,7.6613006591796875,580.6748439073563,670.1679892928671
ai_0454.jpg,AI,1.209686279296875,13.0,1.1609987020492554,4.32891845703125,2.50592041015625,8.82763385772705,1258.3043413737323,10.514541625976562,1263.228219371289,1442.7994535922649
ai_0455.jpg,AI,0.9927775263786316,17.0,1.0031174421310425,2.484130859375,1.278533935546875,5.525113105773926,489.89258216298185,5.5552825927734375,493.6878649070859,658.9598531480481
ai_0456.jpg,AI,1.0283914804458618,17.0,1.2163218259811401,3.155517578125,1.0668182373046875,3.9184975624084473,249.77993295690976,4.8592376708984375,253.6784457564354,289.8533436462634
ai_0457.jpg,AI,1.2125244140625,19.0,1.2431042194366455,5.5419921875,1.6575164794921875,4.634762763977051,347.6039750704076,7.0308990478515625,353.5086035951972,329.4460379982131
ai_0458.jpg,AI,1.4249013662338257,17.0,1.69283127784729,9.881591796875,3.1700286865234375,9.451835632324219,1520.3212851898277,13.896469116210938,1542.7523025386035,1844.9663406768238
ai_0459.jpg,AI,1.6477254629135132,18.0,1.9672218561172485,4.96978759765625,3.182861328125,10.838377952575684,2040.335467278026,15.10064697265625,2048.039332281798,1883.3637618360697
ai_0460.jpg,AI,2.582209348678589,24.0,2.514305830001831,13.446044921875,4.5886077880859375,8.235523223876953,1409.0566507221665,21.976852416992188,1437.7921434268355,1000.4034628135186
ai_0461.jpg,AI,0.9553629755973816,15.0,1.0834341049194336,3.25469970703125,1.3372955322265625,5.9561052322387695,569.6860598288476,5.8291015625,574.2592794336379,675.6050393761809
ai_0462.jpg,AI,1.9174600839614868,25.0,1.9037516117095947,8.85467529296875,3.6681060791015625,8.69662857055664,1355.7924227321055,16.430038452148438,1368.7110465690494,1358.678167990212
ai_0463.jpg,AI,1.3913980722427368,23.0,1.9294676780700684,5.17730712890625,2.2379150390625,7.4593963623046875,1031.4855695662554,10.759658813476562,1051.3284301832318,709.9710789993217
ai_0464.jpg,AI,1.7514801025390625,24.0,2.0421135425567627,6.40106201171875,2.649017333984375,7.286579132080078,994.3273592134938,12.507080078125,1009.8274623863399,570.3226082188847
ai_0465.jpg,AI,2.0008137226104736,35.0,2.2344157695770264,9.0423583984375,3.2019805908203125,7.846616268157959,1182.2704908614978,14.762176513671875,1204.262077856809,562.586542866273
ai_0466.jpg,AI,2.218205690383911,29.0,2.458037853240967,9.92279052734375,3.2951812744140625,7.005168914794922,1095.4399092958774,15.705245971679688,1110.6602856256068,1013.0826038989138
ai_0467.jpg,AI,1.9112091064453125,28.0,2.2117321491241455,6.79931640625,2.249725341796875,6.0174384117126465,841.1016802405939,10.99542236328125,858.2635647803545,718.3760805976708
ai_0468.jpg,AI,1.2945455312728882,27.0,1.6279596090316772,3.81622314453125,1.4246063232421875,4.9206013679504395,418.3995733521879,6.656280517578125,422.4171576201916,338.94170244020086
ai_0469.jpg,AI,1.7711690664291382,18.0,1.756256341934204,4.0313720703125,2.1910400390625,4.4202704429626465,371.1901836981997,10.1075439453125,374.5922118984163,282.5898093529981
ai_0470.jpg,AI,1.2325388193130493,16.0,1.244170904159546,6.89239501953125,2.1229400634765625,5.8268327713012695,567.5278951150831,9.260391235351562,576.936739359051,643.6912622058347
ai_0471.jpg,AI,2.1538798809051514,20.0,2.2167298793792725,7.7484130859375,4.0040435791015625,10.04007339477539,1833.7588182964828,18.752304077148438,1842.9941146820784,1800.762651599307
ai_0472.jpg,AI,2.7016754150390625,25.0,2.502408981323242,14.60723876953125,5.5643463134765625,9.995999336242676,2126.0723203411326,26.50604248046875,2140.9570574723184,1859.8864241368824
ai_0473.jpg,AI,2.9037628173828125,31.0,2.76193904876709,13.1591796875,4.7370758056640625,9.240342140197754,1707.8800328408834,22.820541381835938,1723.624578487128,1067.0177205653918
ai_0474.jpg,AI,2.3868610858917236,27.0,2.2054524421691895,11.97357177734375,4.6710052490234375,8.906274795532227,1487.530053322902,21.219223022460938,1517.6795820631087,616.6330481570648
ai_0475.jpg,AI,1.850128173828125,24.0,2.1570043563842773,7.1685791015625,2.969329833984375,6.969507217407227,1020.9830760152545,14.423843383789062,1034.2070161476731,1315.2741116078023
ai_0476.jpg,AI,3.472259521484375,26.0,2.9472603797912598,21.86737060546875,8.501815795898438,12.921699523925781,3995.6358900656924,42.71649169921875,4030.0626588985324,1902.5903234668724
ai_0477.jpg,AI,2.000086545944214,25.0,2.189887762069702,9.97314453125,3.69586181640625,8.819178581237793,1511.7075952254236,17.45465087890625,1523.8396705314517,1505.8077804649338
ai_0478.jpg,AI,1.1612447500228882,19.0,1.4353262186050415,4.79888916015625,1.6895599365234375,6.983119964599609,809.9625572776422,7.551116943359375,818.2472490817308,1046.2559493929277
ai_0479.jpg,AI,2.1990153789520264,29.0,2.452385663986206,11.297607421875,4.510467529296875,10.671717643737793,2258.9767380596604,21.156631469726562,2286.7649368420243,2318.8122540086492
ai_0480.jpg,AI,1.9535115957260132,21.0,1.9838637113571167,8.5662841796875,3.541900634765625,7.0069708824157715,958.1394314409699,16.194778442382812,965.0211195088923,819.557921243281
ai_0481.jpg,AI,3.821558713912964,31.0,3.1229279041290283,20.21331787109375,6.770782470703125,10.199968338012695,2303.573260769248,32.789306640625,2328.027514193207,1115.431912864697
ai_0482.jpg,AI,3.740997314453125,24.0,2.981635570526123,23.6083984375,9.884719848632812,13.599234580993652,4843.983519794187,51.53984069824219,4874.278204187751,1313.119021457358
ai_0483.jpg,AI,3.1581623554229736,23.0,2.6754417419433594,21.36688232421875,6.6135101318359375,9.39276123046875,1946.5538752430584,31.252090454101562,1973.333333645016,613.0034051434158
ai_0484.jpg,AI,3.380406618118286,31.0,2.919215679168701,16.961669921875,6.5103607177734375,10.327300071716309,2493.0039051731583,31.972305297851562,2524.297121435404,986.0274741252695
ai_0485.jpg,AI,1.7447153329849243,19.0,1.7107888460159302,6.62384033203125,3.2197418212890625,8.890398025512695,1332.5644371879753,14.014877319335938,1343.0472683794796,1159.973333423723
ai_0486.jpg,AI,3.436650514602661,25.0,2.8818519115448,15.59295654296875,6.941864013671875,10.961845397949219,2792.723145827651,34.8668212890625,2820.3033044598997,1353.4672362723995
ai_0487.jpg,AI,1.7338510751724243,20.0,1.8934211730957031,7.16552734375,2.4284515380859375,5.036580562591553,539.2605060599744,11.6973876953125,547.0703749321401,552.5887983432597
ai_0488.jpg,AI,1.464080810546875,23.0,1.6648727655410767,5.39703369140625,1.6430511474609375,4.794610977172852,391.92262447532266,7.451995849609375,396.70783634111285,365.930208890356
ai_0489.jpg,AI,2.3155720233917236,19.0,2.0507261753082275,21.3226318359375,5.9181060791015625,9.909992218017578,1828.5889811506495,26.18304443359375,1865.858004026115,1153.125059671797
ai_0490.jpg,AI,2.4745991230010986,25.0,2.448178291320801,10.400390625,4.1384429931640625,7.90731954574585,1203.2403559514787,18.735641479492188,1227.063735101372,744.9743482678692
ai_0491.jpg,AI,1.5570526123046875,21.0,1.7389527559280396,6.915283203125,2.341827392578125,6.118396759033203,691.3151794222649,10.798019409179688,706.1354569718242,714.2237105612297
ai_0492.jpg,AI,1.9862467050552368,15.0,1.7484047412872314,7.02667236328125,3.4598388671875,6.690370559692383,806.01951704151,15.462326049804688,816.718604400754,521.254495219992
ai_0493.jpg,AI,1.2819976806640625,11.0,1.1790367364883423,5.69915771484375,2.25250244140625,5.785292148590088,550.619775760686,9.633895874023438,557.739649925381,657.5436475370591
ai_0494.jpg,AI,1.1044718027114868,19.0,1.1962145566940308,3.92913818359375,1.9992218017578125,7.629369735717773,950.3127073636279,8.772064208984375,952.8340871930122,1256.4711201808652
ai_0495.jpg,AI,3.382024049758911,26.0,2.761566400527954,16.07818603515625,6.86065673828125,11.22709846496582,2924.5620013326406,34.7357177734375,2947.2683932073414,1623.0712368775055
ai_0496.jpg,AI,1.3944753408432007,23.0,1.451112151145935,5.66558837890625,1.85174560546875,5.211157321929932,450.95660232007504,7.983062744140625,454.2288948185742,549.1228979472975
ai_0497.jpg,AI,1.7645517587661743,13.0,1.5165876150131226,11.1572265625,3.411834716796875,6.6273627281188965,767.460018573096,14.966018676757812,778.987924169749,709.9137612032258
ai_0498.jpg,AI,0.8871510624885559,11.0,0.9731011390686035,6.6009521484375,2.301788330078125,8.653849601745605,1209.4738488160074,9.74139404296875,1217.1200343333185,1590.0810892614527
ai_0499.jpg,AI,1.1022186279296875,19.0,1.1305668354034424,4.01153564453125,2.131866455078125,8.51602840423584,1165.9024059937801,8.924911499023438,1167.2131829038262,1305.8105797623937
ai_0500.jpg,AI,2.2335917949676514,20.0,2.0133023262023926,11.72637939453125,3.69293212890625,6.7497172355651855,883.884252317017,17.182693481445312,898.8299756497145,421.3965263617484
