filename,class_label,group_id,ai_probability,manipulationProbability,meanDifference,maxDifference,standardDeviation,edgeDensity,noiseMean,noiseStd,blurScore,sharpnessScore,blockSharpnessAverage,blockSharpnessStd
authentic\39406.jpg,Authentic,,0.0,0.1633,1.23,18,1.38,17.31,8.52,10.47,2306.63,98.0,2353.32,1214.34
authentic\39446.jpg,Authentic,,0.0,0.2362,1.12,33,1.85,9.25,4.1,6.96,843.51,56.66,950.58,918.18
authentic\39450.jpg,Authentic,,0.0001,0.2144,0.78,17,1.39,10.83,6.08,11.99,2428.58,69.07,2442.11,2000.11
authentic\39460.jpg,Authentic,,0.0016,0.3236,0.61,15,1.08,5.91,2.79,6.48,561.43,44.76,590.61,587.08
authentic\39553.jpg,Authentic,,0.0209,0.1655,0.87,16,1.02,6.62,2.97,3.99,245.79,55.96,256.27,189.01
authentic\39563.jpg,Authentic,,0.0002,0.1251,0.67,12,0.88,4.6,2.23,3.1,146.48,40.36,143.23,93.59
authentic\39579.jpg,Authentic,,0.0001,0.0927,1.19,17,1.25,15.7,7.97,9.72,1931.13,97.77,1969.26,1040.53
authentic\39602.jpg,Authentic,,0.0006,0.098,1.36,11,1.26,27.3,13.16,12.88,4039.29,145.63,4100.99,1925.29
authentic\39635.jpg,Authentic,,0.0,0.1414,0.81,12,1.01,7.42,3.07,4.05,258.66,51.68,267.48,146.05
authentic\39658.jpg,Authentic,,0.0047,0.122,1.46,15,1.44,25.48,11.14,11.44,3622.98,127.79,3544.84,1720.97
authentic\39683.jpg,Authentic,,0.0,0.3571,0.56,13,0.95,4.26,1.99,3.75,192.61,32.77,200.96,176.28
authentic\39691.jpg,Authentic,,0.0,0.3007,0.52,11,0.79,4.04,2.18,3.89,242.03,35.54,227.24,207.85
authentic\39732.jpg,Authentic,,0.0182,0.2932,0.75,12,1.1,4.67,2.28,4.11,202.15,42.67,209.86,188.71
authentic\39770.jpg,Authentic,,0.0,0.3474,0.44,10,0.7,3.27,2.16,3.67,220.35,34.65,227.25,289.56
authentic\39777.jpg,Authentic,,0.0006,0.2683,0.52,10,0.84,4.38,2.29,4.59,273.92,38.58,250.05,322.75
authentic\39796.jpg,Authentic,,0.0119,0.4452,0.86,11,1.21,13.9,5.61,8.81,1576.41,67.73,1572.26,1746.81
authentic\39827.jpg,Authentic,,0.0106,0.1629,0.38,35,1.1,2.49,2.21,8.5,799.18,38.87,730.52,1545.69
authentic\39866.jpg,Authentic,,0.0,0.1577,1.24,18,1.38,17.99,9.23,11.26,2531.87,106.49,2575.62,1601.46
authentic\39886.jpg,Authentic,,0.0001,0.1827,0.44,6,0.65,2.22,1.86,2.6,98.33,30.57,98.54,69.59
authentic\39890.jpg,Authentic,,0.0,0.5334,0.81,15,1.29,8.5,6.16,12.54,2207.24,75.37,2012.58,2650.4
authentic\39896.jpg,Authentic,,0.0002,0.2041,0.71,10,0.93,3.99,2.95,5.13,396.74,41.6,408.29,540.82
authentic\39898.jpg,Authentic,,0.0005,0.2747,0.5,10,0.81,3.76,2.01,4.66,218.85,43.56,224.42,288.98
authentic\39955.jpg,Authentic,,0.0,0.1939,1.46,24,1.79,16.38,8.78,12.11,3270.44,93.58,3247.52,2475.66
authentic\39956.jpg,Authentic,,0.002,0.1217,0.57,12,0.91,6.08,3.52,6.27,660.56,44.27,651.96,416.65
authentic\39969.jpg,Authentic,,0.0,0.2866,0.99,23,1.2,13.38,6.71,8.87,1576.04,80.68,1639.89,1177.92
authentic\39972.jpg,Authentic,,0.0001,0.2174,0.8,13,1.17,6.57,6.38,12.34,2115.82,83.31,2217.06,1000.81
authentic\39985.jpg,Authentic,,0.0002,0.2456,0.76,15,1.03,11.9,6.49,10.15,1470.96,82.88,1479.36,1295.22
authentic\39996.jpg,Authentic,,0.0001,0.3009,0.59,22,1.05,3.37,2.0,4.71,318.76,31.51,299.22,448.24
authentic\40021.jpg,Authentic,,0.0089,0.1907,1.04,12,1.21,18.52,8.3,10.01,2229.07,96.49,2260.88,2278.48
authentic\40022.jpg,Authentic,,0.0008,0.2416,0.5,11,0.86,5.09,2.58,6.08,511.57,44.96,472.03,618.88
authentic\40034.jpg,Authentic,,0.0001,0.1306,0.69,12,0.9,6.6,3.56,6.2,532.02,51.98,500.18,643.68
authentic\40056.jpg,Authentic,,0.0,0.3962,0.67,15,1.14,8.12,2.98,5.75,461.49,47.67,476.15,617.79
authentic\40083.jpg,Authentic,,0.0,0.3,0.69,16,1.1,6.08,3.27,6.05,532.57,48.34,549.46,700.84
authentic\40148.jpg,Authentic,,0.0,0.3972,0.43,9,0.73,4.1,1.8,3.35,150.26,34.15,151.93,176.26
authentic\40162.jpg,Authentic,,0.0001,0.2955,0.4,10,0.68,3.58,1.99,3.7,180.76,33.78,185.54,254.8
authentic\40201.jpg,Authentic,,0.0001,0.3045,0.55,15,1.01,5.85,3.42,8.16,959.67,45.85,868.19,1279.32
authentic\40208.jpg,Authentic,,0.0003,0.3199,0.71,14,1.02,5.32,3.37,5.68,437.62,52.07,449.82,332.91
authentic\40218.jpg,Authentic,,0.0007,0.4058,0.81,15,1.19,7.55,4.41,8.43,1091.86,58.52,1119.45,1122.69
authentic\40226.jpg,Authentic,,0.0,0.3174,0.72,16,1.19,6.98,3.27,6.72,673.69,50.26,595.66,809.02
authentic\40252.jpg,Authentic,,0.0,0.2038,0.96,14,1.14,11.33,4.15,6.39,810.3,65.23,761.77,1058.65
authentic\40266.jpg,Authentic,,0.0001,0.4476,1.27,25,1.6,15.54,8.61,12.83,2603.79,109.7,2649.27,1737.63
authentic\40269.jpg,Authentic,,0.0,0.2871,0.52,7,0.79,4.63,1.93,3.47,152.73,38.81,150.06,208.63
authentic\40304.jpg,Authentic,,0.0,0.2054,1.02,13,1.21,12.26,6.05,8.66,1593.01,71.69,1622.58,1370.47
authentic\40323.jpg,Authentic,,0.0008,0.4338,1.12,36,2.24,6.91,6.44,13.62,2459.17,82.19,2535.1,2710.5
authentic\40366.jpg,Authentic,,0.0,0.235,0.74,10,0.96,11.52,4.4,6.26,714.21,58.38,731.64,662.71
authentic\40378.jpg,Authentic,,0.0004,0.1029,2.07,15,1.83,31.61,16.66,15.08,8092.94,161.73,8192.97,2375.67
authentic\40489.jpg,Authentic,,0.0,0.3763,0.5,10,0.78,4.57,2.29,4.52,261.52,42.19,251.88,252.38
authentic\40496.jpg,Authentic,,0.0,0.3081,0.76,20,1.14,8.61,4.74,8.83,1216.83,60.95,1285.68,1726.87
authentic\40516.jpg,Authentic,,0.0022,0.3424,0.51,10,0.84,5.15,2.28,4.48,248.62,40.16,241.83,287.1
authentic\40521.jpg,Authentic,,0.0002,0.2865,0.69,9,0.92,6.53,3.11,5.11,432.13,50.73,385.34,396.47
authentic\40531.jpg,Authentic,,0.0,0.1116,1.41,25,1.47,20.58,11.25,12.46,3470.89,124.63,3541.49,1585.67
authentic\40566.jpg,Authentic,,0.0001,0.363,0.4,13,0.77,3.21,1.94,4.82,266.75,33.03,276.92,379.07
authentic\40574.jpg,Authentic,,0.0,0.4125,0.57,16,0.91,5.94,4.16,7.63,643.25,64.35,664.07,745.11
authentic\40594.jpg,Authentic,,0.0,0.1706,0.42,9,0.75,4.1,1.9,4.02,205.27,36.95,183.6,263.38
authentic\40602.jpg,Authentic,,0.0002,0.1382,0.75,11,0.96,12.23,6.07,8.66,1362.57,76.16,1379.0,936.72
authentic\40608.jpg,Authentic,,0.0637,0.3188,0.54,13,0.88,6.62,2.77,5.49,431.44,43.79,377.37,446.99
authentic\40618.jpg,Authentic,,0.0002,0.6102,1.26,19,1.81,13.84,6.35,9.83,1764.64,74.02,1724.26,1617.29
authentic\40659.jpg,Authentic,,0.0201,0.2321,0.86,18,1.42,8.86,5.29,10.75,1688.53,59.66,1380.92,1338.85
authentic\40660.jpg,Authentic,,0.0,0.3764,0.52,12,0.86,4.12,2.89,6.78,531.49,52.94,477.95,496.85
authentic\40666.jpg,Authentic,,0.0,0.3193,0.9,18,1.32,7.75,3.54,5.73,492.69,56.2,476.33,364.83
authentic\40709.jpg,Authentic,,0.0155,0.1586,0.63,15,0.75,2.74,3.8,4.44,431.75,42.92,411.01,409.35
authentic\40716.jpg,Authentic,,0.0001,0.315,0.86,24,1.23,7.25,3.52,6.48,634.12,55.3,667.02,653.26
authentic\40736.jpg,Authentic,,0.0,0.1981,0.48,13,0.8,5.66,2.37,4.78,346.69,41.65,352.35,499.25
authentic\40740.jpg,Authentic,,0.0013,0.3685,0.94,20,1.23,7.9,3.38,5.98,523.36,55.74,529.32,632.02
authentic\40894.jpg,Authentic,,0.0,0.2645,0.6,14,0.98,5.89,3.23,6.38,863.46,45.67,816.32,1674.51
authentic\41012.jpg,Authentic,,0.0001,0.3829,0.81,27,1.28,6.25,4.59,9.7,1515.48,58.67,1502.57,1105.96
authentic\41021.jpg,Authentic,,0.0001,0.2791,1.08,22,1.32,17.0,7.7,10.33,2149.06,93.34,2235.1,1769.42
authentic\41030.jpg,Authentic,,0.0006,0.3376,0.68,18,1.17,7.62,4.15,8.17,1204.59,45.94,1218.59,1449.94
authentic\41032.jpg,Authentic,,0.0,0.2393,0.65,12,0.89,8.02,4.04,6.44,558.2,63.84,587.81,511.78
authentic\41041.jpg,Authentic,,0.0,0.2889,1.09,13,1.3,16.71,8.32,11.08,2451.71,96.99,2523.6,1392.59
authentic\41051.jpg,Authentic,,0.0,0.1578,0.37,11,0.7,3.01,1.61,3.62,196.66,24.45,202.4,339.23
authentic\41063.jpg,Authentic,,0.0001,0.3495,0.77,28,1.3,4.93,2.69,5.12,403.79,37.21,411.61,399.1
authentic\41076.jpg,Authentic,,0.0002,0.3148,0.61,26,1.01,5.15,2.29,4.75,276.29,41.1,272.75,350.49
authentic\41093.jpg,Authentic,,0.0044,0.1602,0.65,9,0.84,6.27,3.18,4.53,398.37,37.49,400.99,270.34
authentic\41101.jpg,Authentic,,0.0,0.2592,1.01,25,1.5,6.95,3.97,8.38,1088.27,55.24,1112.98,1544.16
authentic\41129.jpg,Authentic,,0.0001,0.2359,0.97,15,1.29,12.32,7.13,9.66,2327.64,77.98,2280.5,2776.89
authentic\41145.jpg,Authentic,,0.0,0.2886,0.36,7,0.67,2.45,1.44,2.88,95.76,25.46,98.81,91.66
authentic\41150.jpg,Authentic,,0.0,0.1701,0.8,11,0.94,11.07,4.29,5.92,532.88,68.69,576.09,407.09
authentic\41158.jpg,Authentic,,0.0001,0.398,0.83,25,1.43,5.98,4.11,9.19,1413.1,58.05,1452.98,2740.18
authentic\41178.jpg,Authentic,,0.0,0.1655,1.62,28,1.85,20.41,11.13,12.96,3521.33,130.81,3585.18,1872.79
authentic\41261.jpg,Authentic,,0.0087,0.3644,0.47,16,0.82,2.34,1.45,3.11,127.09,27.03,129.9,155.6
authentic\41267.jpg,Authentic,,0.0007,0.4022,0.87,18,1.27,5.74,5.28,10.56,1533.05,72.45,1474.18,1407.5
authentic\41281.jpg,Authentic,,0.0001,0.2882,0.52,12,0.85,7.17,3.88,7.1,676.2,52.9,684.28,663.99
authentic\41284.jpg,Authentic,,0.0,0.411,1.13,22,1.66,6.62,3.56,8.14,877.63,56.57,898.35,1075.5
authentic\41315.jpg,Authentic,,0.0,0.3301,0.97,15,1.27,6.74,4.76,9.48,1489.36,56.57,1516.61,2643.71
authentic\41328.jpg,Authentic,,0.0002,0.1905,1.09,17,1.44,16.22,7.08,10.95,2309.46,95.53,2099.58,2704.94
authentic\41336.jpg,Authentic,,0.4814,0.3802,0.51,12,0.91,5.36,3.63,8.06,868.67,52.75,901.63,1109.83
authentic\41339.jpg,Authentic,,0.0003,0.3808,0.75,16,1.17,3.57,2.08,4.86,225.52,42.95,225.01,333.76
authentic\41344.jpg,Authentic,,0.0002,0.28,0.56,14,0.92,4.9,2.41,5.04,307.71,39.33,308.76,451.54
authentic\41370.jpg,Authentic,,0.0013,0.2147,0.66,15,1.04,7.9,4.5,8.88,1292.23,48.84,1319.46,1711.83
authentic\41438.jpg,Authentic,,0.0643,0.0,0.19,10,0.58,1.15,0.79,3.45,138.33,12.08,148.17,301.91
authentic\41444.jpg,Authentic,,0.0001,0.3232,0.92,20,1.42,7.21,4.75,9.62,1422.49,73.2,1462.26,2011.95
authentic\41447.jpg,Authentic,,0.0001,0.4044,1.42,32,2.01,9.75,8.71,14.42,2898.69,106.43,2970.1,2245.42
authentic\41487.jpg,Authentic,,0.0007,0.4407,0.43,13,0.81,3.23,1.7,4.8,279.48,29.88,272.38,428.71
authentic\41489.jpg,Authentic,,0.0,0.1293,1.32,20,1.58,16.63,9.75,12.88,3233.23,109.91,3304.56,2151.94
authentic\41491.jpg,Authentic,,0.0001,0.2803,0.62,12,0.93,7.39,2.69,5.13,369.3,52.96,348.94,545.26
authentic\41517.jpg,Authentic,,0.001,0.3129,0.57,17,0.87,3.04,2.89,5.29,396.8,37.81,394.8,341.15
authentic\41568.jpg,Authentic,,0.0053,0.2035,1.0,19,1.28,14.28,6.38,7.82,1275.75,77.6,1269.04,732.38
authentic\41587.jpg,Authentic,,0.0006,0.0907,1.28,13,1.25,23.09,12.47,12.93,3256.13,160.33,3448.26,1182.77
authentic\41594.jpg,Authentic,,0.0,0.2426,0.63,11,0.94,8.18,3.66,6.74,707.82,51.72,657.33,781.15
authentic\41607.jpg,Authentic,,0.0042,0.2171,1.05,16,1.34,15.89,7.55,9.99,2104.15,86.8,1984.14,1555.4
authentic\41619.jpg,Authentic,,0.0011,0.1908,0.52,11,0.83,6.15,4.48,9.14,971.82,60.86,976.38,764.53
authentic\41629.jpg,Authentic,,0.0002,0.4989,0.72,23,1.26,7.26,4.95,10.71,1782.03,59.29,1822.99,2318.41
authentic\41638.jpg,Authentic,,0.0003,0.4219,0.55,13,1.01,7.46,4.17,9.09,1030.08,57.92,1049.67,1019.2
authentic\41645.jpg,Authentic,,0.0005,0.187,0.64,13,0.85,7.62,3.33,5.25,353.06,65.45,341.42,551.66
authentic\41655.jpg,Authentic,,0.0001,0.258,0.36,9,0.65,2.41,1.36,2.54,75.16,26.3,80.25,63.88
authentic\41668.jpg,Authentic,,0.0432,0.2497,0.98,12,1.36,11.83,10.91,17.27,4366.73,135.82,4564.49,2385.35
authentic\41711.jpg,Authentic,,0.0002,0.1787,0.79,13,1.07,6.19,3.33,6.66,582.9,60.11,596.64,514.88
authentic\41713.jpg,Authentic,,0.0535,0.2679,0.64,12,0.87,8.89,4.9,7.21,801.79,62.19,817.72,688.41
authentic\41731.jpg,Authentic,,0.0002,0.4452,0.49,13,0.87,5.54,3.59,8.38,910.04,50.48,859.02,1029.65
authentic\41734.jpg,Authentic,,0.1394,0.1957,1.53,21,1.47,20.88,17.14,19.31,6376.37,191.41,6473.8,3289.42
authentic\41788.jpg,Authentic,,0.0002,0.2963,0.48,8,0.77,3.92,2.04,3.85,215.58,32.55,219.69,217.55
authentic\41854.jpg,Authentic,,0.0001,0.1972,0.96,12,1.11,17.26,9.01,11.14,2161.45,110.07,2221.56,1551.53
authentic\41859.jpg,Authentic,,0.0,0.3071,0.51,12,0.88,5.47,2.93,6.22,543.32,44.62,534.48,505.68
authentic\41893.jpg,Authentic,,0.0002,0.3176,0.49,17,0.88,4.94,2.62,5.37,407.65,36.88,419.52,498.31
authentic\41908.jpg,Authentic,,0.0001,0.2375,1.17,21,1.47,12.8,8.02,12.47,2442.19,97.32,2379.22,1940.01
authentic\41918.jpg,Authentic,,0.0046,0.1824,2.09,22,1.99,30.05,17.2,17.1,8894.78,188.93,9021.87,5620.98
authentic\41932.jpg,Authentic,,0.0005,0.2286,0.67,13,0.94,5.65,2.88,5.24,356.01,45.19,318.58,340.65
authentic\41958.jpg,Authentic,,0.0,0.212,1.38,24,1.57,20.8,11.19,14.33,4171.78,120.37,4216.54,2502.09
authentic\41960.jpg,Authentic,,0.0005,0.3347,0.64,15,1.03,5.48,2.76,6.65,577.64,51.07,599.24,870.51
authentic\41963.jpg,Authentic,,0.0005,0.4148,0.66,16,1.13,7.53,4.11,9.07,1325.64,50.26,1190.54,2425.12
authentic\41993.jpg,Authentic,,0.0001,0.2738,0.61,15,0.95,6.83,3.73,6.98,683.28,53.78,733.76,572.73
authentic\41994.jpg,Authentic,,0.0021,0.4634,0.39,8,0.71,3.37,1.59,3.14,121.33,28.07,125.38,120.34
authentic\42005.jpg,Authentic,,0.0,0.2829,0.56,11,0.88,4.25,2.6,6.66,504.57,46.19,512.5,1403.54
authentic\42013.jpg,Authentic,,0.0029,0.1768,0.63,15,0.97,4.57,2.69,5.1,319.21,50.42,300.24,425.27
authentic\42038.jpg,Authentic,,0.0,0.2598,0.67,14,1.02,6.62,3.97,7.84,1120.73,52.28,1138.16,1231.47
authentic\42057.jpg,Authentic,,0.0001,0.3254,1.06,15,1.31,15.7,8.22,11.08,2500.94,98.79,2464.52,1864.52
authentic\42082.jpg,Authentic,,0.0,0.2158,0.75,12,1.03,8.37,4.29,7.18,776.57,58.97,807.16,881.4
authentic\42149.jpg,Authentic,,0.0001,0.264,0.53,9,0.82,6.16,3.45,6.82,733.72,44.66,739.94,1541.01
authentic\42152.jpg,Authentic,,0.0001,0.1935,1.34,21,1.49,13.52,7.64,9.28,1775.1,90.66,1800.89,1039.96
authentic\42165.jpg,Authentic,,0.0003,0.1198,0.76,21,1.11,10.21,4.37,5.94,704.08,57.63,648.87,990.59
authentic\42183.jpg,Authentic,,0.0,0.3301,0.51,11,0.84,4.66,2.77,5.54,477.34,42.3,501.15,530.9
authentic\42241.jpg,Authentic,,0.0136,0.2685,1.04,21,1.44,11.91,5.48,9.01,1527.43,73.6,1436.7,1209.83
authentic\42255.jpg,Authentic,,0.0019,0.2469,0.86,16,1.06,7.83,3.29,5.54,437.3,67.3,449.53,616.12
authentic\42307.jpg,Authentic,,0.0,0.223,1.4,17,1.54,22.58,9.87,11.19,3110.39,114.03,2790.91,2208.88
authentic\42336.jpg,Authentic,,0.0208,0.1734,1.52,15,1.46,21.55,10.17,9.81,3106.46,101.36,3310.68,2010.8
authentic\42362.jpg,Authentic,,0.0,0.3289,0.72,11,0.98,7.47,3.45,5.77,528.97,53.98,538.39,530.92
authentic\42368.jpg,Authentic,,0.2109,0.3474,0.41,9,0.72,2.35,1.69,3.45,170.34,27.57,176.76,222.12
authentic\42401.jpg,Authentic,,0.0,0.1591,1.58,20,1.58,18.2,8.83,10.75,2318.84,106.88,2355.83,1317.37
authentic\42407.jpg,Authentic,,0.0016,0.2093,0.52,12,0.87,5.3,3.34,6.39,735.81,39.6,703.08,1036.06
authentic\42444.jpg,Authentic,,0.0001,0.3813,0.55,21,1.06,4.0,2.44,6.74,662.75,36.62,676.52,758.48
authentic\42445.jpg,Authentic,,0.0,0.2139,0.53,11,0.96,6.03,3.96,9.23,1187.73,47.35,1210.94,1204.96
authentic\42493.jpg,Authentic,,0.0002,0.3315,0.42,14,0.96,3.0,2.76,8.3,1255.96,33.46,1148.26,1782.77
authentic\42496.jpg,Authentic,,0.0002,0.1284,0.5,17,1.11,4.7,2.25,5.65,393.93,35.94,361.88,679.61
authentic\42505.jpg,Authentic,,0.0,0.1933,1.44,26,1.63,19.64,10.47,11.99,3225.14,115.9,3269.14,1649.31
authentic\42517.jpg,Authentic,,0.995,0.1417,0.98,11,1.02,21.37,7.12,6.88,1308.33,83.91,1326.51,844.9
authentic\42518.jpg,Authentic,,0.0102,0.2693,0.52,16,0.92,4.17,2.16,4.81,302.12,42.34,265.67,396.83
authentic\42607.jpg,Authentic,,0.0,0.4831,0.8,19,1.37,6.66,4.12,9.2,1277.9,57.02,1186.56,1561.97
authentic\42611.jpg,Authentic,,0.0,0.452,0.7,13,1.01,8.92,5.69,9.88,1359.55,71.45,1369.24,1245.84
authentic\42620.jpg,Authentic,,0.0,0.354,0.46,14,0.89,4.62,3.11,7.49,887.17,40.22,876.17,1282.87
authentic\42625.jpg,Authentic,,0.0004,0.3487,0.48,10,0.77,3.51,2.0,3.65,206.57,32.95,205.75,228.68
authentic\42666.jpg,Authentic,,0.0053,0.2526,0.93,34,1.39,9.51,5.7,9.96,2006.4,69.77,2024.46,3126.66
authentic\42703.jpg,Authentic,,0.0,0.3257,0.42,8,0.71,3.41,1.74,3.58,152.68,35.94,155.19,144.21
authentic\42779.jpg,Authentic,,0.0001,0.213,0.48,7,0.67,2.12,2.38,3.71,173.78,37.06,159.1,106.69
authentic\42796.jpg,Authentic,,0.0083,0.306,0.7,16,1.12,6.6,3.31,6.82,688.11,49.78,701.67,687.96
authentic\42801.jpg,Authentic,,0.0001,0.2737,0.34,9,0.67,1.99,1.09,3.14,107.07,22.41,109.15,208.91
authentic\42802.jpg,Authentic,,0.0002,0.4224,0.74,25,1.2,5.3,3.02,7.38,798.41,45.24,773.89,1518.96
authentic\42821.jpg,Authentic,,0.0001,0.1841,0.78,17,1.0,9.99,4.54,6.55,730.78,65.67,741.26,714.9
authentic\42835.jpg,Authentic,,0.0002,0.1937,0.66,16,0.93,4.57,2.49,4.46,257.17,44.91,270.46,253.65
authentic\42837.jpg,Authentic,,0.0001,0.2094,1.25,26,1.57,17.59,10.74,15.55,4091.15,122.7,4124.8,4258.86
authentic\42842.jpg,Authentic,,0.0002,0.2909,0.65,14,0.96,4.22,2.66,5.38,502.22,33.15,508.97,425.07
authentic\42860.jpg,Authentic,,0.0,0.1701,0.87,18,1.27,9.73,4.43,7.66,929.9,58.38,941.42,821.31
authentic\42873.jpg,Authentic,,0.0,0.2007,0.58,9,0.83,4.49,2.84,5.47,364.52,46.14,371.2,387.9
authentic\42887.jpg,Authentic,,0.0,0.2928,0.6,13,0.99,5.67,3.84,8.23,1130.87,47.33,1124.65,1248.75
authentic\42888.jpg,Authentic,,0.0,0.3166,0.44,8,0.74,4.96,2.15,3.77,210.38,36.06,216.68,231.12
authentic\42911.jpg,Authentic,,0.0003,0.4936,0.43,13,0.81,4.68,2.7,6.4,530.32,39.13,541.34,524.33
authentic\42935.jpg,Authentic,,0.0,0.2655,0.67,12,0.93,7.57,3.34,5.12,469.07,49.14,430.76,305.04
authentic\42953.jpg,Authentic,,0.0,0.2199,0.56,13,0.84,6.54,3.25,5.17,500.36,41.46,476.6,641.88
authentic\42984.jpg,Authentic,,0.0058,0.2396,0.7,11,0.95,5.56,3.1,5.92,466.56,56.22,478.95,543.89
authentic\43003.jpg,Authentic,,0.001,0.4536,1.03,20,1.46,11.85,6.93,10.52,2036.93,72.61,2032.19,1777.49
authentic\43011.jpg,Authentic,,0.0001,0.2562,1.36,16,1.63,19.7,8.26,10.43,2238.88,110.98,2290.8,1262.49
authentic\43029.jpg,Authentic,,0.0,0.1927,0.39,9,0.71,3.5,1.83,3.78,200.63,29.7,180.65,240.66
authentic\43058.jpg,Authentic,,0.0,0.1407,0.77,56,1.68,5.41,4.27,9.62,1187.56,60.99,1308.16,2274.52
authentic\43070.jpg,Authentic,,0.0001,0.2814,0.67,15,0.97,3.44,2.54,4.5,312.29,35.99,316.6,460.34
authentic\43072.jpg,Authentic,,0.0001,0.2065,1.16,19,1.43,15.07,6.13,8.5,1454.02,85.44,1483.38,1523.96
authentic\43093.jpg,Authentic,,0.0,0.152,0.48,9,0.7,2.38,1.83,2.77,98.51,32.41,101.65,77.43
authentic\43132.jpg,Authentic,,0.0,0.3221,1.43,39,1.89,14.19,7.14,11.01,2291.85,90.92,2202.39,1821.97
authentic\43137.jpg,Authentic,,0.0,0.3376,1.32,22,1.42,21.54,10.98,12.29,3594.09,125.97,3431.23,2163.22
authentic\43259.jpg,Authentic,,0.0,0.2533,1.05,14,1.22,16.86,7.74,9.46,2066.09,85.05,2072.12,1632.49
authentic\43261.jpg,Authentic,,0.0001,0.3458,0.44,13,0.76,3.66,2.19,5.33,396.43,36.37,367.82,628.79
authentic\43306.jpg,Authentic,,0.0082,0.2484,0.41,7,0.64,2.57,2.12,3.48,185.79,29.63,192.43,178.98
authentic\43325.jpg,Authentic,,0.0,0.2429,0.76,18,1.24,5.38,2.94,5.76,481.59,45.92,483.62,467.1
authentic\43331.jpg,Authentic,,0.0001,0.322,0.55,12,0.89,7.28,3.55,6.53,533.38,59.57,548.8,628.57
authentic\43359.jpg,Authentic,,0.0003,0.2327,0.39,8,0.7,1.81,1.11,2.63,76.84,20.71,86.04,108.83
authentic\43366.jpg,Authentic,,0.0011,0.2564,0.67,18,0.93,9.81,4.27,6.16,700.31,56.01,713.26,864.89
authentic\43428.jpg,Authentic,,0.0001,0.2611,0.38,7,0.62,1.3,1.64,2.57,97.6,27.79,100.62,102.8
authentic\43509.jpg,Authentic,,0.0003,0.3103,0.62,15,0.87,4.1,2.16,4.06,215.55,42.2,194.98,239.33
authentic\43545.jpg,Authentic,,0.0029,0.3366,0.86,18,1.22,10.6,5.9,9.56,1665.43,69.1,1683.72,2015.6
authentic\43560.jpg,Authentic,,0.0,0.3234,0.62,12,0.97,6.51,3.52,6.67,835.2,53.62,735.14,1416.38
authentic\43572.jpg,Authentic,,0.0018,0.2257,0.38,11,0.73,1.2,1.45,3.57,165.99,20.4,167.18,342.6
authentic\43582.jpg,Authentic,,0.0,0.0889,0.36,10,0.72,2.9,1.68,4.72,229.79,27.82,210.24,568.02
authentic\43605.jpg,Authentic,,0.0006,0.1034,0.81,20,1.26,5.68,3.2,5.52,440.19,51.85,453.99,330.0
authentic\43656.jpg,Authentic,,0.0,0.1421,0.67,9,0.88,4.85,2.91,5.07,373.23,46.91,410.36,301.4
authentic\43680.jpg,Authentic,,0.0,0.2838,1.27,30,1.68,14.61,9.15,12.88,2951.99,105.77,2897.36,2246.76
authentic\43686.jpg,Authentic,,0.001,0.2528,0.73,12,0.99,4.14,3.34,4.62,494.36,37.55,494.85,590.76
authentic\43691.jpg,Authentic,,0.0001,0.277,0.49,11,0.78,2.79,2.79,5.18,381.42,35.63,352.6,534.13
authentic\43701.jpg,Authentic,,0.0,0.3062,1.33,28,1.74,16.12,8.24,11.91,2541.27,96.67,2332.64,2183.93
authentic\43712.jpg,Authentic,,0.0001,0.2204,0.57,9,0.82,8.04,3.39,5.07,414.61,53.58,418.89,372.03
authentic\43731.jpg,Authentic,,0.0,0.2228,0.56,10,0.82,5.76,2.72,4.87,287.66,53.06,296.86,280.47
authentic\43734.jpg,Authentic,,0.0,0.2192,0.83,20,1.28,9.29,5.32,9.42,1500.54,64.42,1510.92,1772.88
authentic\43757.jpg,Authentic,,0.0014,0.1942,0.44,9,0.66,5.46,3.62,6.93,549.05,58.61,635.69,591.22
authentic\43781.jpg,Authentic,,0.0002,0.2748,0.63,17,1.07,7.78,4.5,8.86,1221.35,61.98,1252.08,954.57
authentic\43802.jpg,Authentic,,0.0,0.1734,3.03,21,2.51,36.62,34.74,26.34,37240.6,277.73,34367.62,11715.99
authentic\43806.jpg,Authentic,,0.0008,0.4415,0.58,13,0.96,2.84,3.66,9.5,1270.8,50.26,1253.03,1452.97
authentic\43818.jpg,Authentic,,0.0,0.392,0.71,13,1.28,7.7,5.75,12.92,2802.86,65.76,2850.24,3619.81
authentic\43827.jpg,Authentic,,0.0008,0.2381,0.54,11,0.82,4.73,2.2,4.15,229.57,43.27,241.67,297.83
authentic\43859.jpg,Authentic,,0.0003,0.3055,0.59,14,1.0,7.74,3.72,7.14,1035.7,50.5,1052.2,1842.55
authentic\43860.jpg,Authentic,,0.0001,0.4412,0.67,17,1.1,5.23,2.46,5.08,382.27,38.19,373.63,478.78
authentic\43879.jpg,Authentic,,0.3465,0.1935,0.28,3,0.47,7.49,2.79,3.62,118.75,74.34,120.37,93.98
authentic\43891.jpg,Authentic,,0.0152,0.1173,1.0,16,1.09,14.26,6.95,8.24,1517.61,84.61,1559.68,1174.17
authentic\43925.jpg,Authentic,,0.0,0.2708,0.39,9,0.69,3.14,2.06,4.96,247.56,35.12,246.73,501.26
authentic\43942.jpg,Authentic,,0.0738,0.159,0.27,9,0.57,1.9,1.42,3.59,128.58,26.42,135.06,227.52
authentic\43979.jpg,Authentic,,0.0,0.272,0.75,13,1.07,7.9,3.83,7.24,762.41,60.78,780.02,760.97
authentic\43994.jpg,Authentic,,0.0,0.1237,1.86,16,1.71,30.83,12.93,11.92,4481.11,135.18,4282.91,1800.55
authentic\44037.jpg,Authentic,,0.0009,0.4498,0.49,14,1.08,6.61,2.64,6.57,634.63,36.3,654.5,895.43
authentic\44054.jpg,Authentic,,0.0002,0.313,0.68,15,0.96,5.8,2.89,5.81,429.4,55.32,417.99,407.5
authentic\44080.jpg,Authentic,,0.0001,0.1853,0.84,14,1.05,8.25,3.7,5.98,553.33,71.12,489.86,558.81
authentic\44081.jpg,Authentic,,0.0001,0.3657,0.4,15,0.75,3.24,1.93,4.22,273.11,27.28,244.53,328.14
authentic\44107.jpg,Authentic,,0.0024,0.1089,0.41,13,0.74,3.0,2.42,5.74,477.87,35.18,462.35,685.8
authentic\44110.jpg,Authentic,,0.0,0.2946,0.99,31,1.6,8.28,5.69,9.39,1252.04,74.97,1293.11,1243.08
authentic\44117.jpg,Authentic,,0.0001,0.2901,0.75,21,1.12,9.81,5.34,9.03,1273.28,69.15,1302.0,1260.39
authentic\44120.jpg,Authentic,,0.0,0.3098,0.55,13,0.9,4.63,2.35,5.27,370.88,41.11,378.26,491.52
authentic\44154.jpg,Authentic,,0.0002,0.223,0.43,9,0.73,3.02,1.63,3.47,138.9,31.79,136.07,140.79
authentic\44171.jpg,Authentic,,0.0001,0.378,1.33,21,1.61,17.19,9.94,14.28,3768.59,106.59,3726.73,3151.95
authentic\44184.jpg,Authentic,,0.0002,0.211,1.65,28,1.95,21.77,7.83,8.4,1694.64,100.46,1724.91,1428.1
authentic\44228.jpg,Authentic,,0.0002,0.3662,0.63,13,1.02,4.8,3.89,8.72,1112.18,51.12,1104.63,1432.47
authentic\44236.jpg,Authentic,,0.0002,0.4085,1.39,21,1.57,19.17,8.93,11.35,3196.45,100.27,3238.59,2623.77
authentic\44240.jpg,Authentic,,0.0029,0.2793,0.53,10,0.88,9.59,3.66,6.16,645.68,48.28,636.51,507.22
authentic\44253.jpg,Authentic,,0.0,0.2496,0.72,16,0.94,8.1,4.75,7.19,847.79,62.15,845.81,947.19
authentic\44269.jpg,Authentic,,0.0016,0.2508,1.35,17,1.56,18.82,11.79,15.28,4972.3,135.83,4884.97,3317.11
authentic\44275.jpg,Authentic,,0.0083,0.1164,0.27,11,0.68,2.37,1.22,3.6,271.24,15.82,275.07,425.23
authentic\44324.jpg,Authentic,,0.0257,0.237,0.58,9,0.78,5.06,3.28,4.63,326.49,46.28,312.26,327.15
authentic\44362.jpg,Authentic,,0.0002,0.1355,2.13,36,2.15,32.06,19.65,16.94,8017.28,234.23,8181.98,1166.74
authentic\44370.jpg,Authentic,,0.0061,0.2441,0.47,6,0.71,3.11,1.94,3.06,136.28,34.19,132.37,140.33
authentic\44399.jpg,Authentic,,0.0005,0.3978,0.78,14,1.21,8.53,5.71,11.13,2119.76,71.43,2185.76,2536.74
authentic\44406.jpg,Authentic,,0.0,0.2091,0.73,19,1.08,6.72,3.6,6.51,634.25,58.78,687.72,676.42
authentic\44440.jpg,Authentic,,0.0,0.2214,1.18,14,1.32,14.99,8.34,10.79,2511.9,88.55,2538.98,1150.02
authentic\44447.jpg,Authentic,,0.0001,0.2294,0.55,23,1.06,4.38,2.75,7.59,661.55,40.91,588.67,899.01
authentic\44463.jpg,Authentic,,0.0001,0.2748,0.74,46,1.99,4.67,2.31,6.42,494.82,36.05,516.28,683.49
authentic\44505.jpg,Authentic,,0.001,0.1685,1.44,13,1.41,20.37,9.2,9.92,2772.97,92.14,2577.92,951.67
authentic\44510.jpg,Authentic,,0.0033,0.1543,0.97,14,1.15,14.11,7.87,11.07,2018.94,95.85,2061.4,1086.56
authentic\44528.jpg,Authentic,,0.0,0.2881,1.1,23,1.42,14.3,7.33,11.1,2322.83,85.23,2327.79,1381.66
authentic\44529.jpg,Authentic,,0.0,0.2337,0.54,17,0.97,5.75,2.84,6.31,616.61,43.49,625.57,843.85
authentic\44546.jpg,Authentic,,0.0,0.2194,0.34,8,0.6,1.39,1.51,3.02,100.31,25.94,106.74,113.08
authentic\44601.jpg,Authentic,,0.0013,0.2322,0.64,15,0.91,7.25,4.15,6.78,659.74,53.93,711.66,642.53
authentic\44608.jpg,Authentic,,0.0698,0.1783,0.44,28,1.16,3.41,2.52,9.06,1128.34,35.95,1019.7,2028.29
authentic\44665.jpg,Authentic,,0.0,0.4365,0.92,15,1.3,10.78,8.72,16.23,3128.61,114.34,3706.04,3885.84
authentic\44671.jpg,Authentic,,0.0436,0.2586,1.1,21,1.65,8.77,4.89,7.52,710.95,76.63,800.52,611.29
authentic\44682.jpg,Authentic,,0.0003,0.157,0.99,20,1.3,9.52,4.97,7.81,968.14,66.06,1007.25,759.43
authentic\44724.jpg,Authentic,,0.0646,0.1729,0.43,14,0.84,3.49,2.65,6.29,681.55,32.87,614.38,1125.02
authentic\44758.jpg,Authentic,,0.0005,0.2884,0.71,17,1.08,7.88,4.81,8.79,1106.81,62.98,1208.64,929.28
authentic\44761.jpg,Authentic,,0.0007,0.2364,0.53,13,0.89,3.95,2.39,4.97,376.91,33.08,393.6,366.59
authentic\44764.jpg,Authentic,,0.0,0.4034,0.92,18,1.42,6.35,4.46,9.36,1462.37,58.12,1505.12,1701.1
authentic\44773.jpg,Authentic,,0.0078,0.3947,0.5,12,0.84,4.14,1.95,4.27,237.95,34.73,249.68,247.42
authentic\44785.jpg,Authentic,,0.0,0.4372,0.62,16,1.12,5.83,3.71,8.36,1097.47,46.4,1139.82,1610.15
authentic\44792.jpg,Authentic,,0.0011,0.2698,0.52,10,0.77,8.85,4.24,7.03,755.78,69.05,676.48,781.03
authentic\44795.jpg,Authentic,,0.0004,0.0942,1.59,16,1.57,23.98,11.86,12.92,4580.23,134.08,4629.61,2499.06
authentic\44837.jpg,Authentic,,0.0003,0.2124,0.41,8,0.71,3.84,1.69,2.98,108.78,33.21,101.29,123.89
authentic\44851.jpg,Authentic,,0.0,0.1531,0.5,7,0.74,2.93,1.81,3.03,117.22,29.39,122.42,104.39
authentic\44859.jpg,Authentic,,0.0,0.3721,0.48,12,0.86,4.94,2.48,5.85,433.97,39.81,404.59,496.38
authentic\44881.jpg,Authentic,,0.0002,0.1867,0.53,20,1.05,0.93,1.48,2.98,143.35,17.99,143.84,110.9
authentic\44885.jpg,Authentic,,0.0002,0.551,0.65,12,0.99,7.81,3.64,6.57,643.94,46.4,603.07,641.14
authentic\44899.jpg,Authentic,,0.0,0.3201,0.55,10,0.79,7.45,2.91,4.56,291.88,46.97,290.53,289.88
authentic\44917.jpg,Authentic,,0.1249,0.1835,0.91,17,1.1,8.54,4.64,6.64,747.71,69.16,723.12,429.3
authentic\44944.jpg,Authentic,,0.0,0.076,1.97,24,1.84,24.54,12.06,13.13,5021.95,124.97,5092.28,2712.94
authentic\44996.jpg,Authentic,,0.0002,0.2358,0.8,18,1.31,6.07,3.38,6.16,561.65,46.98,615.35,477.45
authentic\45015.jpg,Authentic,,0.0004,0.2017,0.45,8,0.72,4.72,2.44,4.47,256.63,40.61,273.54,155.43
authentic\45055.jpg,Authentic,,0.0034,0.1422,0.85,16,1.16,4.95,3.39,6.68,772.26,46.2,703.66,1100.73
authentic\45062.jpg,Authentic,,0.0001,0.2716,0.38,8,0.67,2.31,1.57,3.33,129.1,33.53,134.08,151.63
authentic\45105.jpg,Authentic,,0.0089,0.2212,0.61,11,0.85,3.78,3.0,5.26,405.52,39.93,409.12,447.85
authentic\45108.jpg,Authentic,,0.0,0.3176,1.3,20,1.42,18.73,10.04,11.88,2759.58,127.13,2847.98,2050.91
authentic\45110.jpg,Authentic,,0.0811,0.5,0.57,19,1.18,4.97,2.29,5.87,493.3,33.04,504.47,717.69
authentic\45131.jpg,Authentic,,0.0006,0.0403,0.24,12,0.67,1.93,1.15,3.73,182.49,15.8,178.83,420.45
authentic\45193.jpg,Authentic,,0.0001,0.3201,0.5,12,0.8,3.92,2.07,4.19,247.11,38.64,256.37,289.22
authentic\45222.jpg,Authentic,,0.0,0.2246,0.67,17,1.02,9.11,5.65,10.78,2120.57,64.43,1835.75,3033.08
authentic\45233.jpg,Authentic,,0.0014,0.2678,0.81,18,1.22,10.19,5.1,9.27,1457.78,69.43,1502.75,1379.63
authentic\45260.jpg,Authentic,,0.0003,0.0238,0.27,10,0.67,3.32,1.61,4.94,272.87,26.74,265.42,396.48
authentic\45265.jpg,Authentic,,0.0,0.2487,0.5,13,0.86,4.52,2.44,5.68,466.61,38.52,481.95,669.36
authentic\45288.jpg,Authentic,,0.0003,0.1342,1.32,22,1.99,14.14,10.77,17.03,6772.24,111.25,6853.31,7083.74
authentic\45299.jpg,Authentic,,0.2256,0.221,0.32,9,0.65,3.28,1.59,3.76,205.91,27.86,212.59,351.12
authentic\45338.jpg,Authentic,,0.0001,0.243,1.66,28,1.82,20.17,8.85,10.67,2616.7,108.75,2667.47,1819.29
authentic\45397.jpg,Authentic,,0.0009,0.2258,1.53,20,1.81,20.68,10.57,13.49,3935.67,126.61,4007.82,2273.52
authentic\45414.jpg,Authentic,,0.0004,0.3344,0.88,22,1.3,8.89,5.19,9.8,1526.31,70.91,1545.89,1441.98
authentic\45424.jpg,Authentic,,0.0,0.282,0.43,12,0.74,4.42,2.04,4.03,217.04,38.5,217.84,247.06
authentic\45433.jpg,Authentic,,0.0062,0.1634,1.59,16,1.48,28.65,12.37,11.94,4191.12,128.03,4252.59,2860.27
authentic\45436.jpg,Authentic,,0.0068,0.3639,1.18,32,1.8,8.57,4.1,8.68,1125.61,57.25,1158.2,1524.95
authentic\45457.jpg,Authentic,,0.0001,0.5197,0.47,13,0.97,5.15,3.01,7.85,864.59,40.69,780.36,828.08
authentic\45459.jpg,Authentic,,0.0,0.2542,0.58,10,0.81,9.64,3.79,5.65,423.19,58.96,435.64,338.85
authentic\45473.jpg,Authentic,,0.0001,0.1686,0.56,8,0.78,2.64,1.71,2.31,67.13,35.0,70.41,58.34
authentic\45493.jpg,Authentic,,0.0001,0.1714,0.54,15,0.98,7.74,3.68,7.49,847.86,51.51,758.44,1245.61
authentic\45496.jpg,Authentic,,0.0002,0.1174,0.58,24,1.17,3.95,2.07,5.54,389.47,31.68,398.9,739.2
authentic\45508.jpg,Authentic,,0.0001,0.1857,0.73,14,0.99,7.71,4.06,7.32,881.5,54.9,819.15,1272.48
authentic\45524.jpg,Authentic,,0.0,0.234,1.43,23,1.65,18.99,7.38,8.89,1519.39,113.7,1572.15,1025.11
authentic\45548.jpg,Authentic,,0.0,0.1497,0.46,9,0.73,5.02,2.89,5.01,345.96,44.44,331.82,448.12
authentic\45552.jpg,Authentic,,0.0172,0.1071,1.0,16,1.21,9.41,3.01,4.89,330.21,81.34,354.0,462.55
authentic\45558.jpg,Authentic,,0.0013,0.251,0.69,10,0.9,10.6,4.58,6.63,677.99,70.04,664.41,424.42
authentic\45580.jpg,Authentic,,0.0,0.2192,0.67,13,0.98,6.36,2.78,5.12,351.36,40.6,359.8,342.15
authentic\45595.jpg,Authentic,,0.0,0.1575,1.01,21,1.26,13.68,7.4,10.22,1664.81,91.2,1692.72,973.08
authentic\45620.jpg,Authentic,,0.0002,0.4535,0.66,14,1.02,7.39,5.58,10.17,1593.72,68.5,1629.9,1734.94
authentic\45641.jpg,Authentic,,0.0002,0.2712,0.89,17,1.11,11.84,5.72,8.0,1133.24,77.22,1067.31,678.54
authentic\45652.jpg,Authentic,,0.0,0.1933,0.69,14,0.94,5.98,3.11,6.12,448.97,54.99,479.31,557.33
authentic\45694.jpg,Authentic,,0.0,0.2094,0.41,6,0.65,3.14,1.76,2.79,80.55,38.2,89.93,94.73
authentic\45702.jpg,Authentic,,0.0002,0.3666,0.41,11,0.85,3.84,2.9,7.82,773.05,39.67,824.03,729.93
authentic\45713.jpg,Authentic,,0.0001,0.2207,0.75,14,1.01,3.25,1.81,3.44,175.94,36.32,179.03,286.12
authentic\45722.jpg,Authentic,,0.0059,0.2955,0.54,10,0.91,6.8,4.65,9.09,1248.45,52.34,1189.23,1489.19
authentic\45749.jpg,Authentic,,0.0374,0.1167,0.46,8,0.7,1.69,1.74,2.52,94.06,29.18,85.84,116.1
authentic\45774.jpg,Authentic,,0.001,0.066,0.34,11,0.74,2.76,1.76,5.65,432.38,25.32,398.71,959.92
authentic\45781.jpg,Authentic,,0.0,0.2588,0.83,46,2.16,7.75,4.71,10.92,2071.71,53.72,1953.49,3070.98
authentic\45786.jpg,Authentic,,0.0,0.2023,0.71,13,1.0,5.43,2.4,3.8,223.51,46.91,227.83,240.36
authentic\45792.jpg,Authentic,,0.0,0.4319,1.52,22,1.81,17.79,11.68,15.7,5197.13,129.32,5270.45,4371.56
authentic\45794.jpg,Authentic,,0.0,0.1828,1.12,24,1.35,15.22,8.65,11.6,2488.42,104.49,2492.11,1697.17
authentic\45806.jpg,Authentic,,0.0,0.2256,0.57,14,0.94,5.04,2.07,4.15,250.31,37.75,223.8,350.07
authentic\45807.jpg,Authentic,,0.0,0.1847,0.62,14,0.97,3.89,1.88,2.92,102.31,34.03,109.88,66.92
authentic\45842.jpg,Authentic,,0.0003,0.3005,0.58,9,0.81,7.55,3.34,5.33,444.73,56.53,458.8,412.88
authentic\45878.jpg,Authentic,,0.0042,0.2835,1.05,19,1.33,9.76,4.44,7.25,776.29,68.68,808.53,911.45
authentic\45879.jpg,Authentic,,0.0,0.2921,0.56,11,0.9,4.39,2.61,5.33,500.29,32.75,453.26,588.15
authentic\45882.jpg,Authentic,,0.0004,0.5393,0.58,13,0.99,5.92,3.69,8.34,991.7,46.46,1004.39,1331.24
authentic\45883.jpg,Authentic,,0.0,0.2285,0.75,14,1.01,7.28,3.24,5.49,453.81,52.42,468.64,406.54
authentic\45935.jpg,Authentic,,0.0004,0.1016,0.67,9,0.79,6.73,4.4,5.08,508.85,56.33,522.08,284.95
authentic\45942.jpg,Authentic,,0.0025,0.2899,0.64,27,1.42,4.54,2.43,5.07,327.88,38.16,334.98,590.65
authentic\45964.jpg,Authentic,,0.0013,0.0806,1.97,15,1.71,30.97,16.37,14.88,7739.84,165.07,7084.31,3843.83
authentic\45988.jpg,Authentic,,0.0032,0.067,0.14,15,0.48,0.86,0.5,2.28,48.14,8.79,48.22,132.65
authentic\46016.jpg,Authentic,,0.0015,0.235,0.94,18,1.3,12.19,5.11,7.82,1069.68,81.82,1115.86,1385.41
authentic\46034.jpg,Authentic,,0.0012,0.4791,0.76,26,1.27,7.36,3.63,7.44,789.71,53.67,810.74,837.6
authentic\46041.jpg,Authentic,,0.0005,0.2969,0.44,7,0.72,3.01,1.86,3.54,145.58,31.61,149.29,114.15
authentic\46080.jpg,Authentic,,0.4017,0.0999,0.64,8,0.73,5.85,4.39,4.92,496.71,53.88,981.91,1422.88
authentic\46109.jpg,Authentic,,0.0001,0.2143,0.66,15,1.03,7.9,4.53,8.98,1312.74,49.33,1339.94,1726.29
authentic\46133.jpg,Authentic,,0.0,0.2814,0.41,14,0.97,4.01,2.52,7.47,733.74,32.24,766.34,1041.84
authentic\46153.jpg,Authentic,,0.0001,0.2108,1.44,22,1.71,16.96,9.63,11.96,2039.59,132.39,2031.42,1614.3
authentic\46173.jpg,Authentic,,0.0,0.3684,1.16,18,1.69,12.36,12.26,20.59,7950.42,124.12,7934.76,7392.95
authentic\46184.jpg,Authentic,,0.0002,0.3317,1.05,26,1.56,5.34,2.75,5.84,469.93,52.32,472.4,641.06
authentic\46186.jpg,Authentic,,0.0,0.2338,1.2,16,1.37,15.39,7.85,10.61,2157.96,94.97,2019.1,1455.27
authentic\46252.jpg,Authentic,,0.0,0.2398,0.45,14,0.8,3.67,2.07,5.94,489.21,40.44,505.81,1126.12
authentic\46344.jpg,Authentic,,0.0,0.2758,0.52,10,0.78,4.86,2.16,3.44,165.1,42.99,147.86,157.95
authentic\46359.jpg,Authentic,,0.0078,0.5823,0.53,16,1.01,4.79,2.93,7.37,664.46,41.29,596.06,836.09
authentic\46365.jpg,Authentic,,0.0,0.2854,0.52,11,0.89,4.54,2.57,5.69,391.08,41.51,380.51,332.26
authentic\46384.jpg,Authentic,,0.8809,0.2011,0.52,11,0.81,4.43,2.6,5.17,364.35,40.68,379.22,414.23
authentic\46425.jpg,Authentic,,0.1115,0.0398,0.33,9,0.65,1.71,1.3,3.19,123.38,21.79,111.04,166.37
authentic\46468.jpg,Authentic,,0.0001,0.3907,0.47,16,0.83,2.95,1.99,5.0,297.56,33.51,310.39,466.41
authentic\46499.jpg,Authentic,,0.0017,0.2622,0.54,14,0.82,5.48,2.95,5.89,511.04,52.67,523.0,677.02
authentic\46565.jpg,Authentic,,0.0,0.1212,0.59,17,0.97,3.57,1.72,4.08,226.9,27.8,214.71,382.11
authentic\46571.jpg,Authentic,,0.0003,0.2311,1.12,22,1.45,11.66,5.1,8.3,1226.17,68.83,1257.28,1254.1
authentic\46576.jpg,Authentic,,0.0,0.1281,0.69,14,0.93,8.37,4.11,6.28,633.28,54.12,645.6,576.15
authentic\46599.jpg,Authentic,,0.0028,0.2513,0.32,10,0.69,3.93,1.76,4.73,264.02,29.69,269.28,382.76
authentic\46635.jpg,Authentic,,0.0001,0.1488,0.78,15,0.98,11.29,5.2,7.71,897.59,76.3,820.77,874.18
authentic\46645.jpg,Authentic,,0.0005,0.184,1.32,15,1.4,20.43,9.34,11.21,2890.39,106.71,2987.39,1499.88
authentic\46653.jpg,Authentic,,0.0001,0.1381,0.77,17,1.17,9.08,6.09,10.8,1640.44,79.53,1515.61,1475.6
authentic\46673.jpg,Authentic,,0.001,0.2757,0.51,11,0.8,4.25,1.93,4.24,219.67,41.34,231.7,467.13
authentic\46674.jpg,Authentic,,0.0002,0.1259,0.56,9,0.8,4.8,2.14,2.99,103.13,44.49,122.9,119.84
authentic\46694.jpg,Authentic,,0.0003,0.2831,0.58,14,0.96,5.03,2.75,5.61,461.6,44.09,481.22,428.61
authentic\46695.jpg,Authentic,,0.0003,0.2319,1.02,22,1.43,11.94,6.44,9.72,1545.13,83.23,1565.87,1032.51
authentic\46773.jpg,Authentic,,0.0,0.3235,0.97,19,1.43,13.39,9.66,17.03,5582.42,117.15,5675.29,8153.03
authentic\46787.jpg,Authentic,,0.0084,0.3191,0.36,13,0.71,4.09,2.27,5.49,413.52,40.56,447.25,615.67
authentic\46796.jpg,Authentic,,0.0,0.1729,0.46,9,0.78,2.14,1.5,2.97,94.95,29.47,94.85,105.1
authentic\46832.jpg,Authentic,,0.0,0.2256,0.52,22,0.94,4.01,2.89,5.75,455.48,38.88,471.34,638.32
authentic\46883.jpg,Authentic,,0.0007,0.1814,0.48,16,0.94,3.53,2.19,6.48,537.57,33.62,527.15,869.06
authentic\46910.jpg,Authentic,,0.0001,0.2392,0.72,9,0.92,10.04,3.79,5.08,472.52,52.3,483.7,395.99
authentic\46923.jpg,Authentic,,0.0,0.1506,0.83,13,1.01,13.15,6.63,8.64,1402.06,78.16,1445.64,810.22
authentic\46937.jpg,Authentic,,0.003,0.0847,0.33,13,0.73,2.94,1.58,4.63,279.77,25.29,281.46,499.51
authentic\46957.jpg,Authentic,,0.0013,0.1227,0.35,12,0.7,2.25,1.42,4.36,215.98,31.81,226.26,374.32
authentic\46989.jpg,Authentic,,0.0009,0.2229,0.46,21,0.79,4.1,2.05,4.16,210.67,37.75,200.15,260.85
authentic\47016.jpg,Authentic,,0.0001,0.3407,0.73,18,1.07,9.05,4.06,7.1,831.74,57.64,856.95,1134.29
authentic\47017.jpg,Authentic,,0.0024,0.0901,0.43,8,0.7,3.67,1.68,2.66,80.24,32.43,76.51,108.31
authentic\47077.jpg,Authentic,,0.0,0.0989,1.33,14,1.25,21.39,10.34,11.51,2510.06,136.64,2551.52,1135.15
authentic\47087.jpg,Authentic,,0.0394,0.4571,0.3,10,0.69,3.86,1.84,4.86,297.11,29.42,298.19,384.11
authentic\47095.jpg,Authentic,,0.0001,0.3047,0.5,14,0.89,3.32,2.42,6.19,550.16,37.77,564.17,939.25
authentic\47131.jpg,Authentic,,0.0002,0.2305,0.59,18,0.95,2.54,2.02,5.64,367.29,39.18,333.94,968.31
authentic\47176.jpg,Authentic,,0.0074,0.2642,0.44,9,0.7,7.43,3.58,6.24,535.03,62.4,566.97,457.58
authentic\47193.jpg,Authentic,,0.0001,0.3378,0.62,12,0.96,7.25,4.21,8.45,857.09,66.58,892.3,1363.49
authentic\47195.jpg,Authentic,,0.4557,0.5,0.45,12,0.9,4.38,2.1,5.47,362.9,36.23,377.45,440.06
authentic\47210.jpg,Authentic,,0.0,0.2993,0.62,12,0.87,4.47,2.49,4.78,304.93,44.91,317.21,308.81
authentic\47211.jpg,Authentic,,0.0001,0.3965,1.02,22,1.42,13.5,7.21,11.1,2256.65,83.31,2266.68,2030.23
authentic\47215.jpg,Authentic,,0.037,0.2599,0.51,11,0.84,2.09,1.61,3.6,184.56,19.61,160.58,268.67
authentic\47222.jpg,Authentic,,0.0003,0.3252,0.45,11,0.81,3.78,2.32,5.95,430.15,36.9,484.63,568.06
authentic\47225.jpg,Authentic,,0.0,0.1884,0.46,6,0.7,3.07,1.74,4.15,160.7,31.35,184.23,229.4
authentic\47233.jpg,Authentic,,0.0001,0.281,0.45,14,0.85,3.09,1.53,3.2,128.61,26.89,132.81,140.13
authentic\47254.jpg,Authentic,,0.0007,0.1258,0.16,8,0.42,0.5,0.67,1.52,28.44,11.0,28.3,51.84
authentic\47314.jpg,Authentic,,0.0,0.2159,0.37,7,0.62,1.49,1.57,2.56,86.94,25.84,88.52,82.38
authentic\47335.jpg,Authentic,,0.0004,0.2563,0.43,7,0.7,2.95,1.58,2.84,116.18,27.23,115.61,120.42
authentic\47377.jpg,Authentic,,0.0,0.2456,0.56,17,0.94,5.66,2.54,5.0,285.41,44.87,292.86,468.49
authentic\47410.jpg,Authentic,,0.0008,0.2801,0.49,8,0.78,5.15,2.36,4.09,269.68,35.83,276.82,245.65
authentic\47425.jpg,Authentic,,0.0,0.4435,0.57,11,0.9,5.62,2.97,6.27,593.91,44.6,591.66,683.69
authentic\47470.jpg,Authentic,,0.0002,0.2263,0.55,11,0.86,3.59,1.99,4.22,267.6,35.5,261.38,369.92
authentic\47471.jpg,Authentic,,0.0012,0.2735,0.63,17,0.93,4.6,2.55,4.53,269.95,43.95,243.03,355.88
authentic\47478.jpg,Authentic,,0.0001,0.1524,1.17,13,1.21,17.65,7.26,8.04,1655.6,81.4,1673.81,839.2
authentic\47509.jpg,Authentic,,0.0,0.2181,0.63,10,0.86,9.08,5.58,8.98,1148.06,74.11,1197.06,960.3
authentic\47538.jpg,Authentic,,0.0006,0.1665,0.31,12,0.8,3.02,2.43,7.97,717.04,32.08,733.11,1155.68
authentic\47561.jpg,Authentic,,0.0216,0.2577,0.49,11,0.75,2.69,1.8,3.2,151.66,34.83,156.51,224.19
authentic\47594.jpg,Authentic,,0.0007,0.4389,0.42,10,0.76,4.55,2.38,5.34,352.23,38.62,349.08,333.31
authentic\47601.jpg,Authentic,,0.0,0.4485,0.5,11,0.82,3.63,1.84,4.0,209.08,32.57,185.61,207.09
authentic\47620.jpg,Authentic,,0.0009,0.4352,0.49,12,0.9,8.18,4.51,9.54,1172.56,59.26,1218.69,1369.65
authentic\47627.jpg,Authentic,,0.0001,0.3143,0.5,15,0.82,4.56,2.31,5.21,363.35,41.9,403.62,610.2
authentic\47630.jpg,Authentic,,0.0,0.1614,0.58,10,0.9,4.8,2.36,5.23,321.61,40.04,296.58,782.55
authentic\47679.jpg,Authentic,,0.0003,0.3048,1.21,20,1.59,13.91,6.58,9.09,1779.17,80.42,1808.71,1740.84
authentic\47704.jpg,Authentic,,0.0,0.3674,0.51,13,0.88,6.08,2.38,5.04,347.8,38.44,376.81,479.88
authentic\47712.jpg,Authentic,,0.0001,0.4141,0.65,12,0.98,6.57,3.38,6.45,635.63,53.35,605.14,584.99
authentic\47749.jpg,Authentic,,0.0,0.1766,0.62,11,0.96,6.15,3.27,6.4,589.22,47.32,604.33,869.92
authentic\47760.jpg,Authentic,,0.0,0.3349,1.18,18,1.43,11.64,6.66,9.77,1622.73,79.45,1506.08,982.53
authentic\47837.jpg,Authentic,,0.001,0.1245,1.19,19,1.13,21.02,8.23,7.32,1528.19,92.2,1533.71,691.62
authentic\47844.jpg,Authentic,,0.0015,0.1221,0.62,10,0.85,3.9,3.05,5.39,417.79,48.23,432.32,835.35
authentic\47938.jpg,Authentic,,0.0,0.2028,0.92,21,1.33,12.23,5.65,9.02,1263.13,73.25,1261.34,882.68
authentic\47950.jpg,Authentic,,0.0001,0.2216,1.03,22,1.24,13.54,6.41,8.11,1144.47,84.87,1009.6,690.27
authentic\47951.jpg,Authentic,,0.0002,0.1157,1.05,21,1.31,11.02,5.52,8.13,987.75,83.42,1015.34,435.08
authentic\47980.jpg,Authentic,,0.0009,0.1285,1.11,31,1.47,10.72,5.74,7.07,992.68,67.38,1006.25,710.57
authentic\48003.jpg,Authentic,,0.0,0.3214,0.75,15,1.23,5.82,3.92,8.69,1334.04,50.8,1350.08,1154.74
authentic\48041.jpg,Authentic,,0.0,0.1878,0.5,10,0.78,1.35,1.85,3.09,170.42,23.02,173.52,193.12
authentic\48079.jpg,Authentic,,0.0015,0.2918,0.56,12,0.8,6.66,3.6,5.12,436.26,42.82,441.04,353.29
authentic\48087.jpg,Authentic,,0.0005,0.2322,0.56,23,0.93,3.75,1.99,4.62,273.98,32.74,250.58,467.84
authentic\48113.jpg,Authentic,,0.0,0.2729,0.63,16,0.98,5.45,2.95,6.62,676.81,44.66,672.83,1035.77
authentic\48223.jpg,Authentic,,0.0007,0.1107,0.66,11,0.91,7.84,4.43,7.09,865.96,58.01,802.54,988.08
authentic\48241.jpg,Authentic,,0.0007,0.1739,1.76,24,1.84,20.31,12.5,15.07,5168.69,148.21,5399.61,3374.81
authentic\48263.jpg,Authentic,,0.0002,0.186,0.87,12,1.07,12.96,5.88,8.87,1284.57,86.69,1316.73,1164.64
authentic\48342.jpg,Authentic,,0.0001,0.347,0.87,17,1.27,6.6,3.24,6.52,614.28,46.45,553.57,1191.76
authentic\48344.jpg,Authentic,,0.0002,0.3926,0.86,18,1.31,10.77,5.63,10.24,1507.95,67.69,1537.19,1132.51
authentic\48349.jpg,Authentic,,0.0,0.2792,0.68,12,0.99,5.99,3.21,6.04,610.72,46.96,617.15,390.53
authentic\48421.jpg,Authentic,,0.0,0.2638,0.54,10,0.77,5.99,2.7,4.41,245.39,50.22,255.39,273.81
authentic\48424.jpg,Authentic,,0.0001,0.2095,0.55,25,1.1,5.35,3.9,9.72,1398.79,50.77,1405.97,1465.55
authentic\48508.jpg,Authentic,,0.0049,0.3815,1.06,16,1.32,15.54,7.08,9.92,2302.34,74.68,1980.1,1755.66
authentic\48512.jpg,Authentic,,0.0,0.248,0.96,15,1.3,9.23,4.94,8.46,1063.54,68.58,1066.05,701.84
authentic\48532.jpg,Authentic,,0.0019,0.1397,0.49,10,0.77,4.53,2.11,3.76,216.12,31.58,208.84,372.97
authentic\48535.jpg,Authentic,,0.0,0.304,0.73,18,1.11,8.09,5.15,10.21,1660.02,65.56,1657.54,1539.12
authentic\48575.jpg,Authentic,,0.0,0.2335,1.1,15,1.39,14.63,7.56,10.4,2335.72,96.76,2168.86,2074.65
authentic\48638.jpg,Authentic,,0.0,0.186,0.49,22,0.99,4.81,2.68,6.44,529.53,40.78,521.08,617.49
authentic\48673.jpg,Authentic,,0.0003,0.1628,0.56,7,0.76,5.11,2.54,3.35,170.12,44.97,173.11,132.94
authentic\48678.jpg,Authentic,,0.0002,0.1899,0.57,8,0.75,2.56,2.53,3.55,222.87,30.76,224.53,164.33
authentic\48802.jpg,Authentic,,0.0,0.2772,1.13,14,1.28,18.65,7.55,9.68,1832.03,100.33,1679.27,1529.83
authentic\48843.jpg,Authentic,,0.0161,0.3558,0.69,14,1.03,4.28,2.18,4.34,246.42,33.84,248.07,230.41
authentic\48901.jpg,Authentic,,0.0001,0.4008,0.57,13,0.94,4.68,2.7,6.37,578.47,35.54,547.08,616.17
authentic\48916.jpg,Authentic,,0.0002,0.2561,0.82,19,1.16,8.35,4.06,6.47,725.79,61.83,791.25,652.31
authentic\49019.jpg,Authentic,,0.1746,0.1591,0.53,11,0.78,4.23,3.31,4.99,489.25,42.71,448.01,638.24
authentic\49046.jpg,Authentic,,0.0003,0.2326,0.95,14,1.11,9.92,4.39,6.27,651.45,65.32,646.19,717.24
authentic\49057.jpg,Authentic,,0.0004,0.3615,0.78,22,1.39,7.8,3.47,7.54,705.4,46.75,615.68,707.05
authentic\49113.jpg,Authentic,,0.0001,0.3426,0.57,13,0.86,5.05,2.56,4.52,352.83,44.02,357.66,430.91
authentic\49133.jpg,Authentic,,0.0001,0.2645,0.64,11,0.93,5.6,2.84,4.88,371.97,42.12,385.85,494.44
authentic\49170.jpg,Authentic,,0.0589,0.2183,1.19,14,1.34,17.04,8.85,11.96,3066.98,100.81,2847.53,2942.82
authentic\49206.jpg,Authentic,,0.0003,0.4134,0.79,21,1.37,7.86,6.65,13.56,2353.0,83.51,2364.16,2668.16
authentic\49235.jpg,Authentic,,0.0014,0.38,0.7,13,1.08,7.07,3.88,8.33,1254.35,49.62,1148.13,1140.83
authentic\49342.jpg,Authentic,,0.0002,0.5049,0.6,12,0.96,6.08,2.75,5.41,356.35,50.03,314.81,282.55
authentic\49400.jpg,Authentic,,0.002,0.2025,0.78,12,1.04,13.46,5.51,7.92,1124.16,72.77,995.84,789.56
authentic\49452.jpg,Authentic,,0.0003,0.1514,1.3,31,1.51,15.71,8.62,10.16,2705.39,86.34,2740.47,2224.31
authentic\49478.jpg,Authentic,,0.0001,0.3165,0.43,8,0.71,2.19,1.95,3.82,171.46,31.24,181.48,162.28
authentic\49507.jpg,Authentic,,0.0,0.2425,0.6,11,0.84,5.4,3.02,4.73,388.85,43.15,380.77,358.13
authentic\49555.jpg,Authentic,,0.0004,0.1525,0.5,13,0.85,5.7,3.14,6.11,619.52,42.46,564.12,862.63
authentic\49596.jpg,Authentic,,0.0026,0.0265,0.18,10,0.5,1.02,0.58,2.7,86.2,10.88,88.36,178.87
authentic\49619.jpg,Authentic,,0.0,0.1245,1.73,15,1.61,28.79,14.07,13.37,6184.71,133.91,6263.33,2950.67
authentic\49651.jpg,Authentic,,0.0,0.2015,0.81,17,1.23,8.94,3.58,6.05,524.88,63.48,536.29,595.34
authentic\49694.jpg,Authentic,,0.004,0.3575,0.44,15,0.78,4.49,2.07,4.71,321.03,37.75,335.17,487.85
authentic\49710.jpg,Authentic,,0.1626,0.1789,0.46,8,0.71,2.54,1.77,2.79,121.2,27.33,123.61,116.88
authentic\49726.jpg,Authentic,,0.231,0.168,0.74,12,0.97,7.69,3.74,5.92,762.16,55.15,773.87,1066.59
authentic\49738.jpg,Authentic,,0.0,0.2451,0.29,6,0.63,2.02,1.06,2.87,75.32,21.74,67.83,74.87
authentic\49763.jpg,Authentic,,0.0001,0.326,0.45,7,0.69,2.5,1.72,2.73,105.28,30.09,111.46,97.49
authentic\49824.jpg,Authentic,,0.0002,0.2227,0.7,12,0.93,4.89,2.01,3.09,103.14,46.46,112.64,82.85
authentic\49914.jpg,Authentic,,0.0213,0.2678,0.83,18,1.36,4.99,2.63,6.22,439.11,42.22,435.49,375.86
authentic\50005.jpg,Authentic,,0.0,0.3141,0.6,8,0.87,6.59,3.67,6.26,491.99,54.27,447.57,397.12
authentic\50012.jpg,Authentic,,0.0003,0.2012,0.54,11,0.86,3.39,1.89,4.6,290.46,29.64,296.81,508.44
authentic\50098.jpg,Authentic,,0.0,0.2202,0.89,34,1.39,9.45,4.28,7.55,848.26,59.78,907.68,839.2
authentic\50141.jpg,Authentic,,0.0009,0.2072,0.56,11,0.82,7.12,3.86,7.37,766.55,46.39,769.31,703.07
authentic\50159.jpg,Authentic,,0.0,0.2647,0.58,10,0.83,4.86,3.74,6.14,615.16,44.28,626.54,539.53
authentic\50165.jpg,Authentic,,0.0,0.2719,0.67,35,1.25,7.21,4.54,9.32,1379.48,53.28,1405.82,1706.46
authentic\50301.jpg,Authentic,,0.0,0.1844,0.32,4,0.56,2.64,1.49,2.28,55.61,30.85,59.55,30.79
authentic\50350.jpg,Authentic,,0.0001,0.4643,0.78,11,1.11,16.33,9.66,15.61,3292.89,125.81,2789.23,3762.63
authentic\50389.jpg,Authentic,,0.0001,0.253,0.78,14,1.15,8.51,3.92,7.73,850.33,56.12,864.17,806.98
authentic\50536.jpg,Authentic,,0.0,0.2075,0.37,12,0.73,2.87,1.59,3.8,166.6,31.71,156.4,183.08
authentic\50556.jpg,Authentic,,0.0399,0.2228,0.55,14,0.78,4.71,3.11,5.14,460.34,41.37,470.95,776.93
authentic\50593.jpg,Authentic,,0.0003,0.3991,0.72,15,1.04,6.18,3.87,7.07,923.25,50.86,935.34,1123.63
authentic\50651.jpg,Authentic,,0.0008,0.1008,1.11,9,1.03,23.79,7.74,6.86,1216.99,98.94,1251.23,390.38
authentic\50672.jpg,Authentic,,0.0001,0.3346,1.01,13,1.25,15.18,7.72,10.78,2107.61,84.49,2136.46,1948.06
authentic\50708.jpg,Authentic,,0.0,0.0692,0.8,9,0.88,8.33,4.15,4.92,454.04,58.3,460.04,254.87
authentic\50711.jpg,Authentic,,0.0,0.4374,0.31,11,0.67,2.76,1.85,5.64,348.74,30.76,356.48,468.26
authentic\50740.jpg,Authentic,,0.0,0.2017,1.08,21,1.17,18.88,8.07,9.07,1651.02,103.33,1697.02,1158.78
authentic\50747.jpg,Authentic,,0.0,0.2325,0.86,15,1.19,11.91,6.16,9.48,1580.38,73.41,1667.21,1051.31
authentic\50769.jpg,Authentic,,0.0001,0.2553,0.42,8,0.73,3.93,2.25,5.36,318.83,36.28,365.99,478.82
authentic\50803.jpg,Authentic,,0.0,0.2636,0.56,24,0.97,6.26,3.19,6.71,652.34,45.35,710.85,862.52
authentic\50816.jpg,Authentic,,0.2559,0.2644,0.64,10,0.94,5.45,2.48,4.1,251.09,40.91,254.66,260.53
authentic\50827.jpg,Authentic,,0.0023,0.2053,0.45,12,0.88,2.91,1.82,5.39,370.54,30.32,382.32,512.28
authentic\50882.jpg,Authentic,,0.0,0.4979,0.87,13,1.17,9.97,5.3,8.68,1246.25,59.51,1150.0,1094.12
authentic\50903.jpg,Authentic,,0.0,0.2256,0.61,12,0.92,6.97,2.81,5.22,383.98,47.33,385.09,421.26
authentic\50949.jpg,Authentic,,0.0005,0.1502,0.79,14,0.96,8.66,5.61,7.59,1057.11,68.68,1091.62,798.41
authentic\50986.jpg,Authentic,,0.012,0.3076,0.61,14,1.0,9.06,4.97,9.05,1363.62,69.84,1392.62,1565.48
authentic\50998.jpg,Authentic,,0.4016,0.1707,2.17,16,1.87,32.79,20.62,17.91,11648.6,188.32,11767.98,5289.66
authentic\51042.jpg,Authentic,,0.0029,0.0423,0.24,5,0.53,0.37,0.43,0.79,6.76,11.78,6.97,5.44
authentic\51054.jpg,Authentic,,0.0,0.2866,0.63,18,1.16,4.5,4.71,12.15,2109.4,57.66,4780.85,8395.63
authentic\51111.jpg,Authentic,,0.0001,0.1011,1.18,21,1.54,8.14,6.23,10.06,1443.08,77.19,1504.35,997.05
authentic\51136.jpg,Authentic,,0.0043,0.2018,0.49,15,0.9,3.07,1.85,5.37,360.77,34.07,380.25,652.05
authentic\51161.jpg,Authentic,,0.0001,0.3207,0.51,11,0.86,5.18,2.77,6.06,481.98,48.02,497.51,464.97
authentic\51186.jpg,Authentic,,0.0,0.1824,1.15,17,1.27,15.0,7.1,8.58,1650.05,80.78,1618.69,903.74
authentic\51199.jpg,Authentic,,0.0011,0.1623,0.44,12,0.69,2.72,2.25,3.75,184.92,34.74,185.73,169.62
authentic\51279.jpg,Authentic,,0.0002,0.1318,1.15,26,1.31,18.2,7.47,8.28,1605.99,84.84,1635.98,1304.41
authentic\51323.jpg,Authentic,,0.0001,0.1881,0.96,23,1.47,6.17,4.68,9.71,1237.37,66.34,1262.08,736.21
authentic\51440.jpg,Authentic,,0.0,0.2522,0.57,12,0.84,6.96,3.08,5.56,452.36,49.91,465.06,521.86
authentic\51458.jpg,Authentic,,0.0003,0.3306,0.65,20,0.9,7.39,3.35,6.28,570.32,55.53,558.77,782.05
authentic\51468.jpg,Authentic,,0.0,0.3041,1.14,43,1.57,12.37,8.01,12.12,2353.42,91.71,2208.29,1477.0
authentic\51514.jpg,Authentic,,0.0,0.1848,0.51,8,0.82,4.07,2.43,4.95,405.66,31.91,363.99,560.04
authentic\51518.jpg,Authentic,,0.0,0.197,1.59,29,1.98,14.0,10.06,14.19,3548.31,115.81,3599.23,1720.69
authentic\51575.jpg,Authentic,,0.0002,0.0984,1.42,21,1.46,17.83,8.59,10.72,2927.56,96.66,2898.58,1549.78
authentic\51588.jpg,Authentic,,0.0,0.1441,1.25,15,1.26,13.88,6.81,8.69,1525.67,95.46,1605.02,571.96
authentic\51662.jpg,Authentic,,0.0008,0.3537,0.95,13,1.31,14.75,6.59,9.58,1656.45,84.4,1694.07,1658.49
authentic\51675.jpg,Authentic,,0.0002,0.3004,0.5,10,0.79,3.18,2.03,4.02,231.4,33.41,222.7,303.55
authentic\51677.jpg,Authentic,,0.1117,0.2586,0.41,13,0.89,3.12,2.04,5.4,489.77,23.54,500.38,603.32
authentic\51683.jpg,Authentic,,0.0,0.4166,0.62,12,0.89,7.57,2.85,4.74,334.93,46.67,341.91,365.54
authentic\51688.jpg,Authentic,,0.0001,0.1879,0.65,8,0.82,5.62,2.81,4.1,233.96,45.55,236.99,204.3
authentic\51689.jpg,Authentic,,0.0002,0.1774,1.11,25,1.44,11.19,4.38,5.91,544.66,75.21,561.76,418.68
authentic\51698.jpg,Authentic,,0.0087,0.1014,0.22,10,0.47,2.35,1.38,3.29,149.7,23.58,150.25,479.64
authentic\51726.jpg,Authentic,,0.1508,0.185,1.16,12,1.17,21.77,8.12,8.56,1684.43,112.15,1735.76,993.68
authentic\51738.jpg,Authentic,,0.0,0.1921,0.25,10,0.58,1.95,1.23,3.51,160.54,20.99,165.15,284.18
authentic\51772.jpg,Authentic,,0.0147,0.0916,1.06,12,1.07,18.55,8.6,8.45,1828.02,90.92,1788.7,954.87
authentic\51780.jpg,Authentic,,0.0001,0.2151,0.93,18,1.29,10.34,6.19,11.51,2097.02,71.77,2126.71,1961.76
authentic\51836.jpg,Authentic,,0.0004,0.4743,0.6,14,0.95,6.32,2.64,5.18,358.38,45.69,351.1,368.26
authentic\51845.jpg,Authentic,,0.0002,0.1973,0.8,25,1.08,8.84,4.18,6.19,588.29,64.66,618.13,627.51
authentic\51856.jpg,Authentic,,0.0,0.3321,1.56,17,1.77,17.71,10.02,13.4,4769.51,111.22,4412.21,3925.62
authentic\51865.jpg,Authentic,,0.0,0.3113,0.57,12,0.9,4.73,2.61,5.52,407.38,46.24,418.25,555.64
authentic\51942.jpg,Authentic,,0.0001,0.224,0.64,27,1.08,6.16,3.99,8.36,966.41,52.6,982.17,877.06
authentic\51951.jpg,Authentic,,0.0,0.4083,0.36,12,0.76,4.22,1.88,5.09,303.1,32.7,310.47,405.96
authentic\51968.jpg,Authentic,,0.0,0.2399,1.82,27,1.94,17.16,10.58,13.15,3545.44,111.31,3410.77,2443.3
authentic\51976.jpg,Authentic,,0.0003,0.1079,0.52,7,0.71,4.76,2.61,3.43,150.15,45.3,162.06,80.36
authentic\51978.jpg,Authentic,,0.0,0.1981,0.8,10,1.13,14.4,8.01,12.15,2390.21,102.48,2478.93,2978.1
authentic\52070.jpg,Authentic,,0.0,0.299,0.52,11,0.86,7.29,3.96,7.47,899.77,53.76,789.82,727.14
authentic\52074.jpg,Authentic,,0.0011,0.2163,0.69,11,0.83,6.13,2.99,3.82,283.51,49.92,290.79,269.3
authentic\52106.jpg,Authentic,,0.0071,0.2708,0.58,12,0.9,5.37,3.2,5.83,616.19,41.42,602.01,574.67
authentic\52152.jpg,Authentic,,0.0001,0.2387,0.45,13,0.85,3.47,2.39,6.89,1327.69,30.94,1217.65,5296.27
authentic\52168.jpg,Authentic,,0.0002,0.1844,0.76,21,1.12,5.85,3.68,6.21,613.78,50.52,604.78,673.5
authentic\52169.jpg,Authentic,,0.0001,0.2048,0.65,16,0.99,4.21,1.95,2.98,111.49,37.32,118.13,62.27
authentic\52170.jpg,Authentic,,0.0002,0.2317,0.78,15,1.04,7.42,4.02,6.38,732.25,58.12,799.46,528.14
authentic\52191.jpg,Authentic,,0.0001,0.4134,0.62,12,1.01,6.41,2.67,5.33,436.21,40.73,446.75,597.37
authentic\52207.jpg,Authentic,,0.0,0.2438,0.51,9,0.78,3.93,1.96,3.39,147.89,36.95,145.05,163.36
authentic\52259.jpg,Authentic,,0.0,0.3697,0.51,14,0.86,5.11,2.99,6.1,535.03,41.97,633.61,490.88
authentic\52533.jpg,Authentic,,0.0001,0.3009,0.72,19,0.99,6.42,3.1,6.25,493.64,59.51,495.19,524.71
authentic\52550.jpg,Authentic,,0.0006,0.2939,0.34,9,0.7,3.23,1.96,4.82,274.6,31.93,285.53,296.05
authentic\52572.jpg,Authentic,,0.0,0.2357,0.6,11,0.8,4.13,2.59,3.99,223.69,40.08,207.56,227.01
authentic\52589.jpg,Authentic,,0.0179,0.1222,1.6,17,1.61,20.3,8.77,9.71,2258.27,111.71,2298.95,985.26
authentic\52599.jpg,Authentic,,0.0003,0.2541,0.64,38,1.14,5.71,3.19,6.36,558.56,43.32,565.65,838.55
authentic\52619.jpg,Authentic,,0.0,0.1668,0.39,6,0.68,4.85,1.91,3.49,159.39,37.55,169.06,227.63
authentic\52626.jpg,Authentic,,0.0151,0.1,0.19,10,0.67,2.03,1.81,7.71,659.83,22.84,628.07,791.43
authentic\52630.jpg,Authentic,,0.0,0.2728,0.48,10,0.85,4.67,2.03,4.57,293.5,35.63,286.86,432.1
authentic\52642.jpg,Authentic,,0.0002,0.0507,0.46,9,0.72,2.33,2.4,4.59,322.79,34.81,323.18,462.48
authentic\52695.jpg,Authentic,,0.0001,0.3424,1.18,17,1.41,21.09,10.0,13.67,3891.92,120.08,3957.1,4028.56
authentic\52701.jpg,Authentic,,0.001,0.355,0.56,25,1.0,3.53,2.14,6.38,532.43,34.91,543.69,1338.31
authentic\52717.jpg,Authentic,,0.0003,0.1809,0.55,10,0.87,5.22,2.4,4.97,335.9,46.67,343.2,379.71
authentic\52722.jpg,Authentic,,0.0001,0.1237,1.29,15,1.41,10.84,6.68,9.15,1430.46,96.59,1463.58,690.05
authentic\52734.jpg,Authentic,,0.0009,0.3456,0.95,11,1.16,11.91,5.1,7.68,1245.94,63.03,1344.91,1289.81
authentic\52745.jpg,Authentic,,0.0,0.2028,0.4,7,0.64,2.46,1.28,1.96,44.04,35.84,49.59,48.83
authentic\52781.jpg,Authentic,,0.0016,0.3674,0.81,10,1.11,10.97,5.06,7.76,1326.17,56.78,1342.35,1278.95
authentic\52798.jpg,Authentic,,0.0002,0.1684,0.56,10,0.81,4.57,2.87,4.68,343.68,40.98,342.17,358.05
authentic\52803.jpg,Authentic,,0.0,0.1234,0.77,8,0.91,10.11,4.04,5.37,372.72,78.07,386.36,262.83
authentic\52813.jpg,Authentic,,0.0009,0.1488,1.04,21,1.33,10.63,5.86,8.64,1268.17,76.59,1295.62,1236.22
authentic\52822.jpg,Authentic,,0.0017,0.3045,0.62,13,1.09,5.67,4.56,10.06,1672.75,51.48,1457.96,2006.58
authentic\52838.jpg,Authentic,,0.0011,0.3108,0.67,28,1.36,3.55,3.49,7.66,725.25,46.93,678.48,969.03
authentic\52861.jpg,Authentic,,0.0014,0.006,0.31,13,0.78,2.29,1.7,6.33,596.28,21.02,551.52,1481.95
authentic\52926.jpg,Authentic,,0.0,0.1951,0.71,16,1.0,7.68,5.27,8.98,1161.68,67.42,1092.62,737.27
authentic\52954.jpg,Authentic,,0.0021,0.2401,0.69,22,1.1,7.36,3.36,6.45,552.18,57.64,579.69,507.58
authentic\53102.jpg,Authentic,,0.0007,0.2155,0.79,11,0.95,12.02,5.08,6.56,786.89,68.36,767.21,586.97
authentic\53114.jpg,Authentic,,0.0,0.1999,0.78,10,0.98,7.6,3.97,6.56,645.67,53.91,573.05,796.73
authentic\53167.jpg,Authentic,,0.002,0.5158,0.55,24,0.94,4.01,3.42,7.17,723.02,41.8,706.41,962.07
authentic\53211.jpg,Authentic,,0.0,0.2221,0.82,13,1.09,10.2,6.04,9.3,1625.89,66.9,1736.59,1188.32
authentic\53217.jpg,Authentic,,0.0012,0.2287,0.59,13,0.8,4.57,2.76,4.37,305.11,42.9,311.82,395.72
authentic\53229.jpg,Authentic,,0.0,0.3393,0.68,11,0.99,6.47,3.83,7.38,776.49,56.94,762.15,636.16
authentic\53237.jpg,Authentic,,0.0005,0.2874,0.68,11,0.93,6.79,3.42,6.39,553.73,60.78,520.05,506.08
authentic\53239.jpg,Authentic,,0.0814,0.2697,0.49,25,0.84,1.86,1.68,3.37,152.26,26.74,143.32,138.62
authentic\53270.jpg,Authentic,,0.0044,0.2221,0.65,12,0.94,8.23,3.95,6.8,770.52,53.67,787.29,820.76
authentic\53277.jpg,Authentic,,0.0013,0.5269,0.67,18,1.15,5.41,4.76,11.46,1747.13,68.71,1808.07,2534.13
authentic\53315.jpg,Authentic,,0.0022,0.3096,0.47,11,0.77,4.98,2.4,4.76,336.0,38.33,347.7,406.81
authentic\53322.jpg,Authentic,,0.0,0.2895,0.74,22,1.18,6.19,3.19,6.25,510.72,47.93,526.08,590.05
authentic\53388.jpg,Authentic,,0.0,0.3126,0.95,18,1.33,10.99,6.97,12.17,2576.83,86.76,2634.44,3151.25
authentic\53401.jpg,Authentic,,0.0002,0.256,0.58,20,1.13,4.16,3.81,11.3,1661.6,51.87,1591.33,2027.24
authentic\53443.jpg,Authentic,,0.0,0.2263,1.77,24,1.84,25.7,14.96,16.39,7400.72,162.64,7645.12,4706.93
authentic\53451.jpg,Authentic,,0.0001,0.1648,0.61,12,0.89,7.64,3.57,5.95,501.18,53.83,522.5,346.0
authentic\53483.jpg,Authentic,,0.0001,0.1662,0.52,16,0.97,3.02,2.26,6.92,671.58,34.47,668.87,1319.77
authentic\53525.jpg,Authentic,,0.0002,0.3286,0.68,13,0.89,8.14,3.31,4.96,422.3,54.64,418.53,477.42
authentic\53529.jpg,Authentic,,0.0002,0.2537,0.91,15,1.21,11.33,5.0,7.35,972.3,73.94,1002.5,1049.56
authentic\53559.jpg,Authentic,,0.0001,0.3996,0.61,17,1.06,4.64,2.62,6.48,549.05,40.24,564.45,797.99
authentic\53560.jpg,Authentic,,0.002,0.2383,0.83,15,1.05,12.14,5.22,7.77,1014.41,64.74,1282.33,1072.06
authentic\53588.jpg,Authentic,,0.0002,0.2947,0.37,7,0.69,2.79,1.51,3.8,170.87,30.04,169.4,197.04
authentic\53613.jpg,Authentic,,0.0004,0.3851,0.59,18,1.22,5.08,3.28,8.94,1276.92,40.82,1124.22,1808.96
authentic\53637.jpg,Authentic,,0.0025,0.1145,0.64,14,1.18,7.92,5.69,12.92,2708.46,70.26,2720.74,4428.85
authentic\53651.jpg,Authentic,,0.0,0.2372,0.52,10,0.76,3.75,2.34,3.64,208.47,35.65,210.88,182.43
authentic\53667.jpg,Authentic,,0.0,0.2184,1.09,14,1.32,14.95,8.27,10.61,2260.69,90.88,2248.77,1793.31
authentic\53692.jpg,Authentic,,0.0,0.2663,0.85,17,1.17,9.98,6.77,11.16,2552.2,81.95,2572.53,2095.12
authentic\53693.jpg,Authentic,,0.0027,0.214,0.8,17,1.07,9.45,5.1,7.3,889.04,64.32,984.36,922.15
authentic\53697.jpg,Authentic,,0.0001,0.1204,0.64,8,0.78,6.15,3.16,3.98,242.65,54.05,246.68,121.15
authentic\53700.jpg,Authentic,,0.0002,0.2513,0.67,9,0.92,7.64,3.5,5.75,473.43,63.08,466.86,500.83
authentic\53716.jpg,Authentic,,0.0006,0.2194,1.07,19,1.41,9.58,5.23,8.35,1205.83,68.99,1243.91,715.57
authentic\53781.jpg,Authentic,,0.0003,0.1636,0.88,18,1.01,8.25,5.68,7.49,1033.72,66.9,1053.41,746.57
authentic\53805.jpg,Authentic,,0.0,0.1918,1.38,21,1.55,19.18,10.4,12.75,3921.87,112.05,4128.64,3593.94
authentic\53814.jpg,Authentic,,0.0,0.2513,1.59,21,1.63,22.45,12.2,13.38,4726.24,130.5,4805.73,2383.91
authentic\53834.jpg,Authentic,,0.0002,0.0665,0.25,10,0.62,1.26,1.05,3.67,159.78,22.59,166.69,477.89
authentic\53835.jpg,Authentic,,0.0,0.178,0.65,11,0.88,5.72,3.26,5.07,429.24,49.63,438.6,293.57
authentic\53836.jpg,Authentic,,0.0003,0.0,0.29,12,0.74,2.4,0.92,3.47,106.22,17.39,96.18,191.18
authentic\53858.jpg,Authentic,,0.0003,0.2604,0.99,14,1.24,17.5,7.79,10.24,2109.83,89.99,2150.15,1409.3
authentic\53860.jpg,Authentic,,0.0001,0.5096,1.72,27,1.99,21.1,15.5,19.75,10450.79,137.94,9573.77,9156.11
authentic\53869.jpg,Authentic,,0.0,0.3372,0.4,10,0.74,3.06,1.95,4.73,272.91,36.09,255.4,310.29
authentic\53875.jpg,Authentic,,0.0007,0.1981,1.01,20,1.25,10.02,5.32,7.18,1000.79,62.21,1017.07,909.51
authentic\53881.jpg,Authentic,,0.0017,0.3187,0.59,13,0.96,5.19,2.75,6.58,649.12,40.31,666.59,936.04
authentic\53888.jpg,Authentic,,0.0006,0.274,0.81,12,1.11,11.95,4.76,7.61,1018.58,62.23,1035.54,973.3
authentic\53897.jpg,Authentic,,0.0,0.3036,0.5,9,0.76,6.68,4.15,7.91,821.24,64.03,774.26,906.88
authentic\53911.jpg,Authentic,,0.0001,0.1818,0.59,10,0.85,7.23,3.59,5.99,587.45,44.15,594.13,726.62
authentic\53913.jpg,Authentic,,0.0007,0.2309,0.45,16,0.99,4.16,2.05,5.69,502.22,27.45,504.8,819.54
authentic\53921.jpg,Authentic,,0.0009,0.2533,0.5,8,0.7,10.14,4.04,5.7,496.86,64.54,505.24,546.36
authentic\53947.jpg,Authentic,,0.0,0.3622,0.77,12,1.04,8.64,5.5,8.34,973.75,71.88,1010.54,556.07
authentic\53969.jpg,Authentic,,0.0019,0.2031,0.68,21,1.37,7.0,4.46,10.76,1635.38,47.74,1748.18,2619.87
authentic\53992.jpg,Authentic,,0.0007,0.195,0.79,13,1.09,8.74,5.57,9.25,1284.07,76.87,1321.94,1321.93
authentic\54012.jpg,Authentic,,0.0151,0.0917,1.38,17,1.37,24.54,10.4,9.97,2687.41,110.24,2720.97,1231.45
authentic\54029.jpg,Authentic,,0.0008,0.1299,1.39,22,1.55,16.01,9.07,11.37,3201.56,93.79,3143.87,3172.43
authentic\54038.jpg,Authentic,,0.0713,0.1703,0.73,13,0.92,12.17,5.03,6.62,746.51,85.31,763.33,888.78
authentic\54041.jpg,Authentic,,0.0236,0.3079,1.0,22,1.35,7.5,3.32,5.98,494.34,60.73,504.7,751.52
authentic\54046.jpg,Authentic,,0.0002,0.1837,1.03,32,1.56,8.46,4.05,6.16,577.37,61.86,540.16,425.17
authentic\54055.jpg,Authentic,,0.6232,0.0,0.27,15,0.76,2.28,1.13,3.54,145.37,15.33,145.65,250.04
authentic\54062.jpg,Authentic,,0.0,0.3317,0.34,8,0.64,2.38,1.24,2.73,96.47,24.12,99.76,89.87
authentic\54066.jpg,Authentic,,0.0018,0.2298,0.38,14,0.78,1.58,1.18,2.04,51.15,22.63,50.62,45.19
authentic\54084.jpg,Authentic,,0.0,0.206,0.72,15,0.99,9.43,4.09,6.59,706.05,67.8,633.92,1259.91
authentic\54102.jpg,Authentic,,0.0,0.2478,0.62,12,0.91,6.0,2.94,5.44,444.19,49.28,531.35,875.17
authentic\54135.jpg,Authentic,,0.0003,0.12,0.73,9,0.86,6.85,3.5,4.21,308.83,55.33,316.53,207.65
authentic\54139.jpg,Authentic,,0.0,0.2501,0.67,14,1.03,6.57,4.46,9.31,1229.93,62.58,1260.92,1830.78
authentic\54150.jpg,Authentic,,0.0,0.0881,0.73,16,0.89,6.86,3.27,4.72,339.26,59.14,343.62,348.7
authentic\54152.jpg,Authentic,,0.0,0.3822,0.52,11,0.88,5.19,3.03,6.87,502.5,45.43,494.67,653.19
authentic\54157.jpg,Authentic,,0.0005,0.2233,0.61,23,1.07,4.72,3.21,8.58,946.84,46.71,916.54,1671.75
authentic\54161.jpg,Authentic,,0.0,0.2193,0.85,13,1.08,8.88,4.56,7.73,975.5,67.01,1133.6,1169.38
authentic\54173.jpg,Authentic,,0.001,0.2681,0.63,12,1.01,7.64,3.84,7.06,899.15,48.06,926.37,859.77
authentic\54186.jpg,Authentic,,0.7816,0.2743,0.5,8,0.71,6.86,3.1,5.95,350.73,58.47,362.21,409.75
authentic\54211.jpg,Authentic,,0.0,0.1351,0.96,39,1.65,6.04,4.0,7.48,816.66,54.97,831.0,1517.32
authentic\54254.jpg,Authentic,,0.0,0.1796,0.74,15,1.04,8.5,4.67,8.15,953.61,58.55,932.65,1124.14
authentic\54285.jpg,Authentic,,0.0,0.3975,0.72,15,1.04,6.56,3.16,6.77,678.91,50.64,662.25,889.51
authentic\54287.jpg,Authentic,,0.0001,0.4123,0.48,13,0.91,4.85,3.01,8.1,968.22,35.31,976.39,1007.8
authentic\54297.jpg,Authentic,,0.0,0.1819,1.23,13,1.32,18.82,9.62,11.6,2929.91,112.15,2993.34,2093.12
authentic\54313.jpg,Authentic,,0.0,0.1534,0.71,20,1.08,9.83,6.26,11.15,1816.52,79.23,1800.62,1822.79
authentic\54327.jpg,Authentic,,0.031,0.0977,0.26,8,0.6,1.3,0.9,3.19,114.76,15.75,98.48,178.56
authentic\54360.jpg,Authentic,,0.0,0.1517,0.73,9,0.98,13.59,6.38,9.2,1436.4,79.09,1466.76,1186.24
authentic\54395.jpg,Authentic,,0.0,0.1853,0.66,12,0.88,4.04,2.82,5.56,410.34,41.87,418.07,532.52
authentic\54411.jpg,Authentic,,0.0001,0.1701,0.48,11,0.8,3.76,2.02,4.33,218.84,34.62,222.42,292.74
authentic\54417.jpg,Authentic,,0.0001,0.3165,0.5,15,0.86,5.47,2.48,5.35,356.98,41.41,394.3,423.42
authentic\54445.jpg,Authentic,,0.2307,0.1222,0.41,10,0.76,2.16,1.87,4.94,266.04,29.91,234.29,274.05
authentic\54468.jpg,Authentic,,0.0002,0.1668,1.41,30,1.76,15.91,9.91,14.14,3804.96,109.86,3569.16,2723.41
authentic\54526.jpg,Authentic,,0.0008,0.1837,0.63,10,0.91,5.85,2.4,4.21,260.26,42.52,266.94,405.77
authentic\54540.jpg,Authentic,,0.0002,0.4197,1.06,18,1.34,11.08,5.57,8.36,1745.86,60.7,1646.82,2037.29
authentic\54541.jpg,Authentic,,0.0027,0.2263,1.42,21,1.46,21.09,10.16,12.76,3331.64,130.49,3383.86,2777.89
authentic\54568.jpg,Authentic,,0.0,0.2436,0.66,10,0.89,7.0,4.78,9.17,833.92,73.11,958.47,1221.11
authentic\54570.jpg,Authentic,,0.0,0.1108,1.4,20,1.71,15.62,10.93,15.33,4651.93,125.04,4742.21,2717.72
authentic\54611.jpg,Authentic,,0.0132,0.1899,1.2,15,1.31,16.46,7.93,9.77,2190.87,95.91,2103.09,1801.07
authentic\54620.jpg,Authentic,,0.0,0.3017,1.43,20,1.64,14.41,10.1,13.91,3426.9,115.41,3158.34,2748.75
authentic\54629.jpg,Authentic,,0.0001,0.4312,0.64,16,1.05,4.22,3.24,8.96,1197.96,48.87,1193.45,3370.39
authentic\54632.jpg,Authentic,,0.0098,0.352,1.11,23,1.43,11.19,5.34,9.12,1415.5,74.42,1425.43,1233.87
authentic\54666.jpg,Authentic,,0.0,0.2516,0.46,12,0.82,3.0,1.67,3.64,194.96,26.18,177.33,249.79
authentic\54711.jpg,Authentic,,0.0002,0.0167,0.47,14,0.91,5.06,2.08,4.89,336.23,31.89,299.26,537.38
authentic\54725.jpg,Authentic,,0.0,0.1563,0.76,10,0.93,6.89,3.69,5.29,528.89,45.77,535.2,806.46
authentic\54758.jpg,Authentic,,0.0321,0.0662,0.52,17,0.94,2.16,1.96,6.65,698.09,26.56,599.67,1402.02
authentic\54769.jpg,Authentic,,0.0015,0.1046,0.38,13,0.73,2.65,1.27,3.21,123.25,24.14,119.58,202.74
authentic\54796.jpg,Authentic,,0.0001,0.2899,0.59,10,0.86,6.05,2.9,4.93,375.01,45.03,379.81,386.72
authentic\54827.jpg,Authentic,,0.0001,0.0722,0.59,8,0.75,3.33,2.21,2.86,129.21,38.29,136.05,98.16
authentic\54909.jpg,Authentic,,0.0005,0.3684,0.33,12,0.59,1.99,1.64,3.63,156.69,22.21,158.36,117.82
authentic\54924.jpg,Authentic,,0.0004,0.3209,0.83,23,1.3,7.01,3.45,6.49,654.81,56.73,613.32,704.1
authentic\54933.jpg,Authentic,,0.0137,0.3727,0.55,10,0.89,7.54,3.99,7.68,862.66,58.55,856.26,817.58
authentic\54988.jpg,Authentic,,0.0,0.3215,0.56,14,0.89,7.25,3.42,5.97,497.38,49.68,517.36,510.65
authentic\55072.jpg,Authentic,,0.0019,0.0663,0.73,9,0.82,10.88,4.74,5.63,520.69,73.93,629.38,658.15
authentic\55103.jpg,Authentic,,0.2025,0.2244,0.99,17,1.22,10.25,5.49,9.26,1429.96,73.42,1457.12,989.98
authentic\55138.jpg,Authentic,,0.0017,0.3748,0.84,20,1.19,9.91,5.27,8.97,1012.05,83.06,1015.38,781.26
authentic\55143.jpg,Authentic,,0.0,0.2261,0.59,10,0.84,4.9,2.37,3.96,255.3,39.31,260.99,326.54
authentic\55148.jpg,Authentic,,0.0063,0.2995,0.32,7,0.57,4.87,2.56,4.82,244.85,52.47,283.82,223.26
authentic\55168.jpg,Authentic,,0.0007,0.1744,0.57,9,0.78,5.27,2.95,4.1,260.71,48.34,264.03,143.66
authentic\55198.jpg,Authentic,,0.0,0.1661,0.69,16,1.01,8.6,4.68,8.23,1029.05,59.36,1067.07,1192.39
authentic\55230.jpg,Authentic,,0.0,0.2076,0.5,12,0.85,5.32,2.38,5.2,374.59,41.81,338.64,467.43
authentic\55238.jpg,Authentic,,0.0009,0.1928,0.86,14,1.23,10.75,7.26,12.08,2714.88,77.9,2783.56,2890.74
authentic\55240.jpg,Authentic,,0.1728,0.448,0.6,24,1.16,4.88,2.66,6.58,604.05,40.17,620.52,662.96
authentic\55336.jpg,Authentic,,0.0,0.111,2.0,24,1.98,25.48,12.83,13.51,4962.07,142.12,5754.02,3283.02
authentic\55413.jpg,Authentic,,0.0008,0.148,0.95,16,1.12,15.2,5.74,7.22,1021.07,84.34,1042.87,914.25
authentic\55447.jpg,Authentic,,0.4253,0.0051,0.44,39,1.34,2.92,1.91,6.18,396.29,28.5,401.4,552.92
authentic\55457.jpg,Authentic,,0.0,0.2798,0.4,8,0.68,3.06,1.88,4.73,270.34,31.28,277.68,326.38
authentic\55460.jpg,Authentic,,0.0001,0.1704,1.24,23,1.76,7.69,6.87,13.37,3787.17,75.48,3840.97,2195.57
authentic\55470.jpg,Authentic,,0.0,0.442,0.57,13,0.93,4.6,2.52,5.25,491.56,39.96,479.92,754.39
authentic\55477.jpg,Authentic,,0.0003,0.3991,0.42,10,0.71,3.36,1.69,2.89,107.84,33.45,110.94,117.72
authentic\55518.jpg,Authentic,,0.0002,0.4724,0.63,16,1.11,5.16,3.0,7.34,930.52,39.72,889.62,915.05
authentic\55526.jpg,Authentic,,0.0183,0.2948,1.26,15,1.4,22.76,7.66,8.92,1644.74,106.57,1682.3,1073.33
authentic\55548.jpg,Authentic,,0.0001,0.2413,0.5,10,0.82,2.25,1.46,3.29,131.27,27.55,142.22,159.44
authentic\55551.jpg,Authentic,,0.0067,0.2916,1.29,17,1.58,12.55,7.77,11.43,2874.38,74.75,2911.42,1990.83
authentic\55606.jpg,Authentic,,0.0001,0.4052,0.4,14,0.84,3.99,2.57,6.64,606.82,36.15,544.05,831.6
authentic\55682.jpg,Authentic,,0.0178,0.1259,0.71,19,1.23,7.5,4.56,9.94,1390.8,57.07,1402.03,2016.04
authentic\55705.jpg,Authentic,,0.0001,0.2595,0.7,14,1.0,4.24,2.34,4.36,254.41,38.03,217.66,195.45
authentic\55707.jpg,Authentic,,0.0006,0.3097,0.33,6,0.62,2.94,1.5,3.02,102.6,28.25,97.26,117.65
authentic\55744.jpg,Authentic,,0.0008,0.3618,0.47,14,0.98,5.93,3.47,9.31,1247.72,48.85,1219.29,2023.36
authentic\55752.jpg,Authentic,,0.0,0.2088,0.91,16,1.24,11.55,5.75,9.58,1423.3,86.04,1478.3,1209.86
authentic\55762.jpg,Authentic,,0.0011,0.4231,0.82,22,1.35,9.04,4.16,7.3,848.7,56.82,885.34,951.16
authentic\55791.jpg,Authentic,,0.0,0.3456,0.71,14,1.1,6.31,3.7,7.48,789.43,54.38,811.68,852.96
authentic\55809.jpg,Authentic,,0.0005,0.2634,0.54,13,0.95,6.19,2.54,5.86,479.34,43.68,441.75,684.97
authentic\55810.jpg,Authentic,,0.0,0.266,1.15,19,1.42,13.61,8.25,12.44,2996.2,86.93,3020.14,2210.13
authentic\55828.jpg,Authentic,,0.0084,0.0951,0.96,12,1.08,16.6,9.17,11.45,2429.22,119.54,2482.9,1596.29
authentic\55854.jpg,Authentic,,0.0035,0.4247,0.59,14,0.91,5.26,2.56,5.34,382.36,46.53,388.17,500.86
authentic\55866.jpg,Authentic,,0.0062,0.199,0.73,13,0.93,10.66,5.16,8.06,838.03,78.46,853.22,702.55
authentic\55878.jpg,Authentic,,0.0,0.2696,0.84,12,1.01,9.1,4.71,6.44,719.82,62.31,915.99,928.91
authentic\55901.jpg,Authentic,,0.0004,0.5254,0.45,21,0.87,6.17,3.09,6.9,609.81,47.88,622.37,830.02
authentic\55905.jpg,Authentic,,0.0538,0.288,1.02,26,1.18,7.45,4.3,8.48,1028.21,75.93,1061.65,1423.38
authentic\55929.jpg,Authentic,,0.0,0.2462,0.95,18,1.22,8.89,4.61,8.19,1124.42,68.26,1078.02,1170.24
authentic\55942.jpg,Authentic,,0.0001,0.3774,0.39,9,0.7,3.41,2.0,4.37,257.81,32.67,263.1,271.87
authentic\55975.jpg,Authentic,,0.0031,0.1767,1.19,11,1.16,17.04,8.55,8.83,2126.3,87.79,2150.22,1094.55
authentic\55995.jpg,Authentic,,0.5876,0.1221,0.41,5,0.57,8.3,3.44,4.19,231.55,69.95,279.29,151.59
authentic\56028.jpg,Authentic,,0.0001,0.25,0.78,20,1.3,4.96,2.65,5.58,402.07,42.74,363.91,483.85
authentic\56047.jpg,Authentic,,0.1831,0.3069,1.25,47,2.65,7.48,2.89,4.48,278.74,57.07,291.03,244.03
authentic\56086.jpg,Authentic,,0.6253,0.0259,0.39,11,0.75,1.5,0.67,2.2,55.55,13.71,59.07,105.56
authentic\56115.jpg,Authentic,,0.0,0.4267,0.53,12,0.91,4.78,2.83,6.04,532.03,41.66,554.34,503.93
authentic\56117.jpg,Authentic,,0.0,0.4378,0.78,25,1.3,7.48,3.47,6.28,464.37,57.63,532.36,513.27
authentic\56127.jpg,Authentic,,0.0002,0.4202,0.83,13,1.11,14.61,7.09,10.27,2101.28,86.33,2161.7,2076.5
authentic\56133.jpg,Authentic,,0.0001,0.1978,1.18,16,1.32,12.55,6.39,8.26,1273.84,83.31,1306.2,695.49
authentic\56185.jpg,Authentic,,0.0002,0.2437,1.13,31,1.36,16.32,9.37,11.98,2726.45,113.6,2786.83,1660.09
authentic\56189.jpg,Authentic,,0.0002,0.2956,0.47,27,0.94,3.71,2.32,5.75,481.39,37.31,503.34,824.17
authentic\56197.jpg,Authentic,,0.0,0.1061,0.73,14,0.97,9.04,4.75,7.41,958.58,60.03,963.52,750.26
authentic\56286.jpg,Authentic,,0.0,0.3399,0.96,16,1.36,11.71,5.98,10.44,1977.89,66.52,2011.81,1608.89
authentic\56289.jpg,Authentic,,0.0001,0.3821,1.68,27,2.24,13.85,7.41,10.53,1667.27,101.19,1724.82,1038.24
authentic\56294.jpg,Authentic,,0.0025,0.1905,0.64,10,0.83,6.92,3.34,4.55,319.07,58.27,322.94,208.15
authentic\56307.jpg,Authentic,,0.0,0.0,0.57,17,1.18,6.0,3.56,8.87,1453.83,38.51,1495.49,1727.16
authentic\56340.jpg,Authentic,,0.0002,0.1121,0.62,9,0.78,10.06,4.14,4.88,445.35,65.73,431.32,347.5
authentic\56345.jpg,Authentic,,0.0,0.2061,1.16,16,1.33,13.79,7.28,10.39,2040.43,84.71,2060.93,1791.8
authentic\56370.jpg,Authentic,,0.0,0.2385,0.8,11,1.0,12.27,5.41,7.49,982.38,70.98,980.24,677.64
authentic\56403.jpg,Authentic,,0.0,0.1813,0.68,16,1.12,6.97,3.49,7.9,1165.01,55.25,1152.97,2918.64
authentic\56406.jpg,Authentic,,0.001,0.3452,0.56,16,0.96,4.12,2.12,4.77,367.23,33.38,368.11,578.6
authentic\56407.jpg,Authentic,,0.0001,0.3283,0.59,11,0.91,5.73,3.54,7.49,791.68,47.64,966.91,1203.4
authentic\56449.jpg,Authentic,,0.0,0.3052,0.73,16,1.11,7.43,3.44,6.84,624.53,57.48,645.88,696.71
authentic\56452.jpg,Authentic,,0.0034,0.239,0.66,11,0.9,8.6,3.96,5.81,566.78,64.33,580.21,501.27
authentic\56466.jpg,Authentic,,0.0001,0.2755,0.71,14,1.01,9.31,4.78,7.82,1037.0,63.05,1051.82,1095.51
authentic\56503.jpg,Authentic,,0.0003,0.2207,0.96,15,1.19,11.76,5.26,8.19,1055.58,86.46,1028.11,771.35
authentic\56505.jpg,Authentic,,0.0,0.2696,1.27,29,1.62,13.79,7.15,10.35,1665.84,99.13,1726.87,1068.81
authentic\56506.jpg,Authentic,,0.0002,0.2534,0.46,14,0.77,7.52,3.47,6.65,558.96,67.06,562.55,738.83
authentic\56509.jpg,Authentic,,0.0248,0.202,0.82,13,0.97,7.02,3.44,4.14,330.43,49.38,352.48,265.57
authentic\56547.jpg,Authentic,,0.0001,0.2895,0.63,14,1.04,6.95,3.5,6.84,729.17,43.15,746.78,1043.24
authentic\56603.jpg,Authentic,,0.0,0.4506,0.46,10,0.83,4.39,2.57,6.12,535.6,38.62,547.71,871.82
authentic\56646.jpg,Authentic,,0.008,0.0774,0.37,5,0.53,2.8,2.34,2.74,129.11,36.34,126.5,79.47
authentic\56669.jpg,Authentic,,0.0006,0.1316,0.36,9,0.65,1.46,1.24,2.79,105.61,23.24,93.44,243.22
authentic\56670.jpg,Authentic,,0.0001,0.2825,0.69,13,0.94,5.2,2.75,5.62,422.35,49.98,432.21,768.21
authentic\56696.jpg,Authentic,,0.0044,0.205,0.43,9,0.77,4.32,2.24,5.05,323.95,35.37,320.09,398.03
authentic\56703.jpg,Authentic,,0.0002,0.2538,0.38,10,0.7,2.53,1.84,4.47,256.4,31.96,262.86,296.76
authentic\56719.jpg,Authentic,,0.0,0.356,0.8,15,1.17,7.79,3.45,6.54,605.01,55.34,541.77,553.44
authentic\56766.jpg,Authentic,,0.0,0.1778,0.82,11,1.02,11.69,6.47,9.23,1440.69,79.72,1440.0,1096.77
authentic\56785.jpg,Authentic,,0.0,0.0952,0.59,22,0.86,4.93,3.25,4.94,462.42,38.21,463.71,1057.92
authentic\56799.jpg,Authentic,,0.0002,0.207,0.57,13,0.87,9.41,3.42,5.41,379.38,62.01,397.93,327.06
authentic\56823.jpg,Authentic,,0.0001,0.2305,0.44,11,0.76,4.02,1.95,4.24,211.96,36.05,197.75,319.39
authentic\56838.jpg,Authentic,,0.0055,0.2444,0.54,12,0.91,5.51,2.32,4.85,378.08,34.24,371.1,550.53
authentic\56928.jpg,Authentic,,0.005,0.4138,0.52,17,0.98,6.13,2.78,6.5,565.17,43.35,508.25,624.25
authentic\56972.jpg,Authentic,,0.0,0.2715,0.78,12,1.01,8.05,4.25,6.91,710.96,59.94,706.77,537.74
authentic\56993.jpg,Authentic,,0.0001,0.1635,0.46,10,0.75,2.86,1.56,3.3,132.25,34.23,135.56,194.25
authentic\57011.jpg,Authentic,,0.0,0.1827,1.0,18,1.2,14.29,6.98,9.14,1568.49,80.81,1629.76,790.44
authentic\57066.jpg,Authentic,,0.0001,0.2521,0.72,24,1.18,4.73,2.47,6.04,455.75,45.63,493.15,463.29
authentic\57095.jpg,Authentic,,0.0221,0.1096,0.36,4,0.51,3.71,2.44,2.97,125.92,45.59,123.43,82.77
authentic\57117.jpg,Authentic,,0.0,0.193,0.71,16,1.02,7.47,4.05,7.48,949.16,55.0,978.9,1327.69
authentic\57176.jpg,Authentic,,0.0,0.2578,0.82,17,1.31,9.59,6.94,12.82,2675.79,78.64,2713.92,2624.16
authentic\57204.jpg,Authentic,,0.003,0.4023,0.64,13,0.98,3.63,1.81,3.78,201.95,27.88,203.39,281.48
authentic\57211.jpg,Authentic,,0.0001,0.4827,0.79,20,1.52,10.07,6.79,14.01,3875.83,64.12,3910.27,5144.03
authentic\57235.jpg,Authentic,,0.0,0.3579,0.72,14,1.1,5.41,4.55,9.29,1999.35,46.75,1723.04,3883.91
authentic\57276.jpg,Authentic,,0.0088,0.2662,0.81,13,1.03,5.55,2.86,3.63,213.72,46.93,208.21,170.35
authentic\57303.jpg,Authentic,,0.0046,0.1138,0.33,20,0.84,3.21,1.85,5.39,417.94,38.17,431.77,1117.74
authentic\57331.jpg,Authentic,,0.0001,0.427,0.73,13,1.11,9.13,4.7,8.74,1273.27,57.02,1290.35,1391.6
authentic\57347.jpg,Authentic,,0.0004,0.1309,1.31,14,1.39,20.78,9.69,11.34,2891.0,122.49,2937.65,2306.45
authentic\57360.jpg,Authentic,,0.0,0.1723,0.87,14,1.06,11.07,5.8,8.14,1061.75,76.87,1082.96,658.39
authentic\57376.jpg,Authentic,,0.0,0.0989,1.16,12,1.15,27.65,8.7,8.78,1868.76,107.29,1884.45,748.3
authentic\57406.jpg,Authentic,,0.0,0.2447,1.04,17,1.25,12.72,6.47,9.59,1676.68,78.54,1705.54,1558.12
authentic\57428.jpg,Authentic,,0.0001,0.3629,0.8,11,1.17,10.71,5.93,9.74,1680.82,68.91,1682.64,1611.45
authentic\57457.jpg,Authentic,,0.0001,0.3499,0.48,17,0.83,4.01,1.89,4.16,186.41,41.16,189.04,196.15
authentic\57501.jpg,Authentic,,0.0,0.0905,1.26,13,1.21,11.02,5.27,5.86,887.27,62.97,986.55,1042.29
authentic\57579.jpg,Authentic,,0.0815,0.3392,0.49,11,0.76,3.73,2.26,3.95,227.29,35.82,230.79,200.27
authentic\57650.jpg,Authentic,,0.0,0.437,0.82,20,1.26,7.1,4.59,10.3,1572.67,63.32,1552.93,2159.49
authentic\57661.jpg,Authentic,,0.0001,0.2435,0.94,32,1.65,8.29,4.28,8.23,944.99,57.83,949.95,1041.57
authentic\57665.jpg,Authentic,,0.0002,0.0664,0.35,16,0.9,2.42,2.35,9.76,1538.29,24.09,1389.16,3658.35
authentic\57698.jpg,Authentic,,0.0001,0.0988,0.48,7,0.7,2.16,1.8,2.55,97.22,29.27,101.1,59.47
authentic\57808.jpg,Authentic,,0.0,0.334,0.44,12,0.81,3.66,2.2,5.45,479.61,32.3,472.13,681.5
authentic\57813.jpg,Authentic,,0.001,0.1608,0.79,12,0.93,11.06,5.61,7.09,878.12,75.45,842.59,550.94
authentic\57904.jpg,Authentic,,0.0002,0.3296,0.86,19,1.28,8.64,4.52,7.89,999.8,62.64,931.38,1009.53
authentic\57958.jpg,Authentic,,0.0001,0.2155,1.32,13,1.37,23.81,9.78,10.64,3009.05,106.4,3305.81,2084.4
authentic\57969.jpg,Authentic,,0.0,0.1974,1.11,17,1.25,15.05,6.79,7.89,1485.07,82.63,1543.6,1125.18
authentic\57974.jpg,Authentic,,0.0016,0.13,0.34,11,0.72,1.95,1.67,5.67,367.2,24.73,325.19,535.98
authentic\57988.jpg,Authentic,,0.0,0.3326,0.93,22,1.28,10.84,6.27,9.95,1775.85,71.06,1567.72,1255.45
authentic\57996.jpg,Authentic,,0.0071,0.1762,0.56,9,0.77,3.04,2.39,3.41,172.55,39.47,179.41,155.13
authentic\58022.jpg,Authentic,,0.0004,0.3901,0.72,16,1.08,7.79,4.28,8.25,1119.41,52.04,1142.12,1358.41
authentic\58068.jpg,Authentic,,0.0,0.1652,0.5,15,0.78,2.61,2.12,3.08,153.22,35.94,154.6,159.24
authentic\58079.jpg,Authentic,,0.0003,0.0989,1.32,14,1.38,19.4,9.3,9.68,2376.63,109.61,2420.35,1619.9
authentic\58220.jpg,Authentic,,0.0,0.2461,1.04,20,1.36,14.44,6.96,10.17,2074.77,82.82,2074.85,1994.91
authentic\58256.jpg,Authentic,,0.0009,0.1815,0.54,9,0.8,6.2,2.56,4.17,227.34,42.77,216.32,211.8
authentic\58329.jpg,Authentic,,0.0001,0.257,0.46,11,0.81,3.96,2.26,5.48,389.91,41.91,375.61,540.11
authentic\58359.jpg,Authentic,,0.0001,0.2757,0.72,16,1.02,9.31,4.78,7.82,1036.17,63.06,1051.02,1094.86
authentic\58400.jpg,Authentic,,0.0,0.415,0.63,19,0.97,8.54,4.55,7.63,861.52,58.01,812.25,698.63
authentic\58424.jpg,Authentic,,0.0025,0.2787,0.52,10,0.84,4.56,2.06,4.13,256.26,34.93,262.01,399.07
authentic\58540.jpg,Authentic,,0.0012,0.2059,0.82,15,1.04,8.9,4.22,7.14,776.47,63.74,812.42,699.97
authentic\58673.jpg,Authentic,,0.0001,0.2378,1.26,21,1.44,15.24,8.44,10.6,2430.56,94.03,2255.62,1536.64
authentic\58705.jpg,Authentic,,0.0,0.0152,0.28,12,0.66,1.69,1.41,4.48,241.91,18.91,248.39,472.49
authentic\58742.jpg,Authentic,,0.0,0.3685,0.71,16,1.09,6.44,2.83,5.53,443.13,40.27,450.95,433.86
authentic\58761.jpg,Authentic,,0.0,0.1043,0.44,8,0.71,3.18,1.56,2.69,83.73,31.74,89.22,48.99
authentic\58767.jpg,Authentic,,0.0025,0.3314,0.6,18,1.07,4.89,2.84,6.35,602.88,38.03,624.76,542.43
authentic\58768.jpg,Authentic,,0.381,0.4067,1.21,16,1.55,16.19,8.69,12.05,3955.03,87.54,3666.44,3509.07
authentic\58785.jpg,Authentic,,0.1232,0.1687,0.24,5,0.46,3.43,1.7,3.43,109.8,38.14,117.71,114.58
authentic\58867.jpg,Authentic,,0.0004,0.4696,0.58,12,1.03,8.69,4.7,10.3,1524.47,58.16,1551.86,2714.81
authentic\58894.jpg,Authentic,,0.0049,0.3506,0.4,13,0.8,3.4,1.94,5.33,409.26,29.66,377.09,443.64
authentic\58955.jpg,Authentic,,0.0004,0.1307,0.68,12,0.9,5.81,2.72,4.0,188.6,54.32,213.82,241.36
authentic\58964.jpg,Authentic,,0.0004,0.3052,0.4,11,0.76,3.29,1.69,3.98,215.42,26.31,220.87,280.42
authentic\58969.jpg,Authentic,,0.0003,0.2975,1.45,37,1.72,13.59,7.58,11.26,2407.19,91.99,2455.12,1803.8
authentic\58994.jpg,Authentic,,0.0,0.216,0.82,15,1.07,9.97,4.85,7.57,939.1,66.4,974.87,543.9
authentic\59066.jpg,Authentic,,0.0064,0.1348,0.32,6,0.56,3.83,2.21,4.11,215.03,39.53,201.49,253.35
authentic\59099.jpg,Authentic,,0.0,0.1643,1.57,26,1.64,22.42,10.8,11.82,3622.8,124.11,3668.76,1592.2
authentic\59119.jpg,Authentic,,0.0003,0.2968,0.54,13,0.9,5.38,2.53,5.0,353.18,41.57,321.24,373.05
authentic\59135.jpg,Authentic,,0.0,0.1145,0.39,11,0.77,3.82,1.67,3.76,176.13,29.82,174.31,301.19
authentic\59141.jpg,Authentic,,0.0002,0.2557,1.09,19,1.4,7.99,3.83,6.73,626.01,56.95,642.11,575.91
authentic\59143.jpg,Authentic,,0.0002,0.3457,0.8,18,1.42,8.41,4.17,8.48,993.11,63.86,1089.15,1234.96
authentic\59163.jpg,Authentic,,0.0005,0.2371,1.79,22,1.82,23.74,12.94,14.41,6402.63,123.99,6357.75,4605.69
authentic\59220.jpg,Authentic,,0.0,0.183,1.31,20,1.43,19.22,10.77,13.43,3284.7,128.04,3333.37,1832.68
authentic\59234.jpg,Authentic,,0.0006,0.1875,0.49,12,0.94,4.96,2.52,5.97,520.48,34.52,531.13,666.37
authentic\59239.jpg,Authentic,,0.0143,0.2641,0.38,8,0.67,3.07,1.87,3.52,165.93,29.85,159.47,144.85
authentic\59241.jpg,Authentic,,0.0,0.4032,0.44,9,0.79,3.03,1.76,3.89,178.48,30.76,169.55,194.39
authentic\59245.jpg,Authentic,,0.0003,0.241,0.47,9,0.75,3.26,2.0,3.69,210.71,31.74,190.16,233.75
authentic\59270.jpg,Authentic,,0.0002,0.1698,0.61,23,0.87,8.74,4.97,7.82,815.5,63.78,843.27,524.43
authentic\59316.jpg,Authentic,,0.0,0.3453,0.68,26,1.11,5.24,3.17,8.22,1059.74,48.72,1050.82,2443.1
authentic\59322.jpg,Authentic,,0.9995,0.0167,0.28,13,0.81,4.04,1.71,5.13,326.83,23.27,331.76,582.62
authentic\59323.jpg,Authentic,,0.0,0.2855,0.49,10,0.82,3.92,2.16,4.79,308.65,35.26,312.28,460.88
authentic\59346.jpg,Authentic,,0.0003,0.2833,0.42,8,0.66,4.06,2.54,3.72,250.32,34.07,229.03,296.71
authentic\59348.jpg,Authentic,,0.0,0.1429,1.23,18,1.5,15.84,8.77,11.87,2795.27,104.59,3109.42,2134.01
authentic\59355.jpg,Authentic,,0.0043,0.2374,0.75,12,0.99,8.25,5.07,7.47,951.31,70.25,988.54,1250.75
authentic\59385.jpg,Authentic,,0.0001,0.2864,0.39,10,0.73,1.63,1.51,2.76,95.6,26.39,97.01,86.37
authentic\59447.jpg,Authentic,,0.001,0.2034,0.43,13,0.76,3.76,2.68,5.88,492.6,38.6,513.61,556.04
authentic\59500.jpg,Authentic,,0.0002,0.2718,0.77,13,0.99,9.21,5.29,7.41,823.72,74.15,815.15,462.53
authentic\59506.jpg,Authentic,,0.0001,0.1873,0.45,11,0.9,6.4,3.18,6.94,836.31,39.99,903.46,1315.01
authentic\59508.jpg,Authentic,,0.0055,0.3474,0.35,10,0.76,3.42,1.78,5.04,335.51,27.05,336.64,477.72
authentic\59513.jpg,Authentic,,0.0031,0.4044,0.81,15,1.19,11.37,4.0,6.49,777.23,49.23,726.7,713.72
authentic\59542.jpg,Authentic,,0.0,0.5193,0.47,11,0.88,3.95,2.77,6.88,708.66,40.02,646.22,619.75
authentic\59577.jpg,Authentic,,0.0,0.2516,0.49,8,0.75,5.22,2.35,4.2,188.82,44.47,201.45,152.0
authentic\59583.jpg,Authentic,,0.0,0.1326,0.84,11,0.92,9.42,5.16,5.73,664.42,67.35,653.62,367.47
authentic\59598.jpg,Authentic,,0.0872,0.1176,0.33,8,0.61,2.49,1.39,2.9,111.51,29.1,103.11,206.29
authentic\59599.jpg,Authentic,,0.0,0.486,1.04,20,1.62,10.95,5.16,9.31,1717.61,64.81,1649.92,2100.46
authentic\59634.jpg,Authentic,,0.0095,0.2005,0.48,11,0.81,3.71,1.97,4.88,283.35,42.91,310.15,520.69
authentic\59668.jpg,Authentic,,0.0002,0.0175,0.16,10,0.55,1.26,0.95,5.06,315.77,13.39,321.26,904.94
authentic\59669.jpg,Authentic,,0.0008,0.1442,0.33,9,0.68,2.93,1.69,4.04,219.76,25.92,223.32,254.06
authentic\59687.jpg,Authentic,,0.0238,0.2596,1.39,23,1.58,20.1,10.28,13.02,3527.67,129.61,3644.15,2793.74
authentic\59712.jpg,Authentic,,0.0,0.2711,0.48,10,0.8,4.32,2.77,5.5,400.51,43.64,388.79,336.27
authentic\59716.jpg,Authentic,,0.0002,0.4504,0.75,20,1.13,7.2,4.19,7.51,875.89,57.59,792.36,732.33
authentic\59771.jpg,Authentic,,0.0,0.4208,0.76,18,1.2,5.7,3.26,7.06,836.95,43.78,845.9,1043.58
authentic\59827.jpg,Authentic,,0.0001,0.2582,0.5,25,0.97,3.72,2.07,4.66,281.16,37.34,255.3,300.59
authentic\59833.jpg,Authentic,,0.0,0.2835,0.38,8,0.69,2.91,1.53,3.58,138.03,30.61,144.08,157.2
authentic\59838.jpg,Authentic,,0.0,0.365,0.49,12,0.88,4.37,2.26,5.39,438.75,33.8,433.39,327.84
authentic\59851.jpg,Authentic,,0.0002,0.4676,0.61,15,1.03,5.91,3.7,8.33,1053.86,47.6,951.34,1314.13
authentic\59890.jpg,Authentic,,0.0001,0.2499,0.41,13,0.74,2.39,1.35,3.03,96.51,25.89,99.54,89.72
authentic\59894.jpg,Authentic,,0.0,0.1001,0.54,8,0.8,3.81,1.79,3.1,108.16,37.81,117.32,102.86
authentic\59938.jpg,Authentic,,0.0001,0.58,0.76,22,1.28,5.78,3.66,7.86,867.68,43.15,828.73,824.52
authentic\59939.jpg,Authentic,,0.0,0.2899,1.08,24,1.49,14.66,8.82,14.08,3075.66,103.51,3189.06,1881.66
authentic\59949.jpg,Authentic,,0.0001,0.2572,1.3,18,1.49,17.08,8.95,11.91,3121.26,109.4,3523.12,3101.16
authentic\59963.jpg,Authentic,,0.0012,0.2739,0.34,7,0.59,3.1,1.77,3.34,127.68,33.29,140.45,125.29
authentic\59993.jpg,Authentic,,0.0,0.3797,0.55,16,1.12,5.46,3.44,8.17,871.23,48.05,848.47,1555.0
authentic\60118.jpg,Authentic,,0.0001,0.2357,0.42,14,0.77,3.95,2.18,4.56,275.41,34.56,286.04,316.08
authentic\60121.jpg,Authentic,,0.0001,0.104,1.07,18,1.21,15.52,7.93,9.74,1926.81,92.59,1967.89,867.91
authentic\60140.jpg,Authentic,,0.0001,0.2656,0.4,10,0.84,3.37,2.87,7.82,726.69,41.96,751.45,599.47
authentic\60264.jpg,Authentic,,0.0001,0.3394,0.49,16,0.86,5.4,3.22,7.83,764.4,42.88,664.91,896.27
authentic\60268.jpg,Authentic,,0.0128,0.2329,0.94,12,1.19,9.68,4.58,6.31,726.85,70.96,736.53,694.94
authentic\60279.jpg,Authentic,,0.001,0.3376,0.81,16,1.28,8.71,5.95,12.13,2733.36,74.03,2729.98,2979.73
authentic\60329.jpg,Authentic,,0.0016,0.2267,0.32,6,0.6,2.0,1.14,2.15,44.01,28.21,41.71,37.29
authentic\60376.jpg,Authentic,,0.0,0.1187,1.53,17,1.54,23.74,10.18,10.75,3239.55,109.45,3287.43,1299.11
authentic\60407.jpg,Authentic,,0.0001,0.3908,0.53,18,0.91,4.04,2.39,4.67,327.91,35.5,331.34,425.51
authentic\60412.jpg,Authentic,,0.0,0.2434,0.66,18,1.07,6.38,3.62,7.46,884.23,56.45,827.33,919.95
authentic\60430.jpg,Authentic,,0.0,0.5586,0.69,18,1.13,7.76,4.42,9.25,1329.16,55.52,1355.5,1599.72
authentic\60503.jpg,Authentic,,0.0001,0.2051,0.43,7,0.69,4.52,1.99,3.78,146.21,39.46,136.19,154.39
authentic\60542.jpg,Authentic,,0.0,0.2622,0.67,20,1.01,7.0,3.61,6.14,510.79,55.84,501.76,578.42
authentic\60557.jpg,Authentic,,0.0,0.3825,0.52,10,0.82,7.3,4.93,9.25,1169.73,57.55,1040.12,1239.54
authentic\60574.jpg,Authentic,,0.0006,0.2339,1.24,13,1.46,20.43,12.26,14.91,4920.83,137.09,4546.14,4205.68
authentic\60622.jpg,Authentic,,0.0003,0.1749,0.49,10,0.8,7.99,3.24,5.77,464.26,50.48,445.97,391.15
authentic\60632.jpg,Authentic,,0.0001,0.2048,0.52,12,0.81,5.8,2.95,5.04,424.5,42.54,425.58,445.48
authentic\60651.jpg,Authentic,,0.0004,0.206,0.59,17,1.24,7.0,3.85,9.42,1429.5,43.57,1428.46,1688.11
authentic\60661.jpg,Authentic,,0.0001,0.1584,0.76,16,0.98,11.62,5.59,7.91,1087.61,69.6,1012.55,974.9
authentic\60666.jpg,Authentic,,0.0006,0.2071,0.5,13,0.93,3.1,2.74,8.4,787.98,41.34,808.07,1589.06
authentic\60704.jpg,Authentic,,0.0,0.1989,1.39,17,1.51,15.19,7.43,9.51,1764.02,93.39,1659.13,1492.53
authentic\60708.jpg,Authentic,,0.0002,0.1009,0.4,15,0.85,3.37,1.77,5.23,388.78,31.13,337.72,741.19
authentic\60785.jpg,Authentic,,0.0,0.3187,0.47,18,0.88,3.16,1.65,3.39,159.3,25.08,175.84,210.31
authentic\60788.jpg,Authentic,,0.0,0.1704,0.66,11,0.87,6.18,3.42,5.03,425.08,48.71,424.14,443.08
authentic\60836.jpg,Authentic,,0.0006,0.0773,0.78,10,0.97,5.04,2.31,3.24,140.0,45.91,140.25,125.7
authentic\60910.jpg,Authentic,,0.0003,0.2784,0.53,10,0.77,5.37,2.95,4.91,295.58,46.77,283.66,205.89
authentic\60912.jpg,Authentic,,0.0001,0.3239,0.74,21,1.27,6.67,4.28,9.31,1193.93,50.35,1103.97,2051.71
authentic\60958.jpg,Authentic,,0.0,0.119,0.56,13,0.81,2.64,1.56,3.34,140.51,34.53,129.49,225.49
authentic\61017.jpg,Authentic,,0.0002,0.367,0.55,11,0.96,10.02,4.04,7.5,829.87,60.62,807.82,893.98
authentic\61025.jpg,Authentic,,0.0,0.1362,1.21,26,1.49,12.35,5.63,7.54,865.5,83.76,876.77,659.92
authentic\61032.jpg,Authentic,,0.0799,0.4467,0.39,10,0.83,4.93,2.34,6.02,494.33,32.73,510.74,696.34
authentic\61060.jpg,Authentic,,0.0,0.1941,0.91,20,1.12,8.5,5.47,8.41,1158.16,73.74,1179.44,1227.48
authentic\61074.jpg,Authentic,,0.0002,0.3523,0.93,13,1.2,12.63,8.6,13.04,2692.82,108.98,2802.61,1891.8
authentic\61101.jpg,Authentic,,0.0,0.1276,1.05,22,1.35,14.42,8.45,12.37,2587.16,102.44,2612.98,1299.13
authentic\61136.jpg,Authentic,,0.0003,0.466,0.75,15,1.33,8.68,6.1,12.95,3014.54,68.17,2823.31,3339.39
authentic\61174.jpg,Authentic,,0.0073,0.2518,1.47,28,1.72,17.68,9.62,12.69,2751.56,122.65,2758.62,1634.42
authentic\61190.jpg,Authentic,,0.0002,0.1389,1.42,25,1.69,17.45,9.59,11.58,2498.82,117.16,2618.65,1160.41
authentic\61213.jpg,Authentic,,0.0,0.129,1.2,30,1.36,14.24,6.81,7.73,1478.05,75.58,1502.43,1034.66
authentic\61253.jpg,Authentic,,0.001,0.2382,0.69,11,0.95,7.71,4.34,7.11,815.49,54.88,869.01,706.69
authentic\61270.jpg,Authentic,,0.2348,0.3785,0.71,16,1.11,6.85,4.97,10.19,1303.55,67.29,1189.81,1195.24
authentic\61274.jpg,Authentic,,0.3808,0.2211,0.43,18,0.85,3.79,2.25,4.22,250.31,30.44,257.39,328.92
authentic\61283.jpg,Authentic,,0.006,0.2234,0.4,7,0.67,3.32,1.67,3.16,108.92,34.55,115.41,110.54
authentic\61328.jpg,Authentic,,0.0005,0.2035,0.49,8,0.76,3.88,1.88,3.71,178.51,34.06,160.34,218.25
authentic\61350.jpg,Authentic,,0.0001,0.3229,0.67,15,1.11,8.22,4.65,9.25,1269.74,60.02,1294.02,1830.26
authentic\61407.jpg,Authentic,,0.0,0.4595,0.59,17,1.08,6.81,3.89,8.14,856.22,50.76,885.06,818.64
authentic\61420.jpg,Authentic,,0.0077,0.2335,0.37,6,0.68,2.69,1.4,2.73,86.68,25.21,92.22,88.41
authentic\61422.jpg,Authentic,,0.3148,0.0792,0.59,7,0.71,7.05,4.45,5.45,451.02,65.23,465.18,263.46
authentic\61424.jpg,Authentic,,0.0,0.2346,0.9,15,1.08,9.88,4.67,7.03,682.27,74.25,692.45,542.42
authentic\61448.jpg,Authentic,,0.0,0.2057,1.92,24,2.0,19.63,18.12,23.05,11912.05,175.98,10752.55,8252.55
authentic\61462.jpg,Authentic,,0.0,0.4387,0.51,17,0.97,5.51,2.37,4.99,358.06,36.33,328.85,418.47
authentic\61575.jpg,Authentic,,0.0001,0.2545,0.31,11,0.73,3.21,1.7,4.7,310.62,25.41,315.12,594.86
authentic\61586.jpg,Authentic,,0.0,0.4177,0.42,8,0.7,3.53,1.83,3.17,133.15,33.6,135.84,132.48
authentic\61612.jpg,Authentic,,0.0001,0.1917,1.08,13,1.19,16.97,8.11,9.83,1981.22,93.31,2007.6,1324.29
authentic\61620.jpg,Authentic,,0.0003,0.061,0.57,23,1.12,7.44,2.84,6.6,599.68,43.45,544.46,1209.37
authentic\61636.jpg,Authentic,,0.0001,0.3338,0.56,11,0.83,4.43,3.41,5.71,532.35,42.16,531.87,767.73
authentic\61756.jpg,Authentic,,0.0181,0.4073,0.73,15,1.16,7.4,3.81,8.11,970.25,59.11,907.33,998.8
authentic\61768.jpg,Authentic,,0.0,0.1504,0.41,11,0.74,4.48,2.19,4.45,227.34,40.12,236.07,347.26
authentic\61874.jpg,Authentic,,0.0,0.2532,0.43,14,0.85,4.8,2.17,5.35,349.95,36.64,323.58,490.25
authentic\61953.jpg,Authentic,,0.0002,0.2908,1.06,19,1.35,11.29,5.15,8.4,1189.96,80.77,1223.91,1426.22
authentic\62163.jpg,Authentic,,0.0,0.4175,1.09,31,2.2,6.19,5.3,12.88,2656.23,59.51,2455.23,4242.14
authentic\62206.jpg,Authentic,,0.0778,0.0333,0.04,10,0.22,0.14,0.2,1.26,15.99,3.16,16.1,71.11
authentic\62207.jpg,Authentic,,0.0008,0.3154,0.57,15,0.83,4.19,2.38,3.64,185.61,42.93,169.53,133.93
authentic\62238.jpg,Authentic,,0.0012,0.2596,0.95,18,1.25,11.81,4.88,6.96,856.78,76.28,781.29,1006.6
authentic\62244.jpg,Authentic,,0.0,0.1283,1.73,19,1.61,27.2,12.97,13.14,4721.64,136.97,4795.25,1783.29
authentic\62278.jpg,Authentic,,0.0005,0.1308,0.79,13,1.17,10.75,5.56,9.47,1442.7,77.66,1493.63,1650.48
authentic\62328.jpg,Authentic,,0.0,0.2206,0.85,17,1.27,10.45,5.42,9.21,1583.5,62.16,1614.04,1821.75
authentic\62425.jpg,Authentic,,0.0001,0.2017,1.06,15,1.32,14.05,7.82,11.04,2315.99,91.73,2310.13,1411.56
authentic\62557.jpg,Authentic,,0.0001,0.2275,0.56,9,0.79,4.13,2.0,3.38,158.38,41.63,167.25,183.11
authentic\62579.jpg,Authentic,,0.0032,0.4399,0.55,11,0.91,4.59,2.69,7.09,671.05,40.54,635.85,1568.65
authentic\62585.jpg,Authentic,,0.0,0.2807,0.61,12,0.88,9.01,3.35,6.08,500.92,67.15,524.05,488.33
authentic\62638.jpg,Authentic,,0.0048,0.1839,1.45,15,1.48,17.08,9.52,10.5,3773.78,86.63,3839.19,3178.43
authentic\62643.jpg,Authentic,,0.006,0.3194,0.73,14,1.09,10.36,4.86,8.56,1394.03,60.25,1415.53,1463.04
authentic\62680.jpg,Authentic,,0.001,0.2453,0.39,8,0.69,2.99,2.75,6.49,446.39,35.31,452.52,487.64
authentic\62755.jpg,Authentic,,0.0,0.2304,0.81,12,1.01,6.98,2.58,3.13,124.35,61.21,137.82,96.93
authentic\62788.jpg,Authentic,,0.0073,0.1269,0.48,8,0.73,2.68,1.76,3.18,115.57,34.6,136.59,148.5
authentic\62791.jpg,Authentic,,0.0004,0.1232,0.8,13,1.04,11.97,5.83,8.77,1459.98,84.55,1447.34,1433.72
authentic\62881.jpg,Authentic,,0.0001,0.2198,0.52,13,0.87,6.07,3.2,6.82,594.33,52.3,612.92,695.48
authentic\62892.jpg,Authentic,,0.0537,0.2165,1.14,11,1.22,15.12,6.81,8.26,1554.13,78.3,1720.02,898.75
authentic\62898.jpg,Authentic,,0.0023,0.1497,0.6,18,0.96,4.98,2.68,5.48,426.87,54.46,436.29,900.95
authentic\62913.jpg,Authentic,,0.001,0.2867,0.55,10,0.82,7.78,3.71,5.99,564.12,49.12,579.24,477.54
authentic\62977.jpg,Authentic,,0.0572,0.2372,0.72,25,1.33,11.43,5.44,10.5,2073.54,55.28,2112.05,2350.85
authentic\63103.jpg,Authentic,,0.0002,0.1468,1.02,19,1.31,12.14,6.19,8.94,1478.94,80.79,1515.87,1275.06
authentic\63142.jpg,Authentic,,0.0,0.2515,0.53,9,0.8,4.85,2.95,5.29,373.07,48.21,382.09,263.01
authentic\63282.jpg,Authentic,,0.0003,0.2645,0.49,10,0.77,4.42,2.65,4.83,310.05,35.47,290.32,310.14
authentic\63300.jpg,Authentic,,0.0,0.2772,0.68,11,0.94,7.85,3.78,6.76,635.37,60.05,606.29,681.9
authentic\63308.jpg,Authentic,,0.0004,0.2345,0.76,14,1.1,9.66,4.44,7.78,1293.03,58.73,1224.44,2268.98
authentic\63335.jpg,Authentic,,0.0001,0.3439,0.62,12,0.93,4.2,2.54,5.93,435.54,44.41,525.73,824.49
authentic\63408.jpg,Authentic,,0.0069,0.1893,0.54,9,0.8,1.38,1.1,2.37,61.06,30.13,62.91,79.33
authentic\63409.jpg,Authentic,,0.0003,0.4168,0.81,15,1.13,11.51,5.79,9.87,1357.47,84.34,1413.17,1409.13
authentic\63427.jpg,Authentic,,0.0004,0.2742,0.72,26,1.27,7.59,3.49,7.0,641.77,51.85,657.55,621.15
authentic\63481.jpg,Authentic,,0.001,0.2127,0.7,9,0.87,17.2,5.33,6.86,700.49,65.5,682.67,425.48
authentic\63491.jpg,Authentic,,0.0004,0.3991,0.31,14,0.79,3.07,1.88,5.82,446.29,26.35,461.83,677.69
authentic\63638.jpg,Authentic,,0.0,0.2735,1.06,20,1.42,11.35,6.34,9.79,1757.34,73.55,1794.96,1522.62
authentic\63862.jpg,Authentic,,0.0186,0.017,0.29,10,0.69,3.37,1.32,3.93,177.99,23.26,181.57,284.04
authentic\63986.jpg,Authentic,,0.0001,0.2272,0.49,11,0.82,3.2,1.3,2.93,99.21,24.9,101.24,112.88
authentic\63995.jpg,Authentic,,0.0007,0.1027,0.37,8,0.62,2.94,2.47,4.35,294.52,33.6,299.88,343.66
authentic\64015.jpg,Authentic,,0.0001,0.3318,0.3,7,0.63,1.47,0.85,2.35,45.01,20.0,48.85,45.89
authentic\64052.jpg,Authentic,,0.0,0.3364,0.99,19,1.3,14.71,6.99,9.75,1720.28,89.36,1640.93,1258.27
authentic\64320.jpg,Authentic,,0.0002,0.2401,0.67,24,1.07,6.03,3.95,7.26,876.91,51.21,868.44,542.92
authentic\64375.jpg,Authentic,,0.0,0.154,0.55,8,0.76,3.32,2.16,3.54,156.86,36.43,194.38,241.74
authentic\64392.jpg,Authentic,,0.0001,0.1361,0.41,8,0.73,3.24,1.44,3.43,159.17,24.58,147.84,230.4
authentic\64436.jpg,Authentic,,0.0114,0.4916,0.49,11,0.93,6.75,2.83,6.11,620.76,39.43,575.42,804.87
authentic\64499.jpg,Authentic,,0.0014,0.4688,0.9,16,1.29,12.81,6.55,10.48,2081.94,69.78,2100.85,1945.52
authentic\64543.jpg,Authentic,,0.0001,0.1953,1.05,26,1.49,7.47,5.73,11.24,2034.1,72.88,2069.62,1300.08
authentic\64593.jpg,Authentic,,0.0,0.1619,1.5,13,1.53,22.63,20.81,22.63,10032.13,226.08,10300.4,5650.77
authentic\64664.jpg,Authentic,,0.0026,0.1535,0.49,10,0.78,3.32,1.97,3.34,162.41,31.19,166.82,196.75
authentic\64741.jpg,Authentic,,0.0014,0.1832,0.44,12,0.82,5.05,2.59,5.67,403.98,42.86,413.98,409.08
authentic\64755.jpg,Authentic,,0.0003,0.4495,0.54,14,1.02,5.82,2.95,7.51,969.13,41.45,984.72,1959.76
authentic\64793.jpg,Authentic,,0.0003,0.3799,0.77,22,1.06,6.66,3.18,5.39,418.62,49.0,429.58,442.84
authentic\64908.jpg,Authentic,,0.0,0.2106,0.86,15,1.05,10.73,4.8,6.85,787.32,72.3,807.71,586.11
authentic\64938.jpg,Authentic,,0.0004,0.1867,0.64,18,0.97,5.49,2.76,5.39,395.77,45.14,403.63,459.05
authentic\65187.jpg,Authentic,,0.0,0.1621,0.55,8,0.77,4.23,2.51,3.71,221.13,42.11,229.7,164.77
authentic\65190.jpg,Authentic,,0.0,0.3122,1.27,16,1.43,17.62,9.83,12.14,3325.27,102.99,3055.76,2069.94
authentic\65350.jpg,Authentic,,0.0047,0.0762,0.22,9,0.57,2.29,1.39,4.25,221.15,18.47,218.25,343.1
authentic\65395.jpg,Authentic,,0.0001,0.2452,1.11,16,1.4,14.06,8.05,11.54,2430.19,91.36,2465.92,1416.95
authentic\65396.jpg,Authentic,,0.0022,0.3197,0.68,13,1.08,6.89,4.82,11.02,1699.29,64.17,1690.21,2182.7
authentic\65445.jpg,Authentic,,0.0016,0.4547,0.51,14,0.98,4.23,2.77,7.13,653.55,43.1,658.84,825.74
authentic\65505.jpg,Authentic,,0.0,0.191,0.3,8,0.61,1.9,1.21,3.36,113.86,23.52,116.19,134.46
authentic\65515.jpg,Authentic,,0.0001,0.1492,0.55,8,0.75,3.96,2.21,3.18,142.34,38.85,137.74,134.83
authentic\65547.jpg,Authentic,,0.0,0.3078,0.65,15,1.03,3.28,1.78,3.18,144.46,30.89,149.58,173.86
authentic\65570.jpg,Authentic,,0.0,0.1876,0.45,6,0.67,2.85,1.73,2.87,96.83,32.83,85.65,69.78
authentic\65575.jpg,Authentic,,0.0,0.1921,0.71,27,1.18,5.6,2.5,4.91,320.39,42.91,329.46,548.92
authentic\65582.jpg,Authentic,,0.0157,0.1878,1.01,23,1.44,11.48,5.64,8.02,1230.86,79.14,1261.87,1548.15
authentic\65585.jpg,Authentic,,0.0017,0.1186,0.31,10,0.67,2.49,1.43,3.92,189.85,23.79,168.37,198.19
authentic\65628.jpg,Authentic,,0.0,0.3641,0.75,25,1.15,5.42,3.12,5.92,527.6,46.39,471.39,550.75
authentic\65637.jpg,Authentic,,0.0,0.1743,0.37,15,0.74,4.21,2.34,6.32,446.42,35.08,399.78,900.47
authentic\65642.jpg,Authentic,,0.0001,0.216,1.11,37,1.26,17.05,9.09,11.68,2334.9,115.05,2382.59,1595.13
authentic\65650.jpg,Authentic,,0.0004,0.1218,0.33,12,0.75,3.51,1.73,5.28,392.73,24.88,360.75,693.35
authentic\65674.jpg,Authentic,,0.086,0.1885,0.3,12,0.68,2.85,1.5,4.11,224.44,24.23,232.21,389.74
authentic\65675.jpg,Authentic,,0.0,0.1428,0.62,9,0.84,3.04,2.36,3.46,177.45,37.27,181.13,153.37
authentic\65685.jpg,Authentic,,0.0,0.4383,0.49,10,0.85,4.68,2.24,4.71,283.37,37.78,261.55,337.92
authentic\65706.jpg,Authentic,,0.0,0.4894,0.49,12,0.87,5.65,2.99,6.93,492.44,48.85,499.41,568.28
authentic\65714.jpg,Authentic,,0.0009,0.5572,1.23,40,2.21,5.62,3.72,7.54,708.69,49.06,726.64,555.64
authentic\65722.jpg,Authentic,,0.0071,0.2366,0.63,8,0.93,10.88,3.94,6.43,769.58,44.51,738.84,619.66
authentic\65749.jpg,Authentic,,0.4728,0.3957,0.84,14,1.01,12.83,6.59,8.76,1436.75,80.9,1467.94,1147.63
authentic\65766.jpg,Authentic,,0.0003,0.4179,0.64,10,0.91,5.86,4.38,8.62,1036.03,54.19,1101.22,906.32
authentic\65777.jpg,Authentic,,0.0231,0.4022,1.43,29,2.15,14.53,4.7,7.46,960.77,66.0,864.4,1227.66
authentic\65778.jpg,Authentic,,0.0002,0.2168,1.12,28,1.46,13.95,8.16,10.97,1985.9,98.71,2039.13,1124.73
authentic\65794.jpg,Authentic,,0.0,0.1408,1.06,15,1.26,14.07,7.16,9.41,1282.64,100.88,1319.61,641.46
authentic\65816.jpg,Authentic,,0.0093,0.2084,0.9,36,1.5,8.52,4.9,8.38,1196.11,60.4,1214.15,1086.37
authentic\65847.jpg,Authentic,,0.2648,0.2168,0.81,11,1.01,12.12,5.48,7.87,1101.33,75.18,1023.46,1272.01
authentic\65898.jpg,Authentic,,0.0014,0.3029,0.61,11,0.9,6.26,2.91,4.67,344.49,44.57,351.8,290.62
authentic\65929.jpg,Authentic,,0.0001,0.1924,1.08,22,1.33,15.47,7.95,10.21,1944.6,93.27,1881.27,1291.23
authentic\66003.jpg,Authentic,,0.0,0.2864,1.03,14,1.31,14.68,7.56,11.17,2362.74,90.39,2403.17,1863.53
authentic\66007.jpg,Authentic,,0.0,0.234,1.1,18,1.32,8.45,5.47,8.77,1154.97,75.09,1188.49,1397.49
authentic\66086.jpg,Authentic,,0.0,0.1261,0.43,14,0.84,3.9,2.16,5.86,512.69,32.01,508.44,1387.12
authentic\66138.jpg,Authentic,,0.0,0.2057,1.34,21,1.53,14.93,8.1,10.99,2174.86,95.72,2264.16,1867.61
authentic\66178.jpg,Authentic,,0.0,0.1954,0.96,11,1.09,12.6,4.92,6.03,688.62,69.04,644.67,378.57
authentic\66206.jpg,Authentic,,0.0002,0.4077,0.55,12,0.87,5.25,2.96,6.49,553.24,53.2,579.99,736.21
authentic\66282.jpg,Authentic,,0.0003,0.1837,0.64,19,0.98,3.46,2.37,4.01,222.18,45.28,229.06,202.68
authentic\66295.jpg,Authentic,,0.0026,0.2903,0.85,15,1.18,4.49,4.2,9.69,1136.06,59.58,1106.84,1267.15
authentic\66372.jpg,Authentic,,0.0,0.1655,1.25,16,1.34,18.41,11.06,13.72,3576.98,127.22,3673.35,2157.5
authentic\66427.jpg,Authentic,,0.003,0.126,1.26,17,1.33,15.45,7.02,9.0,1557.82,96.12,1585.4,1130.79
authentic\66468.jpg,Authentic,,0.2382,0.1809,0.58,9,0.84,5.16,2.61,4.8,354.56,46.27,368.69,479.57
authentic\66661.jpg,Authentic,,0.0002,0.1852,1.29,25,1.4,21.77,10.86,12.43,3562.06,122.82,3635.48,1662.69
authentic\66669.jpg,Authentic,,0.0001,0.1798,0.72,11,0.94,10.5,4.06,5.7,560.89,60.02,558.81,488.69
authentic\66751.jpg,Authentic,,0.0188,0.1624,0.76,13,0.92,11.75,4.79,5.97,684.32,69.37,696.72,687.82
authentic\66828.jpg,Authentic,,0.0026,0.1648,0.67,18,0.92,6.53,3.71,5.18,466.3,47.57,443.87,398.86
authentic\66830.jpg,Authentic,,0.0071,0.1561,0.7,11,1.01,9.69,3.44,5.64,535.63,54.36,484.49,643.4
authentic\66883.jpg,Authentic,,0.0011,0.3305,0.64,16,0.99,7.95,3.87,7.13,759.3,57.23,741.4,669.96
authentic\66944.jpg,Authentic,,0.0,0.2433,0.77,19,1.14,8.61,3.8,6.27,556.15,61.76,516.94,451.77
authentic\66992.jpg,Authentic,,0.0176,0.2964,1.54,17,1.73,21.72,21.03,26.45,16582.38,208.85,16819.13,14176.87
authentic\67004.jpg,Authentic,,0.0003,0.2557,0.9,28,1.34,8.57,3.98,7.71,817.19,72.28,780.64,858.44
authentic\67013.jpg,Authentic,,0.0,0.2523,0.58,11,0.83,4.42,2.91,4.66,325.48,45.88,334.36,332.71
authentic\67019.jpg,Authentic,,0.0,0.2005,1.24,27,1.48,16.09,10.36,14.01,3503.67,118.47,3544.75,2126.82
authentic\67036.jpg,Authentic,,0.0,0.2508,0.58,17,0.98,4.17,2.4,5.96,465.07,40.65,421.92,663.04
authentic\67090.jpg,Authentic,,0.0047,0.0601,0.43,15,0.93,2.26,1.15,3.36,122.43,20.01,122.67,237.77
authentic\67121.jpg,Authentic,,0.0008,0.4377,0.64,15,1.0,5.99,3.64,6.91,912.14,41.88,954.04,2015.05
authentic\67142.jpg,Authentic,,0.0,0.3578,1.24,37,1.9,12.67,6.99,10.18,1621.37,86.69,1638.97,1046.31
authentic\67143.jpg,Authentic,,0.0,0.3776,1.48,26,1.7,17.27,7.49,9.66,1757.76,109.65,1702.76,1191.88
authentic\67150.jpg,Authentic,,0.003,0.2113,0.75,15,0.93,4.8,2.85,3.6,235.86,47.97,225.42,179.8
authentic\67162.jpg,Authentic,,0.0014,0.0544,0.25,10,0.59,2.25,1.43,4.04,209.22,21.51,194.75,292.26
authentic\67178.jpg,Authentic,,0.0001,0.3254,0.91,14,1.15,4.8,4.29,6.38,1053.95,47.82,1031.44,1043.62
authentic\67183.jpg,Authentic,,0.0,0.0964,0.57,14,0.91,4.86,3.35,8.3,835.16,52.02,894.72,1740.78
authentic\67190.jpg,Authentic,,0.0001,0.2765,0.56,12,0.93,5.74,2.95,6.38,576.69,44.74,580.59,578.53
authentic\67202.jpg,Authentic,,0.028,0.2634,0.45,8,0.78,6.07,2.61,5.16,351.94,39.97,359.22,361.95
authentic\67217.jpg,Authentic,,0.0,0.2115,1.28,20,1.34,17.48,8.99,10.77,2373.59,99.67,2309.93,1386.85
authentic\67226.jpg,Authentic,,0.0001,0.2151,1.16,14,1.34,14.67,8.99,13.88,3143.19,103.55,3046.92,2547.21
authentic\67238.jpg,Authentic,,0.0102,0.2226,0.5,7,0.73,4.69,2.32,3.32,163.6,41.09,169.35,94.9
authentic\67306.jpg,Authentic,,0.0001,0.2468,0.93,16,1.24,9.12,4.9,8.51,1247.43,71.43,1272.47,1513.34
authentic\67334.jpg,Authentic,,0.0,0.3807,0.88,19,1.33,10.09,6.1,11.03,1806.57,74.71,1888.57,1686.08
authentic\67376.jpg,Authentic,,0.0001,0.2042,0.8,14,1.15,5.79,3.42,6.18,452.69,61.64,483.4,409.6
authentic\67377.jpg,Authentic,,0.0002,0.2899,1.22,14,1.31,18.05,8.24,10.32,2695.63,93.39,2742.45,2492.72
authentic\67405.jpg,Authentic,,0.0,0.4307,0.5,12,0.94,3.65,2.72,7.33,725.97,38.43,666.55,797.29
authentic\67441.jpg,Authentic,,0.0,0.1931,0.6,10,0.87,7.42,3.79,6.42,604.93,60.45,631.08,518.92
authentic\67491.jpg,Authentic,,0.0001,0.0788,1.68,16,1.66,23.02,14.46,15.26,6407.9,152.24,6482.96,3720.4
authentic\67526.jpg,Authentic,,0.0001,0.2118,1.07,15,1.18,14.54,7.92,9.17,1814.46,87.3,1831.68,1236.06
authentic\67542.jpg,Authentic,,0.0001,0.2377,0.93,21,1.23,12.9,6.46,9.81,1513.72,86.14,1557.15,1187.61
authentic\67554.jpg,Authentic,,0.0,0.2877,0.44,11,0.76,4.77,2.07,4.02,239.46,31.2,205.88,248.59
authentic\67562.jpg,Authentic,,0.0,0.1973,0.81,17,1.11,9.67,5.63,9.43,1366.28,75.11,1285.44,1513.0
authentic\67688.jpg,Authentic,,0.0,0.2334,0.45,9,0.7,3.49,2.02,3.34,141.81,34.93,150.68,186.44
authentic\67709.jpg,Authentic,,0.0002,0.4259,0.48,14,0.79,3.51,1.97,4.15,227.48,32.46,207.4,270.1
authentic\67724.jpg,Authentic,,0.0,0.1524,0.5,9,0.71,3.73,2.17,3.04,137.32,33.34,139.36,80.62
authentic\67734.jpg,Authentic,,0.0008,0.1659,0.55,8,0.76,5.64,3.11,4.6,303.67,49.13,310.56,281.02
authentic\67768.jpg,Authentic,,0.0001,0.3171,0.88,12,1.08,13.27,7.53,10.83,2293.02,94.6,2039.79,2190.44
authentic\67843.jpg,Authentic,,0.0005,0.3262,0.46,8,0.76,3.33,1.95,3.58,194.57,29.52,197.88,140.07
authentic\67963.jpg,Authentic,,0.0,0.2503,1.25,16,1.39,16.51,10.12,12.5,2791.86,133.76,2928.47,1828.96
authentic\67981.jpg,Authentic,,0.0,0.3325,0.43,10,0.81,3.38,1.83,4.58,252.58,32.14,226.92,215.23
authentic\67985.jpg,Authentic,,0.0002,0.2218,1.42,30,1.73,15.98,8.74,11.9,2546.01,103.69,2632.71,1996.29
authentic\68007.jpg,Authentic,,0.0024,0.3065,0.47,22,0.95,4.41,2.6,6.4,461.2,35.96,532.82,780.75
authentic\68034.jpg,Authentic,,0.0,0.1676,1.08,23,1.33,11.8,6.33,9.6,1528.79,75.17,1560.18,769.83
authentic\68054.jpg,Authentic,,0.0002,0.254,0.65,10,0.86,5.68,3.13,4.7,314.9,49.7,294.12,353.56
authentic\68057.jpg,Authentic,,0.0084,0.1504,0.61,18,0.98,3.28,3.46,6.07,555.94,41.43,570.5,854.49
authentic\68071.jpg,Authentic,,0.0008,0.4106,0.61,28,1.13,6.19,4.37,11.21,1663.06,57.83,1517.73,1521.72
authentic\68120.jpg,Authentic,,0.0004,0.2656,0.54,12,0.89,4.2,3.09,6.84,577.92,45.45,570.0,564.52
authentic\68175.jpg,Authentic,,0.0,0.3233,1.04,15,1.54,11.34,7.09,13.67,6879.13,58.64,6931.44,13106.33
authentic\68282.jpg,Authentic,,0.0,0.2721,0.67,14,1.01,7.06,4.19,8.21,930.75,63.63,1163.78,1102.16
authentic\68335.jpg,Authentic,,0.0002,0.1798,1.56,31,1.75,15.72,8.64,11.22,3254.24,90.39,3303.73,2029.15
authentic\68343.jpg,Authentic,,0.0011,0.2999,0.47,8,0.75,4.95,1.86,3.91,157.63,34.65,147.76,196.23
authentic\68446.jpg,Authentic,,0.0,0.2776,1.05,15,1.22,10.44,6.39,8.75,1376.89,85.28,1398.64,971.24
authentic\68447.jpg,Authentic,,0.0005,0.1565,1.09,12,1.1,14.86,7.01,7.3,1342.91,81.21,1353.65,1190.61
authentic\68471.jpg,Authentic,,0.0013,0.2486,0.73,17,1.04,5.66,3.48,7.0,959.0,39.96,972.36,1318.71
authentic\68583.jpg,Authentic,,0.0,0.4019,1.3,15,1.57,17.73,10.94,15.25,5102.81,110.21,4752.12,3966.65
authentic\68617.jpg,Authentic,,0.0009,0.1592,1.53,25,1.58,20.56,9.2,11.36,2559.21,121.27,2638.52,1630.74
authentic\68671.jpg,Authentic,,0.0,0.2988,0.53,18,0.97,4.35,2.57,6.77,580.48,38.23,568.34,734.77
authentic\68707.jpg,Authentic,,0.0,0.1321,0.73,14,1.03,3.95,2.34,3.61,205.44,38.05,208.59,186.2
authentic\68709.jpg,Authentic,,0.001,0.3958,0.41,9,0.78,5.2,2.71,6.07,485.36,41.58,510.69,562.96
authentic\68739.jpg,Authentic,,0.0001,0.215,0.74,15,0.98,7.42,3.7,5.31,540.2,57.26,477.85,670.7
authentic\68761.jpg,Authentic,,0.0,0.1231,0.34,8,0.63,0.8,0.88,1.76,38.25,18.57,39.59,76.59
authentic\68764.jpg,Authentic,,0.0001,0.2645,1.02,16,1.3,9.26,5.61,8.72,984.12,88.95,1002.86,891.61
authentic\68849.jpg,Authentic,,0.0004,0.2428,1.16,21,1.66,13.29,7.38,11.64,2212.96,104.21,2281.3,2314.72
authentic\68930.jpg,Authentic,,0.0001,0.3127,0.52,11,0.87,3.92,1.59,3.15,111.32,32.57,115.85,103.36
authentic\69031.jpg,Authentic,,0.0001,0.2526,1.08,16,1.31,12.18,7.29,11.78,2232.25,92.48,2285.9,2333.34
authentic\69036.jpg,Authentic,,0.0001,0.452,0.41,11,0.76,5.79,3.19,6.95,560.16,44.95,602.29,668.48
authentic\69039.jpg,Authentic,,0.0,0.2089,1.04,15,1.19,11.64,6.02,8.93,1404.8,71.57,1457.6,1416.18
authentic\69092.jpg,Authentic,,0.0,0.3488,1.43,23,1.96,13.43,9.24,14.03,3792.7,101.36,3705.16,3117.25
authentic\69097.jpg,Authentic,,0.0,0.2414,0.44,11,0.8,4.06,2.28,5.81,435.39,34.79,432.45,901.9
authentic\69161.jpg,Authentic,,0.0018,0.1407,1.01,11,1.02,16.07,5.97,6.43,910.27,79.32,976.94,480.36
authentic\69190.jpg,Authentic,,0.0,0.2962,0.68,14,1.09,8.67,3.77,7.02,939.02,54.48,958.98,1770.93
authentic\69281.jpg,Authentic,,0.0,0.2981,1.22,19,1.48,14.49,9.09,13.97,3547.93,104.43,3596.31,3870.94
authentic\69282.jpg,Authentic,,0.0128,0.205,1.11,13,1.18,16.04,6.99,7.8,1634.44,77.06,1634.33,1035.58
authentic\69458.jpg,Authentic,,0.0002,0.1384,1.45,19,1.44,21.03,8.88,9.58,2009.05,115.64,2050.22,921.13
authentic\69465.jpg,Authentic,,0.0002,0.2784,0.7,11,0.96,8.84,4.07,6.38,763.37,54.28,770.07,596.17
authentic\69537.jpg,Authentic,,0.0,0.2304,1.15,15,1.36,12.54,5.7,7.48,1624.86,64.45,1679.31,1983.02
authentic\69564.jpg,Authentic,,0.0051,0.424,0.31,13,0.8,3.45,1.75,5.23,376.73,22.54,381.91,662.63
authentic\69618.jpg,Authentic,,0.0001,0.1913,1.02,18,1.18,16.48,7.29,9.7,1628.93,102.73,1546.12,1599.15
authentic\69644.jpg,Authentic,,0.0001,0.1527,0.57,13,1.21,8.54,6.36,13.62,2768.41,79.5,2553.32,2795.05
authentic\69678.jpg,Authentic,,0.0003,0.3607,0.67,19,1.03,6.39,3.09,6.14,504.33,52.03,520.08,494.1
authentic\69952.jpg,Authentic,,0.0001,0.3292,0.68,34,1.03,9.6,4.35,7.14,710.67,53.67,725.23,719.59
authentic\69964.jpg,Authentic,,0.0,0.2274,0.41,8,0.72,4.17,2.79,7.59,586.44,40.45,605.21,425.17
authentic\69967.jpg,Authentic,,0.0003,0.2593,1.45,18,1.62,22.82,10.21,11.67,3258.63,118.3,3328.54,2573.25
authentic\69984.jpg,Authentic,,0.0,0.2671,0.84,23,1.25,6.7,2.82,5.31,449.33,41.66,454.79,415.28
authentic\70091.jpg,Authentic,,0.0,0.2786,0.79,15,1.18,8.93,5.43,9.65,1362.73,64.22,1355.8,1366.84
authentic\70141.jpg,Authentic,,0.0,0.328,1.41,22,1.69,16.58,10.86,14.89,4484.92,120.7,4135.73,3244.25
authentic\70144.jpg,Authentic,,0.0001,0.2092,1.18,33,1.85,13.82,7.29,11.42,2326.26,95.47,2194.59,2662.35
authentic\70203.jpg,Authentic,,0.0007,0.1486,0.89,10,1.06,14.35,8.0,10.47,1874.24,102.23,2063.85,1388.6
authentic\70209.jpg,Authentic,,0.0088,0.1697,1.3,19,1.55,8.83,3.08,4.44,260.22,68.56,279.16,260.9
authentic\70244.jpg,Authentic,,0.0008,0.2318,0.67,13,1.1,8.64,4.93,9.37,1535.79,64.03,1577.35,2420.2
authentic\70379.jpg,Authentic,,0.0001,0.2473,0.56,12,0.86,3.18,1.92,4.02,233.81,32.15,225.11,237.71
authentic\70419.jpg,Authentic,,0.0352,0.2442,0.49,11,0.78,3.31,1.79,3.57,151.86,36.82,153.95,256.69
authentic\70456.jpg,Authentic,,0.0003,0.2858,0.75,13,1.11,9.99,5.49,8.7,1266.03,65.52,1235.93,1187.84
authentic\70664.jpg,Authentic,,0.0,0.1778,0.85,19,1.1,10.45,5.09,7.37,786.0,72.61,772.72,633.52
authentic\70681.jpg,Authentic,,0.0004,0.3347,0.82,9,1.05,13.66,5.87,7.97,1176.73,70.32,1192.2,851.1
authentic\70693.jpg,Authentic,,0.0,0.397,0.7,15,1.1,6.97,3.8,8.13,1051.33,57.22,955.95,1906.79
authentic\70704.jpg,Authentic,,0.0,0.1655,0.89,27,1.33,8.55,4.95,9.57,1293.96,74.02,1299.82,1285.17
authentic\70726.jpg,Authentic,,0.0097,0.1999,0.69,15,0.88,12.31,5.77,7.85,885.22,88.59,921.63,594.92
authentic\70772.jpg,Authentic,,0.0056,0.3523,0.33,18,0.78,3.34,1.61,4.81,322.51,23.59,332.35,430.96
authentic\70798.jpg,Authentic,,0.0,0.2541,0.63,12,0.94,9.25,4.08,6.98,789.62,52.55,672.33,1091.56
authentic\70813.jpg,Authentic,,0.0,0.2519,0.7,13,1.06,8.02,3.64,6.98,869.22,50.94,798.39,1626.81
authentic\70817.jpg,Authentic,,0.0002,0.1626,0.91,14,1.1,11.24,5.54,7.6,960.86,74.25,918.25,584.68
authentic\70839.jpg,Authentic,,0.9574,0.3235,1.22,13,1.29,20.72,7.78,8.57,1980.8,91.83,2009.69,1635.56
authentic\70842.jpg,Authentic,,0.0,0.2696,0.39,6,0.66,2.98,1.52,2.52,84.04,28.03,78.74,78.15
authentic\70860.jpg,Authentic,,0.0005,0.3814,0.57,11,0.84,6.5,2.89,4.95,359.06,45.96,360.47,350.0
authentic\70872.jpg,Authentic,,0.0001,0.2984,0.56,15,0.96,4.77,2.47,4.99,384.93,37.94,395.59,407.27
authentic\70890.jpg,Authentic,,0.0005,0.1024,1.74,22,1.85,21.71,9.52,10.68,2411.09,133.72,2474.48,1682.9
authentic\70936.jpg,Authentic,,0.0005,0.401,0.63,22,0.97,3.75,2.47,6.24,448.09,45.58,455.58,470.05
authentic\70944.jpg,Authentic,,0.0004,0.4246,1.24,17,1.6,16.62,8.81,13.01,3264.91,111.14,3336.51,2462.49
authentic\70949.jpg,Authentic,,0.0003,0.2909,0.35,11,0.72,4.96,2.49,6.09,534.07,35.96,480.97,685.23
authentic\70985.jpg,Authentic,,0.0001,0.1418,1.27,22,1.45,18.07,9.86,12.39,2888.08,120.99,2966.03,1642.44
authentic\71002.jpg,Authentic,,0.0,0.2685,0.53,12,0.85,3.55,2.24,4.76,287.83,36.78,290.21,305.46
authentic\71057.jpg,Authentic,,0.0,0.1322,0.89,12,1.0,10.03,4.77,6.1,797.49,57.68,809.76,743.96
authentic\71090.jpg,Authentic,,0.0,0.2299,0.83,13,1.0,14.94,7.05,9.85,1504.24,92.83,1435.63,1159.32
authentic\71127.jpg,Authentic,,0.0,0.2061,1.01,26,1.42,10.37,6.47,12.09,2180.51,88.09,2002.6,1766.95
authentic\71148.jpg,Authentic,,0.0036,0.2081,1.13,15,1.15,22.27,8.58,8.59,2090.88,91.74,2117.75,1218.53
authentic\71221.jpg,Authentic,,0.0057,0.1193,0.28,12,0.64,1.38,1.74,5.44,360.88,24.07,361.57,773.09
authentic\71243.jpg,Authentic,,0.0,0.34,0.73,15,1.16,7.81,4.25,8.21,996.35,65.42,1023.48,1305.18
authentic\71263.jpg,Authentic,,0.2154,0.0767,0.34,7,0.57,1.41,1.63,2.3,68.71,28.0,74.79,66.36
authentic\71269.jpg,Authentic,,0.0,0.2741,0.52,22,0.9,4.22,2.13,4.35,291.13,41.3,287.26,721.64
authentic\71358.jpg,Authentic,,0.0001,0.2399,1.43,23,1.75,16.72,8.72,12.2,2913.61,107.82,2984.23,1968.97
authentic\71362.jpg,Authentic,,0.0003,0.106,1.17,20,1.22,17.72,8.15,8.89,1914.45,93.06,1923.97,1090.25
authentic\71374.jpg,Authentic,,0.0009,0.126,0.28,12,0.67,2.31,1.75,6.04,346.71,27.51,345.56,641.1
authentic\71536.jpg,Authentic,,0.1739,0.1435,0.89,14,1.14,13.1,6.94,11.24,1931.19,95.27,1971.93,1990.3
authentic\71564.jpg,Authentic,,0.0,0.3558,1.19,19,1.49,14.39,8.23,12.16,2788.56,90.98,2831.15,1825.11
authentic\71572.jpg,Authentic,,0.0001,0.2477,1.11,14,1.19,18.48,8.72,10.14,2085.41,103.86,2141.45,1201.6
authentic\71589.jpg,Authentic,,0.0001,0.4324,0.67,17,1.08,7.0,3.88,8.04,889.39,60.29,806.62,829.13
authentic\71599.jpg,Authentic,,0.0,0.2162,1.25,15,1.36,19.09,10.53,13.37,3729.97,116.06,3768.84,2010.15
authentic\71624.jpg,Authentic,,0.1804,0.2425,0.58,16,1.09,7.45,3.4,7.54,855.35,48.69,776.01,1250.29
authentic\71637.jpg,Authentic,,0.0001,0.1577,1.02,19,1.27,13.36,5.57,7.63,1164.87,72.63,1138.69,1487.84
authentic\71672.jpg,Authentic,,0.0,0.2054,0.93,18,1.26,8.2,4.91,8.73,1196.74,62.53,1222.86,1249.77
authentic\71680.jpg,Authentic,,0.0,0.3369,0.56,18,0.94,4.88,2.11,4.41,238.68,43.11,225.95,343.42
authentic\71695.jpg,Authentic,,0.0001,0.1796,0.79,19,1.35,5.54,4.18,10.24,1378.28,61.6,1431.3,2940.02
authentic\71697.jpg,Authentic,,0.0035,0.3982,0.85,13,1.19,13.78,6.84,10.57,2098.34,78.84,2129.69,2287.46
authentic\71752.jpg,Authentic,,0.0015,0.3068,0.66,16,1.0,5.17,3.0,6.2,570.95,50.53,561.76,815.05
authentic\72050.jpg,Authentic,,0.0001,0.324,0.56,15,0.98,3.67,2.36,5.16,384.78,33.68,437.84,655.78
authentic\72063.jpg,Authentic,,0.6844,0.0495,0.41,24,1.04,1.94,1.13,2.98,120.3,19.72,121.02,249.74
authentic\72064.jpg,Authentic,,0.0001,0.2794,1.56,26,1.86,16.84,9.75,12.07,3322.47,105.26,3363.55,2447.56
authentic\72089.jpg,Authentic,,0.0001,0.2965,0.94,12,1.15,19.01,8.63,10.24,2079.29,104.73,2102.85,1153.35
authentic\72091.jpg,Authentic,,0.0,0.3945,0.91,46,1.77,5.12,4.6,10.18,1773.48,53.99,1803.24,2355.83
authentic\72093.jpg,Authentic,,0.0,0.2099,1.44,24,1.69,17.37,10.4,14.53,5315.3,110.19,5688.07,4920.29
authentic\72109.jpg,Authentic,,0.0006,0.2121,1.21,30,1.69,11.64,8.05,12.99,2629.71,99.72,2750.63,2543.19
authentic\72115.jpg,Authentic,,0.0,0.3338,0.82,18,1.14,6.69,3.71,6.09,808.31,45.74,815.66,859.99
authentic\72123.jpg,Authentic,,0.0009,0.1567,1.15,12,1.2,16.12,6.88,7.88,1481.91,79.28,1513.33,890.34
authentic\72126.jpg,Authentic,,0.0,0.1856,1.49,35,1.9,16.3,8.27,9.33,1666.95,97.34,1676.09,761.96
authentic\72140.jpg,Authentic,,0.0,0.1908,0.79,31,1.03,8.43,4.54,5.96,594.78,61.21,598.8,488.99
authentic\72147.jpg,Authentic,,0.0018,0.1855,0.52,10,0.8,3.5,2.15,4.75,295.81,39.59,298.08,370.86
authentic\72162.jpg,Authentic,,0.005,0.5215,0.93,15,1.24,13.42,8.46,13.93,2968.19,108.66,2365.87,3242.92
authentic\72167.jpg,Authentic,,0.0,0.3526,0.51,14,0.83,4.63,2.79,7.11,650.38,45.93,647.63,936.56
authentic\72200.jpg,Authentic,,0.0003,0.2114,0.43,12,0.72,3.54,2.62,5.35,399.2,33.13,411.29,326.85
authentic\72230.jpg,Authentic,,0.0021,0.1904,0.54,27,0.89,3.5,3.18,5.48,529.54,37.71,538.31,793.33
authentic\72236.jpg,Authentic,,0.0012,0.2312,0.71,12,0.98,7.84,3.24,5.81,499.38,51.42,569.04,626.73
authentic\72237.jpg,Authentic,,0.0001,0.3466,0.73,16,1.03,6.73,4.14,7.37,1040.21,53.86,1064.4,1384.16
authentic\72250.jpg,Authentic,,0.0,0.3365,0.94,17,1.24,10.89,6.36,10.33,1880.69,81.86,1931.53,1914.12
authentic\72251.jpg,Authentic,,0.0001,0.137,0.46,10,0.79,2.4,1.11,1.69,27.93,30.37,34.72,17.35
authentic\72262.jpg,Authentic,,0.0,0.31,0.73,13,1.11,9.77,3.97,6.96,879.17,51.99,889.48,707.6
authentic\72268.jpg,Authentic,,0.0,0.2044,0.64,14,0.97,6.82,3.82,7.16,836.19,50.03,856.8,886.03
authentic\72270.jpg,Authentic,,0.0001,0.0975,1.56,19,1.57,25.22,9.51,9.6,1970.88,139.0,2033.19,1199.59
authentic\72271.jpg,Authentic,,0.318,0.0698,0.19,11,0.55,2.53,1.28,4.64,264.56,19.99,260.98,474.7
authentic\72274.jpg,Authentic,,0.0005,0.2647,1.1,13,1.35,12.43,7.55,11.69,2492.7,87.59,2437.6,1514.78
authentic\72300.jpg,Authentic,,0.0,0.138,1.56,32,1.69,20.09,9.46,11.14,2846.21,112.56,2885.53,1736.26
authentic\72386.jpg,Authentic,,0.0002,0.2554,0.79,11,1.01,12.6,7.88,11.83,2003.64,101.61,2061.84,1843.01
authentic\72390.jpg,Authentic,,0.0014,0.389,0.76,18,1.2,7.36,4.87,9.69,1401.58,67.59,1431.09,1624.11
authentic\72394.jpg,Authentic,,0.0021,0.4073,0.73,17,1.1,8.86,4.65,8.18,970.03,63.06,986.15,1176.12
authentic\72399.jpg,Authentic,,0.0001,0.3593,0.51,14,0.87,4.22,1.95,4.16,219.36,32.04,200.78,271.27
authentic\72423.jpg,Authentic,,0.0,0.109,1.18,16,1.3,15.11,6.83,9.09,1637.91,84.96,1665.4,793.91
authentic\72436.jpg,Authentic,,0.0,0.2857,0.95,36,1.48,9.8,4.82,8.25,1049.68,72.9,1087.47,1045.84
authentic\72442.jpg,Authentic,,0.0001,0.2934,0.66,12,0.96,9.39,3.83,6.87,725.32,69.08,756.61,1210.63
authentic\72492.jpg,Authentic,,0.0,0.2402,0.53,9,0.81,4.35,2.65,5.69,383.42,41.92,440.1,354.4
authentic\72496.jpg,Authentic,,0.0036,0.4269,0.56,13,1.01,5.82,3.02,7.04,739.05,42.84,756.73,826.28
authentic\72503.jpg,Authentic,,0.0002,0.1723,0.49,8,0.7,2.92,2.22,2.91,145.94,31.26,153.29,99.31
authentic\72566.jpg,Authentic,,0.0039,0.3802,0.88,17,1.31,7.86,4.25,8.13,1162.8,61.95,1193.91,1733.53
authentic\72579.jpg,Authentic,,0.0141,0.0167,0.21,12,0.72,1.96,0.82,3.49,189.22,10.38,180.99,490.41
authentic\72623.jpg,Authentic,,0.3559,0.198,0.37,13,0.63,1.83,1.76,3.09,162.17,26.57,151.02,302.84
authentic\72632.jpg,Authentic,,0.0001,0.1146,1.1,19,1.32,13.58,5.04,6.47,717.1,79.23,696.37,894.8
authentic\72643.jpg,Authentic,,0.0,0.251,0.57,11,0.82,5.67,3.01,4.5,283.96,50.18,296.39,233.17
authentic\72720.jpg,Authentic,,0.0001,0.227,1.42,18,1.48,20.49,9.57,11.68,2731.22,125.61,2783.83,1698.49
authentic\72721.jpg,Authentic,,0.0,0.2265,1.0,18,1.23,10.44,5.29,8.48,1276.33,68.46,1301.99,2238.28
authentic\72722.jpg,Authentic,,0.0001,0.2184,0.38,10,0.73,1.29,1.37,3.53,154.39,19.95,143.55,213.66
authentic\72723.jpg,Authentic,,0.0002,0.2427,0.77,16,1.03,8.77,4.98,7.86,963.54,70.34,963.84,1457.59
authentic\72825.jpg,Authentic,,0.0,0.4367,0.53,21,0.97,3.52,1.99,4.95,336.86,34.19,347.52,391.55
authentic\72878.jpg,Authentic,,0.0,0.1209,0.67,10,0.84,6.35,2.87,3.43,178.47,48.22,176.67,113.87
authentic\72918.jpg,Authentic,,0.0,0.1279,1.08,17,1.22,16.29,8.24,10.6,2092.31,98.06,1987.8,1577.64
authentic\72925.jpg,Authentic,,0.0,0.4374,0.7,12,1.03,8.55,4.92,9.46,1233.03,72.56,1265.15,1164.49
authentic\72932.jpg,Authentic,,0.0001,0.362,1.27,33,1.79,11.89,7.16,10.96,1870.78,90.08,1926.11,1413.71
authentic\73008.jpg,Authentic,,0.0024,0.397,1.12,20,1.5,11.29,7.59,12.91,2751.61,94.14,2554.67,2998.49
authentic\73034.jpg,Authentic,,0.0005,0.3088,0.46,15,0.86,3.86,1.97,4.84,263.22,32.07,271.63,439.49
authentic\73043.jpg,Authentic,,0.0,0.2645,0.63,12,0.88,4.15,3.88,8.56,845.25,50.9,879.02,588.51
authentic\73051.jpg,Authentic,,0.0,0.2076,0.67,11,0.89,6.32,3.49,5.56,530.68,53.94,553.89,478.8
authentic\73101.jpg,Authentic,,0.4635,0.1306,0.41,8,0.67,0.86,1.08,1.82,42.53,24.01,43.13,54.63
authentic\73114.jpg,Authentic,,0.0001,0.1181,0.79,18,1.04,7.41,4.67,7.75,925.33,63.04,920.38,592.93
authentic\73165.jpg,Authentic,,0.0,0.3191,0.79,22,1.29,6.37,3.31,7.08,669.94,45.9,692.71,638.22
authentic\73223.jpg,Authentic,,0.0089,0.1178,1.36,17,1.34,5.04,7.41,7.91,3282.04,70.43,3324.97,1839.64
authentic\73258.jpg,Authentic,,0.0001,0.184,0.95,32,1.2,5.63,3.51,4.84,399.01,46.76,372.58,316.45
authentic\73322.jpg,Authentic,,0.0008,0.1974,0.44,13,0.84,3.63,1.82,4.09,216.59,28.06,224.55,288.9
authentic\73408.jpg,Authentic,,0.0135,0.2893,0.45,19,0.83,3.58,1.82,3.98,206.2,34.04,213.99,409.15
authentic\73424.jpg,Authentic,,0.0001,0.5181,0.59,15,1.02,8.07,4.79,10.48,1633.63,56.45,1513.47,2885.78
authentic\73461.jpg,Authentic,,0.0,0.2445,0.66,13,1.05,5.77,4.3,8.79,1187.62,52.79,1166.7,1294.87
authentic\73473.jpg,Authentic,,0.0003,0.3711,0.46,10,0.87,5.76,2.8,6.12,572.27,40.27,569.7,690.44
authentic\73500.jpg,Authentic,,0.0,0.263,1.07,19,1.47,10.8,5.53,9.36,1356.26,71.09,1382.53,939.01
authentic\73517.jpg,Authentic,,0.0001,0.2926,1.17,29,1.56,14.72,8.09,11.8,2581.03,93.78,2617.15,1619.55
authentic\73523.jpg,Authentic,,0.0003,0.205,0.92,15,1.24,9.13,6.01,9.47,1392.07,76.43,1310.63,1107.61
authentic\73530.jpg,Authentic,,0.0001,0.1884,1.31,16,1.33,20.72,9.92,10.91,2924.07,106.61,2973.63,1897.97
authentic\73533.jpg,Authentic,,0.0001,0.3155,0.49,19,1.03,4.99,3.09,8.23,955.82,34.28,952.03,1548.18
authentic\73535.jpg,Authentic,,0.0077,0.1831,0.44,10,0.71,5.32,2.25,3.63,152.82,39.06,156.04,152.33
ai_generated\ai_0001.jpg,AI Generated,,0.9993,0.2194,3.51,30,3.13,24.51,11.61,12.82,5489.22,109.8,5555.89,3277.71
ai_generated\ai_0002.jpg,AI Generated,,0.0003,0.1596,4.21,37,3.41,22.18,11.7,12.75,6303.73,95.36,6356.02,3094.34
ai_generated\ai_0003.jpg,AI Generated,,0.9608,0.1469,2.06,27,1.94,11.75,4.65,7.07,668.13,72.07,682.37,537.39
ai_generated\ai_0004.jpg,AI Generated,,1.0,0.1029,2.78,28,2.44,9.91,5.77,6.86,1147.8,63.56,1165.93,997.93
ai_generated\ai_0005.jpg,AI Generated,,0.9999,0.2293,1.5,18,1.52,6.38,3.78,8.37,836.84,52.84,840.63,1003.64
ai_generated\ai_0006.jpg,AI Generated,,0.0001,0.0778,4.26,32,3.48,24.52,10.89,10.67,4196.93,103.06,4244.08,1987.48
ai_generated\ai_0007.jpg,AI Generated,,0.5849,0.2222,2.21,25,2.34,9.25,5.82,11.97,2140.28,61.64,2165.17,1133.9
ai_generated\ai_0008.jpg,AI Generated,,0.0247,0.3986,1.97,30,2.21,8.4,6.34,13.53,2877.38,68.0,2892.63,1690.78
ai_generated\ai_0009.jpg,AI Generated,,0.977,0.4139,1.71,29,2.15,4.72,3.28,8.87,1050.04,39.27,1059.29,802.55
ai_generated\ai_0010.jpg,AI Generated,,0.9936,0.1769,2.15,24,2.32,7.98,5.29,11.44,1934.1,54.42,1947.1,1010.22
ai_generated\ai_0011.jpg,AI Generated,,0.1006,0.1907,2.6,26,2.32,8.74,5.96,10.37,1686.47,70.5,1701.51,1384.63
ai_generated\ai_0012.jpg,AI Generated,,0.9875,0.1572,3.5,28,2.85,12.58,8.38,9.92,2738.28,71.36,2760.06,1077.4
ai_generated\ai_0013.jpg,AI Generated,,0.9992,0.135,1.3,17,1.24,8.06,4.04,10.72,1327.04,57.85,1331.63,1657.06
ai_generated\ai_0014.jpg,AI Generated,,0.6851,0.21,3.0,20,2.54,11.61,7.37,10.19,2250.92,67.05,2268.81,896.27
ai_generated\ai_0015.jpg,AI Generated,,0.5428,0.2449,2.9,23,2.62,11.81,7.03,10.61,2220.82,70.45,2233.29,1279.35
ai_generated\ai_0016.jpg,AI Generated,,0.9046,0.2642,2.34,21,2.3,6.0,5.05,11.14,1752.99,51.86,1759.13,1342.19
ai_generated\ai_0017.jpg,AI Generated,,0.0644,0.17,2.29,19,2.15,9.11,5.11,7.37,973.71,62.33,984.35,564.41
ai_generated\ai_0018.jpg,AI Generated,,0.0413,0.1645,2.99,28,2.63,7.74,6.7,12.2,2554.29,57.67,2567.29,1681.1
ai_generated\ai_0019.jpg,AI Generated,,0.9881,0.0748,4.45,33,3.62,31.92,15.34,14.13,6480.91,163.01,6577.76,1518.36
ai_generated\ai_0020.jpg,AI Generated,,0.9823,0.1633,3.28,21,2.68,24.13,12.14,12.86,5262.68,110.49,5318.21,3266.71
ai_generated\ai_0021.jpg,AI Generated,,0.0143,0.1916,2.86,23,2.57,22.42,9.96,12.43,2772.04,127.37,2829.38,2461.43
ai_generated\ai_0022.jpg,AI Generated,,0.6208,0.0715,4.11,31,3.34,33.77,20.54,18.03,12564.11,183.5,12697.39,3599.05
ai_generated\ai_0023.jpg,AI Generated,,0.5925,0.068,4.22,30,3.49,31.47,18.76,18.3,10176.17,183.45,10293.27,4649.26
ai_generated\ai_0024.jpg,AI Generated,,0.9964,0.333,1.99,23,2.15,10.04,5.2,10.55,1517.83,67.09,1537.16,1589.33
ai_generated\ai_0025.jpg,AI Generated,,0.8543,0.2745,1.66,21,1.81,4.99,4.31,8.14,939.31,50.43,951.31,621.24
ai_generated\ai_0026.jpg,AI Generated,,0.9997,0.1724,1.25,18,1.29,2.11,2.46,7.66,692.01,30.64,694.55,732.22
ai_generated\ai_0027.jpg,AI Generated,,0.2614,0.2505,2.28,24,2.35,6.56,3.73,5.22,503.09,48.09,510.73,423.42
ai_generated\ai_0028.jpg,AI Generated,,0.0005,0.2235,1.03,18,1.06,4.56,2.42,7.95,716.1,53.23,718.51,957.1
ai_generated\ai_0029.jpg,AI Generated,,0.7486,0.0892,2.08,20,1.9,10.28,5.0,8.24,966.31,62.97,979.17,506.93
ai_generated\ai_0030.jpg,AI Generated,,0.0253,0.2924,1.26,17,1.44,1.88,2.17,4.65,296.37,26.75,298.23,340.77
ai_generated\ai_0031.jpg,AI Generated,,0.0691,0.2114,2.77,27,2.54,7.36,5.43,8.51,1415.48,56.53,1425.36,817.79
ai_generated\ai_0032.jpg,AI Generated,,0.9747,0.1319,3.63,24,2.92,23.47,11.44,11.71,5182.23,97.03,5226.29,2478.35
ai_generated\ai_0033.jpg,AI Generated,,0.9156,0.0563,4.16,40,3.41,31.37,15.4,13.85,8015.62,134.47,8095.88,2526.23
ai_generated\ai_0034.jpg,AI Generated,,0.0606,0.3338,2.73,23,2.48,15.68,6.92,9.38,2074.91,80.64,2095.89,1459.6
ai_generated\ai_0035.jpg,AI Generated,,0.9918,0.219,2.89,32,2.71,14.41,6.93,9.6,2148.37,77.57,2169.19,1764.14
ai_generated\ai_0036.jpg,AI Generated,,0.1351,0.1481,3.78,30,3.25,25.8,11.88,11.81,4486.73,126.76,4540.44,2891.94
ai_generated\ai_0037.jpg,AI Generated,,0.5781,0.1035,3.17,33,2.87,16.69,7.28,9.62,1915.22,91.91,1941.13,1542.89
ai_generated\ai_0038.jpg,AI Generated,,0.0088,0.1856,2.82,28,2.45,12.25,6.55,9.73,1915.71,73.8,1932.62,1342.13
ai_generated\ai_0039.jpg,AI Generated,,0.0168,0.1358,3.18,34,2.81,19.65,8.29,10.06,2579.42,93.8,2606.97,1316.98
ai_generated\ai_0040.jpg,AI Generated,,0.4595,0.1333,3.17,29,2.84,15.11,6.9,10.5,1976.18,85.82,1996.29,1384.84
ai_generated\ai_0041.jpg,AI Generated,,0.0222,0.2164,3.2,28,2.71,21.32,9.22,11.5,3491.44,104.67,3526.15,2475.65
ai_generated\ai_0042.jpg,AI Generated,,0.0267,0.1038,2.78,29,2.37,10.3,5.25,6.88,943.53,68.96,954.31,661.73
ai_generated\ai_0043.jpg,AI Generated,,0.168,0.1719,3.06,27,2.68,18.11,7.67,8.79,1919.6,86.13,1943.56,1192.21
ai_generated\ai_0044.jpg,AI Generated,,0.8522,0.3934,1.91,22,2.12,2.8,3.43,7.17,878.74,32.21,892.5,849.17
ai_generated\ai_0045.jpg,AI Generated,,0.9944,0.1635,3.32,31,2.86,16.4,8.27,10.79,2435.44,90.15,2454.11,1336.94
ai_generated\ai_0046.jpg,AI Generated,,0.886,0.1961,2.95,22,2.47,15.23,7.35,9.09,1981.51,77.87,1998.54,1366.87
ai_generated\ai_0047.jpg,AI Generated,,0.9713,0.0955,4.28,32,3.43,27.63,13.15,13.63,6236.77,113.89,6284.22,2681.93
ai_generated\ai_0048.jpg,AI Generated,,0.9166,0.1907,2.62,25,2.43,8.73,5.64,11.58,2126.22,58.05,2133.29,2460.71
ai_generated\ai_0049.jpg,AI Generated,,0.0035,0.3407,1.37,20,1.71,4.05,2.55,6.8,788.06,29.76,795.46,857.09
ai_generated\ai_0050.jpg,AI Generated,,0.9629,0.2589,1.57,40,2.47,2.74,1.82,5.27,379.74,21.4,380.93,487.26
ai_generated\ai_0051.jpg,AI Generated,,0.9069,0.3493,1.1,28,1.73,1.97,1.06,3.01,119.78,13.49,121.03,89.68
ai_generated\ai_0052.jpg,AI Generated,,0.0544,0.1565,1.57,25,1.96,2.58,1.61,4.64,255.39,19.24,257.16,282.13
ai_generated\ai_0053.jpg,AI Generated,,0.9536,0.3455,1.95,35,2.61,2.38,2.2,6.35,505.4,23.16,506.07,888.83
ai_generated\ai_0054.jpg,AI Generated,,0.9575,0.0904,0.64,18,1.17,0.78,0.61,4.02,174.44,5.33,174.08,236.15
ai_generated\ai_0055.jpg,AI Generated,,0.9989,0.3434,2.79,29,2.89,12.51,5.35,10.47,1490.72,79.41,1519.36,1321.93
ai_generated\ai_0056.jpg,AI Generated,,0.2969,0.3165,2.77,34,2.69,15.44,6.75,9.55,2308.0,71.53,2321.68,2262.23
ai_generated\ai_0057.jpg,AI Generated,,0.8968,0.1336,3.8,33,3.18,25.59,9.41,9.78,2566.2,107.01,2597.95,790.64
ai_generated\ai_0058.jpg,AI Generated,,0.0065,0.1528,3.58,30,3.05,17.98,7.52,8.91,2253.3,84.99,2273.79,1476.36
ai_generated\ai_0059.jpg,AI Generated,,0.0055,0.2002,2.56,26,2.4,10.9,4.63,5.67,711.25,58.63,724.87,479.96
ai_generated\ai_0060.jpg,AI Generated,,0.6331,0.4093,1.76,19,1.72,11.11,4.42,7.92,826.84,65.84,838.94,650.13
ai_generated\ai_0061.jpg,AI Generated,,0.1243,0.0925,3.74,32,3.26,18.76,6.34,6.07,1145.1,80.85,1165.06,514.41
ai_generated\ai_0062.jpg,AI Generated,,0.3144,0.0666,4.13,31,3.5,23.2,7.74,8.64,1615.77,90.1,1645.33,872.35
ai_generated\ai_0063.jpg,AI Generated,,0.7736,0.2353,3.61,28,3.15,15.26,6.93,9.71,1912.8,65.82,1927.08,837.13
ai_generated\ai_0064.jpg,AI Generated,,0.7879,0.1604,2.09,23,2.09,3.89,2.76,4.64,292.79,47.35,298.57,198.7
ai_generated\ai_0065.jpg,AI Generated,,0.9424,0.1622,3.01,28,2.72,19.93,6.85,10.09,1580.89,85.88,1603.67,1225.73
ai_generated\ai_0066.jpg,AI Generated,,0.8532,0.1459,3.49,26,2.97,6.98,5.29,5.79,1065.45,50.16,1076.0,378.67
ai_generated\ai_0067.jpg,AI Generated,,0.0121,0.151,0.7,13,0.85,1.22,1.63,8.95,875.63,24.56,874.94,1089.01
ai_generated\ai_0068.jpg,AI Generated,,0.9647,0.291,1.9,24,2.18,11.72,5.44,10.16,1783.55,73.37,1813.86,1294.96
ai_generated\ai_0069.jpg,AI Generated,,0.9793,0.1927,1.04,17,1.19,4.84,2.4,9.36,968.94,43.83,971.3,1097.2
ai_generated\ai_0070.jpg,AI Generated,,0.8714,0.2184,2.09,34,2.45,13.01,6.75,12.06,2592.99,81.5,2641.44,1947.28
ai_generated\ai_0071.jpg,AI Generated,,0.9401,0.4588,1.47,28,1.86,4.48,2.52,8.38,920.37,37.46,927.83,885.67
ai_generated\ai_0072.jpg,AI Generated,,0.7823,0.1266,2.67,22,2.37,22.14,7.79,8.97,1711.0,98.26,1740.52,1027.98
ai_generated\ai_0073.jpg,AI Generated,,0.0043,0.242,3.45,42,3.17,17.16,8.06,11.02,2382.57,96.94,2430.44,1913.74
ai_generated\ai_0074.jpg,AI Generated,,0.011,0.3388,2.25,29,3.11,12.05,8.09,15.6,4478.92,80.05,4551.41,3685.57
ai_generated\ai_0075.jpg,AI Generated,,0.9154,0.0578,4.1,31,3.27,34.95,13.87,12.22,5056.9,149.85,5136.79,812.06
ai_generated\ai_0076.jpg,AI Generated,,0.96,0.1033,2.8,25,2.59,10.59,5.18,9.58,1337.64,66.71,1350.1,812.74
ai_generated\ai_0077.jpg,AI Generated,,0.9992,0.2677,2.23,24,2.25,10.43,4.0,7.11,790.38,63.93,804.12,594.73
ai_generated\ai_0078.jpg,AI Generated,,0.9999,0.2049,1.68,22,1.75,7.34,3.19,6.33,480.31,60.47,489.11,492.53
ai_generated\ai_0079.jpg,AI Generated,,0.9779,0.266,0.45,13,0.87,1.32,1.39,8.79,841.18,9.01,839.59,996.96
ai_generated\ai_0080.jpg,AI Generated,,0.9866,0.459,0.69,20,1.37,2.21,2.06,11.16,1366.49,17.77,1367.94,1603.35
ai_generated\ai_0081.jpg,AI Generated,,0.9972,0.3468,1.14,13,1.36,8.85,3.94,11.17,1399.51,54.78,1405.21,1455.07
ai_generated\ai_0082.jpg,AI Generated,,0.9799,0.2661,1.36,24,1.89,4.06,2.12,5.66,339.59,32.87,347.85,300.39
ai_generated\ai_0083.jpg,AI Generated,,0.6321,0.1358,0.97,20,1.3,2.46,1.84,7.75,663.89,22.14,664.34,771.96
ai_generated\ai_0084.jpg,AI Generated,,0.5177,0.2929,1.3,24,1.57,3.47,2.09,7.53,625.45,27.95,626.35,715.08
ai_generated\ai_0085.jpg,AI Generated,,0.8121,0.3171,1.1,17,1.4,4.33,2.81,11.16,1414.5,30.68,1417.11,1582.65
ai_generated\ai_0086.jpg,AI Generated,,0.9999,0.2248,1.4,19,1.49,4.75,2.85,8.9,884.57,46.78,891.45,1086.22
ai_generated\ai_0087.jpg,AI Generated,,0.0249,0.1661,3.52,31,2.98,13.97,7.62,12.3,2574.32,76.74,2590.83,1987.25
ai_generated\ai_0088.jpg,AI Generated,,0.0847,0.3876,1.62,30,2.34,5.69,3.1,9.95,1305.38,39.52,1318.01,1550.14
ai_generated\ai_0089.jpg,AI Generated,,0.2627,0.1758,3.36,31,2.97,15.0,8.9,13.0,3589.11,84.12,3617.11,1650.78
ai_generated\ai_0090.jpg,AI Generated,,0.771,0.241,1.46,24,1.65,4.42,3.6,12.01,1690.89,40.12,1694.63,1831.48
ai_generated\ai_0091.jpg,AI Generated,,0.9997,0.216,2.18,27,2.46,14.33,6.65,11.55,2451.12,79.18,2477.38,2143.22
ai_generated\ai_0092.jpg,AI Generated,,0.8201,0.3309,1.85,28,2.29,9.07,4.29,8.59,1385.9,49.54,1400.03,755.9
ai_generated\ai_0093.jpg,AI Generated,,0.999,0.3699,1.24,19,1.51,4.34,2.99,9.66,1100.91,34.4,1104.43,794.2
ai_generated\ai_0094.jpg,AI Generated,,0.9545,0.2769,1.7,24,2.12,6.79,3.32,7.88,839.88,44.89,852.47,512.79
ai_generated\ai_0095.jpg,AI Generated,,0.6992,0.2915,1.88,20,1.95,7.12,3.96,8.52,1052.66,49.72,1057.75,825.7
ai_generated\ai_0096.jpg,AI Generated,,0.9984,0.3757,2.09,24,2.33,14.37,5.99,10.53,2028.46,70.48,2046.72,1124.67
ai_generated\ai_0097.jpg,AI Generated,,0.0052,0.2654,3.39,32,3.04,19.15,8.93,10.51,3243.96,91.83,3278.74,2127.87
ai_generated\ai_0098.jpg,AI Generated,,0.9126,0.1191,3.5,34,2.99,26.99,10.22,11.32,2640.94,132.15,2692.07,1529.12
ai_generated\ai_0099.jpg,AI Generated,,0.2684,0.1289,3.56,32,3.07,24.44,9.64,11.97,3607.54,110.73,3640.59,2496.11
ai_generated\ai_0100.jpg,AI Generated,,0.9662,0.1801,3.12,25,2.77,17.39,7.54,11.21,2422.43,74.43,2440.53,1071.16
ai_generated\ai_0101.jpg,AI Generated,,0.0363,0.2028,1.97,22,1.86,13.3,4.94,8.89,1044.78,82.65,1060.63,841.91
ai_generated\ai_0102.jpg,AI Generated,,0.9098,0.176,3.38,27,2.94,26.2,11.74,13.7,4539.19,135.78,4588.0,2737.09
ai_generated\ai_0103.jpg,AI Generated,,0.084,0.08,4.38,36,3.54,22.0,9.06,9.28,2900.91,90.67,2932.76,1061.77
ai_generated\ai_0104.jpg,AI Generated,,0.1784,0.0979,3.73,34,2.98,27.85,14.41,13.86,5825.7,153.55,5899.29,1918.33
ai_generated\ai_0105.jpg,AI Generated,,0.601,0.2458,2.55,30,2.91,9.81,4.66,9.24,1411.54,67.18,1437.21,933.8
ai_generated\ai_0106.jpg,AI Generated,,0.0331,0.352,2.84,44,3.04,13.26,6.31,9.29,2179.88,70.07,2202.48,2381.92
ai_generated\ai_0107.jpg,AI Generated,,0.6586,0.2004,3.4,33,3.28,15.29,6.72,10.02,2462.52,78.54,2494.8,1330.4
ai_generated\ai_0108.jpg,AI Generated,,0.0034,0.3784,2.41,41,2.63,8.9,3.79,7.49,848.91,53.35,859.36,1006.53
ai_generated\ai_0109.jpg,AI Generated,,0.4266,0.1231,1.51,20,1.61,2.57,2.14,2.63,118.24,38.8,122.15,54.44
ai_generated\ai_0110.jpg,AI Generated,,0.0907,0.0501,3.24,25,2.7,17.75,6.58,9.15,1511.68,81.71,1525.14,794.23
ai_generated\ai_0111.jpg,AI Generated,,0.7955,0.1616,1.86,19,1.78,13.03,4.37,5.06,447.15,65.94,458.5,284.18
ai_generated\ai_0112.jpg,AI Generated,,0.8972,0.0469,4.21,30,3.36,27.72,12.08,11.64,4756.73,118.4,4824.34,1073.97
ai_generated\ai_0113.jpg,AI Generated,,0.9811,0.1542,1.91,21,1.87,4.96,3.92,8.6,1043.67,46.32,1046.81,1138.04
ai_generated\ai_0114.jpg,AI Generated,,0.8006,0.1784,3.14,24,2.66,15.94,6.12,7.76,1254.63,78.4,1269.18,601.89
ai_generated\ai_0115.jpg,AI Generated,,0.54,0.0926,0.82,19,1.14,1.44,1.64,8.4,769.32,23.08,768.72,1067.87
ai_generated\ai_0116.jpg,AI Generated,,0.0747,0.3546,1.63,23,2.22,7.65,3.05,5.71,492.67,45.53,508.2,494.1
ai_generated\ai_0117.jpg,AI Generated,,0.623,0.3599,1.89,24,2.14,10.44,4.49,8.04,846.75,71.35,872.82,832.92
ai_generated\ai_0118.jpg,AI Generated,,0.7074,0.2311,1.2,15,1.29,4.08,2.84,10.11,1136.17,37.63,1140.62,1617.07
ai_generated\ai_0119.jpg,AI Generated,,0.7553,0.2578,1.65,23,2.12,8.04,3.33,6.3,496.13,55.35,518.7,600.64
ai_generated\ai_0120.jpg,AI Generated,,0.0116,0.3924,1.38,26,1.84,2.5,2.29,8.34,824.63,28.03,828.28,826.14
ai_generated\ai_0121.jpg,AI Generated,,0.0012,0.0771,3.68,30,3.11,17.82,7.87,9.68,2285.43,88.13,2311.23,891.32
ai_generated\ai_0122.jpg,AI Generated,,0.9966,0.2015,1.7,20,1.88,6.88,3.66,9.26,1060.36,51.04,1066.72,1079.19
ai_generated\ai_0123.jpg,AI Generated,,0.104,0.1434,2.23,24,2.33,8.2,4.17,9.22,1115.57,62.87,1133.16,712.22
ai_generated\ai_0124.jpg,AI Generated,,0.9703,0.1618,2.62,28,2.57,12.94,5.65,11.28,1818.52,76.14,1844.37,1605.49
ai_generated\ai_0125.jpg,AI Generated,,0.0006,0.1392,1.36,17,1.35,7.3,2.96,6.77,536.7,54.69,540.81,639.81
ai_generated\ai_0126.jpg,AI Generated,,0.1434,0.1092,3.76,36,3.32,17.58,8.49,10.97,2546.59,105.95,2605.25,1515.2
ai_generated\ai_0127.jpg,AI Generated,,0.0053,0.2559,3.42,41,3.57,19.97,10.88,15.64,6086.05,112.11,6146.79,4274.16
ai_generated\ai_0128.jpg,AI Generated,,0.0044,0.1247,4.47,31,3.65,25.8,9.85,10.08,2785.41,112.75,2824.27,1108.16
ai_generated\ai_0129.jpg,AI Generated,,0.9917,0.2239,2.4,26,2.42,9.97,6.1,13.47,2487.38,73.06,2517.7,1736.77
ai_generated\ai_0130.jpg,AI Generated,,0.0032,0.1213,3.85,28,3.08,26.53,12.27,13.43,5701.66,106.9,5735.39,2039.2
ai_generated\ai_0131.jpg,AI Generated,,0.0309,0.127,3.96,32,3.26,22.8,10.67,11.64,4128.68,110.74,4171.73,2080.59
ai_generated\ai_0132.jpg,AI Generated,,0.0171,0.3749,3.02,34,3.18,17.31,8.55,11.87,3351.27,84.74,3385.5,3166.06
ai_generated\ai_0133.jpg,AI Generated,,0.9435,0.2824,2.07,27,2.5,5.94,3.3,8.73,1016.72,47.02,1028.84,755.96
ai_generated\ai_0134.jpg,AI Generated,,0.8053,0.4008,1.53,30,2.0,5.16,2.82,8.15,870.09,39.41,883.1,605.99
ai_generated\ai_0135.jpg,AI Generated,,0.9986,0.1928,1.88,27,2.06,6.27,3.23,8.6,936.74,48.45,942.38,842.61
ai_generated\ai_0136.jpg,AI Generated,,0.7499,0.1632,1.88,37,2.41,6.72,3.34,8.76,960.04,43.74,972.57,529.43
ai_generated\ai_0137.jpg,AI Generated,,0.0976,0.2237,1.62,29,1.97,4.86,2.75,6.88,731.91,42.46,739.44,849.4
ai_generated\ai_0138.jpg,AI Generated,,0.9879,0.2363,1.5,27,1.84,3.25,2.82,10.16,1315.64,40.19,1319.06,1571.34
ai_generated\ai_0139.jpg,AI Generated,,0.4535,0.1047,1.94,18,1.65,6.33,4.85,9.34,1155.75,60.43,1165.5,1060.4
ai_generated\ai_0140.jpg,AI Generated,,0.0273,0.0687,4.0,32,3.18,30.49,13.89,13.31,6452.15,132.32,6527.54,2438.11
ai_generated\ai_0141.jpg,AI Generated,,0.4196,0.1684,2.51,27,2.4,12.61,5.41,8.52,1169.1,78.37,1188.45,501.41
ai_generated\ai_0142.jpg,AI Generated,,0.1841,0.2594,2.39,24,2.29,18.85,7.26,10.94,1970.84,108.97,2005.48,1325.39
ai_generated\ai_0143.jpg,AI Generated,,0.8081,0.0943,3.21,24,2.66,14.8,7.44,8.39,1888.86,80.79,1908.79,681.25
ai_generated\ai_0144.jpg,AI Generated,,0.9794,0.272,2.12,25,2.31,11.42,4.79,8.4,1134.53,70.68,1150.48,791.02
ai_generated\ai_0145.jpg,AI Generated,,0.379,0.2642,1.97,30,2.11,10.84,4.0,8.06,792.83,67.72,810.35,1093.17
ai_generated\ai_0146.jpg,AI Generated,,0.992,0.1486,2.98,27,2.67,18.18,7.98,10.22,2006.07,103.69,2064.78,1025.62
ai_generated\ai_0147.jpg,AI Generated,,0.5029,0.1401,2.96,25,2.64,15.43,6.15,8.88,1300.05,88.96,1323.05,761.55
ai_generated\ai_0148.jpg,AI Generated,,0.0031,0.1605,3.1,25,2.71,20.49,8.68,12.21,2486.37,111.6,2533.55,1646.49
ai_generated\ai_0149.jpg,AI Generated,,0.9876,0.3424,2.93,33,3.01,20.05,9.68,12.43,3626.11,116.15,3689.94,2575.2
ai_generated\ai_0150.jpg,AI Generated,,0.037,0.1791,2.4,28,2.67,12.96,7.21,14.08,2974.17,79.25,3007.8,1896.25
ai_generated\ai_0151.jpg,AI Generated,,0.9748,0.1568,2.95,34,2.81,12.49,5.83,8.49,1446.26,70.73,1467.99,779.52
ai_generated\ai_0152.jpg,AI Generated,,0.0163,0.2387,3.22,34,3.21,13.01,6.39,10.14,1992.52,74.42,2012.7,1907.83
ai_generated\ai_0153.jpg,AI Generated,,0.5477,0.1597,2.64,28,2.68,13.17,5.09,7.55,972.08,72.7,982.62,571.68
ai_generated\ai_0154.jpg,AI Generated,,0.9296,0.1114,1.42,19,1.44,7.72,3.46,10.21,1174.66,56.51,1180.84,1504.6
ai_generated\ai_0155.jpg,AI Generated,,0.5629,0.1759,1.8,20,1.9,6.96,2.93,7.05,579.5,50.31,589.98,702.09
ai_generated\ai_0156.jpg,AI Generated,,0.9988,0.318,1.67,29,2.01,6.73,2.79,6.22,493.48,53.56,505.41,454.53
ai_generated\ai_0157.jpg,AI Generated,,0.0086,0.1971,3.84,37,3.36,23.49,9.3,10.61,2590.57,113.54,2634.23,1299.98
ai_generated\ai_0158.jpg,AI Generated,,0.0424,0.0552,3.37,31,2.89,22.55,8.6,10.37,2232.23,110.62,2275.06,1344.84
ai_generated\ai_0159.jpg,AI Generated,,0.0282,0.1395,3.53,33,3.16,9.54,5.69,7.33,1240.47,59.01,1254.73,794.35
ai_generated\ai_0160.jpg,AI Generated,,0.8615,0.1152,3.52,39,3.12,17.17,8.31,11.07,2708.28,93.13,2745.93,1894.44
ai_generated\ai_0161.jpg,AI Generated,,0.0064,0.4255,2.61,33,2.8,12.22,5.31,8.27,1155.19,72.78,1173.71,1001.78
ai_generated\ai_0162.jpg,AI Generated,,0.2679,0.1811,4.13,38,3.66,14.86,8.35,11.43,3130.03,83.39,3160.94,2086.16
ai_generated\ai_0163.jpg,AI Generated,,0.79,0.2843,1.75,21,1.86,3.41,2.22,5.04,344.21,35.04,348.84,373.26
ai_generated\ai_0164.jpg,AI Generated,,0.0542,0.247,1.55,25,1.57,2.13,2.54,6.17,501.39,31.66,503.58,616.12
ai_generated\ai_0165.jpg,AI Generated,,0.0196,0.0983,4.17,34,3.4,22.18,8.92,9.94,2654.52,97.12,2677.89,1155.93
ai_generated\ai_0166.jpg,AI Generated,,0.0804,0.19,1.98,30,2.02,7.61,3.8,7.1,733.87,55.49,740.2,498.22
ai_generated\ai_0167.jpg,AI Generated,,0.9994,0.112,2.41,20,1.98,5.79,4.48,6.35,731.33,49.43,739.2,346.43
ai_generated\ai_0168.jpg,AI Generated,,0.0281,0.2469,2.89,31,2.82,10.99,5.86,9.91,1696.84,66.77,1711.72,1272.44
ai_generated\ai_0169.jpg,AI Generated,,0.6177,0.3538,1.46,30,1.95,3.88,3.29,10.77,1492.23,31.4,1502.66,1366.05
ai_generated\ai_0170.jpg,AI Generated,,0.1788,0.2112,2.06,25,2.33,9.71,4.92,12.5,2023.27,63.15,2032.6,1600.49
ai_generated\ai_0171.jpg,AI Generated,,0.1527,0.25,1.6,24,1.93,5.71,3.21,9.26,1052.88,48.87,1060.66,939.87
ai_generated\ai_0172.jpg,AI Generated,,0.0024,0.2205,2.85,27,2.84,15.65,6.77,11.52,2289.24,88.08,2320.3,1059.87
ai_generated\ai_0173.jpg,AI Generated,,0.7701,0.5379,1.56,23,1.87,5.5,2.73,5.22,387.48,43.79,395.88,412.15
ai_generated\ai_0174.jpg,AI Generated,,0.3126,0.3781,1.93,21,2.29,6.5,5.0,11.64,2193.8,44.72,2199.11,2001.22
ai_generated\ai_0175.jpg,AI Generated,,0.6433,0.1675,2.05,25,2.12,10.2,4.36,8.32,940.76,70.13,955.81,859.53
ai_generated\ai_0176.jpg,AI Generated,,0.6187,0.3544,1.62,20,1.92,7.36,3.08,6.21,495.23,49.42,505.22,621.8
ai_generated\ai_0177.jpg,AI Generated,,0.8915,0.124,1.12,14,1.06,3.24,3.3,9.32,1002.93,52.51,1005.23,1170.03
ai_generated\ai_0178.jpg,AI Generated,,0.9999,0.1068,1.85,19,1.66,14.01,4.93,8.21,914.63,73.5,926.55,826.49
ai_generated\ai_0179.jpg,AI Generated,,0.9052,0.208,1.55,20,1.7,6.78,3.61,8.29,883.89,51.51,892.93,695.68
ai_generated\ai_0180.jpg,AI Generated,,0.7062,0.162,0.78,10,0.88,1.42,1.69,7.14,558.62,21.31,558.99,640.43
ai_generated\ai_0181.jpg,AI Generated,,0.9538,0.1408,2.18,20,2.12,11.37,5.46,9.87,1437.33,62.9,1460.18,730.92
ai_generated\ai_0182.jpg,AI Generated,,1.0,0.1694,2.38,25,2.15,8.44,4.9,6.13,778.02,58.29,793.27,373.7
ai_generated\ai_0183.jpg,AI Generated,,0.4027,0.0997,3.41,29,2.95,24.54,9.44,10.01,2507.96,104.72,2545.09,919.96
ai_generated\ai_0184.jpg,AI Generated,,0.8379,0.528,0.81,30,1.73,2.21,2.14,9.48,1067.19,18.48,1077.74,891.28
ai_generated\ai_0185.jpg,AI Generated,,0.999,0.3647,1.15,26,2.0,4.5,3.08,10.29,1385.25,30.33,1407.41,1243.18
ai_generated\ai_0186.jpg,AI Generated,,0.9782,0.1656,2.49,27,2.31,11.24,5.2,6.73,830.27,66.82,843.91,436.1
ai_generated\ai_0187.jpg,AI Generated,,0.9997,0.4411,1.29,23,1.81,6.11,3.42,8.92,1053.28,40.68,1063.6,1006.31
ai_generated\ai_0188.jpg,AI Generated,,0.9722,0.167,1.93,24,2.03,6.81,5.39,9.93,1468.91,57.63,1482.13,764.37
ai_generated\ai_0189.jpg,AI Generated,,0.9946,0.4082,2.27,31,2.86,11.94,6.13,12.48,2927.02,58.78,2952.95,2160.47
ai_generated\ai_0190.jpg,AI Generated,,0.9707,0.3009,1.07,19,1.38,3.16,2.2,6.26,527.53,28.46,529.84,662.97
ai_generated\ai_0191.jpg,AI Generated,,0.9817,0.2932,2.4,21,2.44,9.55,4.92,7.82,1099.54,56.98,1118.0,655.69
ai_generated\ai_0192.jpg,AI Generated,,0.9393,0.2069,1.47,23,2.12,5.86,3.31,9.87,1173.0,35.6,1185.81,767.42
ai_generated\ai_0193.jpg,AI Generated,,0.8348,0.0689,3.48,26,2.84,20.76,10.19,10.93,3294.23,92.33,3312.98,707.59
ai_generated\ai_0194.jpg,AI Generated,,0.5442,0.3048,2.65,40,3.4,13.19,6.04,11.35,2013.47,66.6,2032.74,1197.34
ai_generated\ai_0195.jpg,AI Generated,,0.9999,0.3534,1.23,26,2.0,2.93,1.9,7.62,631.64,22.87,636.82,688.92
ai_generated\ai_0196.jpg,AI Generated,,0.9997,0.1244,3.05,20,2.49,6.24,5.81,5.88,1024.96,60.31,1044.9,316.42
ai_generated\ai_0197.jpg,AI Generated,,0.9865,0.2144,3.06,33,2.96,13.78,6.4,9.7,1883.86,73.93,1916.11,1330.93
ai_generated\ai_0198.jpg,AI Generated,,0.0574,0.0636,4.16,29,3.31,30.97,14.3,12.89,6234.05,119.13,6278.65,1965.98
ai_generated\ai_0199.jpg,AI Generated,,0.3869,0.2922,1.5,24,1.81,5.28,3.78,11.63,1566.47,53.55,1583.66,1637.19
ai_generated\ai_0200.jpg,AI Generated,,0.9992,0.4745,1.37,20,1.82,5.11,2.42,7.23,683.12,30.79,688.25,637.04
ai_generated\ai_0201.jpg,AI Generated,,0.9726,0.1941,2.08,24,1.99,10.35,4.13,7.69,903.51,66.23,914.77,712.32
ai_generated\ai_0202.jpg,AI Generated,,1.0,0.2157,1.34,21,1.53,3.99,2.38,6.45,477.32,38.78,485.98,499.27
ai_generated\ai_0203.jpg,AI Generated,,0.5165,0.2273,1.66,29,2.16,6.88,3.74,10.68,1556.76,50.05,1590.27,880.7
ai_generated\ai_0204.jpg,AI Generated,,0.0355,0.1588,2.43,27,2.48,15.13,5.94,9.8,1491.82,82.71,1546.78,1200.07
ai_generated\ai_0205.jpg,AI Generated,,0.9948,0.4304,2.06,41,2.55,6.35,3.72,6.93,849.67,48.35,861.5,871.7
ai_generated\ai_0206.jpg,AI Generated,,0.4005,0.1218,3.92,34,3.29,23.41,13.8,16.01,5877.69,145.9,5944.64,2678.87
ai_generated\ai_0207.jpg,AI Generated,,0.6816,0.2008,2.76,29,2.76,9.14,4.41,6.68,949.29,59.56,961.87,657.8
ai_generated\ai_0208.jpg,AI Generated,,0.1665,0.1045,3.57,32,2.95,12.51,7.9,8.44,2244.43,71.46,2262.5,760.04
ai_generated\ai_0209.jpg,AI Generated,,0.702,0.1216,3.42,36,3.0,14.84,7.2,8.65,1791.37,83.67,1828.4,732.45
ai_generated\ai_0210.jpg,AI Generated,,0.611,0.1867,2.35,33,2.42,8.2,4.29,6.61,776.01,56.83,788.71,727.51
ai_generated\ai_0211.jpg,AI Generated,,0.9944,0.438,1.09,22,1.59,2.56,1.88,5.71,435.37,20.34,439.99,366.23
ai_generated\ai_0212.jpg,AI Generated,,0.004,0.1684,3.45,40,3.37,12.66,6.43,10.32,1679.07,78.16,1697.87,665.62
ai_generated\ai_0213.jpg,AI Generated,,0.9994,0.186,2.4,31,2.44,11.0,4.52,7.14,789.14,65.7,800.78,727.49
ai_generated\ai_0214.jpg,AI Generated,,0.974,0.1023,4.01,30,3.21,28.57,11.2,10.63,3867.48,98.94,3897.3,915.44
ai_generated\ai_0215.jpg,AI Generated,,1.0,0.1295,3.24,33,2.9,20.87,7.04,8.37,1183.29,100.61,1212.08,592.56
ai_generated\ai_0216.jpg,AI Generated,,0.4984,0.2367,3.46,27,2.93,12.47,8.28,11.22,2970.41,70.05,2986.89,1235.33
ai_generated\ai_0217.jpg,AI Generated,,0.9972,0.103,1.33,22,1.3,4.01,4.13,9.83,1154.65,52.21,1156.76,1246.1
ai_generated\ai_0218.jpg,AI Generated,,0.2189,0.3946,1.39,24,1.97,4.47,3.23,10.3,1389.71,29.07,1389.35,1071.52
ai_generated\ai_0219.jpg,AI Generated,,0.9958,0.1794,3.11,27,2.66,21.37,8.94,10.44,2338.62,87.83,2363.55,957.25
ai_generated\ai_0220.jpg,AI Generated,,0.8918,0.2087,1.32,31,1.54,3.62,3.26,6.51,575.38,41.03,588.61,306.0
ai_generated\ai_0221.jpg,AI Generated,,0.9998,0.2338,1.39,26,1.65,5.54,3.15,7.51,761.53,53.64,771.04,735.72
ai_generated\ai_0222.jpg,AI Generated,,0.4245,0.2618,1.82,23,2.0,8.0,4.23,7.58,794.12,62.25,815.08,704.33
ai_generated\ai_0223.jpg,AI Generated,,0.0448,0.3707,2.07,28,2.55,11.62,6.04,12.93,2781.42,64.1,2803.33,1154.78
ai_generated\ai_0224.jpg,AI Generated,,1.0,0.2503,2.77,30,2.68,17.38,8.36,11.46,2625.68,90.72,2663.83,1476.12
ai_generated\ai_0225.jpg,AI Generated,,0.9984,0.1624,2.68,27,2.58,19.56,6.48,8.41,1232.71,100.08,1262.75,463.65
ai_generated\ai_0226.jpg,AI Generated,,0.9807,0.4405,1.82,35,2.8,6.28,3.37,9.61,1278.23,33.5,1287.17,784.68
ai_generated\ai_0227.jpg,AI Generated,,0.9746,0.065,3.97,32,3.2,32.66,16.57,14.36,6500.14,157.69,6572.21,1605.36
ai_generated\ai_0228.jpg,AI Generated,,0.9788,0.1119,3.3,25,2.7,24.89,9.71,9.69,2707.88,94.73,2735.55,1260.3
ai_generated\ai_0229.jpg,AI Generated,,0.9998,0.1686,2.02,20,1.83,5.36,3.91,7.94,833.0,50.43,839.3,713.69
ai_generated\ai_0230.jpg,AI Generated,,0.4543,0.1237,3.56,25,2.83,11.85,9.22,9.74,3327.09,67.28,3344.22,1379.82
ai_generated\ai_0231.jpg,AI Generated,,0.9765,0.0895,2.42,26,2.2,18.62,5.5,8.86,1051.17,95.71,1070.74,812.99
ai_generated\ai_0232.jpg,AI Generated,,0.9502,0.205,3.69,31,3.38,19.14,8.8,10.6,2661.35,94.67,2699.17,1533.18
ai_generated\ai_0233.jpg,AI Generated,,0.9867,0.1258,3.11,25,2.69,18.76,8.63,9.98,2641.02,88.21,2672.03,2013.28
ai_generated\ai_0234.jpg,AI Generated,,0.004,0.1017,3.77,30,3.16,12.18,8.2,9.97,2775.03,70.34,2795.51,1259.0
ai_generated\ai_0235.jpg,AI Generated,,1.0,0.1944,2.84,25,2.64,16.67,6.58,9.89,1515.18,94.92,1548.41,809.9
ai_generated\ai_0236.jpg,AI Generated,,0.8826,0.2944,2.36,28,2.81,13.92,8.32,14.94,4234.89,82.28,4274.08,2906.41
ai_generated\ai_0237.jpg,AI Generated,,0.9239,0.0921,4.05,31,3.43,28.69,11.11,11.97,3083.67,143.73,3144.44,925.71
ai_generated\ai_0238.jpg,AI Generated,,0.9957,0.2204,3.63,39,3.35,24.26,9.25,10.56,2657.89,112.29,2705.11,1587.47
ai_generated\ai_0239.jpg,AI Generated,,0.2191,0.0793,4.39,35,3.67,30.9,14.99,14.24,7396.38,133.0,7461.0,2097.36
ai_generated\ai_0240.jpg,AI Generated,,0.9913,0.2875,1.49,23,1.88,6.21,4.58,9.49,1385.01,50.57,1396.51,1439.01
ai_generated\ai_0241.jpg,AI Generated,,0.9851,0.2203,2.01,29,2.09,3.36,3.42,8.85,987.24,44.55,987.89,920.65
ai_generated\ai_0242.jpg,AI Generated,,0.3198,0.0733,4.06,32,3.38,27.65,12.48,12.6,3974.58,152.66,4036.91,1535.2
ai_generated\ai_0243.jpg,AI Generated,,0.3532,0.1899,2.45,24,2.3,17.52,6.04,9.85,1346.2,90.54,1366.93,1100.82
ai_generated\ai_0244.jpg,AI Generated,,0.5804,0.1092,4.03,26,3.28,28.64,13.3,13.59,5991.25,124.88,6039.66,3753.7
ai_generated\ai_0245.jpg,AI Generated,,0.9991,0.1929,3.22,30,2.86,18.63,8.12,11.2,2318.37,93.4,2326.1,1263.71
ai_generated\ai_0246.jpg,AI Generated,,0.932,0.1477,3.98,35,3.37,27.5,14.22,15.41,6663.9,148.34,6728.47,3429.71
ai_generated\ai_0247.jpg,AI Generated,,0.9981,0.3539,0.67,18,1.11,2.0,1.8,7.01,554.44,17.31,555.53,553.52
ai_generated\ai_0248.jpg,AI Generated,,0.4296,0.1303,2.3,34,2.51,11.97,7.19,12.01,2735.74,83.04,2771.13,1658.06
ai_generated\ai_0249.jpg,AI Generated,,0.9813,0.1447,2.0,24,1.87,11.53,6.28,8.72,1179.49,74.64,1192.08,668.98
ai_generated\ai_0250.jpg,AI Generated,,0.5226,0.3151,2.07,35,2.62,9.27,4.48,7.87,906.93,57.97,922.85,648.59
ai_generated\ai_0251.jpg,AI Generated,,0.7492,0.4035,1.79,21,2.23,11.71,5.86,11.87,2173.42,60.68,2191.89,1320.15
ai_generated\ai_0252.jpg,AI Generated,,0.9815,0.1965,0.84,15,0.98,1.78,1.51,5.52,334.14,21.66,334.5,353.73
ai_generated\ai_0253.jpg,AI Generated,,0.2511,0.2567,2.8,43,2.51,3.83,5.28,8.54,1311.97,48.81,1319.28,596.47
ai_generated\ai_0254.jpg,AI Generated,,0.8382,0.1551,3.17,22,2.57,6.98,7.07,9.2,1876.5,61.56,1889.19,857.28
ai_generated\ai_0255.jpg,AI Generated,,0.9801,0.1629,3.4,25,2.79,20.88,9.4,10.22,3015.34,86.52,3047.67,1285.55
ai_generated\ai_0256.jpg,AI Generated,,0.4483,0.1948,2.5,23,2.58,16.09,7.98,11.77,3246.72,88.6,3328.76,3095.3
ai_generated\ai_0257.jpg,AI Generated,,0.877,0.3094,2.68,21,2.47,14.47,8.28,12.3,3563.96,73.22,3578.67,2879.3
ai_generated\ai_0258.jpg,AI Generated,,0.8374,0.23,2.69,24,2.49,14.99,6.53,9.36,1650.11,73.35,1668.08,868.31
ai_generated\ai_0259.jpg,AI Generated,,0.0078,0.3452,2.12,28,2.34,9.59,4.99,8.43,1275.88,61.2,1296.28,967.45
ai_generated\ai_0260.jpg,AI Generated,,0.3335,0.2321,1.69,31,2.37,6.88,3.99,11.06,1613.39,47.14,1627.84,836.76
ai_generated\ai_0261.jpg,AI Generated,,0.0339,0.1901,2.72,26,2.59,12.12,7.17,10.4,2574.75,74.01,2593.18,1703.85
ai_generated\ai_0262.jpg,AI Generated,,0.0037,0.2999,2.92,29,2.98,21.07,9.61,14.5,3912.64,108.34,3950.77,2278.52
ai_generated\ai_0263.jpg,AI Generated,,0.3564,0.0994,2.62,24,2.36,12.77,7.21,11.51,2122.96,85.53,2149.87,812.32
ai_generated\ai_0264.jpg,AI Generated,,0.9959,0.2142,1.71,22,2.02,6.56,4.23,9.4,1246.34,51.2,1264.93,774.29
ai_generated\ai_0265.jpg,AI Generated,,0.8146,0.1972,1.35,27,1.82,7.17,3.0,6.67,627.19,40.33,646.96,406.93
ai_generated\ai_0266.jpg,AI Generated,,0.9971,0.2672,1.57,19,1.59,4.4,2.54,5.54,414.77,43.85,422.06,328.99
ai_generated\ai_0267.jpg,AI Generated,,0.982,0.2793,1.81,17,1.87,9.87,5.3,10.82,1494.51,77.5,1518.2,1228.07
ai_generated\ai_0268.jpg,AI Generated,,0.7508,0.2747,2.25,23,2.33,11.41,5.37,8.89,1310.47,62.24,1322.91,866.93
ai_generated\ai_0269.jpg,AI Generated,,0.0269,0.2898,2.33,30,2.46,15.64,7.27,12.09,2550.4,96.3,2571.44,2401.7
ai_generated\ai_0270.jpg,AI Generated,,0.15,0.244,2.21,22,2.42,8.68,4.94,11.06,1725.53,52.84,1739.56,1280.63
ai_generated\ai_0271.jpg,AI Generated,,0.9902,0.3118,2.03,24,2.1,8.97,5.02,9.48,1414.71,56.08,1424.05,868.13
ai_generated\ai_0272.jpg,AI Generated,,0.9262,0.3874,0.96,21,1.48,4.09,2.95,10.49,1278.18,32.26,1282.96,1257.72
ai_generated\ai_0273.jpg,AI Generated,,0.4801,0.2464,1.97,27,2.19,9.72,4.36,8.72,1085.47,60.83,1101.34,1080.35
ai_generated\ai_0274.jpg,AI Generated,,0.8823,0.3543,2.14,25,2.58,14.16,7.59,14.03,3448.83,78.16,3478.83,1812.8
ai_generated\ai_0275.jpg,AI Generated,,0.9981,0.3185,1.37,21,1.71,6.87,4.69,11.52,1761.2,53.96,1784.02,1664.02
ai_generated\ai_0276.jpg,AI Generated,,0.9957,0.3749,1.83,23,2.07,9.35,4.86,8.97,1300.08,60.3,1322.88,1292.59
ai_generated\ai_0277.jpg,AI Generated,,0.3358,0.4411,1.86,29,2.26,7.49,5.32,12.1,2369.57,50.32,2386.97,1928.47
ai_generated\ai_0278.jpg,AI Generated,,0.0072,0.2298,2.98,32,2.84,11.47,6.73,9.86,1895.47,62.64,1911.59,792.22
ai_generated\ai_0279.jpg,AI Generated,,0.9844,0.1905,1.43,24,1.66,4.1,3.56,7.25,701.54,45.37,711.91,488.11
ai_generated\ai_0280.jpg,AI Generated,,0.7331,0.4071,1.6,22,2.3,7.85,4.32,11.49,2065.03,37.38,2079.6,1256.08
ai_generated\ai_0281.jpg,AI Generated,,0.9938,0.5241,1.01,28,1.71,2.68,1.91,6.72,587.24,17.98,593.36,558.25
ai_generated\ai_0282.jpg,AI Generated,,0.9732,0.2735,2.01,26,2.19,11.28,6.77,12.14,2575.29,77.22,2594.11,2964.79
ai_generated\ai_0283.jpg,AI Generated,,0.7801,0.1451,1.32,17,1.39,7.59,4.82,10.31,1321.4,57.18,1334.38,1046.33
ai_generated\ai_0284.jpg,AI Generated,,0.9878,0.2454,1.04,14,1.27,4.43,2.64,7.88,724.96,34.93,726.4,717.99
ai_generated\ai_0285.jpg,AI Generated,,0.9962,0.3528,1.11,18,1.51,6.09,3.74,12.07,1706.31,43.56,1715.18,1859.65
ai_generated\ai_0286.jpg,AI Generated,,0.0203,0.1469,3.56,35,3.07,19.91,11.98,15.71,7546.99,97.57,7584.58,4792.77
ai_generated\ai_0287.jpg,AI Generated,,0.0223,0.2974,2.17,21,2.19,11.64,5.7,9.63,1451.4,69.13,1472.48,1138.28
ai_generated\ai_0288.jpg,AI Generated,,0.949,0.2372,1.68,28,2.03,7.26,5.58,10.28,1716.32,58.86,1731.89,952.04
ai_generated\ai_0289.jpg,AI Generated,,0.7371,0.2099,2.81,29,3.01,15.72,7.74,11.11,2094.18,103.48,2144.62,1537.86
ai_generated\ai_0290.jpg,AI Generated,,0.9428,0.354,1.53,25,1.74,3.62,3.93,8.72,1011.29,42.47,1018.62,709.89
ai_generated\ai_0291.jpg,AI Generated,,0.1991,0.4385,1.62,32,1.91,4.51,3.19,9.37,1096.44,46.83,1105.59,1019.1
ai_generated\ai_0292.jpg,AI Generated,,0.9997,0.2575,2.64,38,3.02,13.79,7.47,12.72,3452.87,89.83,3479.87,4216.24
ai_generated\ai_0293.jpg,AI Generated,,0.9996,0.1727,2.42,32,2.51,9.17,5.09,8.79,1306.85,59.08,1319.65,817.66
ai_generated\ai_0294.jpg,AI Generated,,0.0807,0.1272,3.64,36,3.37,25.12,15.07,17.68,10216.45,126.9,10302.22,7326.21
ai_generated\ai_0295.jpg,AI Generated,,0.9669,0.2415,1.77,21,1.87,10.79,5.68,9.99,1515.02,61.74,1526.24,1436.73
ai_generated\ai_0296.jpg,AI Generated,,1.0,0.2872,1.56,29,1.94,7.58,4.08,9.73,1268.16,46.98,1276.43,1035.65
ai_generated\ai_0297.jpg,AI Generated,,0.9849,0.1786,2.59,23,2.46,11.56,6.7,10.57,2134.41,76.48,2164.09,1134.03
ai_generated\ai_0298.jpg,AI Generated,,0.0768,0.2274,2.42,23,2.34,11.94,5.77,9.74,1513.04,78.48,1526.89,1287.93
ai_generated\ai_0299.jpg,AI Generated,,0.7443,0.2765,2.27,35,2.37,8.34,4.67,8.74,1190.9,58.31,1218.32,997.05
ai_generated\ai_0300.jpg,AI Generated,,0.9948,0.1516,0.8,25,1.61,2.46,1.79,6.83,738.76,24.17,761.16,1378.96
ai_generated\ai_0301.jpg,AI Generated,,0.0115,0.2069,1.51,24,1.79,6.67,3.69,10.73,1384.79,53.41,1392.02,1763.16
ai_generated\ai_0302.jpg,AI Generated,,0.0378,0.3366,1.44,39,1.83,4.22,3.49,9.66,1114.2,48.63,1125.19,952.05
ai_generated\ai_0303.jpg,AI Generated,,0.8574,0.1329,1.3,30,1.54,6.21,2.84,6.98,541.8,50.52,559.67,485.85
ai_generated\ai_0304.jpg,AI Generated,,0.2928,0.2428,1.3,35,1.56,4.45,3.23,6.27,528.93,44.2,534.83,514.4
ai_generated\ai_0305.jpg,AI Generated,,0.1737,0.2199,1.34,24,1.71,4.3,2.82,5.69,441.12,38.67,454.53,250.62
ai_generated\ai_0306.jpg,AI Generated,,0.5122,0.0757,3.68,43,3.23,25.42,13.13,14.31,5519.38,137.59,5582.47,2001.08
ai_generated\ai_0307.jpg,AI Generated,,0.9996,0.48,0.73,21,1.49,2.02,1.53,7.56,623.22,13.84,627.11,650.31
ai_generated\ai_0308.jpg,AI Generated,,0.9998,0.1941,1.88,19,1.84,11.96,4.75,6.94,799.25,70.05,819.35,516.85
ai_generated\ai_0309.jpg,AI Generated,,0.9985,0.181,1.37,23,1.49,3.34,3.51,5.5,413.84,47.98,419.79,299.08
ai_generated\ai_0310.jpg,AI Generated,,1.0,0.4085,1.07,23,1.7,3.0,1.8,6.66,496.79,21.65,498.43,399.45
ai_generated\ai_0311.jpg,AI Generated,,0.9134,0.1822,1.1,18,1.26,6.02,3.62,6.98,631.37,57.78,640.49,461.04
ai_generated\ai_0312.jpg,AI Generated,,0.997,0.5559,1.11,32,1.8,2.08,1.97,8.35,831.31,21.37,838.72,703.61
ai_generated\ai_0313.jpg,AI Generated,,0.4788,0.3039,1.2,21,1.83,4.82,3.36,11.18,1695.91,28.03,1705.6,1470.24
ai_generated\ai_0314.jpg,AI Generated,,0.0004,0.2414,0.6,11,0.76,1.16,1.85,8.96,880.36,25.69,879.76,1038.62
ai_generated\ai_0315.jpg,AI Generated,,0.2727,0.1016,0.9,14,0.98,3.89,2.27,8.8,862.34,45.08,887.69,1154.29
ai_generated\ai_0316.jpg,AI Generated,,0.9379,0.2389,1.41,22,1.82,5.07,3.37,8.27,907.67,34.2,923.83,622.9
ai_generated\ai_0317.jpg,AI Generated,,0.9981,0.1658,0.93,20,1.12,2.48,3.21,11.61,1499.71,38.56,1498.81,2011.69
ai_generated\ai_0318.jpg,AI Generated,,0.2351,0.0468,2.51,21,2.41,15.01,7.45,12.02,2358.27,69.52,2381.79,1314.0
ai_generated\ai_0319.jpg,AI Generated,,0.0112,0.1743,1.02,17,1.22,3.08,1.56,4.82,251.78,31.7,254.98,294.97
ai_generated\ai_0320.jpg,AI Generated,,0.0012,0.0748,3.04,27,2.71,17.84,9.42,11.33,2905.45,96.23,2933.71,714.68
ai_generated\ai_0321.jpg,AI Generated,,0.7289,0.1812,1.87,24,2.06,7.62,4.9,9.46,1233.69,49.72,1238.31,923.09
ai_generated\ai_0322.jpg,AI Generated,,0.8697,0.2334,2.12,30,2.47,3.56,3.31,7.49,765.63,35.28,769.06,733.55
ai_generated\ai_0323.jpg,AI Generated,,0.9245,0.3349,1.66,22,1.74,6.47,3.53,8.18,768.09,54.87,782.56,721.81
ai_generated\ai_0324.jpg,AI Generated,,0.9917,0.1777,2.13,30,2.53,9.61,4.94,10.08,1459.16,61.89,1491.69,1039.22
ai_generated\ai_0325.jpg,AI Generated,,0.22,0.3063,1.26,31,1.7,1.7,1.34,4.18,212.63,23.35,214.67,223.15
ai_generated\ai_0326.jpg,AI Generated,,0.9866,0.1971,1.31,25,1.71,2.31,1.64,5.99,396.32,24.53,396.64,506.99
ai_generated\ai_0327.jpg,AI Generated,,0.3867,0.2243,1.77,25,1.92,11.12,4.15,7.99,841.77,54.06,849.92,743.72
ai_generated\ai_0328.jpg,AI Generated,,0.0037,0.1111,1.01,20,1.26,1.87,1.47,5.34,314.55,30.9,318.67,428.74
ai_generated\ai_0329.jpg,AI Generated,,0.084,0.2706,1.52,23,1.55,3.09,3.29,10.87,1372.21,34.09,1373.11,1755.21
ai_generated\ai_0330.jpg,AI Generated,,0.201,0.285,1.11,18,1.39,1.33,1.82,7.27,641.98,21.67,642.78,928.87
ai_generated\ai_0331.jpg,AI Generated,,0.8859,0.4213,2.68,33,3.06,16.15,7.4,11.32,2825.55,81.67,2853.9,2206.54
ai_generated\ai_0332.jpg,AI Generated,,0.9995,0.2017,2.16,39,2.62,8.08,5.13,12.73,1905.1,66.12,1944.27,2027.51
ai_generated\ai_0333.jpg,AI Generated,,0.9963,0.1769,1.58,24,1.82,4.37,3.04,8.87,1001.63,39.02,1006.68,715.47
ai_generated\ai_0334.jpg,AI Generated,,1.0,0.2993,1.58,22,1.96,5.66,3.17,8.97,1135.43,35.12,1151.14,761.64
ai_generated\ai_0335.jpg,AI Generated,,0.9995,0.1867,1.27,20,1.51,2.15,1.44,5.27,307.52,27.25,308.96,347.66
ai_generated\ai_0336.jpg,AI Generated,,0.991,0.3111,2.16,34,2.79,7.38,3.4,6.74,788.54,45.63,812.05,639.94
ai_generated\ai_0337.jpg,AI Generated,,0.9991,0.1341,1.75,22,1.76,7.1,3.88,7.59,796.04,51.8,802.63,689.51
ai_generated\ai_0338.jpg,AI Generated,,0.5887,0.1398,3.2,27,2.75,12.84,6.91,8.93,1761.8,72.58,1784.81,1011.5
ai_generated\ai_0339.jpg,AI Generated,,0.8405,0.3514,2.51,24,2.5,11.95,7.16,13.33,3221.95,67.21,3237.12,2147.94
ai_generated\ai_0340.jpg,AI Generated,,0.1031,0.2848,1.42,20,1.59,4.35,3.65,11.42,1650.13,39.22,1652.46,1410.99
ai_generated\ai_0341.jpg,AI Generated,,0.9999,0.1356,2.22,24,2.19,7.66,4.67,7.07,869.91,56.13,881.9,619.15
ai_generated\ai_0342.jpg,AI Generated,,0.6774,0.2415,1.46,22,1.61,6.77,3.68,8.5,906.36,53.23,910.5,1027.47
ai_generated\ai_0343.jpg,AI Generated,,0.0027,0.2278,1.11,12,1.23,5.94,3.69,12.15,1651.3,52.83,1666.57,2016.12
ai_generated\ai_0344.jpg,AI Generated,,0.9995,0.3063,1.15,19,1.39,4.11,1.9,5.16,297.51,37.38,304.0,364.72
ai_generated\ai_0345.jpg,AI Generated,,0.985,0.2042,2.43,21,2.18,6.67,4.5,6.63,861.82,52.58,871.05,492.95
ai_generated\ai_0346.jpg,AI Generated,,0.9458,0.3136,1.69,22,1.85,7.51,3.59,8.32,917.86,52.12,924.77,963.63
ai_generated\ai_0347.jpg,AI Generated,,0.9994,0.2311,0.88,13,1.15,3.29,1.55,3.69,118.48,39.39,133.35,136.61
ai_generated\ai_0348.jpg,AI Generated,,0.9939,0.251,1.22,18,1.4,4.93,2.26,5.06,322.43,43.06,329.53,275.89
ai_generated\ai_0349.jpg,AI Generated,,0.0013,0.1439,0.62,13,0.8,2.81,2.58,13.91,2114.83,41.14,2117.5,2544.33
ai_generated\ai_0350.jpg,AI Generated,,0.9993,0.227,2.39,28,2.19,16.37,6.31,7.77,1122.72,88.37,1144.48,590.46
ai_generated\ai_0351.jpg,AI Generated,,0.9715,0.2061,1.57,21,1.68,6.11,3.22,6.75,652.3,48.14,665.44,440.82
ai_generated\ai_0352.jpg,AI Generated,,0.945,0.2357,0.77,15,0.93,3.78,1.84,6.9,523.34,41.38,528.97,853.08
ai_generated\ai_0353.jpg,AI Generated,,0.2666,0.2064,1.21,18,1.29,5.62,2.41,6.53,471.07,47.98,480.48,580.82
ai_generated\ai_0354.jpg,AI Generated,,0.1403,0.2171,0.75,10,0.9,2.1,1.58,7.12,548.4,31.92,549.74,983.29
ai_generated\ai_0355.jpg,AI Generated,,0.7388,0.142,1.24,29,1.25,5.84,2.76,5.59,364.76,52.16,381.13,522.32
ai_generated\ai_0356.jpg,AI Generated,,0.9439,0.3396,0.93,12,1.21,2.44,2.21,9.13,946.72,26.52,946.2,1258.43
ai_generated\ai_0357.jpg,AI Generated,,0.6306,0.3867,0.99,18,1.2,2.32,2.05,8.61,837.37,28.44,839.36,1007.01
ai_generated\ai_0358.jpg,AI Generated,,0.8832,0.1963,0.93,22,1.03,3.15,1.69,4.57,235.69,34.1,239.19,324.41
ai_generated\ai_0359.jpg,AI Generated,,0.9976,0.3087,1.42,20,1.62,4.56,3.31,9.92,1192.93,43.53,1201.53,1130.56
ai_generated\ai_0360.jpg,AI Generated,,0.9325,0.226,0.74,12,0.87,2.06,1.83,6.94,531.39,31.14,532.47,911.62
ai_generated\ai_0361.jpg,AI Generated,,0.0331,0.1271,1.56,21,1.62,4.19,3.4,8.6,951.28,37.58,953.83,926.77
ai_generated\ai_0362.jpg,AI Generated,,0.4766,0.1378,1.1,20,1.28,3.66,1.88,6.04,401.71,40.66,405.14,576.47
ai_generated\ai_0363.jpg,AI Generated,,1.0,0.2149,0.91,12,1.03,3.02,1.57,4.51,229.17,28.52,232.76,266.93
ai_generated\ai_0364.jpg,AI Generated,,0.9999,0.2221,1.35,18,1.49,4.76,2.3,5.38,364.05,46.18,372.04,386.12
ai_generated\ai_0365.jpg,AI Generated,,0.9226,0.138,1.47,22,1.67,3.2,1.97,4.98,306.39,29.63,310.72,409.75
ai_generated\ai_0366.jpg,AI Generated,,0.9831,0.2054,1.41,18,1.54,6.42,3.05,7.31,643.65,47.89,656.93,773.15
ai_generated\ai_0367.jpg,AI Generated,,0.157,0.1672,1.17,14,1.28,3.79,2.0,6.46,473.79,36.29,477.84,590.9
ai_generated\ai_0368.jpg,AI Generated,,0.1135,0.1818,1.51,20,1.55,5.22,3.59,9.43,1097.74,48.65,1100.92,1398.32
ai_generated\ai_0369.jpg,AI Generated,,0.9587,0.1972,2.86,20,2.57,9.64,5.94,7.35,1381.76,63.16,1397.62,784.99
ai_generated\ai_0370.jpg,AI Generated,,0.9981,0.2152,1.96,27,2.0,10.57,4.96,7.11,848.2,71.19,866.2,623.95
ai_generated\ai_0371.jpg,AI Generated,,0.0017,0.1924,2.25,23,2.06,10.15,4.76,6.88,895.44,63.3,922.93,496.02
ai_generated\ai_0372.jpg,AI Generated,,0.8249,0.2854,2.39,20,2.36,7.66,4.9,6.62,1210.5,53.63,1239.74,1134.05
ai_generated\ai_0373.jpg,AI Generated,,0.6049,0.2387,2.02,19,1.93,6.15,4.07,7.12,842.67,49.7,849.58,619.28
ai_generated\ai_0374.jpg,AI Generated,,0.9996,0.1423,1.1,14,1.08,4.6,2.1,4.39,217.54,46.56,234.44,415.33
ai_generated\ai_0375.jpg,AI Generated,,0.9894,0.1986,3.08,30,2.87,16.49,6.93,9.44,1886.18,83.03,1910.86,1325.23
ai_generated\ai_0376.jpg,AI Generated,,0.9973,0.0954,1.15,14,1.2,2.19,1.79,6.12,418.65,31.59,419.9,456.3
ai_generated\ai_0377.jpg,AI Generated,,0.6376,0.2763,1.41,21,1.8,6.13,3.79,10.1,1626.04,48.63,1644.2,1982.33
ai_generated\ai_0378.jpg,AI Generated,,0.9636,0.1878,1.65,18,1.62,6.38,3.39,6.24,542.26,53.48,558.03,503.37
ai_generated\ai_0379.jpg,AI Generated,,0.9472,0.1665,0.79,11,0.96,2.27,1.59,5.3,304.81,33.59,310.08,552.43
ai_generated\ai_0380.jpg,AI Generated,,0.0777,0.1911,1.82,21,1.83,11.19,4.5,7.05,751.03,65.05,761.76,532.19
ai_generated\ai_0381.jpg,AI Generated,,0.5951,0.2395,1.48,25,1.62,4.45,2.36,4.99,348.08,39.08,354.05,327.85
ai_generated\ai_0382.jpg,AI Generated,,0.9992,0.3399,2.01,20,2.19,6.91,4.19,6.73,880.09,50.44,888.65,606.52
ai_generated\ai_0383.jpg,AI Generated,,0.9987,0.2207,3.08,26,2.87,26.54,10.39,11.27,3285.0,114.43,3331.75,1574.56
ai_generated\ai_0384.jpg,AI Generated,,1.0,0.2881,1.43,20,1.63,4.74,2.4,4.96,335.17,41.97,339.37,295.89
ai_generated\ai_0385.jpg,AI Generated,,0.4203,0.2756,1.76,23,1.83,3.1,2.64,3.82,295.14,31.77,299.85,199.93
ai_generated\ai_0386.jpg,AI Generated,,0.2509,0.1192,1.71,17,1.58,8.22,3.82,7.56,706.55,63.05,713.8,699.16
ai_generated\ai_0387.jpg,AI Generated,,0.0882,0.4273,1.38,19,1.74,5.19,4.17,12.86,1992.85,48.66,1998.63,2006.22
ai_generated\ai_0388.jpg,AI Generated,,0.6445,0.3519,1.42,20,1.62,3.84,2.9,9.02,962.33,36.51,971.83,980.65
ai_generated\ai_0389.jpg,AI Generated,,0.7165,0.1761,2.39,23,2.32,12.19,5.83,8.94,1273.31,76.18,1302.77,790.82
ai_generated\ai_0390.jpg,AI Generated,,0.7757,0.25,1.9,18,2.0,5.27,3.83,5.78,587.45,46.61,598.14,569.34
ai_generated\ai_0391.jpg,AI Generated,,0.8797,0.2414,2.64,28,2.49,20.37,8.07,10.2,2166.35,89.79,2192.66,1433.39
ai_generated\ai_0392.jpg,AI Generated,,0.9969,0.139,3.11,31,2.76,21.13,9.58,11.96,3119.41,103.65,3169.17,1571.33
ai_generated\ai_0393.jpg,AI Generated,,0.9987,0.1555,1.71,22,1.77,4.34,3.55,7.8,821.95,44.03,830.69,766.1
ai_generated\ai_0394.jpg,AI Generated,,0.7436,0.3647,2.93,23,2.91,12.48,7.88,13.66,3796.18,67.0,3814.31,2236.28
ai_generated\ai_0395.jpg,AI Generated,,0.8776,0.1068,2.98,26,2.51,12.79,7.21,10.45,2013.25,79.12,2034.43,1166.56
ai_generated\ai_0396.jpg,AI Generated,,0.8881,0.3499,1.74,28,1.91,4.05,2.99,6.72,665.2,35.68,668.34,627.7
ai_generated\ai_0397.jpg,AI Generated,,0.9233,0.2491,2.6,26,2.5,13.89,4.85,7.5,930.49,77.48,954.63,582.65
ai_generated\ai_0398.jpg,AI Generated,,0.9638,0.3088,2.53,30,2.83,16.73,7.79,12.14,3071.71,94.45,3109.1,3152.51
ai_generated\ai_0399.jpg,AI Generated,,0.1128,0.2105,3.62,33,3.1,28.45,11.84,12.75,3414.51,151.89,3474.22,1757.79
ai_generated\ai_0400.jpg,AI Generated,,0.076,0.1303,2.59,30,2.43,13.67,5.56,9.7,1305.48,92.77,1327.84,836.46
ai_generated\ai_0401.jpg,AI Generated,,0.0049,0.3364,2.3,30,2.52,12.25,5.91,11.5,2223.3,73.74,2249.46,1300.04
ai_generated\ai_0402.jpg,AI Generated,,0.9983,0.2787,3.21,34,3.14,15.65,7.36,11.28,2464.75,87.25,2493.18,2383.32
ai_generated\ai_0403.jpg,AI Generated,,0.0421,0.1094,1.85,21,1.69,10.87,5.04,9.59,1189.28,73.23,1204.54,1323.65
ai_generated\ai_0404.jpg,AI Generated,,0.9955,0.1077,2.11,17,1.85,15.48,6.08,9.15,1274.18,84.71,1299.41,823.53
ai_generated\ai_0405.jpg,AI Generated,,0.9909,0.24,3.13,29,2.9,13.93,8.11,11.66,3563.91,75.23,3593.33,2911.22
ai_generated\ai_0406.jpg,AI Generated,,0.9999,0.1422,1.42,24,1.36,5.49,3.43,8.13,790.19,51.96,796.23,902.83
ai_generated\ai_0407.jpg,AI Generated,,0.9401,0.2313,3.06,25,2.72,12.45,8.48,11.08,3540.13,75.83,3579.93,4204.55
ai_generated\ai_0408.jpg,AI Generated,,0.7587,0.2551,1.29,19,1.63,5.75,2.79,6.0,445.09,46.03,455.87,454.83
ai_generated\ai_0409.jpg,AI Generated,,0.978,0.2031,0.84,10,0.96,3.25,1.9,6.87,516.82,31.36,518.17,705.81
ai_generated\ai_0410.jpg,AI Generated,,0.9864,0.107,2.25,26,2.2,10.4,5.85,12.2,2150.86,71.4,2168.71,2050.14
ai_generated\ai_0411.jpg,AI Generated,,0.9936,0.1641,1.52,16,1.45,3.23,2.72,5.26,381.58,36.41,384.49,355.7
ai_generated\ai_0412.jpg,AI Generated,,0.9982,0.2166,1.63,19,1.88,5.66,3.45,8.43,993.82,47.94,1003.34,1489.18
ai_generated\ai_0413.jpg,AI Generated,,0.9934,0.1819,1.22,15,1.28,4.68,2.61,7.77,677.2,48.32,678.88,880.19
ai_generated\ai_0414.jpg,AI Generated,,0.3794,0.2019,3.14,27,2.99,16.8,7.56,9.98,2543.75,84.87,2567.2,2212.27
ai_generated\ai_0415.jpg,AI Generated,,0.0079,0.1519,1.62,17,1.61,5.66,3.0,5.11,396.6,41.55,406.03,299.29
ai_generated\ai_0416.jpg,AI Generated,,0.7036,0.1892,2.45,20,2.3,7.71,4.86,8.34,1327.34,57.4,1336.79,954.23
ai_generated\ai_0417.jpg,AI Generated,,0.9673,0.1722,1.36,26,1.49,4.66,2.67,8.74,870.19,44.04,871.64,1126.26
ai_generated\ai_0418.jpg,AI Generated,,0.997,0.2254,1.86,20,2.07,10.59,5.21,9.78,1688.57,68.06,1711.45,1663.2
ai_generated\ai_0419.jpg,AI Generated,,0.6781,0.2094,1.68,17,1.67,2.72,2.48,4.27,300.52,34.71,304.25,334.82
ai_generated\ai_0420.jpg,AI Generated,,0.9998,0.1222,1.2,11,1.21,4.21,2.39,4.65,264.57,45.45,272.36,355.7
ai_generated\ai_0421.jpg,AI Generated,,0.8321,0.3461,1.67,22,1.79,4.01,3.3,9.64,1157.92,42.95,1160.47,1337.11
ai_generated\ai_0422.jpg,AI Generated,,0.9036,0.3382,2.71,36,2.84,10.55,6.5,12.52,2867.54,62.5,2877.5,1836.72
ai_generated\ai_0423.jpg,AI Generated,,0.994,0.1794,2.07,33,2.04,8.63,4.31,7.18,781.36,61.61,793.95,534.95
ai_generated\ai_0424.jpg,AI Generated,,0.7479,0.2208,0.97,12,1.05,5.18,2.12,5.06,291.55,35.95,297.39,365.16
ai_generated\ai_0425.jpg,AI Generated,,0.968,0.2502,1.62,20,1.69,4.39,2.59,4.56,291.82,41.14,297.59,343.05
ai_generated\ai_0426.jpg,AI Generated,,0.9968,0.1232,1.54,22,1.62,6.21,2.93,5.64,420.56,43.4,429.6,427.29
ai_generated\ai_0427.jpg,AI Generated,,0.2016,0.2341,1.55,19,1.65,4.3,3.26,7.72,790.43,34.89,794.28,634.21
ai_generated\ai_0428.jpg,AI Generated,,0.9844,0.237,2.11,25,2.21,9.47,4.61,8.11,1029.15,65.77,1052.0,908.55
ai_generated\ai_0429.jpg,AI Generated,,0.9748,0.1101,1.88,23,1.97,7.67,4.32,10.17,1439.05,59.53,1447.21,1728.47
ai_generated\ai_0430.jpg,AI Generated,,0.3143,0.1897,2.2,21,2.05,10.07,5.24,9.75,1343.27,69.95,1358.55,1195.73
ai_generated\ai_0431.jpg,AI Generated,,0.2132,0.1796,2.65,22,2.49,14.03,6.31,8.42,1745.45,76.3,1766.11,1066.02
ai_generated\ai_0432.jpg,AI Generated,,0.0218,0.0442,4.07,34,3.27,28.67,12.18,11.35,4862.92,114.97,4914.43,1092.03
ai_generated\ai_0433.jpg,AI Generated,,0.9991,0.1381,1.1,12,1.11,3.78,2.96,8.43,809.02,41.12,817.91,881.51
ai_generated\ai_0434.jpg,AI Generated,,0.0114,0.2379,2.62,29,2.58,6.03,4.71,8.67,1208.56,52.74,1223.59,989.99
ai_generated\ai_0435.jpg,AI Generated,,0.9754,0.1515,1.73,25,1.74,6.19,4.19,10.88,1376.92,62.51,1384.19,1693.1
ai_generated\ai_0436.jpg,AI Generated,,0.9866,0.2693,3.38,27,2.97,28.24,14.21,15.67,6554.81,138.48,6614.27,3273.16
ai_generated\ai_0437.jpg,AI Generated,,0.9994,0.2039,1.01,16,1.2,5.18,3.1,10.96,1309.05,52.51,1324.76,1710.03
ai_generated\ai_0438.jpg,AI Generated,,0.9781,0.1778,1.56,21,1.63,11.0,4.83,11.75,1656.92,68.42,1662.23,1920.72
ai_generated\ai_0439.jpg,AI Generated,,0.6563,0.0989,1.58,16,1.45,13.15,4.51,5.64,459.25,78.4,474.84,374.81
ai_generated\ai_0440.jpg,AI Generated,,0.769,0.2122,1.6,24,1.7,8.52,3.92,6.68,586.74,60.03,599.35,291.97
ai_generated\ai_0441.jpg,AI Generated,,0.917,0.2719,1.38,20,1.68,7.08,3.69,8.75,914.88,58.54,939.1,902.47
ai_generated\ai_0442.jpg,AI Generated,,0.6786,0.2135,1.12,19,1.18,6.57,3.42,10.6,1246.27,55.21,1256.54,1364.24
ai_generated\ai_0443.jpg,AI Generated,,0.8073,0.1612,2.19,21,2.09,7.42,4.83,9.86,1354.33,64.95,1373.62,1123.67
ai_generated\ai_0444.jpg,AI Generated,,0.9887,0.1085,1.8,23,1.82,10.31,5.45,10.44,1378.68,83.65,1423.02,1801.67
ai_generated\ai_0445.jpg,AI Generated,,0.034,0.3996,1.05,22,1.77,5.25,3.76,14.04,2270.42,37.49,2284.52,2446.74
ai_generated\ai_0446.jpg,AI Generated,,0.0435,0.1298,0.98,13,0.97,3.54,2.56,10.29,1175.93,53.81,1177.07,1838.26
ai_generated\ai_0447.jpg,AI Generated,,0.9999,0.1431,1.57,15,1.45,7.23,3.68,5.61,418.69,58.27,426.28,251.5
ai_generated\ai_0448.jpg,AI Generated,,0.0705,0.1965,1.38,16,1.34,7.73,3.15,6.87,546.3,65.49,559.18,632.51
ai_generated\ai_0449.jpg,AI Generated,,0.9997,0.1291,1.96,20,1.87,9.41,5.16,9.44,1208.9,71.55,1224.76,1026.73
ai_generated\ai_0450.jpg,AI Generated,,0.9991,0.1754,1.09,19,1.19,2.4,1.58,5.36,320.03,33.65,322.61,346.16
ai_generated\ai_0451.jpg,AI Generated,,0.0032,0.1633,1.08,15,1.1,3.89,3.09,11.34,1431.36,45.02,1444.56,1967.05
ai_generated\ai_0452.jpg,AI Generated,,0.7155,0.1344,1.3,21,1.28,3.22,2.23,6.43,469.72,41.87,471.62,740.57
ai_generated\ai_0453.jpg,AI Generated,,0.9995,0.2055,1.31,18,1.34,2.06,2.3,6.94,578.96,27.72,580.67,670.17
ai_generated\ai_0454.jpg,AI Generated,,0.7368,0.1082,1.21,13,1.16,4.33,3.68,10.44,1258.3,56.22,1263.23,1442.8
ai_generated\ai_0455.jpg,AI Generated,,0.001,0.2011,0.99,17,1.0,2.48,1.91,6.64,489.89,41.72,493.69,658.96
ai_generated\ai_0456.jpg,AI Generated,,0.9856,0.3014,1.03,17,1.22,3.16,1.61,4.76,249.78,28.3,253.68,289.85
ai_generated\ai_0457.jpg,AI Generated,,0.0007,0.168,1.21,19,1.24,5.54,2.57,5.51,347.6,52.1,353.51,329.45
ai_generated\ai_0458.jpg,AI Generated,,0.989,0.296,1.42,17,1.69,9.88,4.58,11.36,1520.32,67.29,1542.75,1844.97
ai_generated\ai_0459.jpg,AI Generated,,0.1192,0.2641,1.65,18,1.97,4.97,4.04,12.71,2040.34,42.0,2048.04,1883.36
ai_generated\ai_0460.jpg,AI Generated,,0.9946,0.19,2.58,24,2.51,13.45,5.99,8.56,1409.06,73.0,1437.79,1000.4
ai_generated\ai_0461.jpg,AI Generated,,0.5381,0.1572,0.96,15,1.08,3.25,1.99,7.17,569.69,45.59,574.26,675.61
ai_generated\ai_0462.jpg,AI Generated,,0.0137,0.1956,1.92,25,1.9,8.85,5.01,10.0,1355.79,66.06,1368.71,1358.68
ai_generated\ai_0463.jpg,AI Generated,,0.9927,0.413,1.39,23,1.93,5.18,2.94,8.86,1031.49,33.64,1051.33,709.97
ai_generated\ai_0464.jpg,AI Generated,,0.9219,0.2731,1.75,24,2.04,6.4,3.53,8.48,994.33,47.76,1009.83,570.32
ai_generated\ai_0465.jpg,AI Generated,,0.9987,0.1513,2.0,35,2.23,9.04,4.45,9.21,1182.27,59.54,1204.26,562.59
ai_generated\ai_0466.jpg,AI Generated,,0.7117,0.1852,2.22,29,2.46,9.92,4.49,7.84,1095.44,62.44,1110.66,1013.08
ai_generated\ai_0467.jpg,AI Generated,,0.8068,0.3413,1.91,28,2.21,6.8,3.09,6.81,841.1,47.29,858.26,718.38
ai_generated\ai_0468.jpg,AI Generated,,0.9983,0.3416,1.29,27,1.63,3.82,1.98,5.95,418.4,30.39,422.42,338.94
ai_generated\ai_0469.jpg,AI Generated,,0.9504,0.2465,1.77,18,1.76,4.03,3.01,4.84,371.19,42.89,374.59,282.59
ai_generated\ai_0470.jpg,AI Generated,,0.1841,0.2889,1.23,16,1.24,6.89,3.13,6.85,567.53,55.54,576.94,643.69
ai_generated\ai_0471.jpg,AI Generated,,0.9854,0.1248,2.15,20,2.22,7.75,5.18,11.39,1833.76,57.05,1842.99,1800.76
ai_generated\ai_0472.jpg,AI Generated,,0.5204,0.228,2.7,25,2.5,14.61,7.05,10.12,2126.07,74.75,2140.96,1859.89
ai_generated\ai_0473.jpg,AI Generated,,0.7814,0.1512,2.9,31,2.76,13.16,6.09,9.79,1707.88,75.59,1723.62,1067.02
ai_generated\ai_0474.jpg,AI Generated,,0.0621,0.1366,2.39,27,2.21,11.97,6.21,9.57,1487.53,74.48,1517.68,616.63
ai_generated\ai_0475.jpg,AI Generated,,0.2379,0.3736,1.85,24,2.16,7.17,3.92,7.92,1020.98,51.82,1034.21,1315.27
ai_generated\ai_0476.jpg,AI Generated,,0.9034,0.2013,3.47,26,2.95,21.87,10.31,11.68,3995.64,94.71,4030.06,1902.59
ai_generated\ai_0477.jpg,AI Generated,,0.4833,0.2774,2.0,25,2.19,9.97,4.94,9.89,1511.71,71.03,1523.84,1505.81
ai_generated\ai_0478.jpg,AI Generated,,0.998,0.1871,1.16,19,1.44,4.8,2.46,8.59,809.96,42.02,818.25,1046.26
ai_generated\ai_0479.jpg,AI Generated,,0.9948,0.3187,2.2,29,2.45,11.3,5.97,12.04,2258.98,75.05,2286.76,2318.81
ai_generated\ai_0480.jpg,AI Generated,,0.0492,0.2273,1.95,21,1.98,8.57,4.93,7.91,958.14,67.28,965.02,819.56
ai_generated\ai_0481.jpg,AI Generated,,0.075,0.0458,3.82,31,3.12,20.21,8.6,9.5,2303.57,92.73,2328.03,1115.43
ai_generated\ai_0482.jpg,AI Generated,,0.4424,0.0805,3.74,24,2.98,23.61,11.49,10.99,4843.98,91.58,4874.28,1313.12
ai_generated\ai_0483.jpg,AI Generated,,0.9881,0.0758,3.16,23,2.68,21.37,8.46,8.4,1946.55,92.59,1973.33,613.0
ai_generated\ai_0484.jpg,AI Generated,,0.0026,0.1237,3.38,31,2.92,16.96,8.32,9.89,2493.0,93.0,2524.3,986.03
ai_generated\ai_0485.jpg,AI Generated,,0.8322,0.1297,1.74,19,1.71,6.62,4.45,10.34,1332.56,56.68,1343.05,1159.97
ai_generated\ai_0486.jpg,AI Generated,,0.9939,0.1843,3.44,25,2.88,15.59,8.4,10.2,2792.72,76.21,2820.3,1353.47
ai_generated\ai_0487.jpg,AI Generated,,0.0646,0.2529,1.73,20,1.89,7.17,3.22,5.45,539.26,45.83,547.07,552.59
ai_generated\ai_0488.jpg,AI Generated,,0.9886,0.2371,1.46,23,1.66,5.4,2.38,5.7,391.92,44.12,396.71,365.93
ai_generated\ai_0489.jpg,AI Generated,,0.9746,0.1678,2.32,19,2.05,21.32,8.37,10.46,1828.59,111.49,1865.86,1153.13
ai_generated\ai_0490.jpg,AI Generated,,0.7638,0.1879,2.47,25,2.45,10.4,5.56,8.65,1203.24,72.66,1227.06,744.97
ai_generated\ai_0491.jpg,AI Generated,,0.9961,0.3287,1.56,21,1.74,6.92,3.29,7.18,691.32,57.43,706.14,714.22
ai_generated\ai_0492.jpg,AI Generated,,0.9976,0.2048,1.99,15,1.75,7.03,4.76,7.26,806.02,60.54,816.72,521.25
ai_generated\ai_0493.jpg,AI Generated,,0.2364,0.1498,1.28,11,1.18,5.7,3.33,6.67,550.62,55.92,557.74,657.54
ai_generated\ai_0494.jpg,AI Generated,,0.7073,0.2012,1.1,19,1.2,3.93,2.8,9.11,950.31,40.51,952.83,1256.47
ai_generated\ai_0495.jpg,AI Generated,,0.0645,0.1733,3.38,26,2.76,16.08,8.37,10.8,2924.56,86.74,2947.27,1623.07
ai_generated\ai_0496.jpg,AI Generated,,0.9998,0.2141,1.39,23,1.45,5.67,2.78,6.15,450.96,54.15,454.23,549.12
ai_generated\ai_0497.jpg,AI Generated,,0.0575,0.1021,1.76,13,1.52,11.16,4.84,7.3,767.46,71.36,778.99,709.91
ai_generated\ai_0498.jpg,AI Generated,,0.8488,0.1742,0.89,11,0.97,6.6,3.39,10.33,1209.47,60.47,1217.12,1590.08
ai_generated\ai_0499.jpg,AI Generated,,0.3877,0.1447,1.1,19,1.13,4.01,3.15,10.12,1165.9,51.77,1167.21,1305.81
ai_generated\ai_0500.jpg,AI Generated,,0.9475,0.144,2.23,20,2.01,11.73,4.98,7.12,883.88,66.68,898.83,421.4
manipulated\Tp_D_CND_S_N_ani00073_ani00068_00193_gt.png,Manipulated,,0.1964,0.0333,0.06,13,0.54,0.52,1.03,8.67,1341.46,10.56,1346.75,2592.07
manipulated\Tp_D_CND_S_N_ind00078_ind00077_00476_gt.png,Manipulated,,0.1991,0.0167,0.02,12,0.28,0.29,0.57,6.35,481.55,6.03,484.86,1118.62
manipulated\Tp_D_CNN_M_N_ani00023_ani00024_10205_gt.png,Manipulated,,0.1717,0.0167,0.09,16,0.66,0.89,1.73,11.24,2231.79,17.84,2256.26,3994.11
manipulated\Tp_D_CNN_M_N_art00052_arc00030_11853_gt.png,Manipulated,,0.3239,0.2056,0.23,17,1.03,1.99,3.72,16.14,5031.13,38.33,5091.97,4182.09
manipulated\Tp_D_CNN_M_N_nat00089_nat00062_10577_gt.png,Manipulated,,0.0172,0.4234,0.16,13,0.85,1.4,2.73,13.91,3389.36,28.12,3493.12,3667.61
manipulated\Tp_D_CNN_M_N_sec10107_sec10101_10299_gt.png,Manipulated,,0.4945,0.0167,0.12,13,0.74,1.21,2.35,12.89,2858.39,24.31,2504.75,3636.12
manipulated\Tp_D_CNN_M_N_txt00049_txt00050_10374_gt.png,Manipulated,,0.2783,0.0333,0.09,13,0.64,0.72,1.4,10.07,1818.38,14.38,1829.62,2419.43
manipulated\Tp_D_CNN_S_B_art10110_cha10110_11564_gt.png,Manipulated,,0.7148,0.05,0.02,12,0.27,0.13,0.27,4.46,285.75,2.84,285.09,955.16
manipulated\Tp_D_CNN_S_B_txt00055_txt00047_11328_gt.png,Manipulated,,0.1761,0.05,0.06,13,0.53,0.51,0.93,8.23,1271.34,9.56,1273.33,2341.67
manipulated\Tp_D_CNN_S_N_nat00095_ani00017_10219_gt.png,Manipulated,,0.8468,0.0167,0.04,13,0.41,0.33,0.67,6.98,719.68,6.95,729.6,1699.0
manipulated\Tp_D_CNN_S_N_sec00042_ani00070_10541_gt.png,Manipulated,,0.7606,0.0,0.03,13,0.36,0.25,0.48,6.0,658.16,4.92,662.79,2200.33
manipulated\Tp_D_CNN_S_O_nat10153_ani00097_12135_gt.png,Manipulated,,0.7658,0.0,0.01,13,0.23,0.1,0.2,3.8,227.76,2.06,218.68,1272.71
manipulated\Tp_D_CRD_M_N_art00058_art00051_10534_gt.png,Manipulated,,0.187,0.0333,0.05,13,0.49,0.43,0.85,7.84,953.84,8.84,1008.7,1955.55
manipulated\Tp_D_CRD_S_B_cha00098_sec00082_00418_gt.png,Manipulated,,0.6464,0.0,0.03,12,0.35,0.22,0.42,5.57,518.59,4.31,538.43,1438.28
manipulated\Tp_D_CRD_S_N_ani00028_ani00058_00148_gt.png,Manipulated,,0.5256,0.0333,0.05,15,0.49,0.41,0.82,7.79,1111.27,8.35,1138.37,3021.27
manipulated\Tp_D_CRD_S_N_sec00037_art00028_00058_gt.png,Manipulated,,0.7845,0.0,0.03,12,0.37,0.53,1.06,8.62,840.06,11.11,849.99,1995.64
manipulated\Tp_D_CRN_L_N_art00028_xxx00002_11282_gt.png,Manipulated,,0.0492,0.05,0.09,12,0.63,1.17,2.29,12.72,2366.73,23.77,2615.87,3799.98
manipulated\Tp_D_CRN_M_B_nat10143_nat00013_12037_gt.png,Manipulated,,0.01,0.1,0.03,13,0.35,0.23,0.45,5.78,516.26,4.7,493.91,1282.68
manipulated\Tp_D_CRN_M_N_ani10104_ani00097_10092_gt.png,Manipulated,,0.4396,0.0,0.1,14,0.7,0.88,1.72,11.1,2016.98,17.8,1989.67,3287.69
manipulated\Tp_D_CRN_M_N_ani10116_ani00100_11643_gt.png,Manipulated,,0.1049,0.0333,0.07,15,0.57,0.63,1.18,9.25,1529.32,12.13,1568.33,2202.22
manipulated\Tp_D_CRN_M_N_ani10118_sec00098_11619_gt.png,Manipulated,,0.1745,0.0167,0.07,15,0.6,0.61,1.13,9.05,1529.98,11.6,1540.56,2298.8
manipulated\Tp_D_CRN_M_N_arc00054_cha00085_11922_gt.png,Manipulated,,0.0055,0.0,0.02,13,0.29,0.57,1.19,10.13,1162.04,10.17,1156.89,1631.76
manipulated\Tp_D_CRN_M_N_arc00073_arc00072_10267_gt.png,Manipulated,,0.0239,0.209,0.13,14,0.77,1.24,2.41,13.12,2889.96,24.85,2969.93,3004.01
manipulated\Tp_D_CRN_M_N_arc00088_arc00064_10394_gt.png,Manipulated,,0.3893,0.0667,0.05,12,0.49,0.46,0.94,8.24,1013.37,9.75,1033.86,2318.35
manipulated\Tp_D_CRN_M_N_art00067_ani00095_11803_gt.png,Manipulated,,0.0544,0.05,0.1,14,0.67,0.82,1.6,10.74,1985.73,16.48,2009.53,1992.51
manipulated\Tp_D_CRN_M_N_art00067_ani00096_11802_gt.png,Manipulated,,0.0562,0.0333,0.1,15,0.67,0.84,1.62,10.8,2025.42,16.73,2086.23,1991.06
manipulated\Tp_D_CRN_M_N_art00067_nat10122_11806_gt.png,Manipulated,,0.103,0.2062,0.17,15,0.88,1.63,3.25,15.09,3735.31,33.64,3876.62,2775.97
manipulated\Tp_D_CRN_M_N_art10113_cha00067_11650_gt.png,Manipulated,,0.0355,0.0,0.06,13,0.53,0.57,1.13,9.02,1254.81,11.69,1279.89,1774.32
manipulated\Tp_D_CRN_M_N_cha10166_nat10123_12273_gt.png,Manipulated,,0.0175,0.0667,0.04,15,0.43,0.34,0.68,7.07,790.68,7.08,759.04,1734.3
manipulated\Tp_D_CRN_M_N_nat00084_nat00099_10071_gt.png,Manipulated,,0.0054,0.05,0.03,13,0.34,0.39,0.78,7.4,654.19,8.16,657.5,1148.56
manipulated\Tp_D_CRN_M_N_nat00085_nat00073_10591_gt.png,Manipulated,,0.1544,0.0167,0.03,13,0.38,0.21,0.42,5.57,556.96,4.31,560.26,1491.25
manipulated\Tp_D_CRN_M_N_nat00086_nat00085_10068_gt.png,Manipulated,,0.372,0.1,0.09,14,0.65,0.88,1.76,11.2,1887.83,18.2,1893.12,3362.78
manipulated\Tp_D_CRN_M_N_nat10131_nat10124_11906_gt.png,Manipulated,,0.0046,0.0667,0.04,15,0.42,0.34,0.66,6.95,761.17,6.89,722.52,2255.42
manipulated\Tp_D_CRN_M_N_nat10149_nat00013_12004_gt.png,Manipulated,,0.0239,0.1,0.03,13,0.41,0.34,0.66,6.9,729.34,6.87,627.83,1527.47
manipulated\Tp_D_CRN_M_N_nat10156_ani00001_12021_gt.png,Manipulated,,0.2871,0.0333,0.03,13,0.4,0.31,0.6,6.63,734.92,6.23,867.58,2571.8
manipulated\Tp_D_CRN_M_N_nat10159_ani00021_12058_gt.png,Manipulated,,0.6277,0.0,0.01,12,0.19,0.07,0.13,3.09,164.26,1.33,156.77,808.15
manipulated\Tp_D_CRN_M_N_pla00010_pla00020_10001_gt.png,Manipulated,,0.2352,0.05,0.04,15,0.47,0.37,0.71,7.21,924.73,7.35,936.64,2036.11
manipulated\Tp_D_CRN_M_O_arc00025_ani00039_10004_gt.png,Manipulated,,0.608,0.0,0.02,12,0.31,0.19,0.36,5.19,506.68,3.65,527.84,1378.23
manipulated\Tp_D_CRN_S_B_ani00014_ani00015_00134_gt.png,Manipulated,,0.3417,0.05,0.04,14,0.45,0.39,0.74,7.36,952.51,7.68,955.82,2363.68
manipulated\Tp_D_CRN_S_B_cha00056_ani00070_00376_gt.png,Manipulated,,0.8258,0.05,0.08,15,0.61,0.69,1.35,9.93,1762.15,13.91,1784.62,2987.42
manipulated\Tp_D_CRN_S_B_cha00082_cha00050_00402_gt.png,Manipulated,,0.3448,0.0333,0.07,14,0.58,0.61,1.21,9.32,1394.38,12.49,1425.46,2065.88
manipulated\Tp_D_CRN_S_B_cha00083_cha00065_00403_gt.png,Manipulated,,0.4484,0.1,0.03,13,0.36,0.22,0.43,5.63,550.34,4.45,552.99,1356.68
manipulated\Tp_D_CRN_S_B_nat10153_ani00001_12136_gt.png,Manipulated,,0.3043,0.05,0.04,15,0.41,0.3,0.6,6.62,730.68,6.2,868.37,2559.15
manipulated\Tp_D_CRN_S_B_pla00041_pla00040_10978_gt.png,Manipulated,,0.6464,0.0,0.02,13,0.28,0.14,0.27,4.44,337.35,2.8,336.69,1191.2
manipulated\Tp_D_CRN_S_N_ani00019_ani00055_11862_gt.png,Manipulated,,0.176,0.0,0.05,14,0.48,0.44,0.85,7.84,1024.61,8.76,1021.97,2436.61
manipulated\Tp_D_CRN_S_N_ani00055_ani00019_11860_gt.png,Manipulated,,0.35,0.05,0.05,13,0.5,0.48,0.9,8.11,1182.71,9.33,1202.54,2335.61
manipulated\Tp_D_CRN_S_N_ani10120_ani00100_11618_gt.png,Manipulated,,0.6908,0.0333,0.04,17,0.43,0.35,0.65,6.89,886.37,6.68,909.51,2151.08
manipulated\Tp_D_CRN_S_N_ani10158_ani10136_12481_gt.png,Manipulated,,0.6464,0.0167,0.01,15,0.27,0.14,0.28,4.5,311.54,2.89,273.84,1273.27
manipulated\Tp_D_CRN_S_N_arc00059_art00049_11823_gt.png,Manipulated,,0.4183,0.0167,0.02,14,0.33,0.2,0.39,5.32,452.44,4.04,467.66,1232.5
manipulated\Tp_D_CRN_S_N_arc00062_ani00005_11499_gt.png,Manipulated,,0.8462,0.0,0.02,12,0.33,0.19,0.37,5.25,527.85,3.75,536.45,1662.55
manipulated\Tp_D_CRN_S_N_arc00078_art00092_11881_gt.png,Manipulated,,0.6013,0.0333,0.02,12,0.31,0.2,0.39,5.38,517.27,3.97,540.41,1348.92
manipulated\Tp_D_CRN_S_N_cha00026_art00013_00500_gt.png,Manipulated,,0.6464,0.0667,0.02,13,0.33,0.23,0.45,5.8,562.91,4.63,578.74,1985.11
manipulated\Tp_D_CRN_S_N_cha00071_art00092_11783_gt.png,Manipulated,,0.833,0.0,0.02,11,0.28,0.16,0.31,4.81,420.69,3.21,441.85,1062.96
manipulated\Tp_D_CRN_S_N_cha00075_cha00086_10868_gt.png,Manipulated,,0.392,0.0167,0.05,13,0.48,0.51,0.98,8.45,1272.0,10.13,1303.75,2629.58
manipulated\Tp_D_CRN_S_N_cha00093_ani00081_10408_gt.png,Manipulated,,0.3152,0.0333,0.05,14,0.46,0.4,0.75,7.39,971.04,7.75,967.73,2388.12
manipulated\Tp_D_CRN_S_N_cha10141_cha00086_12234_gt.png,Manipulated,,0.4354,0.0333,0.02,12,0.28,0.15,0.28,4.53,353.32,2.89,323.04,1451.81
manipulated\Tp_D_CRN_S_N_cha10149_cha10148_12225_gt.png,Manipulated,,0.2229,0.05,0.02,14,0.33,0.19,0.37,5.19,472.49,3.81,450.15,1266.73
manipulated\Tp_D_CRN_S_N_cha10186_cha00086_12312_gt.png,Manipulated,,0.6947,0.0833,0.02,14,0.32,0.2,0.4,5.4,493.65,4.09,425.53,1372.15
manipulated\Tp_D_CRN_S_N_cha10188_cha00086_12306_gt.png,Manipulated,,0.6464,0.0333,0.01,14,0.26,0.11,0.22,4.05,280.15,2.3,263.28,1210.12
manipulated\Tp_D_CRN_S_N_ind00060_ind00062_10700_gt.png,Manipulated,,0.6209,0.0,0.03,12,0.37,0.3,0.59,6.54,658.82,6.1,664.78,2061.2
manipulated\Tp_D_CRN_S_N_nat10159_ani00097_12063_gt.png,Manipulated,,0.609,0.05,0.01,12,0.23,0.1,0.2,3.87,243.0,2.12,226.22,1216.98
manipulated\Tp_D_CRN_S_N_nat10161_art00021_12084_gt.png,Manipulated,,0.1453,0.0,0.03,14,0.4,0.31,0.61,6.67,681.49,6.35,772.92,1940.57
manipulated\Tp_D_CRN_S_N_pla00006_pla00007_10942_gt.png,Manipulated,,0.2212,0.0,0.06,14,0.53,0.51,1.0,8.65,1340.14,10.29,1390.99,3885.46
manipulated\Tp_D_CRN_S_N_pla00037_ani00013_00572_gt.png,Manipulated,,0.3384,0.0667,0.07,15,0.57,0.6,1.11,8.99,1504.18,11.42,1520.05,2816.12
manipulated\Tp_D_CRN_S_N_pla00037_pla00038_10064_gt.png,Manipulated,,0.6464,0.0,0.02,13,0.34,0.19,0.38,5.36,474.93,3.94,474.93,1702.55
manipulated\Tp_D_CRN_S_N_sec00054_sec00055_11235_gt.png,Manipulated,,0.4636,0.05,0.03,12,0.38,0.25,0.51,6.07,611.2,5.22,617.81,2543.99
manipulated\Tp_D_CRN_S_N_sec00072_cha00026_00093_gt.png,Manipulated,,0.6464,0.0,0.06,15,0.55,0.48,0.93,8.24,1112.59,9.66,1130.44,2328.18
manipulated\Tp_D_CRN_S_N_txt00041_txt00039_10829_gt.png,Manipulated,,0.1924,0.05,0.04,13,0.44,0.42,0.81,7.66,1010.72,8.36,1022.63,1903.07
manipulated\Tp_D_CRN_S_N_txt00073_txt00071_11303_gt.png,Manipulated,,0.5769,0.0167,0.02,13,0.33,0.19,0.36,5.14,473.61,3.7,472.95,1094.95
manipulated\Tp_D_CRN_S_N_txt00077_txt00082_11295_gt.png,Manipulated,,0.6464,0.0,0.03,15,0.39,0.27,0.51,6.08,677.34,5.21,697.84,1804.72
manipulated\Tp_D_CRN_S_O_cha00029_ani00068_10041_gt.png,Manipulated,,0.7094,0.0,0.02,13,0.35,0.2,0.37,5.2,486.84,3.81,506.67,1635.67
manipulated\Tp_D_NND_M_B_arc00097_arc00086_00317_gt.png,Manipulated,,0.0345,0.05,0.06,15,0.55,0.55,1.06,8.82,1383.79,10.87,1395.03,2426.29
manipulated\Tp_D_NND_M_B_sec20062_arc20001_02136_gt.png,Manipulated,,0.0587,0.05,0.07,14,0.57,0.69,1.36,9.86,1535.24,14.11,1493.42,2413.28
manipulated\Tp_D_NND_S_N_cha00010_arc00086_00330_gt.png,Manipulated,,0.087,0.0333,0.08,15,0.61,0.75,1.45,10.22,1766.78,14.95,1793.88,2812.95
manipulated\Tp_D_NND_S_N_ind00016_ind00017_00432_gt.png,Manipulated,,0.6464,0.0,0.04,12,0.41,0.31,0.6,6.64,789.79,6.11,793.75,2334.56
manipulated\Tp_D_NND_S_N_sec00071_ind00084_11275_gt.png,Manipulated,,0.6017,0.0333,0.03,12,0.36,0.22,0.45,5.75,523.88,4.68,523.22,1749.51
manipulated\Tp_D_NND_S_N_txt00062_txt00083_10824_gt.png,Manipulated,,0.6546,0.05,0.03,12,0.37,0.29,0.54,6.3,746.14,5.52,758.04,1903.94
manipulated\Tp_D_NNN_L_N_txt00068_cha00074_10194_gt.png,Manipulated,,0.0547,0.1381,0.17,15,0.87,2.1,4.03,16.55,4302.85,41.97,4363.01,2227.48
manipulated\Tp_D_NNN_L_O_ani00001_nat00037_00121_gt.png,Manipulated,,0.0159,0.0833,0.06,14,0.54,0.55,1.06,8.82,1375.85,10.96,1381.8,2692.37
manipulated\Tp_D_NNN_M_B_arc00054_nat10136_11920_gt.png,Manipulated,,0.0077,0.0,0.01,10,0.23,0.39,0.77,7.33,611.2,8.12,599.29,1048.66
manipulated\Tp_D_NNN_M_B_arc00073_nat00095_00293_gt.png,Manipulated,,0.0854,0.1,0.11,15,0.7,0.93,1.78,11.35,2279.42,18.29,2333.62,3529.02
manipulated\Tp_D_NNN_M_B_arc10117_arc10115_10744_gt.png,Manipulated,,0.0135,0.0833,0.05,15,0.46,0.55,1.1,8.84,1032.42,11.48,1096.54,1590.24
manipulated\Tp_D_NNN_M_B_art00069_nat00013_11844_gt.png,Manipulated,,0.4516,0.0,0.04,15,0.44,0.35,0.64,6.84,871.82,6.62,883.06,2263.59
manipulated\Tp_D_NNN_M_B_nat10161_nat10159_12082_gt.png,Manipulated,,0.0472,0.0667,0.04,15,0.43,0.42,0.82,7.71,948.37,8.55,819.98,1457.31
manipulated\Tp_D_NNN_M_N_ani00051_ani00054_11131_gt.png,Manipulated,,0.1677,0.0167,0.07,17,0.56,0.53,1.02,8.64,1258.77,10.56,1254.14,2781.61
manipulated\Tp_D_NNN_M_N_ani00086_nat00059_11126_gt.png,Manipulated,,0.6454,0.0,0.05,14,0.5,0.59,1.2,9.34,1223.72,12.4,1232.31,2005.64
manipulated\Tp_D_NNN_M_N_arc00008_cha00063_11763_gt.png,Manipulated,,0.3831,0.0333,0.09,15,0.66,0.88,1.75,11.21,2022.11,18.16,2024.09,2680.47
manipulated\Tp_D_NNN_M_N_arc00008_nat00059_11772_gt.png,Manipulated,,0.1016,0.0167,0.07,13,0.57,0.69,1.34,9.89,1654.99,13.77,1662.27,2213.59
manipulated\Tp_D_NNN_M_N_arc00054_nat00059_11934_gt.png,Manipulated,,0.0226,0.1,0.05,14,0.46,0.49,0.98,8.4,1063.64,10.16,1061.66,1858.96
manipulated\Tp_D_NNN_M_N_arc00061_nat00099_10447_gt.png,Manipulated,,0.013,0.0667,0.05,17,0.51,0.48,0.94,8.25,1139.71,9.65,1168.8,2048.96
manipulated\Tp_D_NNN_M_N_arc00068_arc00075_00288_gt.png,Manipulated,,0.0874,0.0667,0.08,15,0.62,0.72,1.37,9.96,1778.03,14.13,1805.8,2200.97
manipulated\Tp_D_NNN_M_N_arc00096_nat00059_11799_gt.png,Manipulated,,0.0466,0.0333,0.07,13,0.58,0.65,1.25,9.49,1555.77,12.89,1568.33,2035.48
manipulated\Tp_D_NNN_M_N_art00049_cha00070_11790_gt.png,Manipulated,,0.0675,0.0333,0.06,13,0.53,0.54,1.05,8.67,1170.8,10.89,1156.91,1707.16
manipulated\Tp_D_NNN_M_N_art00052_nat00013_11848_gt.png,Manipulated,,0.0973,0.05,0.15,15,0.84,1.25,2.41,13.15,3202.17,24.75,3230.6,3443.74
manipulated\Tp_D_NNN_M_N_art00052_nat00095_11850_gt.png,Manipulated,,0.3157,0.1979,0.23,14,1.04,1.96,3.8,16.37,5036.42,38.98,5045.01,4226.97
manipulated\Tp_D_NNN_M_N_art00069_nat10122_11845_gt.png,Manipulated,,0.4707,0.0167,0.04,15,0.44,0.35,0.65,6.9,879.75,6.72,897.61,2300.31
manipulated\Tp_D_NNN_M_N_cha10166_nat10142_12271_gt.png,Manipulated,,0.0261,0.0667,0.04,15,0.43,0.33,0.67,6.96,753.55,6.91,711.93,1615.17
manipulated\Tp_D_NNN_M_N_cha10166_nat10156_12272_gt.png,Manipulated,,0.0261,0.0667,0.04,15,0.43,0.33,0.67,6.96,753.55,6.91,711.93,1615.17
manipulated\Tp_D_NNN_M_N_nat00026_nat00028_11036_gt.png,Manipulated,,0.6951,0.05,0.05,13,0.48,0.55,1.1,8.91,1127.14,11.5,1127.14,2197.78
manipulated\Tp_D_NNN_M_N_nat00060_nat00099_10570_gt.png,Manipulated,,0.0062,0.0,0.01,2,0.14,0.39,0.75,7.17,508.01,7.97,508.01,879.9
manipulated\Tp_D_NNN_M_N_nat00096_nat00097_11096_gt.png,Manipulated,,0.0041,0.0333,0.02,12,0.34,0.4,0.78,7.4,660.15,8.21,660.15,1166.51
manipulated\Tp_D_NNN_M_N_nat10118_nat00062_11392_gt.png,Manipulated,,0.0306,0.05,0.07,14,0.57,0.63,1.2,9.3,1550.48,12.31,1588.15,2189.93
manipulated\Tp_D_NNN_M_N_nat10124_nat00059_11345_gt.png,Manipulated,,0.0175,0.0167,0.04,12,0.44,0.41,0.82,7.69,881.08,8.53,892.98,1514.44
manipulated\Tp_D_NNN_M_N_nat10124_nat00097_11346_gt.png,Manipulated,,0.0168,0.05,0.04,13,0.44,0.41,0.82,7.69,883.72,8.53,898.27,1528.76
manipulated\Tp_D_NNN_M_N_nat10165_nat10169_12112_gt.png,Manipulated,,0.0254,0.0333,0.03,14,0.37,0.23,0.46,5.82,534.25,4.77,502.65,1316.71
manipulated\Tp_D_NNN_M_N_sec00021_arc10118_10778_gt.png,Manipulated,,0.0288,0.05,0.06,13,0.55,0.62,1.2,9.3,1457.88,12.36,1594.93,2470.1
manipulated\Tp_D_NNN_M_N_sec00041_nat00097_11253_gt.png,Manipulated,,0.7477,0.0,0.02,13,0.32,0.39,0.78,7.38,645.59,8.15,641.62,1120.16
manipulated\Tp_D_NNN_M_N_sec00046_nat00097_00067_gt.png,Manipulated,,0.0039,0.0667,0.04,14,0.42,0.42,0.82,7.71,877.77,8.56,883.72,1589.49
manipulated\Tp_D_NNN_M_N_sec00054_cha00062_11473_gt.png,Manipulated,,0.1106,0.05,0.12,15,0.74,1.02,1.99,11.92,2362.77,20.57,2393.17,2532.21
manipulated\Tp_D_NNN_M_N_txt00013_txt00019_10847_gt.png,Manipulated,,0.031,0.164,0.12,15,0.76,1.08,2.02,12.01,2594.28,20.91,2686.82,2119.85
manipulated\Tp_D_NNN_M_N_txt00059_txt00050_10373_gt.png,Manipulated,,0.0697,0.0333,0.08,17,0.62,0.75,1.44,10.21,1867.33,14.83,1875.26,2470.92
manipulated\Tp_D_NNN_M_N_txt00061_txt00062_10184_gt.png,Manipulated,,0.0172,0.4249,0.1,14,0.69,0.87,1.69,10.98,2129.93,17.39,2155.06,1977.83
manipulated\Tp_D_NNN_M_N_txt00066_txt00065_10122_gt.png,Manipulated,,0.0239,0.0,0.01,12,0.21,0.61,1.17,8.95,833.45,12.4,870.85,1059.03
manipulated\Tp_D_NNN_M_N_txt10109_txt00097_10815_gt.png,Manipulated,,0.0012,0.0,0.01,12,0.12,0.4,0.77,7.26,526.1,8.16,513.63,890.03
manipulated\Tp_D_NNN_M_O_sec20056_sec20042_01646_gt.png,Manipulated,,0.1549,0.1,0.08,14,0.62,0.71,1.36,9.96,1712.6,14.02,1665.87,2459.52
manipulated\Tp_D_NNN_S_B_ani20056_ani20057_02099_gt.png,Manipulated,,0.1629,0.0667,0.07,14,0.59,0.68,1.28,9.63,1693.52,13.21,1501.9,3197.23
manipulated\Tp_D_NNN_S_B_art00003_cha00028_01427_gt.png,Manipulated,,0.2223,0.1,0.12,15,0.77,1.07,2.11,12.3,2553.27,21.72,2610.09,3104.63
manipulated\Tp_D_NNN_S_B_cha00029_pla00030_20105_gt.png,Manipulated,,0.046,0.0667,0.05,14,0.5,0.4,0.76,7.57,1059.01,7.75,1066.29,2164.94
manipulated\Tp_D_NNN_S_B_cha00100_cha00020_00420_gt.png,Manipulated,,0.5765,0.05,0.02,14,0.3,0.17,0.32,4.82,401.71,3.26,380.41,1200.69
manipulated\Tp_D_NNN_S_B_nat00012_ani00031_00632_gt.png,Manipulated,,0.1786,0.0167,0.1,15,0.68,0.9,1.79,11.36,2120.67,18.31,2141.16,3910.29
manipulated\Tp_D_NNN_S_B_nat00023_nat00007_00641_gt.png,Manipulated,,0.0111,0.0333,0.03,12,0.4,0.4,0.79,7.51,728.28,8.32,760.0,1144.96
manipulated\Tp_D_NNN_S_B_nat00027_nat00030_11094_gt.png,Manipulated,,0.7527,0.0,0.01,12,0.2,0.11,0.21,3.89,227.55,2.18,227.55,756.68
manipulated\Tp_D_NNN_S_B_nat00034_cha00096_00648_gt.png,Manipulated,,0.2621,0.0167,0.06,13,0.51,0.46,0.9,8.14,1170.8,9.26,1190.64,2456.53
manipulated\Tp_D_NNN_S_B_nat00036_cha00097_00650_gt.png,Manipulated,,0.2721,0.0667,0.06,14,0.54,0.62,1.22,9.36,1321.61,12.7,1322.94,2410.95
manipulated\Tp_D_NNN_S_B_nat00036_cha00097_00699_gt.png,Manipulated,,0.6735,0.0333,0.04,12,0.41,0.34,0.66,6.91,806.99,6.76,830.12,1837.15
manipulated\Tp_D_NNN_S_B_nat00038_nat00002_00652_gt.png,Manipulated,,0.0356,0.0333,0.06,13,0.52,0.5,0.96,8.37,1235.62,9.93,1273.91,2019.62
manipulated\Tp_D_NNN_S_B_nat00079_nat00040_00676_gt.png,Manipulated,,0.0799,0.0333,0.06,15,0.51,0.45,0.89,8.04,1096.05,9.12,1105.31,1924.38
manipulated\Tp_D_NNN_S_B_nat00082_cha00096_00678_gt.png,Manipulated,,0.1821,0.0,0.04,13,0.46,0.43,0.82,7.75,1035.86,8.51,1043.13,1877.42
manipulated\Tp_D_NNN_S_B_nat20007_nat20011_02213_gt.png,Manipulated,,0.7551,0.0,0.01,15,0.25,0.11,0.21,3.96,266.87,2.19,242.77,969.61
manipulated\Tp_D_NNN_S_B_pla00019_pla00020_20034_gt.png,Manipulated,,0.1621,0.0167,0.06,15,0.52,0.47,0.94,8.33,1180.06,9.59,1201.86,2557.21
manipulated\Tp_D_NNN_S_B_sec10001_arc00020_20006_gt.png,Manipulated,,0.2886,0.05,0.01,14,0.22,0.09,0.17,3.56,215.4,1.77,224.08,1025.02
manipulated\Tp_D_NNN_S_B_txt00068_cha00065_10178_gt.png,Manipulated,,0.6007,0.1,0.04,14,0.43,0.37,0.74,7.34,910.18,7.61,905.54,1599.2
manipulated\Tp_D_NNN_S_N_ani00010_ani00017_10215_gt.png,Manipulated,,0.2435,0.0333,0.05,13,0.49,0.46,0.93,8.21,1055.7,9.6,1105.24,2201.87
manipulated\Tp_D_NNN_S_N_ani00016_ani00013_00136_gt.png,Manipulated,,0.2135,0.05,0.07,17,0.57,0.6,1.11,9.04,1558.42,11.34,1568.34,2727.78
manipulated\Tp_D_NNN_S_N_ani10177_ani10179_12488_gt.png,Manipulated,,0.5758,0.0333,0.04,13,0.42,0.33,0.62,6.76,819.17,6.29,855.77,1710.76
manipulated\Tp_D_NNN_S_N_ani10181_ani10180_12427_gt.png,Manipulated,,0.5961,0.0167,0.01,12,0.25,0.1,0.18,3.66,255.44,1.88,210.91,871.95
manipulated\Tp_D_NNN_S_N_ani10200_ani10199_12409_gt.png,Manipulated,,0.1892,0.05,0.04,14,0.45,0.38,0.69,7.11,984.23,7.05,1299.65,3689.52
manipulated\Tp_D_NNN_S_N_ani10218_ani10219_12386_gt.png,Manipulated,,0.3286,0.0,0.02,14,0.32,0.26,0.51,6.09,533.94,5.29,682.1,2652.98
manipulated\Tp_D_NNN_S_N_ani20069_ani20070_02111_gt.png,Manipulated,,0.6464,0.0,0.02,12,0.27,0.17,0.33,4.94,399.53,3.46,397.62,1856.15
manipulated\Tp_D_NNN_S_N_arc00017_ani00058_00237_gt.png,Manipulated,,0.7715,0.0167,0.02,14,0.32,0.22,0.41,5.5,513.3,4.3,520.58,1395.99
manipulated\Tp_D_NNN_S_N_arc00071_ind00001_00421_gt.png,Manipulated,,0.2476,0.0333,0.07,15,0.59,0.58,1.08,8.9,1512.78,11.14,1522.03,2485.6
manipulated\Tp_D_NNN_S_N_arc20042_arc20039_01495_gt.png,Manipulated,,0.6464,0.0167,0.01,15,0.23,0.1,0.18,3.62,230.04,1.84,253.73,1139.03
manipulated\Tp_D_NNN_S_N_art00006_ind00030_00498_gt.png,Manipulated,,0.3495,0.0,0.03,12,0.4,0.33,0.64,6.81,744.81,6.62,755.39,2146.79
manipulated\Tp_D_NNN_S_N_art00013_art00014_11813_gt.png,Manipulated,,0.5009,0.0667,0.05,13,0.47,0.4,0.78,7.51,972.36,8.0,967.07,1778.87
manipulated\Tp_D_NNN_S_N_art00045_cha00023_01409_gt.png,Manipulated,,0.1842,0.1,0.08,13,0.6,0.77,1.56,10.63,1725.11,16.18,1730.4,2688.21
manipulated\Tp_D_NNN_S_N_cha00075_ani00079_00395_gt.png,Manipulated,,0.0738,0.05,0.05,15,0.49,0.4,0.78,7.53,990.22,8.02,1002.78,1903.68
manipulated\Tp_D_NNN_S_N_ind00032_cha00020_00447_gt.png,Manipulated,,0.6464,0.0,0.02,14,0.33,0.14,0.27,4.42,359.84,2.75,363.15,1204.44
manipulated\Tp_D_NNN_S_N_ind00053_cha00023_00459_gt.png,Manipulated,,0.1541,0.0333,0.07,14,0.58,0.75,1.5,10.42,1755.54,15.49,1749.58,3575.93
manipulated\Tp_D_NNN_S_N_ind00093_cha00023_00487_gt.png,Manipulated,,0.1132,0.0333,0.08,14,0.61,0.73,1.44,10.12,1525.35,14.93,1527.99,3595.55
manipulated\Tp_D_NNN_S_N_nat00003_cha00096_00623_gt.png,Manipulated,,0.5962,0.05,0.05,14,0.48,0.43,0.83,7.8,1055.7,8.6,1080.17,1982.95
manipulated\Tp_D_NNN_S_N_nat00007_ani00021_00627_gt.png,Manipulated,,0.2832,0.05,0.15,17,0.84,1.28,2.47,13.29,3266.99,25.4,3291.46,4601.77
manipulated\Tp_D_NNN_S_N_nat00010_cha00063_00630_gt.png,Manipulated,,0.1792,0.05,0.1,13,0.67,0.87,1.75,11.2,2040.63,18.07,2064.42,2803.16
manipulated\Tp_D_NNN_S_N_nat00024_nat00027_11039_gt.png,Manipulated,,0.7677,0.0167,0.02,12,0.29,0.2,0.4,5.34,399.53,4.14,452.38,1087.86
manipulated\Tp_D_NNN_S_N_nat00031_cha00097_00946_gt.png,Manipulated,,0.6047,0.0333,0.02,13,0.34,0.2,0.38,5.27,473.61,3.93,502.04,1274.58
manipulated\Tp_D_NNN_S_N_nat00041_nat00061_11433_gt.png,Manipulated,,0.5368,0.05,0.02,13,0.31,0.21,0.43,5.57,441.86,4.45,432.6,1436.42
manipulated\Tp_D_NNN_S_N_nat00090_ani00079_00682_gt.png,Manipulated,,0.0882,0.0667,0.05,15,0.49,0.45,0.88,8.03,1145.66,9.07,1166.81,1946.79
manipulated\Tp_D_NNN_S_N_nat00091_ani00081_10513_gt.png,Manipulated,,0.4839,0.0,0.02,12,0.3,0.18,0.33,4.94,415.4,3.45,415.4,1992.2
manipulated\Tp_D_NNN_S_N_pla00030_pla00028_10948_gt.png,Manipulated,,0.3089,0.0,0.02,15,0.33,0.2,0.38,5.31,490.81,3.95,490.81,2353.84
manipulated\Tp_D_NNN_S_N_pla00090_ani00023_00612_gt.png,Manipulated,,0.6227,0.0,0.14,16,0.82,1.37,2.62,13.69,3311.31,27.02,3364.19,4627.04
manipulated\Tp_D_NNN_S_N_pla10124_nat10122_11707_gt.png,Manipulated,,0.6464,0.0,0.02,13,0.33,0.23,0.47,5.84,498.75,4.86,493.46,1135.0
manipulated\Tp_D_NNN_S_N_pla20033_pla20032_01933_gt.png,Manipulated,,0.4552,0.05,0.03,17,0.35,0.25,0.5,5.98,536.19,5.15,508.41,1526.22
manipulated\Tp_D_NNN_S_N_sec00051_sec00055_11240_gt.png,Manipulated,,0.6464,0.0,0.04,14,0.42,0.3,0.6,6.63,713.72,6.22,720.34,2390.29
manipulated\Tp_D_NNN_S_N_sec00086_cha00023_00705_gt.png,Manipulated,,0.2936,0.05,0.08,15,0.62,0.74,1.48,10.37,1713.86,15.29,1797.74,4297.21
manipulated\Tp_D_NNN_S_N_txt00086_txt00085_10820_gt.png,Manipulated,,0.2239,0.05,0.05,13,0.47,0.4,0.77,7.47,1002.79,7.92,1008.74,2261.79
manipulated\Tp_D_NRD_L_B_arc20050_arc20001_02477_gt.png,Manipulated,,0.0311,0.0667,0.07,14,0.58,0.62,1.21,9.42,1520.27,12.32,1585.19,2608.23
manipulated\Tp_D_NRD_L_B_arc20051_arc20001_02479_gt.png,Manipulated,,0.0505,0.05,0.06,15,0.55,0.56,1.1,8.93,1353.4,11.32,1377.8,2482.94
manipulated\Tp_D_NRD_L_N_ani10110_art10101_10228_gt.png,Manipulated,,0.0006,0.0667,0.04,14,0.43,0.68,1.32,9.58,1082.02,13.93,1162.62,1369.0
manipulated\Tp_D_NRD_L_N_art10104_txt00005_10231_gt.png,Manipulated,,0.0049,0.0333,0.03,14,0.33,0.52,1.02,8.4,792.09,10.73,760.36,1095.17
manipulated\Tp_D_NRD_M_B_arc20062_xxx00005_02482_gt.png,Manipulated,,0.1368,0.05,0.06,15,0.52,0.51,1.02,8.7,1253.06,10.36,1264.44,2175.88
manipulated\Tp_D_NRD_M_B_arc20063_arc20001_02483_gt.png,Manipulated,,0.0233,0.0667,0.05,13,0.49,0.52,1.01,8.55,1165.44,10.44,1128.18,2279.52
manipulated\Tp_D_NRD_M_B_sec20073_sec20080_02137_gt.png,Manipulated,,0.065,0.1,0.06,15,0.52,0.49,0.96,8.35,1184.31,9.87,1051.38,2036.61
manipulated\Tp_D_NRD_M_N_sec00057_nat00001_00078_gt.png,Manipulated,,0.1019,0.0333,0.06,13,0.55,0.63,1.27,9.57,1502.19,13.09,1500.2,2474.58
manipulated\Tp_D_NRD_M_O_sec20032_xxx00008_01622_gt.png,Manipulated,,0.016,0.1,0.1,14,0.68,1.0,2.02,12.53,2425.65,19.4,2638.86,3923.49
manipulated\Tp_D_NRD_S_B_ani20002_nat20042_02437_gt.png,Manipulated,,0.0215,0.1,0.09,17,0.67,0.76,1.48,10.33,1851.53,15.22,1569.06,2586.51
manipulated\Tp_D_NRD_S_B_ani20039_nat20042_02443_gt.png,Manipulated,,0.1438,0.0333,0.06,13,0.52,0.48,0.9,8.1,1228.73,9.24,1175.39,2413.76
manipulated\Tp_D_NRD_S_B_arc00031_cha00027_00251_gt.png,Manipulated,,0.0944,0.0,0.03,13,0.39,0.34,0.67,6.98,757.38,6.99,802.32,1674.88
manipulated\Tp_D_NRD_S_B_arc00096_arc00045_11798_gt.png,Manipulated,,0.5862,0.0,0.01,13,0.26,0.18,0.36,5.05,312.21,3.77,315.52,719.17
manipulated\Tp_D_NRD_S_B_arc20047_nat20042_02476_gt.png,Manipulated,,0.439,0.0167,0.02,15,0.31,0.16,0.31,4.76,405.05,3.17,396.76,1216.33
manipulated\Tp_D_NRD_S_B_cha20044_nat20042_02432_gt.png,Manipulated,,0.0206,0.1,0.04,14,0.44,0.42,0.83,7.78,915.27,8.67,914.51,2541.71
manipulated\Tp_D_NRD_S_B_sec20094_arc20064_02444_gt.png,Manipulated,,0.0608,0.1,0.07,15,0.56,0.57,1.11,8.96,1383.27,11.41,1253.78,2236.15
manipulated\Tp_D_NRD_S_N_cha00006_cha00005_00326_gt.png,Manipulated,,0.5884,0.0333,0.03,13,0.36,0.22,0.42,5.56,526.53,4.37,529.84,1779.01
manipulated\Tp_D_NRD_S_N_cha00091_ani00058_00411_gt.png,Manipulated,,0.5685,0.0,0.04,13,0.45,0.4,0.75,7.45,947.22,7.77,953.18,2685.73
manipulated\Tp_D_NRD_S_N_cha00097_ani00077_00417_gt.png,Manipulated,,0.5079,0.1,0.04,13,0.42,0.38,0.76,7.49,959.13,7.76,982.25,1992.03
manipulated\Tp_D_NRD_S_N_cha10002_cha10001_20094_gt.png,Manipulated,,0.4948,0.0167,0.05,13,0.47,0.41,0.8,7.59,909.52,8.32,918.78,1667.79
manipulated\Tp_D_NRD_S_N_ind00050_ind00017_00457_gt.png,Manipulated,,0.1325,0.0167,0.03,12,0.4,0.3,0.57,6.41,711.74,5.84,722.98,1806.36
manipulated\Tp_D_NRD_S_N_sec00001_cha00042_00001_gt.png,Manipulated,,0.6464,0.0,0.02,12,0.29,0.18,0.36,5.1,381.01,3.73,383.65,1377.25
manipulated\Tp_D_NRD_S_N_sec00060_cha00028_00081_gt.png,Manipulated,,0.8872,0.0167,0.06,14,0.55,0.53,1.04,8.71,1270.02,10.76,1309.03,2805.0
manipulated\Tp_D_NRD_S_N_sec00067_cha00030_00088_gt.png,Manipulated,,0.2214,0.0,0.04,14,0.43,0.34,0.65,6.92,850.88,6.66,852.63,1959.3
manipulated\Tp_D_NRD_S_N_sec00078_sec00080_00099_gt.png,Manipulated,,0.6464,0.0,0.0,11,0.13,0.16,0.32,4.75,228.87,3.4,206.38,989.75
manipulated\Tp_D_NRN_L_N_ani10109_ani10108_10226_gt.png,Manipulated,,0.0066,0.0333,0.03,13,0.41,0.27,0.53,6.27,711.63,5.45,733.89,1633.25
manipulated\Tp_D_NRN_L_O_sec00043_cha00097_00064_gt.png,Manipulated,,0.0172,0.0167,0.05,13,0.51,0.46,0.85,7.85,1150.95,8.71,1151.61,2905.82
manipulated\Tp_D_NRN_M_B_arc00008_art00049_11770_gt.png,Manipulated,,0.6464,0.0167,0.03,13,0.35,0.25,0.5,6.1,621.78,5.16,616.49,1634.96
manipulated\Tp_D_NRN_M_B_arc00022_arc00023_10060_gt.png,Manipulated,,0.0261,0.0333,0.03,12,0.39,0.31,0.6,6.57,685.28,6.18,683.29,1458.07
manipulated\Tp_D_NRN_M_B_arc00076_nat00086_11193_gt.png,Manipulated,,0.0363,0.0667,0.04,13,0.46,0.39,0.8,7.59,795.09,8.36,803.02,1330.25
manipulated\Tp_D_NRN_M_B_art00045_pla00078_10746_gt.png,Manipulated,,0.0064,0.0667,0.02,14,0.35,0.27,0.54,6.24,549.02,5.63,551.66,1233.97
manipulated\Tp_D_NRN_M_B_art10114_pla00050_11598_gt.png,Manipulated,,0.7302,0.0167,0.03,14,0.4,0.34,0.67,7.03,833.45,6.94,827.5,2676.18
manipulated\Tp_D_NRN_M_B_cha10111_cha10113_11545_gt.png,Manipulated,,0.029,0.0333,0.04,12,0.45,0.43,0.85,7.86,961.78,8.85,961.77,1642.59
manipulated\Tp_D_NRN_M_B_cha10142_nat00097_12239_gt.png,Manipulated,,0.003,0.0,0.02,12,0.28,0.2,0.39,5.23,326.71,4.07,302.36,844.31
manipulated\Tp_D_NRN_M_B_cha10170_nat10140_12293_gt.png,Manipulated,,0.003,0.1,0.01,15,0.23,0.18,0.36,5.05,336.9,3.76,315.76,976.99
manipulated\Tp_D_NRN_M_B_nat00008_art00021_11424_gt.png,Manipulated,,0.2899,0.0,0.07,16,0.55,0.68,1.34,9.81,1471.11,13.86,1499.54,2770.31
manipulated\Tp_D_NRN_M_B_nat00098_nat00095_11464_gt.png,Manipulated,,0.0194,0.0167,0.04,13,0.45,0.42,0.83,7.72,892.32,8.62,979.44,1621.06
manipulated\Tp_D_NRN_M_B_nat10139_nat10124_11945_gt.png,Manipulated,,0.0054,0.0833,0.02,13,0.33,0.22,0.44,5.65,473.29,4.58,449.26,1147.38
manipulated\Tp_D_NRN_M_B_sec00020_cha00095_00041_gt.png,Manipulated,,0.0913,0.0667,0.09,13,0.65,0.82,1.59,10.74,2019.46,16.37,2022.11,2444.72
manipulated\Tp_D_NRN_M_B_sec00085_art00025_11457_gt.png,Manipulated,,0.5421,0.05,0.05,13,0.51,0.47,0.93,8.22,1146.99,9.53,1180.03,3056.68
manipulated\Tp_D_NRN_M_B_sec20053_arc20001_02131_gt.png,Manipulated,,0.0378,0.1,0.06,15,0.52,0.52,0.99,8.43,1221.37,10.23,1227.53,1970.99
manipulated\Tp_D_NRN_M_N_ani00044_ani00043_11141_gt.png,Manipulated,,0.0702,0.0333,0.09,13,0.66,0.83,1.66,10.98,1989.04,17.04,1991.68,2900.4
manipulated\Tp_D_NRN_M_N_ani00045_ani00043_11140_gt.png,Manipulated,,0.0714,0.0667,0.09,15,0.65,0.84,1.63,10.82,2010.86,16.79,2022.77,3111.33
manipulated\Tp_D_NRN_M_N_ani00046_ani00096_11136_gt.png,Manipulated,,0.1664,0.05,0.1,14,0.68,0.95,1.86,11.51,2129.93,19.3,2177.54,3775.1
manipulated\Tp_D_NRN_M_N_ani00048_ani00037_10038_gt.png,Manipulated,,0.2543,0.0167,0.04,14,0.44,0.37,0.71,7.16,795.09,7.41,798.39,2002.87
manipulated\Tp_D_NRN_M_N_ani00099_ani00100_10145_gt.png,Manipulated,,0.3426,0.0167,0.04,13,0.45,0.34,0.65,6.89,856.6,6.67,869.17,2485.91
manipulated\Tp_D_NRN_M_N_ani10113_ani00100_11626_gt.png,Manipulated,,0.4036,0.0333,0.06,14,0.55,0.57,1.07,8.84,1415.54,11.07,1449.93,2148.85
manipulated\Tp_D_NRN_M_N_ani10144_nat10156_12472_gt.png,Manipulated,,0.0113,0.1,0.04,16,0.44,0.44,0.87,7.9,963.33,8.99,851.48,1846.05
manipulated\Tp_D_NRN_M_N_ani10219_ani10215_12384_gt.png,Manipulated,,0.2396,0.0667,0.03,14,0.38,0.26,0.51,6.09,605.67,5.24,706.1,2009.5
manipulated\Tp_D_NRN_M_N_arc10120_nat00060_12143_gt.png,Manipulated,,0.0508,0.05,0.03,14,0.35,0.23,0.45,5.71,514.78,4.66,484.59,1236.34
manipulated\Tp_D_NRN_M_N_arc10120_nat10132_12142_gt.png,Manipulated,,0.0453,0.0667,0.03,15,0.37,0.23,0.45,5.71,513.93,4.66,485.19,1237.3
manipulated\Tp_D_NRN_M_N_art00010_art00011_11834_gt.png,Manipulated,,0.0505,0.05,0.06,14,0.53,0.53,1.02,8.57,1256.79,10.49,1287.86,1410.85
manipulated\Tp_D_NRN_M_N_art00034_nat10122_11872_gt.png,Manipulated,,0.051,0.0667,0.08,15,0.63,0.76,1.43,10.18,1882.54,14.8,1900.39,2268.59
manipulated\Tp_D_NRN_M_N_art00052_art00065_10020_gt.png,Manipulated,,0.0457,0.05,0.07,13,0.55,0.58,1.12,8.98,1455.23,11.5,1463.83,1825.86
manipulated\Tp_D_NRN_M_N_art00098_art00062_10518_gt.png,Manipulated,,0.1662,0.0833,0.04,14,0.44,0.49,0.95,8.23,1005.43,9.88,1007.42,1766.33
manipulated\Tp_D_NRN_M_N_art00099_cha00028_11762_gt.png,Manipulated,,0.1792,0.0667,0.09,15,0.63,0.76,1.46,10.25,1767.44,15.1,1790.59,2719.26
manipulated\Tp_D_NRN_M_N_art00099_cha00062_11724_gt.png,Manipulated,,0.703,0.0667,0.07,12,0.56,0.61,1.2,9.31,1391.73,12.44,1410.21,3199.55
manipulated\Tp_D_NRN_M_N_art10105_cha00062_11601_gt.png,Manipulated,,0.6543,0.0333,0.07,13,0.57,0.6,1.17,9.17,1381.15,12.09,1403.63,3151.58
manipulated\Tp_D_NRN_M_N_art10107_cha00027_11667_gt.png,Manipulated,,0.7916,0.05,0.02,12,0.29,0.17,0.34,4.95,357.19,3.54,362.48,828.49
manipulated\Tp_D_NRN_M_N_art10107_cha00040_11664_gt.png,Manipulated,,0.6464,0.0167,0.02,15,0.32,0.23,0.47,5.83,515.95,4.84,529.83,1196.68
manipulated\Tp_D_NRN_M_N_art10107_cha00067_11583_gt.png,Manipulated,,0.2136,0.0333,0.05,12,0.5,0.48,0.9,8.08,1095.39,9.38,1103.99,2229.66
manipulated\Tp_D_NRN_M_N_art10108_cha00062_11576_gt.png,Manipulated,,0.8414,0.0,0.04,14,0.43,0.38,0.75,7.38,875.78,7.77,875.12,2911.67
manipulated\Tp_D_NRN_M_N_art10108_cha10110_11575_gt.png,Manipulated,,0.6866,0.0,0.03,12,0.39,0.33,0.65,6.85,718.35,6.71,724.97,2438.04
manipulated\Tp_D_NRN_M_N_art10110_cha00063_11646_gt.png,Manipulated,,0.2643,0.0333,0.08,13,0.62,0.76,1.5,10.39,1758.18,15.53,1785.95,2677.86
manipulated\Tp_D_NRN_M_N_art10113_cha10110_11561_gt.png,Manipulated,,0.1441,0.0333,0.07,17,0.59,0.73,1.41,10.05,1582.23,14.67,1590.16,2475.96
manipulated\Tp_D_NRN_M_N_cha00016_cha00014_11155_gt.png,Manipulated,,0.0678,0.0667,0.09,14,0.66,0.85,1.67,10.93,1965.22,17.28,2006.85,2393.56
manipulated\Tp_D_NRN_M_N_cha00050_cha00028_11786_gt.png,Manipulated,,0.1039,0.0833,0.1,13,0.69,0.88,1.72,11.1,2041.29,17.78,2067.07,2709.39
manipulated\Tp_D_NRN_M_N_cha10112_cha00063_11653_gt.png,Manipulated,,0.6786,0.0,0.04,13,0.47,0.41,0.83,7.79,965.74,8.58,985.57,2263.69
manipulated\Tp_D_NRN_M_N_cha10122_nat10124_12156_gt.png,Manipulated,,0.0207,0.0833,0.02,15,0.3,0.21,0.41,5.44,424.97,4.26,383.72,1109.57
manipulated\Tp_D_NRN_M_N_cha10133_cha00062_12214_gt.png,Manipulated,,0.6526,0.0833,0.04,14,0.45,0.39,0.75,7.38,875.67,7.72,1144.0,2563.07
manipulated\Tp_D_NRN_M_N_cha10138_cha00067_12204_gt.png,Manipulated,,0.153,0.05,0.04,15,0.43,0.41,0.81,7.65,869.89,8.46,1234.79,3243.72
manipulated\Tp_D_NRN_M_N_cha10142_nat10123_12237_gt.png,Manipulated,,0.0028,0.0333,0.02,13,0.27,0.2,0.39,5.29,355.8,4.13,307.42,884.88
manipulated\Tp_D_NRN_M_N_cha10170_nat10123_12291_gt.png,Manipulated,,0.0038,0.1,0.01,15,0.25,0.17,0.35,4.99,326.09,3.64,312.36,951.2
manipulated\Tp_D_NRN_M_N_ind00055_cha00036_11779_gt.png,Manipulated,,0.1004,0.05,0.05,15,0.51,0.5,0.96,8.33,1092.75,10.01,1105.31,2113.9
manipulated\Tp_D_NRN_M_N_ind10102_cha10110_11548_gt.png,Manipulated,,0.597,0.0333,0.07,14,0.56,0.65,1.27,9.56,1505.5,13.1,1498.88,3048.84
manipulated\Tp_D_NRN_M_N_ind10103_pla00050_11558_gt.png,Manipulated,,0.1857,0.05,0.11,17,0.72,0.96,1.86,11.55,2278.1,19.24,2351.44,3100.01
manipulated\Tp_D_NRN_M_N_nat00002_cha00062_11516_gt.png,Manipulated,,0.467,0.0667,0.06,13,0.53,0.59,1.17,9.18,1359.32,12.06,1389.74,3628.96
manipulated\Tp_D_NRN_M_N_nat00025_nat00028_11037_gt.png,Manipulated,,0.4557,0.0333,0.03,14,0.37,0.35,0.69,7.08,698.51,7.2,717.03,1957.03
manipulated\Tp_D_NRN_M_N_nat00028_nat00013_11053_gt.png,Manipulated,,0.005,0.0333,0.04,14,0.4,0.39,0.79,7.52,745.47,8.3,748.12,1311.02
manipulated\Tp_D_NRN_M_N_nat00033_cha00070_11476_gt.png,Manipulated,,0.0693,0.1,0.05,15,0.48,0.48,0.95,8.27,1038.51,9.9,1055.7,1718.3
manipulated\Tp_D_NRN_M_N_nat00040_nat00013_11073_gt.png,Manipulated,,0.014,0.05,0.04,12,0.42,0.4,0.81,7.6,803.02,8.42,802.35,1409.62
manipulated\Tp_D_NRN_M_N_nat00072_nat00059_11107_gt.png,Manipulated,,0.0106,0.05,0.05,13,0.51,0.42,0.84,7.83,1002.79,8.72,1056.32,1578.54
manipulated\Tp_D_NRN_M_N_nat00086_ani00031_10146_gt.png,Manipulated,,0.4686,0.0,0.04,13,0.46,0.44,0.89,8.1,1096.71,9.09,1126.46,2623.31
manipulated\Tp_D_NRN_M_N_nat00095_nat00099_10079_gt.png,Manipulated,,0.0064,0.0,0.01,12,0.25,0.78,1.69,12.89,1828.63,12.02,1828.3,2082.84
manipulated\Tp_D_NRN_M_N_nat00097_nat00059_11109_gt.png,Manipulated,,0.0036,0.1,0.03,13,0.38,0.4,0.79,7.52,739.52,8.3,735.55,1278.74
manipulated\Tp_D_NRN_M_N_nat00098_art00096_11448_gt.png,Manipulated,,0.5508,0.0333,0.07,14,0.56,0.61,1.19,9.32,1435.39,12.36,1446.62,2291.47
manipulated\Tp_D_NRN_M_N_nat10107_nat00095_11485_gt.png,Manipulated,,0.0136,0.0167,0.04,14,0.41,0.41,0.82,7.67,873.14,8.53,865.2,1516.88
manipulated\Tp_D_NRN_M_N_nat10113_nat10123_11381_gt.png,Manipulated,,0.0358,0.05,0.05,14,0.49,0.47,0.87,7.96,1205.2,8.88,1225.69,1841.67
manipulated\Tp_D_NRN_M_N_nat10116_cha00050_11677_gt.png,Manipulated,,0.1188,0.0667,0.07,14,0.57,0.56,1.1,8.92,1330.21,11.3,1344.1,1979.41
manipulated\Tp_D_NRN_M_N_nat10116_cha00052_11369_gt.png,Manipulated,,0.1854,0.0167,0.06,15,0.51,0.56,1.12,8.98,1254.14,11.57,1273.94,2309.54
manipulated\Tp_D_NRN_M_N_nat10116_cha00067_11374_gt.png,Manipulated,,0.267,0.0667,0.07,13,0.57,0.65,1.26,9.52,1502.86,13.02,1528.64,2491.73
manipulated\Tp_D_NRN_M_N_nat10118_nat10123_11391_gt.png,Manipulated,,0.0297,0.05,0.07,13,0.58,0.65,1.22,9.46,1623.9,12.49,1667.49,2233.04
manipulated\Tp_D_NRN_M_N_nat10123_nat10122_11336_gt.png,Manipulated,,0.0055,0.0333,0.04,14,0.41,0.4,0.8,7.55,780.53,8.36,788.47,1431.34
manipulated\Tp_D_NRN_M_N_nat10126_cha10110_11535_gt.png,Manipulated,,0.3798,0.0167,0.06,14,0.52,0.52,1.01,8.56,1174.77,10.51,1202.52,2078.24
manipulated\Tp_D_NRN_M_N_nat10129_cha00071_11731_gt.png,Manipulated,,0.3197,0.0667,0.07,13,0.55,0.57,1.1,8.97,1447.29,11.35,1472.38,3073.6
manipulated\Tp_D_NRN_M_N_nat10131_nat10132_11905_gt.png,Manipulated,,0.005,0.0667,0.03,13,0.38,0.34,0.66,6.93,741.06,6.88,707.64,2188.05
manipulated\Tp_D_NRN_M_N_nat10137_nat00059_11936_gt.png,Manipulated,,0.0833,0.0667,0.03,15,0.4,0.27,0.49,5.99,686.45,5.05,649.29,1597.74
manipulated\Tp_D_NRN_M_N_nat10142_arc00069_11962_gt.png,Manipulated,,0.0089,0.1,0.02,13,0.3,0.21,0.43,5.53,411.7,4.45,377.63,1010.49
manipulated\Tp_D_NRN_M_N_nat10144_nat10145_11964_gt.png,Manipulated,,0.0084,0.0167,0.01,15,0.22,0.21,0.41,5.37,329.36,4.33,307.38,821.61
manipulated\Tp_D_NRN_M_N_nat10148_nat00097_12122_gt.png,Manipulated,,0.0429,0.05,0.07,15,0.56,0.62,1.18,9.21,1459.86,12.19,1264.9,1900.76
manipulated\Tp_D_NRN_M_N_nat10148_nat10159_12124_gt.png,Manipulated,,0.0489,0.0667,0.07,15,0.57,0.61,1.15,9.13,1451.84,11.92,1256.59,1880.53
manipulated\Tp_D_NRN_M_N_nat10155_nat10123_12116_gt.png,Manipulated,,0.0037,0.0667,0.01,12,0.24,0.21,0.42,5.45,362.38,4.4,341.71,913.98
manipulated\Tp_D_NRN_M_N_nat10160_nat00095_12064_gt.png,Manipulated,,0.0084,0.05,0.03,15,0.37,0.25,0.47,5.86,585.06,4.89,558.01,1390.37
manipulated\Tp_D_NRN_M_N_nat10160_nat10138_12066_gt.png,Manipulated,,0.01,0.1,0.03,13,0.36,0.24,0.47,5.84,581.67,4.84,553.05,1390.59
manipulated\Tp_D_NRN_M_N_nat10160_nat10159_12070_gt.png,Manipulated,,0.0065,0.0667,0.03,13,0.36,0.25,0.47,5.83,576.59,4.84,544.12,1362.24
manipulated\Tp_D_NRN_M_N_nat10167_cha00070_12103_gt.png,Manipulated,,0.157,0.0833,0.02,15,0.33,0.23,0.46,5.76,502.72,4.77,513.16,1327.54
manipulated\Tp_D_NRN_M_N_pla10121_cha00050_11658_gt.png,Manipulated,,0.0447,0.05,0.06,14,0.51,0.47,0.93,8.21,1141.03,9.55,1162.84,1782.71
manipulated\Tp_D_NRN_M_N_sec00014_cha00052_11401_gt.png,Manipulated,,0.3898,0.0167,0.03,13,0.38,0.29,0.57,6.4,638.32,5.87,658.15,2183.28
manipulated\Tp_D_NRN_M_N_sec00015_cha00062_11399_gt.png,Manipulated,,0.5039,0.0667,0.07,14,0.58,0.65,1.27,9.55,1510.79,13.11,1547.81,2656.67
manipulated\Tp_D_NRN_M_N_sec00062_cha00070_11479_gt.png,Manipulated,,0.2043,0.0667,0.04,12,0.45,0.36,0.72,7.28,847.34,7.47,838.74,1566.7
manipulated\Tp_D_NRN_M_N_sec00087_cha00070_11469_gt.png,Manipulated,,0.1613,0.0333,0.05,15,0.51,0.44,0.88,7.98,997.49,9.06,1001.43,2151.41
manipulated\Tp_D_NRN_M_N_sec00087_nat00062_11410_gt.png,Manipulated,,0.0321,0.0667,0.04,13,0.45,0.4,0.82,7.67,857.92,8.49,905.45,1544.56
manipulated\Tp_D_NRN_M_N_sec10112_art00098_10343_gt.png,Manipulated,,0.3118,0.0333,0.05,15,0.5,0.45,0.85,7.83,1090.52,8.73,858.59,1940.45
manipulated\Tp_D_NRN_M_O_arc00023_arc00008_10010_gt.png,Manipulated,,0.2757,0.0333,0.03,15,0.39,0.36,0.7,7.11,769.95,7.27,823.4,1865.21
manipulated\Tp_D_NRN_M_O_arc00024_cha00014_10011_gt.png,Manipulated,,0.1462,0.0667,0.05,14,0.48,0.46,0.92,8.2,1083.49,9.54,1126.45,2176.97
manipulated\Tp_D_NRN_M_O_cha00071_cha00095_10049_gt.png,Manipulated,,0.1094,0.0333,0.05,14,0.48,0.39,0.75,7.37,901.58,7.71,904.89,1649.89
manipulated\Tp_D_NRN_M_O_ind00016_ind00017_10013_gt.png,Manipulated,,0.5981,0.05,0.04,13,0.46,0.33,0.64,6.83,840.07,6.54,849.33,2449.59
manipulated\Tp_D_NRN_M_O_ind00030_ind00031_10015_gt.png,Manipulated,,0.0921,0.05,0.1,14,0.69,0.88,1.75,11.25,2080.98,17.96,2140.46,2449.5
manipulated\Tp_D_NRN_M_O_nat10157_nat00095_12046_gt.png,Manipulated,,0.0068,0.05,0.03,12,0.36,0.27,0.54,6.25,554.28,5.66,482.48,1132.57
manipulated\Tp_D_NRN_M_O_sec00001_sec00007_10032_gt.png,Manipulated,,0.0866,0.05,0.01,10,0.2,0.32,0.63,6.62,455.09,6.67,656.68,1844.05
manipulated\Tp_D_NRN_M_O_sec10101_sec10107_10024_gt.png,Manipulated,,0.0479,0.0,0.09,13,0.62,1.12,2.19,12.36,2201.37,22.83,2201.03,1764.46
manipulated\Tp_D_NRN_S_B_arc00042_ani00070_00262_gt.png,Manipulated,,0.7976,0.0167,0.04,13,0.41,0.35,0.65,6.92,878.43,6.71,880.41,2702.51
manipulated\Tp_D_NRN_S_B_arc00064_ani00005_00284_gt.png,Manipulated,,0.7268,0.0333,0.04,15,0.44,0.34,0.64,7.01,955.16,6.31,971.03,2276.11
manipulated\Tp_D_NRN_S_B_arc00084_ani00058_00304_gt.png,Manipulated,,0.6872,0.0,0.03,13,0.36,0.24,0.45,5.74,568.86,4.66,591.34,1505.44
manipulated\Tp_D_NRN_S_B_arc00090_ani00096_00310_gt.png,Manipulated,,0.2074,0.0167,0.07,14,0.57,0.7,1.38,10.0,1632.5,14.25,1661.58,3465.92
manipulated\Tp_D_NRN_S_B_arc00094_ani00100_00314_gt.png,Manipulated,,0.3994,0.0,0.03,17,0.36,0.25,0.47,5.88,640.3,4.83,683.88,2408.83
manipulated\Tp_D_NRN_S_B_arc00098_art00092_11796_gt.png,Manipulated,,0.8063,0.0,0.01,15,0.28,0.13,0.25,4.26,320.15,2.53,347.92,1264.61
manipulated\Tp_D_NRN_S_B_arc00099_ani00058_00319_gt.png,Manipulated,,0.6167,0.0,0.02,13,0.34,0.23,0.42,5.53,523.88,4.36,521.9,1315.48
manipulated\Tp_D_NRN_S_B_art00002_ani00096_00495_gt.png,Manipulated,,0.4797,0.0,0.03,12,0.38,0.31,0.61,6.74,743.49,6.31,731.58,1738.72
manipulated\Tp_D_NRN_S_B_art00059_cha00063_01401_gt.png,Manipulated,,0.2438,0.0333,0.1,15,0.68,0.81,1.61,10.77,1906.35,16.68,1928.17,2558.63
manipulated\Tp_D_NRN_S_B_art00078_art00068_01393_gt.png,Manipulated,,0.1243,0.0167,0.05,14,0.47,0.59,1.16,9.06,1143.68,12.07,1150.27,1754.52
manipulated\Tp_D_NRN_S_B_art00096_ani00070_01385_gt.png,Manipulated,,0.5312,0.0833,0.08,13,0.61,0.69,1.32,9.78,1662.93,13.66,1694.01,3051.73
manipulated\Tp_D_NRN_S_B_art00100_cha00026_01381_gt.png,Manipulated,,0.0735,0.0333,0.06,17,0.55,0.61,1.17,9.19,1417.53,12.02,1432.08,2381.92
manipulated\Tp_D_NRN_S_B_cha00023_cha00022_20075_gt.png,Manipulated,,0.71,0.0167,0.04,14,0.45,0.39,0.75,7.36,896.95,7.73,914.15,2142.57
manipulated\Tp_D_NRN_S_B_cha00065_txt00068_10177_gt.png,Manipulated,,0.5937,0.0,0.02,13,0.29,0.14,0.27,4.47,349.26,2.81,347.93,809.21
manipulated\Tp_D_NRN_S_B_ind00024_art00047_00020_gt.png,Manipulated,,0.1845,0.0667,0.04,15,0.42,0.34,0.66,6.94,826.84,6.81,892.86,1875.29
manipulated\Tp_D_NRN_S_B_ind00055_cha00040_00461_gt.png,Manipulated,,0.2235,0.0833,0.05,12,0.46,0.42,0.82,7.69,910.18,8.52,912.16,1650.34
manipulated\Tp_D_NRN_S_B_ind00064_ani00069_00467_gt.png,Manipulated,,0.354,0.0333,0.06,17,0.53,0.54,1.08,8.91,1367.26,11.06,1395.69,3840.19
manipulated\Tp_D_NRN_S_B_ind10001_ind10002_20009_gt.png,Manipulated,,0.5657,0.1,0.02,17,0.33,0.22,0.43,5.57,472.11,4.48,496.61,1800.13
manipulated\Tp_D_NRN_S_B_nat00015_cha00014_20052_gt.png,Manipulated,,0.1102,0.0167,0.04,12,0.44,0.36,0.69,7.08,857.26,7.1,879.08,2697.88
manipulated\Tp_D_NRN_S_B_nat00020_cha00019_20017_gt.png,Manipulated,,0.1092,0.0333,0.06,13,0.51,0.48,0.92,8.19,1156.91,9.48,1200.54,2279.17
manipulated\Tp_D_NRN_S_B_nat00026_ani00070_00643_gt.png,Manipulated,,0.4949,0.0167,0.07,15,0.57,0.64,1.2,9.34,1550.48,12.33,1562.39,3443.15
manipulated\Tp_D_NRN_S_B_nat00098_nat00061_11463_gt.png,Manipulated,,0.5373,0.0333,0.03,15,0.37,0.25,0.49,5.98,579.45,5.07,578.12,1719.86
manipulated\Tp_D_NRN_S_B_nat10117_nat10118_11343_gt.png,Manipulated,,0.3151,0.0,0.02,12,0.34,0.23,0.44,5.68,606.57,4.48,605.24,1405.98
manipulated\Tp_D_NRN_S_B_nat20017_nat20016_01521_gt.png,Manipulated,,0.5613,0.05,0.01,12,0.18,0.06,0.12,2.91,138.54,1.2,123.07,586.9
manipulated\Tp_D_NRN_S_B_pla00086_ani00058_00608_gt.png,Manipulated,,0.68,0.0167,0.04,13,0.46,0.36,0.68,7.04,848.0,7.08,860.57,2385.98
manipulated\Tp_D_NRN_S_B_sec00014_sec00015_20053_gt.png,Manipulated,,0.1225,0.0,0.04,13,0.45,0.42,0.84,7.79,899.6,8.76,904.23,2085.53
manipulated\Tp_D_NRN_S_B_sec00028_cha00030_20112_gt.png,Manipulated,,0.2187,0.0167,0.08,15,0.62,0.76,2.05,12.66,2129.26,21.01,2139.15,4939.88
manipulated\Tp_D_NRN_S_B_sec00083_ani00070_00722_gt.png,Manipulated,,0.3415,0.0,0.09,14,0.64,0.75,1.44,10.21,1830.94,14.89,1850.79,3096.67
manipulated\Tp_D_NRN_S_B_sec00085_ani00077_00721_gt.png,Manipulated,,0.3995,0.1,0.06,13,0.53,0.59,1.17,9.24,1415.54,12.12,1437.37,3301.23
manipulated\Tp_D_NRN_S_B_sec00095_cha00050_00115_gt.png,Manipulated,,0.0583,0.0833,0.06,15,0.52,0.51,1.0,8.52,1235.62,10.31,1275.28,2234.67
manipulated\Tp_D_NRN_S_N_ani00017_ani00010_00137_gt.png,Manipulated,,0.5572,0.0167,0.04,17,0.44,0.33,0.64,6.84,783.18,6.61,824.83,1848.22
manipulated\Tp_D_NRN_S_N_ani00035_ani00037_00155_gt.png,Manipulated,,0.0827,0.0333,0.07,13,0.56,0.55,1.05,8.72,1264.73,10.89,1285.23,2169.52
manipulated\Tp_D_NRN_S_N_ani00044_ani00098_11146_gt.png,Manipulated,,0.4954,0.0,0.04,13,0.46,0.43,0.85,7.86,1023.29,8.74,1058.32,3027.4
manipulated\Tp_D_NRN_S_N_ani00051_ani00019_11857_gt.png,Manipulated,,0.1491,0.0167,0.05,14,0.5,0.46,0.89,8.05,1141.03,9.16,1143.67,2515.97
manipulated\Tp_D_NRN_S_N_ani00086_ani00031_10056_gt.png,Manipulated,,0.6031,0.0,0.05,13,0.49,0.43,0.86,7.92,1037.84,8.84,1052.4,2732.91
manipulated\Tp_D_NRN_S_N_ani00098_ani00051_11133_gt.png,Manipulated,,0.3683,0.0,0.04,12,0.41,0.35,0.69,7.06,748.78,7.15,751.43,2249.93
manipulated\Tp_D_NRN_S_N_ani10153_ani10175_12486_gt.png,Manipulated,,0.6558,0.0333,0.03,13,0.38,0.28,0.55,6.37,701.43,5.65,630.71,1821.74
manipulated\Tp_D_NRN_S_N_ani10190_ani10200_12431_gt.png,Manipulated,,0.1213,0.0333,0.04,14,0.46,0.39,0.74,7.35,1010.23,7.56,1058.39,2836.18
manipulated\Tp_D_NRN_S_N_ani10195_ani10194_12401_gt.png,Manipulated,,0.6464,0.0,0.02,14,0.32,0.21,0.42,5.52,489.05,4.28,613.02,2047.07
manipulated\Tp_D_NRN_S_N_ani20068_ani20067_02110_gt.png,Manipulated,,0.5571,0.0333,0.04,13,0.42,0.32,0.63,6.79,791.19,6.48,816.51,2167.95
manipulated\Tp_D_NRN_S_N_arc00054_ani00070_11935_gt.png,Manipulated,,0.6713,0.0,0.02,12,0.28,0.18,0.33,4.99,457.74,3.42,460.38,1529.66
manipulated\Tp_D_NRN_S_N_arc00059_cha00063_11825_gt.png,Manipulated,,0.8408,0.0,0.02,12,0.31,0.19,0.4,5.51,500.07,4.07,527.17,1758.24
manipulated\Tp_D_NRN_S_N_arc00062_ani00017_11500_gt.png,Manipulated,,0.8213,0.0,0.01,15,0.27,0.16,0.33,5.0,370.42,3.44,357.19,1229.77
manipulated\Tp_D_NRN_S_N_arc00062_ani00070_11498_gt.png,Manipulated,,0.4132,0.0,0.03,14,0.37,0.29,0.53,6.23,676.02,5.5,684.62,2298.48
manipulated\Tp_D_NRN_S_N_arc00071_cha00014_11179_gt.png,Manipulated,,0.6464,0.0,0.01,15,0.24,0.13,0.25,4.24,300.31,2.54,305.6,1465.59
manipulated\Tp_D_NRN_S_N_arc00075_cha00063_00295_gt.png,Manipulated,,0.5824,0.0167,0.06,14,0.53,0.52,1.04,8.68,1205.2,10.78,1234.29,2812.24
manipulated\Tp_D_NRN_S_N_arc00090_art00010_00013_gt.png,Manipulated,,0.3352,0.0333,0.03,14,0.38,0.25,0.48,5.92,619.13,4.94,626.41,1707.59
manipulated\Tp_D_NRN_S_N_arc00098_arc00045_11797_gt.png,Manipulated,,0.4048,0.0,0.01,12,0.19,0.17,0.33,4.8,254.0,3.47,254.0,628.89
manipulated\Tp_D_NRN_S_N_arc20044_arc20039_01497_gt.png,Manipulated,,0.6464,0.0,0.01,13,0.19,0.07,0.14,3.18,174.96,1.41,469.86,3340.43
manipulated\Tp_D_NRN_S_N_art00013_art00082_11816_gt.png,Manipulated,,0.8459,0.0,0.01,15,0.25,0.11,0.23,4.14,296.34,2.35,302.29,1285.32
manipulated\Tp_D_NRN_S_N_art00030_art00055_10471_gt.png,Manipulated,,0.2247,0.0333,0.03,14,0.39,0.38,0.77,7.5,765.98,7.95,768.62,1373.49
manipulated\Tp_D_NRN_S_N_art00033_ani00013_00511_gt.png,Manipulated,,0.4641,0.0,0.05,14,0.51,0.46,0.86,7.93,1174.77,8.86,1228.99,2589.17
manipulated\Tp_D_NRN_S_N_art00041_ani00096_00517_gt.png,Manipulated,,0.0562,0.0167,0.07,15,0.56,0.6,1.16,9.16,1398.34,11.88,1422.15,2481.65
manipulated\Tp_D_NRN_S_N_art00052_art00092_11854_gt.png,Manipulated,,0.9481,0.0,0.01,10,0.25,0.13,0.26,4.38,333.38,2.67,344.62,1175.06
manipulated\Tp_D_NRN_S_N_art00096_cha00089_00492_gt.png,Manipulated,,0.1322,0.0833,0.05,13,0.5,0.47,0.89,8.05,1116.56,9.24,1155.54,2014.31
manipulated\Tp_D_NRN_S_N_art00099_ani00005_00539_gt.png,Manipulated,,0.8306,0.0,0.03,14,0.4,0.32,0.63,7.04,965.74,6.22,973.68,3104.09
manipulated\Tp_D_NRN_S_N_art00099_ani00100_01382_gt.png,Manipulated,,0.6464,0.0,0.02,12,0.26,0.15,0.29,4.6,390.27,2.95,398.2,1060.31
manipulated\Tp_D_NRN_S_N_art20028_art20029_01834_gt.png,Manipulated,,0.7128,0.05,0.01,13,0.2,0.07,0.13,3.14,169.12,1.39,140.45,861.87
manipulated\Tp_D_NRN_S_N_cha00014_ani00068_00334_gt.png,Manipulated,,0.4402,0.0,0.03,15,0.36,0.21,0.41,5.5,543.07,4.23,558.94,1753.69
manipulated\Tp_D_NRN_S_N_cha00024_ani00005_00344_gt.png,Manipulated,,0.7522,0.0167,0.06,15,0.52,0.5,0.98,8.57,1382.47,9.92,1387.76,3197.83
manipulated\Tp_D_NRN_S_N_cha00030_ani00079_00350_gt.png,Manipulated,,0.1845,0.1,0.04,15,0.45,0.34,0.66,6.91,833.45,6.78,836.76,1480.04
manipulated\Tp_D_NRN_S_N_cha00050_ani10123_11688_gt.png,Manipulated,,0.6329,0.0,0.04,14,0.42,0.31,0.61,6.73,769.95,6.33,768.63,1965.14
manipulated\Tp_D_NRN_S_N_cha00071_ani10123_11754_gt.png,Manipulated,,0.1218,0.0167,0.05,14,0.47,0.37,0.74,7.39,943.25,7.6,955.16,2391.84
manipulated\Tp_D_NRN_S_N_cha00095_cha00051_00415_gt.png,Manipulated,,0.0852,0.0167,0.06,12,0.53,0.52,0.99,8.49,1289.86,10.25,1330.86,2034.65
manipulated\Tp_D_NRN_S_N_cha10102_cha10106_10159_gt.png,Manipulated,,0.6306,0.0333,0.07,12,0.59,0.62,1.21,9.33,1446.13,12.49,1389.06,2015.01
manipulated\Tp_D_NRN_S_N_cha10108_cha00050_11657_gt.png,Manipulated,,0.5086,0.0167,0.02,15,0.34,0.24,0.48,5.94,556.96,5.0,566.86,1785.18
manipulated\Tp_D_NRN_S_N_cha10108_cha00062_11584_gt.png,Manipulated,,0.6464,0.0,0.02,14,0.31,0.2,0.39,5.32,473.61,3.98,475.6,2009.03
manipulated\Tp_D_NRN_S_N_cha10108_cha10110_11585_gt.png,Manipulated,,0.4997,0.0167,0.04,13,0.42,0.34,0.67,7.0,808.31,6.92,812.94,1791.39
manipulated\Tp_D_NRN_S_N_cha10109_ani00017_11588_gt.png,Manipulated,,0.7755,0.0167,0.02,12,0.28,0.16,0.35,5.1,373.07,3.59,368.44,1033.57
manipulated\Tp_D_NRN_S_N_cha10118_cha10119_12195_gt.png,Manipulated,,0.5612,0.0333,0.01,17,0.25,0.11,0.21,3.95,268.59,2.19,269.95,995.29
manipulated\Tp_D_NRN_S_N_cha10131_ani10123_12185_gt.png,Manipulated,,0.6951,0.0167,0.01,12,0.25,0.11,0.21,3.94,263.66,2.15,223.61,1552.69
manipulated\Tp_D_NRN_S_N_cha10133_pla10126_12212_gt.png,Manipulated,,0.663,0.0,0.0,12,0.14,0.04,0.08,2.39,98.62,0.79,87.99,418.76
manipulated\Tp_D_NRN_S_N_cha10139_cha10140_12200_gt.png,Manipulated,,0.3636,0.05,0.02,13,0.34,0.21,0.4,5.4,497.08,4.14,423.86,1581.76
manipulated\Tp_D_NRN_S_N_cha10149_art00092_12222_gt.png,Manipulated,,0.5756,0.0,0.0,14,0.15,0.04,0.09,2.58,115.46,0.91,119.24,383.98
manipulated\Tp_D_NRN_S_N_cha10171_cha00062_12282_gt.png,Manipulated,,0.2667,0.0333,0.01,14,0.26,0.14,0.28,4.51,327.27,2.89,328.76,1289.82
manipulated\Tp_D_NRN_S_N_ind00002_art00076_11746_gt.png,Manipulated,,0.4634,0.0,0.01,12,0.26,0.13,0.25,4.24,293.69,2.55,307.57,1475.08
manipulated\Tp_D_NRN_S_N_ind00006_ind00005_11748_gt.png,Manipulated,,0.1466,0.0,0.02,12,0.3,0.19,0.36,5.16,435.25,3.77,434.58,1152.54
manipulated\Tp_D_NRN_S_N_ind00082_ind00086_10684_gt.png,Manipulated,,0.6464,0.0667,0.05,13,0.5,0.53,1.04,8.64,1191.97,10.73,1224.34,2589.88
manipulated\Tp_D_NRN_S_N_ind00091_cha00063_00486_gt.png,Manipulated,,0.6526,0.0333,0.06,14,0.53,0.6,1.19,9.26,1334.18,12.36,1354.68,2904.07
manipulated\Tp_D_NRN_S_N_ind10104_ind10103_11552_gt.png,Manipulated,,0.4568,0.0167,0.01,13,0.26,0.17,0.33,4.87,334.7,3.43,347.26,832.73
manipulated\Tp_D_NRN_S_N_nat00001_ani00005_00621_gt.png,Manipulated,,0.7613,0.0333,0.05,15,0.48,0.41,0.79,7.67,1120.53,8.03,1142.35,2837.96
manipulated\Tp_D_NRN_S_N_nat00002_ani00017_11510_gt.png,Manipulated,,0.5923,0.0,0.01,11,0.22,0.15,0.33,5.05,336.03,3.46,335.36,1176.26
manipulated\Tp_D_NRN_S_N_nat00002_ani00096_00622_gt.png,Manipulated,,0.1672,0.0333,0.07,14,0.58,0.69,1.37,9.94,1598.77,14.14,1613.98,3474.38
manipulated\Tp_D_NRN_S_N_nat00004_ani00081_00624_gt.png,Manipulated,,0.4659,0.0,0.02,13,0.35,0.21,0.42,5.63,545.71,4.18,564.89,1877.33
manipulated\Tp_D_NRN_S_N_nat00013_ani00005_00633_gt.png,Manipulated,,0.8266,0.0667,0.07,13,0.57,0.56,1.11,9.41,1662.93,10.84,1686.74,3263.86
manipulated\Tp_D_NRN_S_N_nat00037_ani00038_00651_gt.png,Manipulated,,0.2775,0.0,0.08,13,0.62,0.7,1.37,9.96,1760.17,14.02,1772.07,2981.28
manipulated\Tp_D_NRN_S_N_nat00040_art00025_11472_gt.png,Manipulated,,0.6223,0.0167,0.03,13,0.4,0.35,0.68,7.03,832.13,6.99,850.63,2073.32
manipulated\Tp_D_NRN_S_N_nat10120_cha00063_11389_gt.png,Manipulated,,0.6611,0.0,0.02,15,0.3,0.15,0.3,4.8,387.62,3.08,396.87,1437.62
manipulated\Tp_D_NRN_S_N_nat10125_ani00070_11634_gt.png,Manipulated,,0.7172,0.0,0.02,14,0.32,0.19,0.37,5.27,481.55,3.84,481.55,2031.63
manipulated\Tp_D_NRN_S_N_nat10139_cha00063_11942_gt.png,Manipulated,,0.5153,0.0167,0.04,15,0.41,0.32,0.64,6.84,743.17,6.65,793.16,2083.85
manipulated\Tp_D_NRN_S_N_nat10149_ani00058_12005_gt.png,Manipulated,,0.6273,0.0,0.01,12,0.19,0.11,0.21,3.95,246.68,2.19,207.64,1222.85
manipulated\Tp_D_NRN_S_N_nat10156_ani00005_12015_gt.png,Manipulated,,0.8948,0.0333,0.01,12,0.24,0.12,0.23,4.21,309.04,2.28,299.05,1686.79
manipulated\Tp_D_NRN_S_N_nat10156_pla00050_12008_gt.png,Manipulated,,0.3696,0.0333,0.01,13,0.23,0.11,0.2,3.87,254.43,2.08,237.93,1502.2
manipulated\Tp_D_NRN_S_N_nat20056_nat20054_01560_gt.png,Manipulated,,0.598,0.0333,0.01,12,0.22,0.07,0.13,3.09,156.72,1.3,143.76,638.23
manipulated\Tp_D_NRN_S_N_nat20097_nat20023_01601_gt.png,Manipulated,,0.6464,0.0,0.01,15,0.21,0.09,0.18,3.66,207.07,1.87,270.63,1529.96
manipulated\Tp_D_NRN_S_N_pla00008_pla00009_10936_gt.png,Manipulated,,0.6634,0.0,0.01,12,0.27,0.13,0.25,4.29,330.73,2.58,331.4,833.21
manipulated\Tp_D_NRN_S_N_pla00011_pla00010_10932_gt.png,Manipulated,,0.6464,0.0,0.02,14,0.32,0.18,0.32,4.88,443.18,3.35,453.1,1235.51
manipulated\Tp_D_NRN_S_N_pla00021_pla00014_10965_gt.png,Manipulated,,0.2779,0.0,0.04,13,0.42,0.4,0.79,7.77,1061.0,8.09,1064.28,5104.12
manipulated\Tp_D_NRN_S_N_pla00028_pla00027_10949_gt.png,Manipulated,,0.8899,0.0333,0.03,12,0.37,0.26,0.49,5.99,662.79,5.0,687.91,2282.44
manipulated\Tp_D_NRN_S_N_pla00038_pla00049_10983_gt.png,Manipulated,,0.7905,0.0167,0.04,13,0.44,0.39,0.75,7.4,977.65,7.71,994.18,2656.83
manipulated\Tp_D_NRN_S_N_pla00074_ani00013_01179_gt.png,Manipulated,,0.6495,0.0167,0.04,12,0.42,0.33,0.62,6.73,858.59,6.37,875.12,2281.97
manipulated\Tp_D_NRN_S_N_pla00085_ani00081_01187_gt.png,Manipulated,,0.6122,0.0,0.03,12,0.39,0.23,0.45,5.77,600.61,4.64,603.26,1704.45
manipulated\Tp_D_NRN_S_N_pla10120_ani10122_11607_gt.png,Manipulated,,0.7281,0.0,0.02,13,0.27,0.14,0.25,4.32,333.38,2.63,364.43,981.25
manipulated\Tp_D_NRN_S_N_pla10122_pla00020_11604_gt.png,Manipulated,,0.3255,0.0333,0.02,14,0.31,0.19,0.34,5.03,481.55,3.53,480.22,1661.19
manipulated\Tp_D_NRN_S_N_pla10122_pla10120_11605_gt.png,Manipulated,,0.3192,0.0333,0.02,12,0.27,0.15,0.29,4.59,378.36,2.93,390.26,1353.01
manipulated\Tp_D_NRN_S_N_pla10124_nat00059_11706_gt.png,Manipulated,,0.6804,0.0,0.03,13,0.35,0.23,0.47,5.84,521.9,4.83,523.88,1198.23
manipulated\Tp_D_NRN_S_N_pla10124_pla10123_11555_gt.png,Manipulated,,0.6464,0.0,0.02,13,0.32,0.28,0.54,6.24,566.22,5.65,555.63,1873.77
manipulated\Tp_D_NRN_S_N_sec00013_cha00071_00033_gt.png,Manipulated,,0.4726,0.0,0.04,17,0.46,0.38,0.74,7.37,941.27,7.64,945.9,3212.75
manipulated\Tp_D_NRN_S_N_sec00016_ani00013_00702_gt.png,Manipulated,,0.5608,0.0167,0.05,13,0.48,0.41,0.75,7.41,1034.54,7.72,1039.83,2526.27
manipulated\Tp_D_NRN_S_N_sec00023_sec00022_10807_gt.png,Manipulated,,0.2001,0.05,0.06,13,0.52,0.59,1.14,9.09,1340.14,11.85,1342.12,2748.43
manipulated\Tp_D_NRN_S_N_sec00041_ani00076_10500_gt.png,Manipulated,,0.6608,0.0167,0.05,14,0.51,0.47,0.89,8.01,1126.48,9.15,1128.46,2390.36
manipulated\Tp_D_NRN_S_N_sec00052_sec00055_11239_gt.png,Manipulated,,0.6464,0.0,0.03,15,0.39,0.34,0.65,6.88,793.76,6.73,806.99,2248.63
manipulated\Tp_D_NRN_S_N_sec00064_cha00052_11409_gt.png,Manipulated,,0.6083,0.0333,0.02,14,0.33,0.18,0.35,5.06,419.37,3.59,424.66,1149.39
manipulated\Tp_D_NRN_S_N_sec00071_art00064_00707_gt.png,Manipulated,,0.7352,0.0,0.03,12,0.38,0.32,0.62,6.75,743.49,6.43,742.83,1715.3
manipulated\Tp_D_NRN_S_N_sec00081_cha00042_11115_gt.png,Manipulated,,0.3303,0.0667,0.03,15,0.4,0.35,0.67,6.96,724.97,7.02,724.31,2023.05
manipulated\Tp_D_NRN_S_N_sec00082_ani00081_00723_gt.png,Manipulated,,0.3796,0.0167,0.03,13,0.38,0.27,0.51,6.13,656.18,5.32,663.45,1913.21
manipulated\Tp_D_NRN_S_N_sec00087_ani00037_00720_gt.png,Manipulated,,0.1323,0.0167,0.07,15,0.56,0.63,1.21,9.37,1513.44,12.53,1537.24,2932.31
manipulated\Tp_D_NRN_S_N_sec00090_ani00013_00717_gt.png,Manipulated,,0.3695,0.0,0.03,12,0.38,0.31,0.58,6.53,828.16,5.87,830.8,2835.27
manipulated\Tp_D_NRN_S_N_sec00091_cha00023_00716_gt.png,Manipulated,,0.4083,0.0,0.04,13,0.46,0.45,0.9,8.1,985.59,9.31,1000.76,2739.47
manipulated\Tp_D_NRN_S_N_sec00093_cha00096_00713_gt.png,Manipulated,,0.3206,0.0333,0.03,12,0.38,0.31,0.6,6.65,764.66,6.2,773.92,1823.5
manipulated\Tp_D_NRN_S_N_sec10109_sec10113_10347_gt.png,Manipulated,,0.421,0.0333,0.06,13,0.55,0.59,1.15,9.11,1368.23,11.91,1082.16,1818.1
manipulated\Tp_D_NRN_S_N_sec10115_pla00049_11534_gt.png,Manipulated,,0.3302,0.0,0.04,15,0.42,0.36,0.71,7.32,901.58,7.17,913.47,2622.46
manipulated\Tp_D_NRN_S_N_txt00081_txt00082_11294_gt.png,Manipulated,,0.2153,0.0333,0.05,13,0.48,0.41,0.81,7.68,1023.95,8.29,1043.79,1716.67
manipulated\Tp_D_NRN_S_O_ani10102_ani10104_10023_gt.png,Manipulated,,0.6336,0.0,0.05,14,0.48,0.33,0.65,6.97,891.08,6.63,795.08,1880.4
manipulated\Tp_D_NRN_S_O_ani10126_ani00037_12463_gt.png,Manipulated,,0.3376,0.0167,0.02,14,0.31,0.18,0.36,5.08,413.27,3.68,409.44,1231.42
manipulated\Tp_D_NRN_S_O_ani10127_ani00021_12468_gt.png,Manipulated,,0.6464,0.0333,0.01,14,0.19,0.07,0.13,3.1,160.98,1.35,140.57,1118.42
manipulated\Tp_D_NRN_S_O_nat10156_ani00036_12019_gt.png,Manipulated,,0.4495,0.0167,0.01,14,0.26,0.14,0.27,4.42,330.21,2.74,313.14,1327.03
manipulated\Tp_D_NRN_S_O_nat10159_ani00097_12056_gt.png,Manipulated,,0.445,0.0,0.01,15,0.22,0.11,0.21,3.88,239.19,2.14,239.49,1160.59
manipulated\Tp_S_CND_L_N_cha00084_cha00084_10203_gt.png,Manipulated,,0.0084,0.0167,0.03,12,0.36,0.29,0.59,6.58,646.25,6.13,649.56,1531.41
manipulated\Tp_S_CND_S_B_nat00039_nat00039_00958_gt.png,Manipulated,,0.0989,0.0167,0.04,15,0.45,0.37,0.73,7.27,831.47,7.55,855.93,1838.63
manipulated\Tp_S_CND_S_N_arc00017_arc00017_01115_gt.png,Manipulated,,0.7994,0.0667,0.03,12,0.34,0.21,0.41,5.47,529.17,4.19,566.85,1124.29
manipulated\Tp_S_CND_S_N_art00044_art00044_10406_gt.png,Manipulated,,0.6866,0.0,0.04,13,0.44,0.33,0.59,6.57,862.55,6.04,857.26,1733.66
manipulated\Tp_S_CND_S_N_ind00069_ind00069_01356_gt.png,Manipulated,,0.4379,0.0,0.02,12,0.32,0.27,0.53,6.14,501.39,5.54,527.13,1423.31
manipulated\Tp_S_CND_S_N_txt00084_txt00084_01290_gt.png,Manipulated,,0.4429,0.0333,0.01,14,0.26,0.15,0.3,4.7,309.57,3.17,309.57,1484.63
manipulated\Tp_S_CNN_L_N_cha00091_cha00091_10202_gt.png,Manipulated,,0.0168,0.0333,0.03,13,0.38,0.28,0.55,6.31,603.92,5.72,610.53,1383.86
manipulated\Tp_S_CNN_L_O_ind00004_ind00004_10165_gt.png,Manipulated,,0.0049,0.05,0.02,14,0.3,0.26,0.53,6.12,478.24,5.5,487.5,1114.76
manipulated\Tp_S_CNN_M_N_ani00016_ani00016_10207_gt.png,Manipulated,,0.0806,0.0333,0.05,13,0.46,0.42,0.87,7.97,1017.34,8.94,1035.85,1947.78
manipulated\Tp_S_CNN_M_N_ani10206_ani10206_12414_gt.png,Manipulated,,0.1723,0.05,0.03,15,0.4,0.34,0.63,6.8,852.07,6.48,879.3,2578.2
manipulated\Tp_S_CNN_M_N_arc00032_arc00032_10263_gt.png,Manipulated,,0.0035,0.0333,0.01,12,0.24,0.26,0.52,6.03,431.28,5.41,434.58,975.28
manipulated\Tp_S_CNN_M_N_arc00063_arc00063_10256_gt.png,Manipulated,,0.0282,0.0,0.01,11,0.21,0.32,0.62,6.6,513.3,6.55,512.64,1103.24
manipulated\Tp_S_CNN_M_N_arc00065_arc00065_10254_gt.png,Manipulated,,0.01,0.05,0.06,13,0.5,0.66,1.31,9.68,1355.35,13.62,1363.95,1894.73
manipulated\Tp_S_CNN_M_N_arc10115_arc10115_10764_gt.png,Manipulated,,0.0057,0.0,0.01,14,0.14,0.2,0.39,5.2,288.19,4.11,281.15,745.89
manipulated\Tp_S_CNN_M_N_art00004_art00004_10437_gt.png,Manipulated,,0.1471,0.05,0.08,17,0.61,0.85,1.53,10.43,1946.04,15.84,2024.64,3124.13
manipulated\Tp_S_CNN_M_N_art00023_art00023_10549_gt.png,Manipulated,,0.0288,0.1925,0.03,14,0.4,0.52,1.02,8.47,919.44,10.69,1333.67,2711.7
manipulated\Tp_S_CNN_M_N_art00031_art00031_10472_gt.png,Manipulated,,0.323,0.0,0.04,13,0.45,0.63,1.21,9.28,1273.33,12.57,1249.51,3026.53
manipulated\Tp_S_CNN_M_N_art00047_art00047_10506_gt.png,Manipulated,,0.1641,0.0167,0.04,14,0.46,0.34,0.66,6.95,866.52,6.73,883.05,1764.03
manipulated\Tp_S_CNN_M_N_art00048_art00048_10258_gt.png,Manipulated,,0.0024,0.05,0.02,12,0.26,0.26,0.52,6.06,443.18,5.45,443.18,996.33
manipulated\Tp_S_CNN_M_N_art00054_art00054_10293_gt.png,Manipulated,,0.0046,0.0,0.01,14,0.18,0.26,0.51,5.93,374.39,5.36,579.11,1385.91
manipulated\Tp_S_CNN_M_N_art00054_art00054_10539_gt.png,Manipulated,,0.0944,0.1,0.04,13,0.42,0.43,0.84,7.79,903.57,8.79,911.5,2213.11
manipulated\Tp_S_CNN_M_N_art00057_art00057_10292_gt.png,Manipulated,,0.0062,0.0,0.0,9,0.12,0.26,0.5,5.91,363.81,5.34,363.81,816.46
manipulated\Tp_S_CNN_M_N_art00073_art00073_10477_gt.png,Manipulated,,0.0054,0.0,0.01,13,0.22,0.26,0.51,5.98,399.53,5.39,395.56,885.37
manipulated\Tp_S_CNN_M_N_art00079_art00079_10286_gt.png,Manipulated,,0.0041,0.0,0.01,9,0.2,0.26,0.51,5.93,374.39,5.36,377.7,845.64
manipulated\Tp_S_CNN_M_N_art00080_art00080_10482_gt.png,Manipulated,,0.7406,0.1,0.12,13,0.74,1.2,2.39,13.09,2790.07,24.71,2844.3,4385.51
manipulated\Tp_S_CNN_M_N_cha00011_cha00011_10306_gt.png,Manipulated,,0.0046,0.0,0.01,12,0.18,0.26,0.51,5.95,384.97,5.36,382.99,861.81
manipulated\Tp_S_CNN_M_N_cha00073_cha00073_11026_gt.png,Manipulated,,0.6464,0.0,0.04,15,0.43,0.37,0.71,7.24,922.09,7.29,936.63,2259.43
manipulated\Tp_S_CNN_M_N_cha00080_cha00080_10196_gt.png,Manipulated,,0.1072,0.1,0.12,15,0.73,1.11,2.22,12.74,2564.5,22.41,2582.25,3095.56
manipulated\Tp_S_CNN_M_N_ind00008_ind00008_10419_gt.png,Manipulated,,0.0064,0.0,0.0,10,0.11,0.26,0.5,5.88,346.61,5.32,346.61,775.77
manipulated\Tp_S_CNN_M_N_ind00018_ind00018_10709_gt.png,Manipulated,,0.1659,0.05,0.05,12,0.48,0.45,0.89,8.03,1022.63,9.27,1043.76,2450.82
manipulated\Tp_S_CNN_M_N_ind00059_ind00059_10399_gt.png,Manipulated,,0.2441,0.0167,0.04,13,0.43,0.45,0.88,7.89,862.55,9.16,888.99,1373.09
manipulated\Tp_S_CNN_M_N_ind00088_ind00088_10638_gt.png,Manipulated,,0.5871,0.0,0.01,12,0.26,0.31,0.6,6.51,485.52,6.34,485.52,1107.23
manipulated\Tp_S_CNN_M_N_ind00088_ind00088_10639_gt.png,Manipulated,,0.3647,0.0167,0.02,14,0.31,0.3,0.6,6.52,525.21,6.29,541.07,1278.9
manipulated\Tp_S_CNN_M_N_ind00088_ind00088_10641_gt.png,Manipulated,,0.0049,0.0167,0.01,12,0.19,0.26,0.51,5.97,396.88,5.38,396.88,894.52
manipulated\Tp_S_CNN_M_N_ind00094_ind00094_10653_gt.png,Manipulated,,0.0059,0.0914,0.01,9,0.23,0.39,0.76,7.27,572.83,8.05,1246.35,2160.82
manipulated\Tp_S_CNN_M_N_ind00095_ind00095_10656_gt.png,Manipulated,,0.0017,0.0,0.0,10,0.13,0.26,0.51,5.93,371.75,5.35,378.36,848.68
manipulated\Tp_S_CNN_M_N_nat00041_nat00041_11071_gt.png,Manipulated,,0.2689,0.0167,0.03,14,0.4,0.31,0.58,6.51,753.41,5.98,767.29,2205.32
manipulated\Tp_S_CNN_M_N_nat00051_nat00051_11089_gt.png,Manipulated,,0.6378,0.0,0.03,13,0.37,0.29,0.57,6.47,698.51,5.88,721.65,1761.75
manipulated\Tp_S_CNN_M_N_nat00062_nat00062_10578_gt.png,Manipulated,,0.1081,0.0333,0.03,12,0.37,0.31,0.61,6.66,647.58,6.37,643.61,1535.73
manipulated\Tp_S_CNN_M_N_nat00069_nat00069_10566_gt.png,Manipulated,,0.0063,0.0,0.02,12,0.32,0.29,0.58,6.4,533.81,6.01,529.84,1306.71
manipulated\Tp_S_CNN_M_N_nat00070_nat00070_10601_gt.png,Manipulated,,0.3262,0.0,0.04,13,0.45,0.43,0.85,7.88,1032.55,8.72,1054.37,2178.26
manipulated\Tp_S_CNN_M_N_nat00074_nat00074_10449_gt.png,Manipulated,,0.0044,0.0,0.01,12,0.22,0.26,0.52,6.03,425.99,5.43,425.32,957.96
manipulated\Tp_S_CNN_M_N_nat00093_nat00093_10587_gt.png,Manipulated,,0.0046,0.0,0.01,12,0.18,0.52,1.01,8.35,738.2,10.7,738.2,1053.29
manipulated\Tp_S_CNN_M_N_nat00095_nat00095_10598_gt.png,Manipulated,,0.0177,0.0333,0.03,12,0.38,0.37,0.74,7.25,690.57,7.74,723.62,1207.69
manipulated\Tp_S_CNN_M_N_pla00007_pla00007_10941_gt.png,Manipulated,,0.296,0.0167,0.08,14,0.63,0.75,1.44,10.28,1915.61,14.78,1929.5,4273.12
manipulated\Tp_S_CNN_M_N_pla00030_pla00030_10148_gt.png,Manipulated,,0.0172,0.0167,0.04,13,0.45,0.34,0.65,6.94,836.1,6.66,853.92,1481.11
manipulated\Tp_S_CNN_M_N_pla00035_pla00035_10149_gt.png,Manipulated,,0.1436,0.0333,0.04,15,0.43,0.35,0.67,7.02,844.03,6.95,862.55,1943.55
manipulated\Tp_S_CNN_M_N_pla00042_pla00042_10976_gt.png,Manipulated,,0.0145,0.0833,0.04,12,0.45,0.4,0.82,7.68,822.21,8.46,894.76,1361.53
manipulated\Tp_S_CNN_M_N_pla00074_pla00074_10620_gt.png,Manipulated,,0.0056,0.0667,0.03,11,0.35,0.42,0.83,7.69,751.43,8.74,754.73,1291.42
manipulated\Tp_S_CNN_M_N_pla00077_pla00077_10624_gt.png,Manipulated,,0.008,0.1,0.03,12,0.38,0.4,0.79,7.46,699.17,8.26,695.2,1221.22
manipulated\Tp_S_CNN_M_N_pla00080_pla00080_10458_gt.png,Manipulated,,0.0032,0.0167,0.02,14,0.27,0.27,0.53,6.11,457.74,5.55,461.04,1062.17
manipulated\Tp_S_CNN_M_N_pla00084_pla00084_10453_gt.png,Manipulated,,0.0042,0.0,0.01,12,0.21,0.26,0.51,5.96,386.3,5.38,389.6,878.35
manipulated\Tp_S_CNN_M_N_pla00090_pla00090_10605_gt.png,Manipulated,,0.0051,0.1,0.03,14,0.38,0.45,0.89,7.94,817.58,9.3,836.09,1361.61
manipulated\Tp_S_CNN_M_N_pla00097_pla00097_10615_gt.png,Manipulated,,0.0041,0.0167,0.02,13,0.31,0.27,0.54,6.24,515.28,5.65,518.59,1163.1
manipulated\Tp_S_CNN_M_N_sec00018_sec00018_10793_gt.png,Manipulated,,0.0051,0.0,0.01,11,0.18,0.26,0.51,5.96,386.3,5.38,389.6,874.26
manipulated\Tp_S_CNN_M_N_sec00043_sec00043_10491_gt.png,Manipulated,,0.0307,0.0,0.02,12,0.29,0.28,0.55,6.23,456.41,5.8,738.88,1689.33
manipulated\Tp_S_CNN_M_N_sec00081_sec00081_10350_gt.png,Manipulated,,0.0057,0.0333,0.02,11,0.3,0.3,0.59,6.49,541.74,6.2,551.66,1196.91
manipulated\Tp_S_CNN_M_N_sec00091_sec00091_10355_gt.png,Manipulated,,0.0034,0.0,0.01,12,0.14,0.26,0.51,5.93,371.75,5.35,371.75,833.08
manipulated\Tp_S_CNN_M_N_txt00005_txt00005_10838_gt.png,Manipulated,,0.0054,0.0,0.02,12,0.26,0.26,0.52,6.04,423.34,5.44,570.47,1319.88
manipulated\Tp_S_CNN_M_N_txt00006_txt00006_10839_gt.png,Manipulated,,0.0038,0.05,0.01,12,0.23,0.26,0.51,6.0,410.11,5.42,413.42,940.72
manipulated\Tp_S_CNN_M_N_txt00016_txt00016_10833_gt.png,Manipulated,,0.0037,0.0167,0.01,12,0.24,0.26,0.51,6.02,424.66,5.42,420.69,951.64
manipulated\Tp_S_CNN_M_N_txt00029_txt00029_10834_gt.png,Manipulated,,0.0044,0.0167,0.01,12,0.22,0.26,0.51,5.97,396.88,5.38,396.88,890.29
manipulated\Tp_S_CNN_M_N_txt00055_txt00055_10826_gt.png,Manipulated,,0.0029,0.0,0.01,14,0.21,0.26,0.51,5.96,386.3,5.38,389.6,879.5
manipulated\Tp_S_CNN_M_N_txt00077_txt00077_11296_gt.png,Manipulated,,0.1628,0.1,0.06,13,0.53,0.5,0.93,8.28,1257.45,9.43,1287.84,2559.01
manipulated\Tp_S_CNN_M_N_txt00085_txt00085_11309_gt.png,Manipulated,,0.1546,0.05,0.05,13,0.47,0.4,0.77,7.47,993.53,7.89,1002.12,1758.95
manipulated\Tp_S_CNN_M_N_txt00089_txt00089_11313_gt.png,Manipulated,,0.2157,0.0333,0.05,13,0.5,0.44,0.8,7.63,1085.47,8.24,1103.32,1864.44
manipulated\Tp_S_CNN_M_N_txt00094_txt00094_10161_gt.png,Manipulated,,0.0051,0.1,0.02,12,0.3,0.26,0.53,6.22,537.11,5.54,540.42,1210.87
manipulated\Tp_S_CNN_M_N_txt00099_txt00099_10156_gt.png,Manipulated,,0.007,0.05,0.07,14,0.54,0.79,1.58,10.54,1449.28,16.57,1481.67,1417.99
manipulated\Tp_S_CNN_M_N_txt10101_txt10101_10150_gt.png,Manipulated,,0.006,0.1,0.02,12,0.31,0.2,0.41,5.48,421.71,4.31,418.1,1119.21
manipulated\Tp_S_CNN_M_O_ani00097_ani00097_10101_gt.png,Manipulated,,0.4942,0.0,0.03,11,0.39,0.33,0.65,6.92,793.76,6.76,825.5,2436.34
manipulated\Tp_S_CNN_M_O_ani00097_ani00097_10133_gt.png,Manipulated,,0.0051,0.0,0.01,14,0.15,0.41,0.79,7.39,552.99,8.42,957.12,1712.18
manipulated\Tp_S_CNN_M_O_arc00030_arc00030_10067_gt.png,Manipulated,,0.1188,0.0167,0.06,14,0.51,0.62,1.22,9.3,1222.39,12.74,1240.91,1548.8
manipulated\Tp_S_CNN_S_B_cha00013_cha00013_00333_gt.png,Manipulated,,0.6464,0.0,0.01,12,0.26,0.11,0.22,4.05,259.96,2.31,259.96,1246.71
manipulated\Tp_S_CNN_S_B_nat00026_nat00026_00944_gt.png,Manipulated,,0.6464,0.0,0.03,15,0.41,0.33,0.65,6.89,730.26,6.79,729.6,1999.77
manipulated\Tp_S_CNN_S_B_nat00094_nat00094_11097_gt.png,Manipulated,,0.5805,0.0,0.05,15,0.5,0.52,0.98,8.47,1244.88,10.16,1264.06,3236.8
manipulated\Tp_S_CNN_S_B_pla00050_pla00050_01159_gt.png,Manipulated,,0.6464,0.0,0.01,12,0.23,0.1,0.2,3.81,232.18,2.06,235.48,840.88
manipulated\Tp_S_CNN_S_B_sec20012_sec20012_01447_gt.png,Manipulated,,0.1066,0.1,0.03,15,0.38,0.27,0.51,6.15,683.14,5.25,984.82,3652.23
manipulated\Tp_S_CNN_S_N_ani00079_ani00079_00821_gt.png,Manipulated,,0.7128,0.0,0.03,12,0.38,0.22,0.4,5.46,572.83,4.15,580.11,1376.74
manipulated\Tp_S_CNN_S_N_ani10211_ani10211_12374_gt.png,Manipulated,,0.6464,0.0,0.0,14,0.13,0.02,0.04,1.79,56.45,0.45,56.28,349.45
manipulated\Tp_S_CNN_S_N_ani20028_ani20028_02071_gt.png,Manipulated,,0.4972,0.0167,0.01,15,0.27,0.11,0.2,3.87,267.17,2.09,238.13,1142.69
manipulated\Tp_S_CNN_S_N_arc00020_arc00020_00240_gt.png,Manipulated,,0.6464,0.0,0.02,12,0.28,0.26,0.51,6.02,451.12,5.36,451.12,1016.14
manipulated\Tp_S_CNN_S_N_arc00047_arc00047_10241_gt.png,Manipulated,,0.2672,0.0333,0.01,12,0.26,0.23,0.45,5.65,383.65,4.71,390.27,879.77
manipulated\Tp_S_CNN_S_N_arc00049_arc00049_10247_gt.png,Manipulated,,0.0196,0.0333,0.04,13,0.45,0.41,0.8,7.57,834.11,8.34,979.3,1656.35
manipulated\Tp_S_CNN_S_N_arc00073_arc00073_01054_gt.png,Manipulated,,0.6464,0.0167,0.03,16,0.37,0.27,0.54,6.3,627.07,5.55,627.07,2086.66
manipulated\Tp_S_CNN_S_N_arc00083_arc00083_00303_gt.png,Manipulated,,0.6464,0.0,0.02,12,0.34,0.21,0.41,5.47,513.3,4.22,525.86,1600.77
manipulated\Tp_S_CNN_S_N_arc20069_arc20069_01709_gt.png,Manipulated,,0.6347,0.0333,0.01,15,0.17,0.08,0.15,3.3,138.85,1.57,117.68,639.56
manipulated\Tp_S_CNN_S_N_art00016_art00016_01205_gt.png,Manipulated,,0.215,0.0,0.03,13,0.37,0.22,0.46,5.8,547.7,4.68,558.27,1373.99
manipulated\Tp_S_CNN_S_N_art00032_art00032_10467_gt.png,Manipulated,,0.5445,0.0167,0.03,12,0.36,0.21,0.42,5.56,489.49,4.37,513.92,1706.17
manipulated\Tp_S_CNN_S_N_art00067_art00067_01239_gt.png,Manipulated,,0.5401,0.0167,0.04,14,0.43,0.32,0.65,6.89,822.87,6.65,828.82,1964.0
manipulated\Tp_S_CNN_S_N_art00074_art00074_10537_gt.png,Manipulated,,0.3694,0.0,0.04,12,0.45,0.48,0.97,8.34,949.87,10.04,1048.24,2209.59
manipulated\Tp_S_CNN_S_N_art00080_art00080_01247_gt.png,Manipulated,,0.5844,0.0,0.03,15,0.37,0.41,0.83,7.68,769.95,8.63,776.56,1952.37
manipulated\Tp_S_CNN_S_N_art00083_art00083_00533_gt.png,Manipulated,,0.1494,0.0167,0.03,13,0.4,0.26,0.53,6.3,731.58,5.32,739.52,1570.22
manipulated\Tp_S_CNN_S_N_art00085_art00085_10283_gt.png,Manipulated,,0.0052,0.0167,0.01,13,0.26,0.29,0.58,6.41,486.84,6.09,486.84,1118.34
manipulated\Tp_S_CNN_S_N_art00092_art00092_01250_gt.png,Manipulated,,0.683,0.0,0.03,16,0.37,0.3,0.56,6.53,844.7,5.67,864.54,2554.6
manipulated\Tp_S_CNN_S_N_art00097_art00097_01003_gt.png,Manipulated,,0.444,0.1,0.02,13,0.33,0.18,0.34,4.98,455.09,3.48,468.31,1841.8
manipulated\Tp_S_CNN_S_N_art00100_art00100_01001_gt.png,Manipulated,,0.0413,0.0,0.02,13,0.32,0.4,0.78,7.39,624.43,8.27,620.46,1117.82
manipulated\Tp_S_CNN_S_N_art20002_art20002_01808_gt.png,Manipulated,,0.4664,0.05,0.01,15,0.26,0.13,0.24,4.19,320.25,2.46,292.96,1629.12
manipulated\Tp_S_CNN_S_N_art20064_art20064_01870_gt.png,Manipulated,,0.5914,0.0,0.01,12,0.23,0.09,0.19,3.81,262.03,1.88,296.34,1222.1
manipulated\Tp_S_CNN_S_N_art20070_art20070_01876_gt.png,Manipulated,,0.6464,0.1,0.03,14,0.4,0.38,0.76,7.35,725.2,7.92,680.35,1802.63
manipulated\Tp_S_CNN_S_N_art20071_art20071_01877_gt.png,Manipulated,,0.0805,0.0667,0.02,14,0.3,0.2,0.36,5.12,468.04,3.7,458.45,1247.3
manipulated\Tp_S_CNN_S_N_art20086_art20086_01892_gt.png,Manipulated,,0.7184,0.0,0.0,11,0.11,0.05,0.09,2.58,86.7,0.97,78.16,645.75
manipulated\Tp_S_CNN_S_N_cha00009_cha00009_00329_gt.png,Manipulated,,0.4691,0.1,0.05,12,0.5,0.4,0.73,7.34,1017.34,7.53,1029.9,2077.82
manipulated\Tp_S_CNN_S_N_cha00072_cha00072_11025_gt.png,Manipulated,,0.1028,0.0333,0.05,15,0.49,0.42,0.79,7.61,1068.93,8.12,1101.29,2783.85
manipulated\Tp_S_CNN_S_N_cha10115_cha10115_12174_gt.png,Manipulated,,0.6464,0.0167,0.01,13,0.2,0.08,0.14,3.25,176.5,1.48,155.9,933.33
manipulated\Tp_S_CNN_S_N_cha10118_cha10118_12196_gt.png,Manipulated,,0.6862,0.05,0.02,15,0.29,0.16,0.31,4.74,380.88,3.16,355.59,1282.6
manipulated\Tp_S_CNN_S_N_cha10161_cha10161_12255_gt.png,Manipulated,,0.481,0.0167,0.01,13,0.2,0.09,0.19,3.67,190.52,1.93,175.38,823.55
manipulated\Tp_S_CNN_S_N_cha20003_cha20003_02002_gt.png,Manipulated,,0.7679,0.0333,0.01,13,0.16,0.08,0.14,3.2,140.26,1.51,132.5,788.9
manipulated\Tp_S_CNN_S_N_ind00004_ind00004_00881_gt.png,Manipulated,,0.6865,0.0,0.01,12,0.27,0.12,0.21,3.97,318.17,2.18,320.81,1255.68
manipulated\Tp_S_CNN_S_N_ind00008_ind00008_10420_gt.png,Manipulated,,0.6464,0.0,0.01,12,0.23,0.19,0.37,5.15,310.89,3.94,314.2,831.62
manipulated\Tp_S_CNN_S_N_ind00008_ind00008_10421_gt.png,Manipulated,,0.6653,0.0167,0.03,12,0.35,0.24,0.47,5.88,568.86,4.85,599.88,1977.98
manipulated\Tp_S_CNN_S_N_ind00024_ind00024_00439_gt.png,Manipulated,,0.6587,0.0333,0.02,12,0.28,0.13,0.25,4.25,314.86,2.56,324.12,898.28
manipulated\Tp_S_CNN_S_N_ind00032_ind00032_11059_gt.png,Manipulated,,0.6464,0.0,0.02,12,0.27,0.18,0.34,4.96,407.46,3.52,406.14,1594.06
manipulated\Tp_S_CNN_S_N_ind00070_ind00070_10695_gt.png,Manipulated,,0.5492,0.0,0.02,14,0.28,0.14,0.28,4.52,292.37,2.93,292.37,972.11
manipulated\Tp_S_CNN_S_N_ind00082_ind00082_01366_gt.png,Manipulated,,0.665,0.0,0.01,12,0.25,0.14,0.28,4.47,291.05,2.89,294.35,980.77
manipulated\Tp_S_CNN_S_N_ind00090_ind00090_10644_gt.png,Manipulated,,0.7142,0.0,0.02,15,0.31,0.2,0.41,5.47,441.2,4.22,444.51,1638.46
manipulated\Tp_S_CNN_S_N_ind20001_ind20001_02261_gt.png,Manipulated,,0.3396,0.0167,0.02,14,0.31,0.15,0.29,4.62,388.93,2.95,330.35,1353.58
manipulated\Tp_S_CNN_S_N_ind20007_ind20007_01748_gt.png,Manipulated,,0.5422,0.1,0.05,17,0.51,0.48,0.76,7.46,1312.48,7.83,1206.01,2993.87
manipulated\Tp_S_CNN_S_N_ind20057_ind20057_01798_gt.png,Manipulated,,0.7393,0.0,0.0,10,0.14,0.06,0.12,2.92,115.16,1.25,107.24,376.23
manipulated\Tp_S_CNN_S_N_nat00035_nat00035_00649_gt.png,Manipulated,,0.487,0.05,0.03,14,0.37,0.23,0.43,5.64,571.51,4.49,584.74,1415.28
manipulated\Tp_S_CNN_S_N_nat00043_nat00043_11069_gt.png,Manipulated,,0.4167,0.0333,0.03,17,0.36,0.33,0.64,6.79,724.97,6.6,771.13,1825.24
manipulated\Tp_S_CNN_S_N_nat00053_nat00053_00663_gt.png,Manipulated,,0.3263,0.0,0.02,12,0.28,0.15,0.31,4.83,386.96,3.07,382.98,1299.14
manipulated\Tp_S_CNN_S_N_nat00073_nat00073_10590_gt.png,Manipulated,,0.2429,0.0333,0.05,13,0.49,0.45,0.86,7.95,1126.48,8.87,1146.32,2058.8
manipulated\Tp_S_CNN_S_N_nat00091_nat00091_11098_gt.png,Manipulated,,0.3235,0.0167,0.03,13,0.39,0.32,0.63,6.73,716.37,6.51,735.54,1859.4
manipulated\Tp_S_CNN_S_N_nat00092_nat00092_10594_gt.png,Manipulated,,0.6815,0.0,0.02,12,0.32,0.25,0.5,5.96,445.83,5.24,439.82,1339.58
manipulated\Tp_S_CNN_S_N_nat10163_nat10163_12088_gt.png,Manipulated,,0.6464,0.0167,0.01,14,0.22,0.15,0.3,4.65,279.19,3.19,263.73,799.06
manipulated\Tp_S_CNN_S_N_nat20014_nat20014_02214_gt.png,Manipulated,,0.6464,0.0667,0.01,14,0.26,0.11,0.22,4.07,299.18,2.24,325.64,1264.29
manipulated\Tp_S_CNN_S_N_nat20045_nat20045_01549_gt.png,Manipulated,,0.2487,0.0333,0.03,15,0.36,0.26,0.5,6.07,639.19,5.19,597.97,1507.87
manipulated\Tp_S_CNN_S_N_nat20049_nat20049_01553_gt.png,Manipulated,,0.1675,0.05,0.06,14,0.52,0.5,0.97,8.44,1282.04,9.92,2219.12,7570.29
manipulated\Tp_S_CNN_S_N_nat20059_nat20059_02253_gt.png,Manipulated,,0.673,0.0833,0.01,13,0.24,0.15,0.31,4.79,291.38,3.26,248.21,1164.98
manipulated\Tp_S_CNN_S_N_pla00009_pla00009_01131_gt.png,Manipulated,,0.1463,0.0333,0.05,17,0.5,0.45,0.85,7.91,1109.28,8.74,1111.93,1967.39
manipulated\Tp_S_CNN_S_N_pla00017_pla00017_01137_gt.png,Manipulated,,0.5384,0.0,0.02,13,0.28,0.15,0.29,4.62,379.68,2.98,382.99,1277.9
manipulated\Tp_S_CNN_S_N_pla00019_pla00019_00557_gt.png,Manipulated,,0.1409,0.05,0.06,13,0.52,0.42,0.79,7.62,1079.52,8.13,1090.09,2100.61
manipulated\Tp_S_CNN_S_N_pla00057_pla00057_01166_gt.png,Manipulated,,0.0541,0.0333,0.07,14,0.58,0.76,1.55,10.5,1537.25,16.1,1621.76,2853.06
manipulated\Tp_S_CNN_S_N_pla00099_pla00099_00620_gt.png,Manipulated,,0.2921,0.0167,0.05,16,0.51,0.44,0.83,7.8,1098.04,8.57,1119.2,2490.66
manipulated\Tp_S_CNN_S_N_pla10127_pla10127_12137_gt.png,Manipulated,,0.409,0.0167,0.01,15,0.22,0.09,0.17,3.52,202.14,1.74,268.69,1244.86
manipulated\Tp_S_CNN_S_N_pla20009_pla20009_01909_gt.png,Manipulated,,0.6613,0.0167,0.01,15,0.24,0.11,0.22,4.02,217.6,2.33,196.09,948.01
manipulated\Tp_S_CNN_S_N_pla20062_pla20062_01962_gt.png,Manipulated,,0.6591,0.05,0.01,12,0.18,0.06,0.12,2.98,157.56,1.24,139.2,836.62
manipulated\Tp_S_CNN_S_N_sec00008_sec00008_10800_gt.png,Manipulated,,0.34,0.05,0.03,12,0.39,0.27,0.54,6.3,653.53,5.61,697.15,1922.71
manipulated\Tp_S_CNN_S_N_sec00066_sec00066_11257_gt.png,Manipulated,,0.3159,0.0,0.03,12,0.38,0.29,0.59,6.51,570.85,6.13,562.25,1608.9
manipulated\Tp_S_CNN_S_N_sec00084_sec00084_00104_gt.png,Manipulated,,0.6464,0.0,0.01,11,0.2,0.07,0.14,3.16,165.37,1.4,165.37,793.07
manipulated\Tp_S_CNN_S_N_sec00089_sec00089_10357_gt.png,Manipulated,,0.0121,0.0167,0.03,14,0.37,0.33,0.64,6.8,650.88,6.72,656.84,1342.6
manipulated\Tp_S_CNN_S_N_sec20015_sec20015_01605_gt.png,Manipulated,,0.6464,0.0333,0.01,12,0.26,0.13,0.26,4.39,328.85,2.68,271.94,1104.48
manipulated\Tp_S_CNN_S_N_sec20095_sec20095_01685_gt.png,Manipulated,,0.5968,0.05,0.01,14,0.26,0.12,0.23,4.11,242.28,2.42,203.0,968.13
manipulated\Tp_S_CNN_S_N_txt00025_txt00025_01270_gt.png,Manipulated,,0.3153,0.0333,0.06,13,0.54,0.49,0.9,8.14,1251.5,9.3,1277.29,2662.4
manipulated\Tp_S_CNN_S_N_txt00039_txt00039_11325_gt.png,Manipulated,,0.1392,0.05,0.05,13,0.48,0.42,0.79,7.56,1019.98,8.11,1025.94,1821.31
manipulated\Tp_S_CNN_S_N_txt00041_txt00041_01273_gt.png,Manipulated,,0.6846,0.0167,0.1,14,0.69,0.93,1.77,11.38,2391.87,18.19,2452.7,5878.26
manipulated\Tp_S_CNN_S_N_txt00045_txt00045_00693_gt.png,Manipulated,,0.6464,0.0,0.03,15,0.38,0.25,0.47,5.87,614.5,4.82,613.84,2046.77
manipulated\Tp_S_CNN_S_N_txt00045_txt00045_11324_gt.png,Manipulated,,0.6464,0.0333,0.04,15,0.41,0.35,0.68,7.04,845.36,6.99,848.0,2301.72
manipulated\Tp_S_CNN_S_N_txt00050_txt00050_01277_gt.png,Manipulated,,0.59,0.05,0.03,13,0.37,0.27,0.52,6.16,682.64,5.33,679.33,1628.6
manipulated\Tp_S_CNN_S_N_txt00067_txt00067_01298_gt.png,Manipulated,,0.6464,0.0,0.02,14,0.29,0.16,0.29,4.59,413.42,2.93,422.0,1333.31
manipulated\Tp_S_CRD_M_N_arc10116_arc10116_10762_gt.png,Manipulated,,0.09,0.0833,0.05,13,0.46,0.47,0.95,8.26,940.17,9.93,911.17,1943.79
manipulated\Tp_S_CRD_M_N_art10110_art10110_11570_gt.png,Manipulated,,0.2495,0.0333,0.03,13,0.37,0.37,0.75,7.35,740.84,7.84,762.0,1943.76
manipulated\Tp_S_CRD_M_N_ind00091_ind00091_10646_gt.png,Manipulated,,0.0607,0.05,0.04,13,0.42,0.4,0.81,7.65,816.25,8.4,826.17,1256.88
manipulated\Tp_S_CRD_S_B_ani10138_ani10138_12500_gt.png,Manipulated,,0.6823,0.0167,0.02,16,0.34,0.2,0.36,5.2,544.12,3.72,708.44,2507.13
manipulated\Tp_S_CRD_S_B_art00027_art00027_10765_gt.png,Manipulated,,0.6372,0.0,0.04,15,0.44,0.36,0.7,7.16,848.0,7.29,861.23,2305.33
manipulated\Tp_S_CRD_S_B_sec00002_sec00002_00022_gt.png,Manipulated,,0.5451,0.0333,0.02,15,0.3,0.19,0.37,5.17,449.8,3.78,456.41,1543.67
manipulated\Tp_S_CRD_S_N_arc00001_arc00001_00221_gt.png,Manipulated,,0.8003,0.0167,0.02,14,0.31,0.17,0.32,4.84,404.82,3.3,411.43,1487.12
manipulated\Tp_S_CRD_S_N_art00009_art00009_01199_gt.png,Manipulated,,0.1907,0.05,0.03,12,0.39,0.4,0.79,7.51,783.18,8.24,795.08,1402.58
manipulated\Tp_S_CRD_S_N_cha00060_cha00060_00380_gt.png,Manipulated,,0.6149,0.0,0.01,12,0.17,0.08,0.15,3.31,161.4,1.58,152.8,663.65
manipulated\Tp_S_CRD_S_N_cha10113_cha10113_11544_gt.png,Manipulated,,0.4815,0.0,0.03,14,0.38,0.29,0.55,6.32,625.75,5.73,624.43,1774.45
manipulated\Tp_S_CRD_S_N_cha10197_cha10197_12366_gt.png,Manipulated,,0.3671,0.05,0.01,12,0.2,0.11,0.21,3.91,185.49,2.26,178.73,767.13
manipulated\Tp_S_CRD_S_N_cha10204_cha10204_12351_gt.png,Manipulated,,0.7151,0.1,0.0,12,0.15,0.04,0.08,2.4,96.86,0.79,90.73,498.1
manipulated\Tp_S_CRD_S_N_ind00039_ind00039_01330_gt.png,Manipulated,,0.5456,0.0,0.02,13,0.31,0.18,0.36,5.18,355.87,3.68,359.17,977.28
manipulated\Tp_S_CRD_S_N_ind00052_ind00052_10402_gt.png,Manipulated,,0.162,0.0167,0.05,17,0.49,0.39,0.68,7.14,1124.5,6.88,1145.0,2455.82
manipulated\Tp_S_CRD_S_N_pla00076_pla00076_10623_gt.png,Manipulated,,0.0808,0.0833,0.06,15,0.52,0.68,1.34,9.76,1383.13,13.96,1381.81,1734.62
manipulated\Tp_S_CRN_M_B_arc00086_arc00086_11197_gt.png,Manipulated,,0.8607,0.1,0.06,14,0.52,0.91,1.8,11.22,1625.89,18.92,1627.87,2851.62
manipulated\Tp_S_CRN_M_B_arc00099_arc00099_11191_gt.png,Manipulated,,0.49,0.0833,0.04,12,0.46,0.43,0.86,7.85,918.99,8.9,921.18,2315.07
manipulated\Tp_S_CRN_M_B_arc00100_arc00100_11192_gt.png,Manipulated,,0.0864,0.1,0.01,12,0.16,0.3,0.57,6.31,412.76,6.07,412.76,931.38
manipulated\Tp_S_CRN_M_N_ani00099_ani00099_10094_gt.png,Manipulated,,0.6356,0.0167,0.05,13,0.47,0.34,0.66,7.05,870.1,6.71,877.35,2170.99
manipulated\Tp_S_CRN_M_N_arc00059_arc00059_10065_gt.png,Manipulated,,0.2655,0.0,0.03,13,0.4,0.35,0.65,6.85,764.66,6.79,781.85,1677.97
manipulated\Tp_S_CRN_M_N_arc00059_arc00059_10082_gt.png,Manipulated,,0.3684,0.0,0.02,13,0.32,0.23,0.42,5.55,505.36,4.4,511.31,1432.76
manipulated\Tp_S_CRN_M_N_arc10111_arc10111_10730_gt.png,Manipulated,,0.2516,0.0167,0.06,13,0.54,0.74,1.49,10.27,1408.88,15.6,1107.3,1687.09
manipulated\Tp_S_CRN_M_N_arc10119_arc10119_10756_gt.png,Manipulated,,0.0624,0.0667,0.04,13,0.45,0.38,0.71,7.18,927.34,7.29,928.16,2000.1
manipulated\Tp_S_CRN_M_N_art00008_art00008_10743_gt.png,Manipulated,,0.0079,0.05,0.13,14,0.77,1.44,2.96,14.47,3004.39,30.65,3051.33,3984.05
manipulated\Tp_S_CRN_M_N_art00058_art00058_10530_gt.png,Manipulated,,0.1245,0.0,0.03,15,0.35,0.36,0.71,7.11,661.47,7.45,667.42,1382.55
manipulated\Tp_S_CRN_M_N_art00077_art00077_11713_gt.png,Manipulated,,0.0937,0.0333,0.06,15,0.54,0.49,0.93,8.19,1222.39,9.55,1273.29,1935.81
manipulated\Tp_S_CRN_M_N_art00097_art00097_10304_gt.png,Manipulated,,0.0034,0.05,0.02,11,0.25,0.26,0.52,6.05,433.92,5.44,433.92,976.11
manipulated\Tp_S_CRN_M_N_art00100_art00100_10018_gt.png,Manipulated,,0.039,0.0167,0.03,13,0.35,0.41,0.81,7.54,695.86,8.49,699.17,1242.62
manipulated\Tp_S_CRN_M_N_cha00017_cha00017_10312_gt.png,Manipulated,,0.0999,0.0167,0.07,13,0.59,0.62,1.19,9.3,1563.05,12.28,1572.97,2626.74
manipulated\Tp_S_CRN_M_N_nat00001_nat00001_10556_gt.png,Manipulated,,0.014,0.0167,0.02,12,0.31,0.27,0.53,6.14,492.79,5.54,492.79,1104.55
manipulated\Tp_S_CRN_M_N_nat00049_nat00049_11084_gt.png,Manipulated,,0.6464,0.0,0.02,13,0.33,0.19,0.35,5.08,511.98,3.55,525.86,1658.73
manipulated\Tp_S_CRN_M_N_nat00064_nat00064_10560_gt.png,Manipulated,,0.0047,0.0167,0.01,12,0.25,0.39,0.76,7.29,578.12,8.07,855.26,1598.41
manipulated\Tp_S_CRN_M_N_pla00086_pla00086_10626_gt.png,Manipulated,,0.0569,0.0,0.01,11,0.18,0.27,0.52,6.07,425.99,5.53,425.99,961.6
manipulated\Tp_S_CRN_M_N_pla00086_pla00086_10627_gt.png,Manipulated,,0.098,0.0,0.08,14,0.61,0.77,1.54,10.88,2114.71,15.57,2159.68,5576.84
manipulated\Tp_S_CRN_M_N_sec00097_sec00097_10130_gt.png,Manipulated,,0.003,0.0,0.04,14,0.39,0.61,1.21,9.21,990.22,12.76,993.53,1571.48
manipulated\Tp_S_CRN_M_N_txt00047_txt00047_11321_gt.png,Manipulated,,0.1375,0.0333,0.06,14,0.53,0.47,0.92,8.2,1191.3,9.4,1195.93,1899.3
manipulated\Tp_S_CRN_S_B_arc00004_arc00004_11172_gt.png,Manipulated,,0.2123,0.1,0.03,14,0.39,0.37,0.71,7.18,825.51,7.32,849.29,2125.31
manipulated\Tp_S_CRN_S_B_cha00085_cha00085_10180_gt.png,Manipulated,,0.7649,0.1,0.02,12,0.3,0.17,0.32,4.82,415.4,3.26,408.79,673.83
manipulated\Tp_S_CRN_S_B_pla00057_pla00057_11210_gt.png,Manipulated,,0.4773,0.0167,0.04,15,0.42,0.34,0.66,6.97,847.34,6.85,852.63,2522.36
manipulated\Tp_S_CRN_S_B_txt00031_txt00031_01272_gt.png,Manipulated,,0.6464,0.0,0.03,14,0.4,0.28,0.57,6.47,682.64,5.89,689.24,2028.22
manipulated\Tp_S_CRN_S_N_ani10141_ani10141_12480_gt.png,Manipulated,,0.7715,0.0167,0.01,14,0.23,0.11,0.22,4.0,284.52,2.23,231.78,1207.5
manipulated\Tp_S_CRN_S_N_ani10155_ani10155_12485_gt.png,Manipulated,,0.6464,0.0,0.03,13,0.35,0.2,0.38,5.32,508.01,3.96,630.64,1899.44
manipulated\Tp_S_CRN_S_N_ani10221_ani10221_12391_gt.png,Manipulated,,0.5354,0.0333,0.01,14,0.23,0.11,0.21,3.9,248.96,2.16,247.68,1271.22
manipulated\Tp_S_CRN_S_N_arc00098_arc00098_11795_gt.png,Manipulated,,0.6589,0.0333,0.02,13,0.31,0.16,0.32,4.83,382.33,3.3,382.33,973.9
manipulated\Tp_S_CRN_S_N_arc10130_arc10130_11897_gt.png,Manipulated,,0.3919,0.1,0.01,13,0.23,0.12,0.24,4.18,254.96,2.52,247.72,837.94
manipulated\Tp_S_CRN_S_N_art00005_art00005_11792_gt.png,Manipulated,,0.1942,0.0333,0.03,13,0.4,0.3,0.57,6.41,748.78,5.83,756.72,1529.89
manipulated\Tp_S_CRN_S_N_art00079_art00079_10287_gt.png,Manipulated,,0.1475,0.05,0.02,14,0.31,0.26,0.5,5.99,529.17,5.22,532.48,1228.26
manipulated\Tp_S_CRN_S_N_art10109_art10109_11572_gt.png,Manipulated,,0.7333,0.0,0.01,14,0.2,0.09,0.18,3.66,214.32,1.91,211.0,1011.94
manipulated\Tp_S_CRN_S_N_art20002_art20002_02497_gt.png,Manipulated,,0.6192,0.1,0.01,14,0.22,0.1,0.18,3.67,232.46,1.88,211.38,1230.35
manipulated\Tp_S_CRN_S_N_art20052_art20052_01858_gt.png,Manipulated,,0.6537,0.05,0.01,12,0.2,0.06,0.12,3.02,165.08,1.26,149.23,784.01
manipulated\Tp_S_CRN_S_N_art20059_art20059_01865_gt.png,Manipulated,,0.7338,0.05,0.02,17,0.33,0.18,0.32,4.84,466.25,3.26,388.74,1538.18
manipulated\Tp_S_CRN_S_N_art20083_art20083_01889_gt.png,Manipulated,,0.5016,0.0333,0.0,12,0.12,0.07,0.13,3.04,106.46,1.38,95.75,501.29
manipulated\Tp_S_CRN_S_N_cha00045_cha00045_11007_gt.png,Manipulated,,0.5777,0.0,0.02,12,0.3,0.15,0.3,4.71,381.01,3.07,384.31,1392.77
manipulated\Tp_S_CRN_S_N_cha00053_cha00053_11720_gt.png,Manipulated,,0.7608,0.0,0.01,11,0.16,0.06,0.12,2.96,156.11,1.22,159.41,529.83
manipulated\Tp_S_CRN_S_N_cha10113_cha10113_11543_gt.png,Manipulated,,0.5641,0.0,0.01,11,0.2,0.08,0.15,3.35,183.89,1.55,185.21,634.87
manipulated\Tp_S_CRN_S_N_cha10152_cha10152_12218_gt.png,Manipulated,,0.3685,0.05,0.02,14,0.27,0.13,0.26,4.3,270.08,2.65,229.3,761.68
manipulated\Tp_S_CRN_S_N_cha10167_cha10167_12297_gt.png,Manipulated,,0.7663,0.0833,0.01,15,0.26,0.12,0.24,4.26,255.76,2.51,421.09,2521.27
manipulated\Tp_S_CRN_S_N_cha20011_cha20011_02010_gt.png,Manipulated,,0.544,0.0167,0.02,12,0.27,0.13,0.26,4.35,336.06,2.63,312.54,1071.48
manipulated\Tp_S_CRN_S_N_ind00049_ind00049_10918_gt.png,Manipulated,,0.388,0.0,0.02,12,0.32,0.22,0.44,5.68,504.04,4.51,521.2,1441.97
manipulated\Tp_S_CRN_S_N_ind00056_ind00056_10911_gt.png,Manipulated,,0.2666,0.0333,0.04,12,0.46,0.42,0.84,7.79,936.64,8.71,964.4,2588.73
manipulated\Tp_S_CRN_S_N_ind00058_ind00058_10427_gt.png,Manipulated,,0.6464,0.0,0.03,13,0.39,0.26,0.53,6.22,616.49,5.45,612.52,2033.78
manipulated\Tp_S_CRN_S_N_ind00064_ind00064_10685_gt.png,Manipulated,,0.7689,0.0167,0.02,13,0.34,0.2,0.39,5.3,436.57,4.0,441.86,1524.25
manipulated\Tp_S_CRN_S_N_ind00066_ind00066_10691_gt.png,Manipulated,,0.406,0.0,0.04,12,0.43,0.35,0.69,7.09,793.76,7.13,795.74,2241.78
manipulated\Tp_S_CRN_S_N_ind20044_ind20044_01785_gt.png,Manipulated,,0.1133,0.05,0.02,15,0.29,0.14,0.27,4.49,344.9,2.83,327.38,1115.04
manipulated\Tp_S_CRN_S_N_nat00065_nat00065_10559_gt.png,Manipulated,,0.8683,0.0667,0.02,14,0.3,0.18,0.36,5.15,402.17,3.77,406.8,1183.26
manipulated\Tp_S_CRN_S_N_nat10111_nat10111_11361_gt.png,Manipulated,,0.6464,0.0,0.02,12,0.29,0.16,0.31,4.73,388.94,3.16,385.64,1849.45
manipulated\Tp_S_CRN_S_N_nat10135_nat10135_11914_gt.png,Manipulated,,0.6546,0.0333,0.01,13,0.2,0.11,0.21,3.95,234.09,2.19,205.39,915.37
manipulated\Tp_S_CRN_S_N_nat10140_nat10140_11953_gt.png,Manipulated,,0.1527,0.0833,0.02,13,0.32,0.2,0.39,5.33,446.62,4.05,446.69,1546.74
manipulated\Tp_S_CRN_S_N_pla00034_pla00034_00569_gt.png,Manipulated,,0.3325,0.0167,0.05,13,0.52,0.4,0.77,7.51,1055.7,7.85,1074.88,1874.44
manipulated\Tp_S_CRN_S_N_pla00034_pla00034_10982_gt.png,Manipulated,,0.442,0.0667,0.03,14,0.41,0.27,0.52,6.15,660.15,5.33,688.58,1973.84
manipulated\Tp_S_CRN_S_N_pla00073_pla00073_00601_gt.png,Manipulated,,0.27,0.05,0.05,15,0.5,0.38,0.76,7.47,1005.43,7.8,1019.32,2227.76
manipulated\Tp_S_CRN_S_N_pla20002_pla20002_01902_gt.png,Manipulated,,0.5712,0.0333,0.01,13,0.21,0.08,0.14,3.26,186.66,1.49,214.56,1206.83
manipulated\Tp_S_CRN_S_N_pla20012_pla20012_01912_gt.png,Manipulated,,0.3123,0.0333,0.07,15,0.57,0.6,1.14,9.15,1589.8,11.71,1436.46,3427.11
manipulated\Tp_S_CRN_S_N_pla20058_pla20058_01958_gt.png,Manipulated,,0.342,0.0,0.01,12,0.23,0.1,0.19,3.72,257.69,1.93,396.43,1756.24
manipulated\Tp_S_CRN_S_N_sec00008_sec00008_10803_gt.png,Manipulated,,0.8745,0.0167,0.02,12,0.33,0.22,0.42,5.57,542.4,4.35,572.81,1927.46
manipulated\Tp_S_CRN_S_N_sec00020_sec00020_10795_gt.png,Manipulated,,0.4561,0.0167,0.03,12,0.37,0.32,0.63,6.72,686.6,6.5,753.18,1664.46
manipulated\Tp_S_CRN_S_N_sec00022_sec00022_10806_gt.png,Manipulated,,0.6464,0.0167,0.03,13,0.38,0.24,0.48,6.0,571.51,4.91,578.11,1576.92
manipulated\Tp_S_CRN_S_N_sec00097_sec00097_10129_gt.png,Manipulated,,0.732,0.0,0.01,12,0.19,0.09,0.19,3.69,182.57,1.96,185.87,711.46
manipulated\Tp_S_CRN_S_N_sec20051_sec20051_01641_gt.png,Manipulated,,0.6994,0.0,0.01,13,0.25,0.15,0.3,4.6,264.2,3.12,247.39,838.94
manipulated\Tp_S_CRN_S_N_sec20089_sec20089_01679_gt.png,Manipulated,,0.6464,0.0333,0.01,15,0.23,0.09,0.18,3.61,199.5,1.82,169.41,748.17
manipulated\Tp_S_CRN_S_N_txt00047_txt00047_01275_gt.png,Manipulated,,0.0926,0.0167,0.04,12,0.44,0.34,0.67,7.02,872.48,6.87,898.91,2149.4
manipulated\Tp_S_CRN_S_N_txt00048_txt00048_11318_gt.png,Manipulated,,0.4353,0.0,0.02,13,0.34,0.23,0.39,5.41,528.51,3.94,533.8,1206.41
manipulated\Tp_S_CRN_S_N_txt00051_txt00051_01278_gt.png,Manipulated,,0.3099,0.0333,0.06,12,0.55,0.48,0.92,8.2,1247.53,9.4,1264.72,2776.4
manipulated\Tp_S_CRN_S_O_ind00002_ind00002_10053_gt.png,Manipulated,,0.0622,0.0,0.02,13,0.3,0.31,0.61,6.53,509.33,6.38,541.06,1072.09
manipulated\Tp_S_NND_M_B_arc10107_arc10107_11165_gt.png,Manipulated,,0.011,0.0667,0.14,14,0.82,1.36,2.75,13.92,2885.48,28.53,2518.82,2300.62
manipulated\Tp_S_NND_M_N_ani00002_ani00002_00122_gt.png,Manipulated,,0.1278,0.0,0.06,14,0.53,0.53,1.06,8.97,1395.7,10.74,1432.07,3308.44
manipulated\Tp_S_NND_S_B_ani00076_ani00076_00017_gt.png,Manipulated,,0.5392,0.0333,0.07,13,0.56,0.62,1.22,9.38,1471.77,12.56,1519.36,2779.43
manipulated\Tp_S_NND_S_B_arc00028_arc00028_01094_gt.png,Manipulated,,0.5764,0.0167,0.02,14,0.34,0.24,0.48,5.9,549.02,4.96,554.97,1255.08
manipulated\Tp_S_NND_S_B_nat20007_nat20007_02207_gt.png,Manipulated,,0.6464,0.0,0.01,14,0.18,0.07,0.14,3.22,171.77,1.46,153.99,1001.49
manipulated\Tp_S_NND_S_B_sec00041_sec00041_00062_gt.png,Manipulated,,0.348,0.0,0.02,14,0.28,0.14,0.27,4.42,322.8,2.79,318.83,1070.94
manipulated\Tp_S_NND_S_B_sec00081_sec00081_00035_gt.png,Manipulated,,0.496,0.0167,0.09,13,0.64,0.81,1.56,10.6,1918.92,16.12,1934.13,3884.8
manipulated\Tp_S_NND_S_N_ani00015_ani00015_00135_gt.png,Manipulated,,0.4632,0.0167,0.05,14,0.51,0.43,0.83,7.76,1072.24,8.55,1086.79,2132.15
manipulated\Tp_S_NND_S_N_ani00037_ani00037_00832_gt.png,Manipulated,,0.6464,0.0,0.04,12,0.41,0.34,0.69,7.09,762.67,7.12,768.63,2113.34
manipulated\Tp_S_NND_S_N_ani20009_ani20009_02438_gt.png,Manipulated,,0.1792,0.0333,0.04,13,0.43,0.34,0.65,6.9,853.34,6.69,925.88,2278.13
manipulated\Tp_S_NND_S_N_ani20030_ani20030_02073_gt.png,Manipulated,,0.6464,0.0333,0.0,13,0.14,0.07,0.15,3.22,122.39,1.53,103.55,571.6
manipulated\Tp_S_NND_S_N_ani20060_ani20060_02102_gt.png,Manipulated,,0.5476,0.0167,0.02,13,0.33,0.21,0.38,5.33,547.41,3.94,509.86,1529.1
manipulated\Tp_S_NND_S_N_arc00008_arc00008_00228_gt.png,Manipulated,,0.7154,0.0167,0.04,12,0.43,0.3,0.57,6.45,711.74,5.89,714.39,2482.94
manipulated\Tp_S_NND_S_N_arc00019_arc00019_01117_gt.png,Manipulated,,0.6464,0.0,0.01,11,0.17,0.09,0.18,3.58,168.01,1.85,175.94,540.78
manipulated\Tp_S_NND_S_N_arc00088_arc00088_01041_gt.png,Manipulated,,0.7551,0.0,0.01,12,0.2,0.1,0.2,3.87,224.9,2.12,227.54,801.66
manipulated\Tp_S_NND_S_N_arc20025_arc20025_01478_gt.png,Manipulated,,0.7668,0.0,0.01,12,0.16,0.06,0.11,2.79,110.0,1.14,99.16,777.06
manipulated\Tp_S_NND_S_N_arc20065_arc20065_02196_gt.png,Manipulated,,0.6464,0.0,0.01,15,0.25,0.14,0.25,4.24,296.55,2.59,254.46,1497.68
manipulated\Tp_S_NND_S_N_arc20073_arc20073_02193_gt.png,Manipulated,,0.6823,0.0,0.01,15,0.17,0.06,0.13,3.07,148.35,1.33,123.03,788.74
manipulated\Tp_S_NND_S_N_arc20076_arc20076_01716_gt.png,Manipulated,,0.6901,0.0833,0.01,13,0.19,0.08,0.17,3.53,177.38,1.78,168.28,737.58
manipulated\Tp_S_NND_S_N_art00025_art00025_01212_gt.png,Manipulated,,0.6242,0.0333,0.02,12,0.27,0.2,0.38,5.26,429.95,3.93,437.89,1065.27
manipulated\Tp_S_NND_S_N_art00078_art00078_01246_gt.png,Manipulated,,0.0784,0.0333,0.02,12,0.31,0.38,0.74,7.21,603.26,7.82,701.59,1692.19
manipulated\Tp_S_NND_S_N_cha00091_cha00091_00878_gt.png,Manipulated,,0.5436,0.0,0.04,13,0.41,0.32,0.61,6.79,818.9,6.21,834.76,2273.34
manipulated\Tp_S_NND_S_N_ind00005_ind00005_10416_gt.png,Manipulated,,0.7521,0.0333,0.02,14,0.31,0.15,0.29,4.64,383.65,3.02,396.21,1154.82
manipulated\Tp_S_NND_S_N_ind00010_ind00010_00885_gt.png,Manipulated,,0.8021,0.0,0.01,12,0.23,0.11,0.21,3.85,195.79,2.18,202.41,671.57
manipulated\Tp_S_NND_S_N_ind00077_ind00077_10680_gt.png,Manipulated,,0.4738,0.0667,0.01,13,0.26,0.19,0.38,5.2,349.26,3.96,358.51,1191.32
manipulated\Tp_S_NND_S_N_ind10101_ind10101_11118_gt.png,Manipulated,,0.1335,0.0167,0.02,13,0.3,0.21,0.41,5.42,402.17,4.3,422.07,1304.83
manipulated\Tp_S_NND_S_N_ind20002_ind20002_02262_gt.png,Manipulated,,0.6464,0.0,0.01,12,0.19,0.06,0.13,3.09,162.66,1.31,152.4,1010.92
manipulated\Tp_S_NND_S_N_nat20067_nat20067_01571_gt.png,Manipulated,,0.4514,0.0,0.01,14,0.21,0.07,0.14,3.24,176.16,1.47,149.18,845.37
manipulated\Tp_S_NND_S_N_pla00048_pla00048_01157_gt.png,Manipulated,,0.6464,0.0,0.01,13,0.25,0.34,0.7,7.11,600.61,7.08,607.2,1623.52
manipulated\Tp_S_NND_S_N_pla20084_pla20084_01984_gt.png,Manipulated,,0.4755,0.0833,0.02,13,0.32,0.18,0.34,5.01,452.47,3.49,499.74,1862.37
manipulated\Tp_S_NND_S_N_sec00042_sec00042_00063_gt.png,Manipulated,,0.335,0.0,0.06,14,0.52,0.45,0.87,7.95,1068.27,8.93,1089.41,2069.79
manipulated\Tp_S_NND_S_N_sec00056_sec00056_00077_gt.png,Manipulated,,0.6464,0.0,0.02,14,0.3,0.21,0.39,5.26,421.36,4.02,424.66,1499.06
manipulated\Tp_S_NND_S_N_sec20028_sec20028_01618_gt.png,Manipulated,,0.6464,0.0,0.03,15,0.37,0.29,0.58,6.65,746.81,5.98,859.89,3283.39
manipulated\Tp_S_NND_S_N_sec20059_sec20059_01649_gt.png,Manipulated,,0.6464,0.0,0.01,12,0.2,0.09,0.18,3.61,201.06,1.85,335.21,1394.37
manipulated\Tp_S_NND_S_N_sec20064_sec20064_01654_gt.png,Manipulated,,0.4311,0.05,0.02,13,0.27,0.13,0.26,4.39,314.09,2.72,293.01,1232.94
manipulated\Tp_S_NNN_M_B_arc10129_arc10129_11893_gt.png,Manipulated,,0.3291,0.05,0.03,15,0.4,0.28,0.54,6.28,703.18,5.56,605.02,1551.2
manipulated\Tp_S_NNN_M_N_ani00074_ani00074_10445_gt.png,Manipulated,,0.0043,0.05,0.01,11,0.26,0.39,0.77,7.31,595.32,8.09,597.97,1050.16
manipulated\Tp_S_NNN_M_N_arc00002_arc00002_11186_gt.png,Manipulated,,0.0492,0.1,0.09,14,0.65,0.94,1.87,11.56,2046.58,19.39,2100.07,3174.33
manipulated\Tp_S_NNN_M_N_arc10126_arc10126_11890_gt.png,Manipulated,,0.3952,0.05,0.01,12,0.23,0.26,0.51,6.0,437.48,5.38,372.19,1164.07
manipulated\Tp_S_NNN_M_N_art00043_art00043_10540_gt.png,Manipulated,,0.087,0.05,0.08,12,0.63,0.81,1.55,10.51,1778.03,16.12,1833.38,2387.53
manipulated\Tp_S_NNN_M_N_ind00100_ind00100_10631_gt.png,Manipulated,,0.0773,0.05,0.03,14,0.38,0.38,0.76,7.36,738.2,7.91,734.23,1961.46
manipulated\Tp_S_NNN_M_N_nat00028_nat00028_10923_gt.png,Manipulated,,0.5976,0.0167,0.05,15,0.48,0.52,1.03,8.78,1135.08,10.35,1169.4,2430.23
manipulated\Tp_S_NNN_M_N_nat00058_nat00058_11077_gt.png,Manipulated,,0.135,0.0167,0.05,14,0.5,0.69,1.34,9.78,1410.25,13.94,1430.09,2252.12
manipulated\Tp_S_NNN_M_N_nat00093_nat00093_10586_gt.png,Manipulated,,0.2353,0.0667,0.03,14,0.37,0.34,0.67,6.93,721.66,6.96,723.65,1428.81
manipulated\Tp_S_NNN_M_N_pla00006_pla00006_01128_gt.png,Manipulated,,0.1126,0.05,0.07,15,0.59,0.66,1.24,9.45,1554.45,12.78,1599.39,2608.05
manipulated\Tp_S_NNN_M_N_txt00061_txt00061_10019_gt.png,Manipulated,,0.0035,0.2149,0.0,12,0.12,0.65,1.26,9.28,874.46,13.34,993.89,1576.61
manipulated\Tp_S_NNN_S_B_ani00006_ani00006_00126_gt.png,Manipulated,,0.7544,0.0,0.02,15,0.29,0.15,0.3,4.66,374.39,3.04,377.7,1488.64
manipulated\Tp_S_NNN_S_B_ani00013_ani00013_20057_gt.png,Manipulated,,0.2894,0.05,0.08,14,0.63,0.69,1.33,9.9,1778.03,13.72,1808.45,2936.42
manipulated\Tp_S_NNN_S_B_ani00019_ani00019_20027_gt.png,Manipulated,,0.6464,0.0,0.03,13,0.35,0.23,0.43,5.66,597.31,4.47,617.13,1906.18
manipulated\Tp_S_NNN_S_B_ani00030_ani00030_00150_gt.png,Manipulated,,0.6464,0.0,0.02,13,0.32,0.17,0.34,5.07,463.03,3.51,461.7,1340.15
manipulated\Tp_S_NNN_S_B_ani00060_ani00060_00180_gt.png,Manipulated,,0.0395,0.0167,0.02,13,0.31,0.26,0.52,6.1,484.19,5.41,470.82,1069.66
manipulated\Tp_S_NNN_S_B_ani00084_ani00084_01257_gt.png,Manipulated,,0.3676,0.0167,0.03,15,0.35,0.22,0.42,5.57,550.34,4.37,594.65,1519.95
manipulated\Tp_S_NNN_S_B_ani20006_ani20006_02404_gt.png,Manipulated,,0.5767,0.05,0.03,15,0.39,0.27,0.52,6.2,703.39,5.27,653.41,1816.3
manipulated\Tp_S_NNN_S_B_arc00003_arc00003_00223_gt.png,Manipulated,,0.6464,0.0167,0.03,15,0.36,0.24,0.47,5.85,606.57,4.79,632.35,1702.95
manipulated\Tp_S_NNN_S_B_arc00004_arc00004_00224_gt.png,Manipulated,,0.3174,0.1,0.05,14,0.48,0.44,0.85,7.91,1127.14,8.67,1135.07,2185.37
manipulated\Tp_S_NNN_S_B_arc00025_arc00025_01097_gt.png,Manipulated,,0.6464,0.0,0.01,12,0.22,0.1,0.2,3.82,259.96,2.03,259.96,1246.71
manipulated\Tp_S_NNN_S_B_arc00043_arc00043_10239_gt.png,Manipulated,,0.6414,0.0167,0.01,11,0.19,0.15,0.3,4.58,248.71,3.11,252.02,850.68
manipulated\Tp_S_NNN_S_B_arc00096_arc00096_11198_gt.png,Manipulated,,0.7929,0.0667,0.01,15,0.24,0.16,0.32,4.8,321.47,3.34,331.39,1589.3
manipulated\Tp_S_NNN_S_B_arc20008_arc20008_02468_gt.png,Manipulated,,0.4256,0.1,0.01,13,0.19,0.09,0.18,3.58,197.24,1.85,182.08,967.41
manipulated\Tp_S_NNN_S_B_arc20013_arc20013_02156_gt.png,Manipulated,,0.6464,0.0333,0.01,15,0.19,0.07,0.13,3.1,175.85,1.33,154.95,874.66
manipulated\Tp_S_NNN_S_B_arc20015_arc20015_02158_gt.png,Manipulated,,0.6893,0.0167,0.01,14,0.27,0.1,0.21,3.89,252.88,2.13,201.49,1141.9
manipulated\Tp_S_NNN_S_B_arc20016_arc20016_01469_gt.png,Manipulated,,0.6464,0.05,0.01,15,0.22,0.1,0.2,3.8,236.74,2.04,337.42,1721.33
manipulated\Tp_S_NNN_S_B_arc20021_arc20021_02162_gt.png,Manipulated,,0.6709,0.0333,0.01,14,0.19,0.07,0.14,3.17,170.09,1.41,148.85,1084.72
manipulated\Tp_S_NNN_S_B_arc20032_arc20032_02172_gt.png,Manipulated,,0.6464,0.0167,0.01,12,0.16,0.05,0.11,2.77,120.45,1.09,110.85,752.32
manipulated\Tp_S_NNN_S_B_arc20039_arc20039_02175_gt.png,Manipulated,,0.5357,0.0333,0.01,15,0.22,0.09,0.18,3.72,230.82,1.79,529.39,4016.54
manipulated\Tp_S_NNN_S_B_arc20056_arc20056_01696_gt.png,Manipulated,,0.6464,0.0,0.01,12,0.21,0.09,0.17,3.55,182.66,1.81,195.44,697.1
manipulated\Tp_S_NNN_S_B_arc20088_arc20088_02414_gt.png,Manipulated,,0.4914,0.0333,0.03,13,0.37,0.23,0.44,5.69,587.29,4.53,479.18,1485.36
manipulated\Tp_S_NNN_S_B_art00046_art00046_00926_gt.png,Manipulated,,0.2593,0.0,0.03,14,0.37,0.25,0.5,6.02,578.12,5.15,572.83,1543.55
manipulated\Tp_S_NNN_S_B_art00057_art00057_01232_gt.png,Manipulated,,0.7141,0.0,0.01,12,0.21,0.2,0.41,5.38,348.59,4.27,366.45,1200.81
manipulated\Tp_S_NNN_S_B_art00070_art00070_01241_gt.png,Manipulated,,0.6464,0.0,0.01,12,0.2,0.05,0.1,2.64,92.61,1.0,92.61,444.12
manipulated\Tp_S_NNN_S_B_art10003_art10003_20041_gt.png,Manipulated,,0.5445,0.0333,0.02,15,0.31,0.17,0.33,4.93,374.56,3.44,317.24,1275.61
manipulated\Tp_S_NNN_S_B_art10109_art10109_11574_gt.png,Manipulated,,0.7813,0.0167,0.02,12,0.27,0.24,0.45,5.7,485.52,4.73,502.7,1489.17
manipulated\Tp_S_NNN_S_B_cha20009_cha20009_02423_gt.png,Manipulated,,0.6464,0.0167,0.01,12,0.19,0.07,0.13,3.09,158.19,1.34,136.91,753.02
manipulated\Tp_S_NNN_S_B_ind00011_ind00011_10413_gt.png,Manipulated,,0.8157,0.1,0.02,13,0.32,0.25,0.48,5.85,510.65,4.95,529.17,1503.19
manipulated\Tp_S_NNN_S_B_ind00020_ind00020_20031_gt.png,Manipulated,,0.5482,0.0333,0.05,14,0.52,0.45,0.87,7.96,1136.4,8.91,1155.58,2140.64
manipulated\Tp_S_NNN_S_B_ind00022_ind00022_00893_gt.png,Manipulated,,0.5592,0.0,0.01,10,0.2,0.09,0.17,3.54,187.86,1.77,187.86,900.93
manipulated\Tp_S_NNN_S_B_ind00030_ind00030_20115_gt.png,Manipulated,,0.6464,0.0,0.02,13,0.33,0.22,0.43,5.62,570.19,4.36,570.19,1464.29
manipulated\Tp_S_NNN_S_B_ind00064_ind00064_01352_gt.png,Manipulated,,0.6464,0.0167,0.02,13,0.31,0.15,0.29,4.65,363.81,3.02,363.81,1744.76
manipulated\Tp_S_NNN_S_B_ind00076_ind00076_01362_gt.png,Manipulated,,0.6787,0.0,0.02,12,0.26,0.12,0.25,4.29,287.08,2.56,296.99,1424.3
manipulated\Tp_S_NNN_S_B_ind00083_ind00083_01367_gt.png,Manipulated,,0.674,0.0,0.01,13,0.16,0.1,0.19,3.65,171.98,1.98,171.32,422.24
manipulated\Tp_S_NNN_S_B_ind20027_ind20027_02282_gt.png,Manipulated,,0.6464,0.0,0.0,12,0.13,0.03,0.07,2.22,72.13,0.68,68.79,471.62
manipulated\Tp_S_NNN_S_B_ind20045_ind20045_02293_gt.png,Manipulated,,0.6464,0.0,0.0,14,0.11,0.02,0.03,1.6,49.04,0.35,85.85,645.83
manipulated\Tp_S_NNN_S_B_nat00015_nat00015_11052_gt.png,Manipulated,,0.3505,0.0167,0.03,11,0.35,0.43,0.86,7.81,783.18,8.99,779.87,1444.29
manipulated\Tp_S_NNN_S_B_nat00017_nat00017_00636_gt.png,Manipulated,,0.1877,0.0,0.03,12,0.4,0.3,0.57,6.46,764.0,5.79,765.98,2015.43
manipulated\Tp_S_NNN_S_B_nat00021_nat00021_00943_gt.png,Manipulated,,0.6464,0.0,0.01,17,0.26,0.13,0.23,4.18,369.1,2.34,371.74,1404.98
manipulated\Tp_S_NNN_S_B_nat00059_nat00059_00971_gt.png,Manipulated,,0.6714,0.0,0.01,10,0.11,0.41,0.78,7.33,535.79,8.32,535.79,936.29
manipulated\Tp_S_NNN_S_B_nat00073_nat00073_00979_gt.png,Manipulated,,0.4785,0.0167,0.04,13,0.41,0.27,0.55,6.32,656.18,5.64,660.81,1601.01
manipulated\Tp_S_NNN_S_B_nat00088_nat00088_00990_gt.png,Manipulated,,0.6475,0.0167,0.02,12,0.3,0.17,0.32,4.83,378.36,3.33,383.65,1276.05
manipulated\Tp_S_NNN_S_B_nat00092_nat00092_00994_gt.png,Manipulated,,0.6464,0.0,0.03,17,0.38,0.22,0.42,5.59,595.32,4.32,600.61,2272.0
manipulated\Tp_S_NNN_S_B_nat10003_nat10003_20071_gt.png,Manipulated,,0.6464,0.0333,0.01,12,0.2,0.1,0.2,3.77,192.55,2.06,166.08,803.12
manipulated\Tp_S_NNN_S_B_nat10109_nat10109_11353_gt.png,Manipulated,,0.6464,0.0,0.01,12,0.26,0.25,0.5,6.0,456.41,5.27,452.44,1340.38
manipulated\Tp_S_NNN_S_B_nat20009_nat20009_02209_gt.png,Manipulated,,0.2851,0.0833,0.02,13,0.35,0.19,0.36,5.18,518.34,3.7,546.27,1696.07
manipulated\Tp_S_NNN_S_B_nat20027_nat20027_02227_gt.png,Manipulated,,0.7169,0.0167,0.01,15,0.19,0.07,0.14,3.21,152.8,1.47,137.53,929.81
manipulated\Tp_S_NNN_S_B_pla00054_pla00054_01163_gt.png,Manipulated,,0.652,0.0,0.02,12,0.3,0.14,0.26,4.38,383.65,2.64,379.68,1270.63
manipulated\Tp_S_NNN_S_B_pla20001_pla20001_02399_gt.png,Manipulated,,0.802,0.0167,0.0,12,0.15,0.04,0.07,2.32,95.65,0.75,82.55,522.04
manipulated\Tp_S_NNN_S_B_pla20009_pla20009_02394_gt.png,Manipulated,,0.5538,0.0,0.01,15,0.21,0.08,0.15,3.33,178.15,1.56,157.58,913.13
manipulated\Tp_S_NNN_S_B_pla20047_pla20047_02380_gt.png,Manipulated,,0.7556,0.0,0.0,12,0.16,0.05,0.09,2.59,115.1,0.95,100.69,587.36
manipulated\Tp_S_NNN_S_B_pla20090_pla20090_02352_gt.png,Manipulated,,0.6581,0.0167,0.01,13,0.24,0.09,0.18,3.62,219.05,1.84,203.91,864.75
manipulated\Tp_S_NNN_S_B_sec20013_sec20013_01448_gt.png,Manipulated,,0.6464,0.0,0.01,13,0.2,0.07,0.13,3.17,186.12,1.38,220.35,1201.7
manipulated\Tp_S_NNN_S_B_sec20069_sec20069_01659_gt.png,Manipulated,,0.6464,0.0,0.0,11,0.13,0.04,0.07,2.29,82.64,0.74,73.2,616.81
manipulated\Tp_S_NNN_S_B_txt00026_txt00026_01271_gt.png,Manipulated,,0.7475,0.0,0.01,14,0.2,0.07,0.12,2.99,182.57,1.21,192.49,709.4
manipulated\Tp_S_NNN_S_B_txt00028_txt00028_20117_gt.png,Manipulated,,0.3212,0.0167,0.03,15,0.4,0.29,0.55,6.46,778.55,5.58,782.52,2064.04
manipulated\Tp_S_NNN_S_N_ani00004_ani00004_00124_gt.png,Manipulated,,0.1234,0.0167,0.04,13,0.45,0.36,0.71,7.19,865.2,7.31,867.84,2151.58
manipulated\Tp_S_NNN_S_N_ani00031_ani00031_00151_gt.png,Manipulated,,0.301,0.0167,0.09,15,0.66,0.91,1.79,11.32,2137.87,18.49,2165.64,3765.16
manipulated\Tp_S_NNN_S_N_ani00034_ani00034_00154_gt.png,Manipulated,,0.0728,0.0167,0.07,15,0.59,0.62,1.2,9.33,1501.53,12.38,1554.38,2479.64
manipulated\Tp_S_NNN_S_N_ani00049_ani00049_01258_gt.png,Manipulated,,0.6464,0.0,0.01,12,0.2,0.07,0.13,3.11,164.04,1.34,167.35,557.54
manipulated\Tp_S_NNN_S_N_ani00051_ani00051_00171_gt.png,Manipulated,,0.5433,0.0,0.04,14,0.43,0.35,0.7,7.15,814.93,7.25,822.19,2159.37
manipulated\Tp_S_NNN_S_N_ani00076_ani00076_00824_gt.png,Manipulated,,0.4753,0.0,0.02,12,0.31,0.15,0.3,4.73,395.56,3.08,398.2,1321.34
manipulated\Tp_S_NNN_S_N_ani00080_ani00080_00200_gt.png,Manipulated,,0.1241,0.0167,0.03,12,0.38,0.25,0.48,5.93,642.95,4.91,671.37,1601.47
manipulated\Tp_S_NNN_S_N_ani00084_ani00084_00817_gt.png,Manipulated,,0.5672,0.0333,0.03,11,0.36,0.2,0.39,5.34,477.58,4.0,481.55,1289.26
manipulated\Tp_S_NNN_S_N_ani00085_ani00085_00816_gt.png,Manipulated,,0.2318,0.05,0.05,13,0.46,0.46,0.91,8.14,1100.68,9.39,1070.25,1869.66
manipulated\Tp_S_NNN_S_N_ani00086_ani00086_00206_gt.png,Manipulated,,0.7149,0.1,0.04,14,0.43,0.37,0.77,7.62,906.21,7.88,924.73,2174.97
manipulated\Tp_S_NNN_S_N_ani00089_ani00089_11145_gt.png,Manipulated,,0.2854,0.0,0.03,15,0.36,0.21,0.41,5.46,522.56,4.17,535.78,1280.17
manipulated\Tp_S_NNN_S_N_ani00092_ani00092_00811_gt.png,Manipulated,,0.7022,0.0,0.02,15,0.3,0.19,0.37,5.21,476.26,3.81,471.63,1571.28
manipulated\Tp_S_NNN_S_N_ani00095_ani00095_00809_gt.png,Manipulated,,0.4134,0.0,0.02,13,0.34,0.21,0.42,5.54,463.03,4.41,463.03,1537.44
manipulated\Tp_S_NNN_S_N_ani00096_ani00096_00808_gt.png,Manipulated,,0.2114,0.0167,0.04,15,0.43,0.34,0.65,6.93,838.74,6.73,841.39,2448.06
manipulated\Tp_S_NNN_S_N_ani00099_ani00099_00806_gt.png,Manipulated,,0.6393,0.0,0.02,12,0.29,0.16,0.31,4.79,362.48,3.24,369.76,1087.73
manipulated\Tp_S_NNN_S_N_ani10139_ani10139_12499_gt.png,Manipulated,,0.6464,0.0,0.01,12,0.18,0.09,0.17,3.5,177.26,1.76,146.96,893.25
manipulated\Tp_S_NNN_S_N_ani10149_ani10149_12492_gt.png,Manipulated,,0.4029,0.05,0.02,15,0.33,0.2,0.38,5.28,473.0,3.93,397.28,1319.15
manipulated\Tp_S_NNN_S_N_ani10157_ani10157_12465_gt.png,Manipulated,,0.6901,0.0,0.01,12,0.24,0.1,0.19,3.73,249.71,1.93,229.4,1181.11
manipulated\Tp_S_NNN_S_N_ani10195_ani10195_12402_gt.png,Manipulated,,0.6464,0.0167,0.02,15,0.33,0.21,0.41,5.47,492.8,4.24,476.56,1580.39
manipulated\Tp_S_NNN_S_N_ani10219_ani10219_12385_gt.png,Manipulated,,0.5742,0.05,0.01,15,0.25,0.16,0.31,4.72,317.74,3.24,304.38,1189.7
manipulated\Tp_S_NNN_S_N_ani10222_ani10222_12395_gt.png,Manipulated,,0.6913,0.0167,0.01,12,0.16,0.07,0.15,3.26,142.27,1.54,130.15,787.64
manipulated\Tp_S_NNN_S_N_ani20025_ani20025_02441_gt.png,Manipulated,,0.4656,0.0,0.01,15,0.24,0.09,0.17,3.55,230.24,1.74,440.74,2442.51
manipulated\Tp_S_NNN_S_N_ani20035_ani20035_02078_gt.png,Manipulated,,0.6513,0.1,0.0,12,0.15,0.05,0.09,2.63,111.74,0.98,98.63,620.36
manipulated\Tp_S_NNN_S_N_ani20044_ani20044_02087_gt.png,Manipulated,,0.6331,0.0,0.01,12,0.2,0.06,0.12,2.94,155.04,1.22,135.93,969.07
manipulated\Tp_S_NNN_S_N_ani20049_ani20049_02092_gt.png,Manipulated,,0.6,0.0667,0.05,15,0.48,0.44,0.85,7.9,1120.91,8.77,1199.34,3218.63
manipulated\Tp_S_NNN_S_N_ani20064_ani20064_02106_gt.png,Manipulated,,0.2809,0.0333,0.03,13,0.37,0.25,0.48,6.03,633.8,4.86,591.32,1751.05
manipulated\Tp_S_NNN_S_N_ani20070_ani20070_02112_gt.png,Manipulated,,0.6464,0.0,0.01,12,0.23,0.1,0.2,3.79,247.02,2.02,227.02,1261.21
manipulated\Tp_S_NNN_S_N_arc00001_arc00001_01103_gt.png,Manipulated,,0.6385,0.0833,0.02,12,0.28,0.17,0.35,5.0,349.26,3.62,352.56,1381.42
manipulated\Tp_S_NNN_S_N_arc00005_arc00005_01105_gt.png,Manipulated,,0.6009,0.0,0.01,13,0.26,0.15,0.29,4.63,350.58,3.02,349.92,1176.02
manipulated\Tp_S_NNN_S_N_arc00006_arc00006_00226_gt.png,Manipulated,,0.894,0.0,0.01,12,0.27,0.14,0.27,4.43,330.73,2.75,330.73,1113.68
manipulated\Tp_S_NNN_S_N_arc00024_arc00024_01098_gt.png,Manipulated,,0.7897,0.1,0.02,15,0.34,0.22,0.43,5.56,459.06,4.44,489.48,1062.51
manipulated\Tp_S_NNN_S_N_arc00032_arc00032_01092_gt.png,Manipulated,,0.7003,0.0,0.02,12,0.29,0.19,0.36,5.08,354.55,3.77,355.87,1345.59
manipulated\Tp_S_NNN_S_N_arc00035_arc00035_01089_gt.png,Manipulated,,0.6831,0.0,0.01,12,0.17,0.07,0.14,3.17,145.52,1.45,145.52,697.9
manipulated\Tp_S_NNN_S_N_arc00046_arc00046_00266_gt.png,Manipulated,,0.7823,0.0833,0.04,14,0.45,0.35,0.68,7.07,846.68,7.04,856.6,2029.26
manipulated\Tp_S_NNN_S_N_arc00048_arc00048_01078_gt.png,Manipulated,,0.6464,0.0,0.02,12,0.31,0.19,0.37,5.2,439.88,3.85,446.49,1535.38
manipulated\Tp_S_NNN_S_N_arc00057_arc00057_01069_gt.png,Manipulated,,0.6464,0.0,0.02,12,0.32,0.17,0.32,4.87,423.34,3.3,423.34,1412.68
manipulated\Tp_S_NNN_S_N_arc00076_arc00076_01052_gt.png,Manipulated,,0.6464,0.0167,0.03,13,0.4,0.31,0.62,6.73,712.4,6.44,707.11,1734.63
manipulated\Tp_S_NNN_S_N_arc00079_arc00079_01049_gt.png,Manipulated,,0.7994,0.0,0.01,12,0.25,0.14,0.29,4.6,316.18,2.96,318.16,1059.94
manipulated\Tp_S_NNN_S_N_arc00087_arc00087_00307_gt.png,Manipulated,,0.0235,0.0333,0.05,14,0.47,0.63,1.25,9.37,1133.76,13.11,1238.69,1859.59
manipulated\Tp_S_NNN_S_N_arc00092_arc00092_00312_gt.png,Manipulated,,0.6464,0.0,0.02,13,0.31,0.22,0.42,5.48,465.67,4.31,468.32,1874.54
manipulated\Tp_S_NNN_S_N_arc00092_arc00092_11204_gt.png,Manipulated,,0.4564,0.0333,0.01,12,0.24,0.13,0.26,4.37,288.4,2.72,288.4,1383.12
manipulated\Tp_S_NNN_S_N_arc00096_arc00096_01034_gt.png,Manipulated,,0.6131,0.05,0.02,13,0.29,0.19,0.38,5.25,386.3,3.99,399.53,1590.61
manipulated\Tp_S_NNN_S_N_arc10101_arc10101_11167_gt.png,Manipulated,,0.552,0.0,0.02,12,0.28,0.18,0.36,5.11,358.24,3.76,322.14,873.45
manipulated\Tp_S_NNN_S_N_arc10101_arc10101_11168_gt.png,Manipulated,,0.6934,0.0,0.01,10,0.23,0.21,0.41,5.41,379.31,4.28,424.35,1407.42
manipulated\Tp_S_NNN_S_N_arc10103_arc10103_10860_gt.png,Manipulated,,0.8901,0.0,0.04,13,0.45,0.65,1.33,10.01,1520.64,13.69,1285.72,2912.49
manipulated\Tp_S_NNN_S_N_arc20021_arc20021_02166_gt.png,Manipulated,,0.7693,0.0333,0.01,13,0.16,0.08,0.13,3.02,169.47,1.32,147.76,881.59
manipulated\Tp_S_NNN_S_N_arc20022_arc20022_02163_gt.png,Manipulated,,0.6464,0.0333,0.0,12,0.12,0.03,0.06,2.17,67.46,0.68,61.3,367.64
manipulated\Tp_S_NNN_S_N_arc20023_arc20023_02164_gt.png,Manipulated,,0.6464,0.0,0.0,11,0.12,0.03,0.05,1.98,60.69,0.55,54.71,621.37
manipulated\Tp_S_NNN_S_N_arc20024_arc20024_02165_gt.png,Manipulated,,0.7291,0.0667,0.0,11,0.11,0.02,0.05,1.87,53.1,0.5,47.87,543.7
manipulated\Tp_S_NNN_S_N_arc20029_arc20029_02471_gt.png,Manipulated,,0.1999,0.05,0.01,17,0.24,0.1,0.19,3.73,271.61,1.94,245.46,1163.93
manipulated\Tp_S_NNN_S_N_arc20031_arc20031_02171_gt.png,Manipulated,,0.5239,0.05,0.01,14,0.22,0.11,0.21,3.9,210.52,2.2,190.26,1098.33
manipulated\Tp_S_NNN_S_N_arc20036_arc20036_01489_gt.png,Manipulated,,0.5298,0.0167,0.01,12,0.21,0.07,0.13,3.09,161.08,1.35,175.63,1040.34
manipulated\Tp_S_NNN_S_N_arc20041_arc20041_01494_gt.png,Manipulated,,0.6464,0.0333,0.01,14,0.22,0.11,0.22,4.0,241.96,2.28,338.67,1635.75
manipulated\Tp_S_NNN_S_N_arc20046_arc20046_01499_gt.png,Manipulated,,0.6274,0.05,0.01,14,0.21,0.08,0.17,3.49,185.31,1.74,257.07,1359.89
manipulated\Tp_S_NNN_S_N_arc20048_arc20048_01501_gt.png,Manipulated,,0.5595,0.0167,0.01,12,0.19,0.06,0.12,2.93,142.51,1.19,129.69,1039.93
manipulated\Tp_S_NNN_S_N_arc20054_arc20054_01694_gt.png,Manipulated,,0.743,0.1,0.01,8,0.14,0.1,0.19,3.69,154.66,2.05,146.76,680.49
manipulated\Tp_S_NNN_S_N_arc20061_arc20061_01701_gt.png,Manipulated,,0.525,0.0,0.01,14,0.18,0.07,0.14,3.17,147.69,1.43,150.15,743.33
manipulated\Tp_S_NNN_S_N_arc20062_arc20062_01702_gt.png,Manipulated,,0.6464,0.0,0.0,12,0.15,0.04,0.09,2.56,102.29,0.91,98.91,656.12
manipulated\Tp_S_NNN_S_N_arc20066_arc20066_02195_gt.png,Manipulated,,0.7984,0.1,0.03,14,0.36,0.23,0.44,5.69,548.88,4.58,467.64,1605.32
manipulated\Tp_S_NNN_S_N_arc20074_arc20074_01714_gt.png,Manipulated,,0.6464,0.0167,0.02,14,0.32,0.23,0.45,5.75,529.68,4.59,479.89,1906.36
manipulated\Tp_S_NNN_S_N_arc20086_arc20086_01726_gt.png,Manipulated,,0.6464,0.0,0.01,13,0.19,0.07,0.13,3.11,144.87,1.38,202.91,1082.97
manipulated\Tp_S_NNN_S_N_arc20088_arc20088_01728_gt.png,Manipulated,,0.6464,0.0,0.01,12,0.16,0.06,0.12,2.92,129.68,1.22,104.07,757.65
manipulated\Tp_S_NNN_S_N_arc20095_arc20095_01735_gt.png,Manipulated,,0.6896,0.0333,0.01,12,0.16,0.05,0.1,2.75,130.42,1.05,119.3,585.49
manipulated\Tp_S_NNN_S_N_arc20099_arc20099_01739_gt.png,Manipulated,,0.7051,0.0333,0.0,10,0.12,0.07,0.13,3.06,114.14,1.37,130.23,727.39
manipulated\Tp_S_NNN_S_N_arc20099_arc20099_02186_gt.png,Manipulated,,0.6613,0.0,0.0,15,0.14,0.04,0.07,2.28,73.92,0.74,68.29,393.34
manipulated\Tp_S_NNN_S_N_art00012_art00012_01202_gt.png,Manipulated,,0.6464,0.0,0.01,12,0.2,0.07,0.13,3.13,195.79,1.37,209.02,745.77
manipulated\Tp_S_NNN_S_N_art00021_art00021_00922_gt.png,Manipulated,,0.7507,0.0,0.0,14,0.14,0.07,0.13,3.0,116.42,1.33,119.73,429.12
manipulated\Tp_S_NNN_S_N_art00022_art00022_20083_gt.png,Manipulated,,0.1683,0.0167,0.04,14,0.45,0.42,0.84,7.82,1002.79,8.63,1021.3,2091.12
manipulated\Tp_S_NNN_S_N_art00023_art00023_01210_gt.png,Manipulated,,0.6464,0.0,0.01,15,0.21,0.11,0.21,3.92,201.09,2.22,201.09,680.95
manipulated\Tp_S_NNN_S_N_art00036_art00036_01418_gt.png,Manipulated,,0.1986,0.0167,0.02,12,0.3,0.21,0.41,5.46,460.38,4.27,480.86,1272.33
manipulated\Tp_S_NNN_S_N_art00044_art00044_10405_gt.png,Manipulated,,0.4588,0.0167,0.03,12,0.35,0.26,0.51,6.06,584.08,5.25,587.38,1354.99
manipulated\Tp_S_NNN_S_N_art00046_art00046_11923_gt.png,Manipulated,,0.1595,0.0,0.03,15,0.34,0.25,0.49,5.96,539.76,5.1,542.4,1806.09
manipulated\Tp_S_NNN_S_N_art00049_art00049_01229_gt.png,Manipulated,,0.1866,0.0,0.03,15,0.34,0.31,0.61,6.6,547.7,6.45,547.7,1488.79
manipulated\Tp_S_NNN_S_N_art00055_art00055_01231_gt.png,Manipulated,,0.6154,0.0167,0.03,14,0.37,0.24,0.47,5.84,554.31,4.83,559.57,1223.43
manipulated\Tp_S_NNN_S_N_art00059_art00059_01234_gt.png,Manipulated,,0.6464,0.0,0.02,17,0.34,0.2,0.39,5.36,508.67,3.98,511.31,1745.81
manipulated\Tp_S_NNN_S_N_art00060_art00060_10475_gt.png,Manipulated,,0.5746,0.0,0.03,14,0.38,0.3,0.59,6.56,622.44,6.12,622.44,2065.08
manipulated\Tp_S_NNN_S_N_art00068_art00068_01016_gt.png,Manipulated,,0.0131,0.1291,0.12,14,0.72,1.68,3.29,14.98,3093.03,34.42,3128.07,1302.29
manipulated\Tp_S_NNN_S_N_art00080_art00080_00928_gt.png,Manipulated,,0.6591,0.05,0.02,12,0.32,0.2,0.38,5.26,464.35,3.93,473.61,1458.93
manipulated\Tp_S_NNN_S_N_art00088_art00088_10325_gt.png,Manipulated,,0.6464,0.0,0.01,12,0.23,0.1,0.19,3.79,271.86,1.99,279.79,1181.26
manipulated\Tp_S_NNN_S_N_art00095_art00095_10434_gt.png,Manipulated,,0.3139,0.05,0.03,14,0.39,0.27,0.51,6.11,656.18,5.3,679.97,1636.88
manipulated\Tp_S_NNN_S_N_art00096_art00096_01004_gt.png,Manipulated,,0.3666,0.0,0.02,12,0.34,0.2,0.4,5.4,497.42,4.1,513.3,1550.45
manipulated\Tp_S_NNN_S_N_art10012_art10012_20096_gt.png,Manipulated,,0.7483,0.0833,0.01,14,0.23,0.1,0.21,3.88,222.68,2.14,215.7,808.94
manipulated\Tp_S_NNN_S_N_art10013_art10013_20097_gt.png,Manipulated,,0.8387,0.1,0.01,14,0.25,0.11,0.22,4.09,289.14,2.22,274.84,1358.6
manipulated\Tp_S_NNN_S_N_art10110_art10110_11571_gt.png,Manipulated,,0.75,0.0,0.01,11,0.21,0.1,0.2,3.8,224.9,2.02,227.54,809.67
manipulated\Tp_S_NNN_S_N_art10112_art10112_11559_gt.png,Manipulated,,0.4052,0.0333,0.02,12,0.31,0.23,0.45,5.69,518.59,4.62,526.53,1194.38
manipulated\Tp_S_NNN_S_N_art20004_art20004_01810_gt.png,Manipulated,,0.6144,0.0833,0.04,14,0.44,0.35,0.7,7.19,872.81,7.16,831.46,3021.64
manipulated\Tp_S_NNN_S_N_art20027_art20027_01833_gt.png,Manipulated,,0.3982,0.0167,0.02,13,0.29,0.15,0.31,4.73,359.64,3.16,338.25,1229.76
manipulated\Tp_S_NNN_S_N_art20030_art20030_01836_gt.png,Manipulated,,0.169,0.0667,0.02,12,0.28,0.14,0.27,4.46,331.2,2.84,293.88,980.58
manipulated\Tp_S_NNN_S_N_art20033_art20033_01839_gt.png,Manipulated,,0.3075,0.0333,0.02,14,0.32,0.18,0.35,5.02,431.91,3.59,338.09,1318.43
manipulated\Tp_S_NNN_S_N_art20044_art20044_01850_gt.png,Manipulated,,0.6464,0.0333,0.01,14,0.25,0.14,0.29,4.52,268.59,2.99,254.47,852.98
manipulated\Tp_S_NNN_S_N_art20056_art20056_01862_gt.png,Manipulated,,0.7122,0.0,0.01,12,0.24,0.1,0.18,3.65,227.61,1.89,181.97,751.19
manipulated\Tp_S_NNN_S_N_art20072_art20072_01878_gt.png,Manipulated,,0.3645,0.0333,0.02,14,0.29,0.17,0.33,4.9,374.1,3.4,365.39,1256.25
manipulated\Tp_S_NNN_S_N_art20077_art20077_01883_gt.png,Manipulated,,0.76,0.05,0.03,15,0.4,0.3,0.59,6.56,705.06,6.13,686.41,2178.5
manipulated\Tp_S_NNN_S_N_art20082_art20082_01888_gt.png,Manipulated,,0.5932,0.05,0.01,12,0.16,0.05,0.09,2.58,117.46,0.94,109.38,818.42
manipulated\Tp_S_NNN_S_N_art20089_art20089_02308_gt.png,Manipulated,,0.6076,0.0,0.0,12,0.08,0.02,0.04,1.66,35.4,0.4,32.49,242.83
manipulated\Tp_S_NNN_S_N_cha00001_cha00001_00321_gt.png,Manipulated,,0.6464,0.0,0.02,12,0.31,0.17,0.34,5.03,410.77,3.53,420.69,1145.31
manipulated\Tp_S_NNN_S_N_cha00004_cha00004_00838_gt.png,Manipulated,,0.6464,0.0,0.02,12,0.27,0.13,0.25,4.32,317.5,2.59,337.34,886.33
manipulated\Tp_S_NNN_S_N_cha00005_cha00005_00325_gt.png,Manipulated,,0.6464,0.0,0.01,11,0.25,0.11,0.21,3.95,269.88,2.17,269.88,915.55
manipulated\Tp_S_NNN_S_N_cha00008_cha00008_11158_gt.png,Manipulated,,0.6827,0.0,0.0,10,0.15,0.06,0.11,2.85,113.77,1.17,116.42,463.62
manipulated\Tp_S_NNN_S_N_cha00008_cha00008_11159_gt.png,Manipulated,,0.6464,0.0,0.02,12,0.32,0.22,0.43,5.6,452.44,4.51,459.06,1581.05
manipulated\Tp_S_NNN_S_N_cha00013_cha00013_00843_gt.png,Manipulated,,0.1079,0.0,0.07,12,0.55,0.6,1.23,9.53,1365.27,12.41,1366.51,2556.2
manipulated\Tp_S_NNN_S_N_cha00015_cha00015_00844_gt.png,Manipulated,,0.7043,0.0,0.01,13,0.22,0.1,0.19,3.73,254.0,1.94,254.0,1218.16
manipulated\Tp_S_NNN_S_N_cha00017_cha00017_00337_gt.png,Manipulated,,0.4713,0.0,0.02,14,0.33,0.17,0.32,4.9,425.32,3.33,427.97,1262.49
manipulated\Tp_S_NNN_S_N_cha00017_cha00017_00845_gt.png,Manipulated,,0.3319,0.0,0.02,12,0.31,0.18,0.34,4.98,446.49,3.45,453.11,1282.51
manipulated\Tp_S_NNN_S_N_cha00038_cha00038_11030_gt.png,Manipulated,,0.7187,0.0,0.01,12,0.24,0.1,0.2,3.85,259.3,2.07,257.97,1166.45
manipulated\Tp_S_NNN_S_N_cha00049_cha00049_11001_gt.png,Manipulated,,0.7205,0.0,0.01,10,0.21,0.11,0.22,3.96,206.38,2.28,206.38,989.75
manipulated\Tp_S_NNN_S_N_cha00065_cha00065_00856_gt.png,Manipulated,,0.6197,0.0167,0.02,12,0.31,0.16,0.31,4.81,404.82,3.24,407.46,937.24
manipulated\Tp_S_NNN_S_N_cha00084_cha00084_00700_gt.png,Manipulated,,0.2792,0.0,0.02,13,0.34,0.19,0.38,5.3,485.52,3.86,480.89,1157.43
manipulated\Tp_S_NNN_S_N_cha00084_cha00084_00869_gt.png,Manipulated,,0.6601,0.0,0.02,17,0.32,0.17,0.34,5.02,410.77,3.54,414.08,1167.49
manipulated\Tp_S_NNN_S_N_cha00089_cha00089_00871_gt.png,Manipulated,,0.5653,0.0167,0.03,12,0.35,0.2,0.39,5.34,486.84,4.0,493.46,1112.07
manipulated\Tp_S_NNN_S_N_cha00099_cha00099_00876_gt.png,Manipulated,,0.6464,0.0,0.04,13,0.44,0.71,1.42,10.22,1287.22,14.49,1290.52,3206.29
manipulated\Tp_S_NNN_S_N_cha10135_cha10135_12205_gt.png,Manipulated,,0.461,0.0333,0.01,14,0.21,0.08,0.16,3.36,185.32,1.61,154.67,671.25
manipulated\Tp_S_NNN_S_N_cha10151_cha10151_12219_gt.png,Manipulated,,0.6464,0.0,0.02,14,0.32,0.19,0.37,5.21,449.24,3.77,412.4,1660.28
manipulated\Tp_S_NNN_S_N_cha10154_cha10154_12267_gt.png,Manipulated,,0.7321,0.0333,0.01,13,0.21,0.08,0.15,3.3,207.12,1.53,170.46,1074.6
manipulated\Tp_S_NNN_S_N_cha10165_cha10165_12244_gt.png,Manipulated,,0.3413,0.0333,0.01,12,0.25,0.13,0.24,4.16,307.06,2.46,285.56,1279.28
manipulated\Tp_S_NNN_S_N_cha10165_cha10165_12245_gt.png,Manipulated,,0.5875,0.0,0.01,15,0.17,0.11,0.23,4.05,201.56,2.39,186.35,988.44
manipulated\Tp_S_NNN_S_N_cha10172_cha10172_12284_gt.png,Manipulated,,0.7905,0.05,0.01,13,0.18,0.11,0.21,3.89,204.65,2.21,191.86,1015.35
manipulated\Tp_S_NNN_S_N_cha10206_cha10206_12345_gt.png,Manipulated,,0.6534,0.0,0.0,12,0.14,0.03,0.07,2.18,76.4,0.67,68.87,782.26
manipulated\Tp_S_NNN_S_N_cha10209_cha10209_12334_gt.png,Manipulated,,0.7401,0.0333,0.0,14,0.13,0.04,0.07,2.28,89.68,0.73,84.99,547.77
manipulated\Tp_S_NNN_S_N_cha10211_cha10211_12331_gt.png,Manipulated,,0.5719,0.0,0.01,14,0.18,0.06,0.11,2.84,138.38,1.11,183.67,1255.66
manipulated\Tp_S_NNN_S_N_cha20004_cha20004_02003_gt.png,Manipulated,,0.6464,0.0,0.01,13,0.17,0.05,0.1,2.74,135.26,1.05,186.97,1159.07
manipulated\Tp_S_NNN_S_N_cha20006_cha20006_02005_gt.png,Manipulated,,0.5608,0.05,0.01,12,0.25,0.1,0.19,3.77,258.59,1.98,517.5,2343.31
manipulated\Tp_S_NNN_S_N_cha20012_cha20012_02011_gt.png,Manipulated,,0.0304,0.0,0.01,12,0.21,0.25,0.49,5.87,389.1,5.21,364.78,940.58
manipulated\Tp_S_NNN_S_N_cha20013_cha20013_02012_gt.png,Manipulated,,0.6464,0.0,0.0,12,0.09,0.05,0.11,2.72,75.3,1.11,70.56,327.43
manipulated\Tp_S_NNN_S_N_cha20016_cha20016_02015_gt.png,Manipulated,,0.5866,0.0333,0.01,13,0.23,0.13,0.26,4.42,269.05,2.72,224.52,1030.72
manipulated\Tp_S_NNN_S_N_cha20024_cha20024_02023_gt.png,Manipulated,,0.6314,0.0833,0.01,12,0.21,0.11,0.22,4.04,218.19,2.31,222.18,848.37
manipulated\Tp_S_NNN_S_N_cha20036_cha20036_02487_gt.png,Manipulated,,0.64,0.0,0.01,13,0.24,0.14,0.29,4.57,299.26,3.0,278.95,1195.3
manipulated\Tp_S_NNN_S_N_cha20043_cha20043_02042_gt.png,Manipulated,,0.4754,0.0333,0.02,13,0.31,0.15,0.31,4.81,429.23,3.16,547.02,1864.23
manipulated\Tp_S_NNN_S_N_cha20043_cha20043_02431_gt.png,Manipulated,,0.6131,0.0,0.0,12,0.13,0.03,0.05,1.99,69.9,0.54,68.03,369.37
manipulated\Tp_S_NNN_S_N_cha20044_cha20044_02043_gt.png,Manipulated,,0.6464,0.0,0.0,10,0.1,0.02,0.05,1.9,50.94,0.51,48.3,436.06
manipulated\Tp_S_NNN_S_N_cha20046_cha20046_02045_gt.png,Manipulated,,0.7239,0.0167,0.01,11,0.21,0.09,0.18,3.73,200.7,1.88,205.5,821.51
manipulated\Tp_S_NNN_S_N_ind00009_ind00009_01307_gt.png,Manipulated,,0.8021,0.05,0.01,12,0.26,0.19,0.37,5.12,317.5,3.92,324.12,665.64
manipulated\Tp_S_NNN_S_N_ind00012_ind00012_00886_gt.png,Manipulated,,0.6464,0.0,0.01,11,0.18,0.06,0.12,2.95,158.09,1.2,158.09,758.18
manipulated\Tp_S_NNN_S_N_ind00016_ind00016_01314_gt.png,Manipulated,,0.5436,0.0,0.02,12,0.28,0.13,0.27,4.43,309.57,2.78,312.87,1162.81
manipulated\Tp_S_NNN_S_N_ind00020_ind00020_00892_gt.png,Manipulated,,0.5862,0.0,0.01,13,0.25,0.1,0.18,3.66,263.26,1.84,271.2,1063.94
manipulated\Tp_S_NNN_S_N_ind00023_ind00023_10704_gt.png,Manipulated,,0.6464,0.0,0.01,12,0.17,0.06,0.13,3.04,124.36,1.33,124.36,596.39
manipulated\Tp_S_NNN_S_N_ind00025_ind00025_00440_gt.png,Manipulated,,0.6327,0.0,0.01,12,0.26,0.14,0.26,4.42,354.55,2.71,357.85,1189.27
manipulated\Tp_S_NNN_S_N_ind00029_ind00029_00896_gt.png,Manipulated,,0.5575,0.05,0.03,13,0.4,0.27,0.54,6.41,736.88,5.52,746.79,1876.07
manipulated\Tp_S_NNN_S_N_ind00041_ind00041_00898_gt.png,Manipulated,,0.8347,0.0,0.01,12,0.19,0.06,0.12,2.97,153.46,1.25,156.11,538.11
manipulated\Tp_S_NNN_S_N_ind00043_ind00043_00452_gt.png,Manipulated,,0.4928,0.0,0.01,13,0.26,0.13,0.25,4.3,309.57,2.64,308.24,796.57
manipulated\Tp_S_NNN_S_N_ind00043_ind00043_10891_gt.png,Manipulated,,0.4998,0.0,0.01,12,0.24,0.13,0.25,4.29,304.28,2.6,323.42,1551.08
manipulated\Tp_S_NNN_S_N_ind00045_ind00045_01335_gt.png,Manipulated,,0.6101,0.0,0.0,11,0.14,0.07,0.14,3.19,130.97,1.49,130.97,628.11
manipulated\Tp_S_NNN_S_N_ind00050_ind00050_00901_gt.png,Manipulated,,0.7188,0.0,0.01,12,0.24,0.09,0.18,3.61,216.96,1.85,217.62,837.05
manipulated\Tp_S_NNN_S_N_ind00054_ind00054_01343_gt.png,Manipulated,,0.7741,0.0,0.01,12,0.17,0.08,0.21,4.4,211.67,2.0,211.67,709.23
manipulated\Tp_S_NNN_S_N_ind00071_ind00071_10939_gt.png,Manipulated,,0.3269,0.0,0.04,13,0.46,0.43,0.83,7.79,1006.76,8.63,1045.05,2908.69
manipulated\Tp_S_NNN_S_N_ind00073_ind00073_01360_gt.png,Manipulated,,0.6515,0.0667,0.01,11,0.23,0.14,0.27,4.42,239.45,2.88,239.45,901.31
manipulated\Tp_S_NNN_S_N_ind00074_ind00074_01361_gt.png,Manipulated,,0.6464,0.0,0.01,13,0.18,0.19,0.36,5.04,267.23,3.84,267.23,1281.61
manipulated\Tp_S_NNN_S_N_ind00074_ind00074_10929_gt.png,Manipulated,,0.6464,0.0,0.05,12,0.46,0.42,0.8,7.8,1113.25,8.08,1150.21,5204.41
manipulated\Tp_S_NNN_S_N_ind00075_ind00075_00911_gt.png,Manipulated,,0.7441,0.0,0.01,15,0.23,0.11,0.21,3.91,297.66,2.1,301.63,1152.78
manipulated\Tp_S_NNN_S_N_ind00076_ind00076_10682_gt.png,Manipulated,,0.6236,0.05,0.03,13,0.39,0.27,0.53,6.21,661.47,5.42,674.03,1486.63
manipulated\Tp_S_NNN_S_N_ind00080_ind00080_10668_gt.png,Manipulated,,0.6993,0.0,0.03,12,0.36,0.22,0.4,5.42,554.31,4.09,545.05,1362.51
manipulated\Tp_S_NNN_S_N_ind00094_ind00094_10654_gt.png,Manipulated,,0.0064,0.0,0.01,12,0.21,0.45,0.87,7.78,648.24,9.26,1338.02,2143.49
manipulated\Tp_S_NNN_S_N_ind00099_ind00099_10630_gt.png,Manipulated,,0.5209,0.0,0.01,11,0.17,0.25,0.48,5.78,354.55,5.08,354.55,795.65
manipulated\Tp_S_NNN_S_N_ind20005_ind20005_01746_gt.png,Manipulated,,0.6451,0.0,0.01,14,0.18,0.06,0.12,2.98,141.33,1.27,160.85,733.73
manipulated\Tp_S_NNN_S_N_ind20013_ind20013_02272_gt.png,Manipulated,,0.6464,0.0,0.0,13,0.13,0.04,0.09,2.5,81.91,0.91,70.91,293.7
manipulated\Tp_S_NNN_S_N_ind20020_ind20020_01761_gt.png,Manipulated,,0.6464,0.0,0.01,14,0.2,0.06,0.12,3.06,169.31,1.27,376.64,1943.85
manipulated\Tp_S_NNN_S_N_ind20030_ind20030_02285_gt.png,Manipulated,,0.7153,0.0,0.0,13,0.12,0.04,0.07,2.24,84.97,0.7,76.2,718.88
manipulated\Tp_S_NNN_S_N_ind20031_ind20031_01772_gt.png,Manipulated,,0.8048,0.0333,0.02,12,0.31,0.21,0.42,5.48,421.65,4.36,431.17,995.76
manipulated\Tp_S_NNN_S_N_ind20037_ind20037_01778_gt.png,Manipulated,,0.3861,0.1,0.02,15,0.29,0.13,0.26,4.42,359.41,2.69,344.09,1211.9
manipulated\Tp_S_NNN_S_N_ind20037_ind20037_02289_gt.png,Manipulated,,0.6148,0.0167,0.0,13,0.13,0.05,0.11,2.76,98.25,1.12,94.24,608.37
manipulated\Tp_S_NNN_S_N_ind20039_ind20039_01780_gt.png,Manipulated,,0.6599,0.0333,0.01,15,0.17,0.05,0.09,2.63,114.25,0.98,109.09,828.07
manipulated\Tp_S_NNN_S_N_ind20043_ind20043_02291_gt.png,Manipulated,,0.5764,0.1,0.01,13,0.16,0.05,0.1,2.75,124.09,1.05,133.35,699.75
manipulated\Tp_S_NNN_S_N_ind20046_ind20046_01787_gt.png,Manipulated,,0.6628,0.1,0.0,12,0.15,0.04,0.08,2.49,109.73,0.85,102.21,676.03
manipulated\Tp_S_NNN_S_N_ind20059_ind20059_02302_gt.png,Manipulated,,0.5597,0.0,0.01,12,0.21,0.11,0.22,3.99,213.41,2.32,210.46,615.81
manipulated\Tp_S_NNN_S_N_ind20064_ind20064_01805_gt.png,Manipulated,,0.7217,0.0,0.0,11,0.13,0.04,0.08,2.36,74.31,0.81,64.82,444.41
manipulated\Tp_S_NNN_S_N_nat00008_nat00008_00628_gt.png,Manipulated,,0.0765,0.05,0.07,14,0.58,0.59,1.18,9.32,1542.54,12.03,1562.38,2474.21
manipulated\Tp_S_NNN_S_N_nat00011_nat00011_00937_gt.png,Manipulated,,0.6747,0.0667,0.01,11,0.2,0.12,0.24,4.17,220.93,2.54,224.24,869.99
manipulated\Tp_S_NNN_S_N_nat00012_nat00012_00938_gt.png,Manipulated,,0.6376,0.0167,0.02,14,0.3,0.17,0.34,5.11,437.89,3.51,435.91,1443.71
manipulated\Tp_S_NNN_S_N_nat00015_nat00015_11051_gt.png,Manipulated,,0.6464,0.0,0.0,11,0.11,0.06,0.11,2.78,100.54,1.14,100.54,482.19
manipulated\Tp_S_NNN_S_N_nat00021_nat00021_11043_gt.png,Manipulated,,0.6464,0.0,0.01,12,0.25,0.14,0.28,4.53,328.09,2.92,333.38,1316.68
manipulated\Tp_S_NNN_S_N_nat00030_nat00030_00945_gt.png,Manipulated,,0.6637,0.0167,0.03,12,0.35,0.22,0.42,5.54,518.59,4.37,529.83,1206.04
manipulated\Tp_S_NNN_S_N_nat00036_nat00036_00952_gt.png,Manipulated,,0.4029,0.0167,0.02,14,0.32,0.23,0.46,5.78,502.72,4.75,504.7,1772.94
manipulated\Tp_S_NNN_S_N_nat00036_nat00036_11075_gt.png,Manipulated,,0.5418,0.0,0.02,12,0.27,0.21,0.42,5.49,402.17,4.4,403.49,1478.19
manipulated\Tp_S_NNN_S_N_nat00046_nat00046_00965_gt.png,Manipulated,,0.5287,0.0,0.02,13,0.34,0.16,0.34,5.06,436.57,3.42,453.1,1224.5
manipulated\Tp_S_NNN_S_N_nat00047_nat00047_00966_gt.png,Manipulated,,0.2425,0.0167,0.03,12,0.4,0.32,0.63,6.76,721.66,6.53,725.63,2391.02
manipulated\Tp_S_NNN_S_N_nat00051_nat00051_00661_gt.png,Manipulated,,0.4678,0.0,0.03,14,0.37,0.27,0.52,6.14,596.64,5.39,615.82,1493.56
manipulated\Tp_S_NNN_S_N_nat00052_nat00052_11082_gt.png,Manipulated,,0.3834,0.0,0.02,13,0.35,0.23,0.44,5.67,571.51,4.49,578.78,1371.29
manipulated\Tp_S_NNN_S_N_nat00059_nat00059_00666_gt.png,Manipulated,,0.2134,0.1,0.06,15,0.52,0.48,0.9,8.09,1156.25,9.32,1182.04,1894.46
manipulated\Tp_S_NNN_S_N_nat00071_nat00071_00672_gt.png,Manipulated,,0.5223,0.0167,0.03,13,0.41,0.29,0.56,6.39,722.32,5.74,721.66,1948.43
manipulated\Tp_S_NNN_S_N_nat00072_nat00072_00978_gt.png,Manipulated,,0.6154,0.0,0.04,12,0.4,0.9,1.69,11.86,1686.74,15.19,1686.73,3084.23
manipulated\Tp_S_NNN_S_N_nat10145_nat10145_11976_gt.png,Manipulated,,0.2732,0.0833,0.04,14,0.45,0.45,0.89,8.02,943.2,9.27,905.83,1884.18
manipulated\Tp_S_NNN_S_N_nat10154_nat10154_12073_gt.png,Manipulated,,0.6464,0.0167,0.01,12,0.24,0.1,0.18,3.67,240.77,1.89,246.07,1128.07
manipulated\Tp_S_NNN_S_N_nat10161_nat10161_12078_gt.png,Manipulated,,0.6673,0.0,0.01,12,0.23,0.14,0.27,4.42,310.87,2.8,296.02,1484.95
manipulated\Tp_S_NNN_S_N_nat20005_nat20005_01509_gt.png,Manipulated,,0.2755,0.1,0.05,15,0.5,0.45,0.84,7.85,1105.97,8.68,1028.2,2566.3
manipulated\Tp_S_NNN_S_N_nat20007_nat20007_01511_gt.png,Manipulated,,0.6464,0.0167,0.01,15,0.17,0.06,0.12,2.96,139.13,1.24,160.93,845.46
manipulated\Tp_S_NNN_S_N_nat20022_nat20022_02222_gt.png,Manipulated,,0.4376,0.05,0.01,14,0.23,0.09,0.18,3.63,239.01,1.83,208.96,1013.28
manipulated\Tp_S_NNN_S_N_nat20024_nat20024_02224_gt.png,Manipulated,,0.7346,0.05,0.01,12,0.21,0.08,0.15,3.31,178.79,1.54,165.25,873.65
manipulated\Tp_S_NNN_S_N_nat20026_nat20026_01530_gt.png,Manipulated,,0.5958,0.0333,0.01,12,0.16,0.05,0.1,2.65,106.71,1.0,93.49,708.92
manipulated\Tp_S_NNN_S_N_nat20029_nat20029_01533_gt.png,Manipulated,,0.7374,0.0167,0.0,12,0.14,0.05,0.09,2.53,84.65,0.93,81.21,458.58
manipulated\Tp_S_NNN_S_N_nat20037_nat20037_02235_gt.png,Manipulated,,0.6464,0.0,0.01,12,0.19,0.07,0.13,3.12,155.91,1.39,148.87,987.52
manipulated\Tp_S_NNN_S_N_nat20038_nat20038_02236_gt.png,Manipulated,,0.6464,0.0,0.01,14,0.22,0.1,0.21,3.9,264.23,2.11,326.56,1628.22
manipulated\Tp_S_NNN_S_N_nat20042_nat20042_01546_gt.png,Manipulated,,0.6749,0.0,0.01,12,0.18,0.07,0.13,3.1,169.75,1.3,256.97,1313.4
manipulated\Tp_S_NNN_S_N_nat20047_nat20047_01551_gt.png,Manipulated,,0.6464,0.0,0.01,13,0.17,0.07,0.15,3.32,171.64,1.51,297.27,1659.75
manipulated\Tp_S_NNN_S_N_nat20057_nat20057_02252_gt.png,Manipulated,,0.0891,0.1,0.03,13,0.35,0.23,0.46,5.82,540.54,4.73,467.44,1255.76
manipulated\Tp_S_NNN_S_N_nat20061_nat20061_01565_gt.png,Manipulated,,0.7233,0.0,0.01,13,0.18,0.05,0.09,2.62,112.98,0.97,94.24,520.48
manipulated\Tp_S_NNN_S_N_nat20062_nat20062_01566_gt.png,Manipulated,,0.5959,0.0667,0.01,13,0.26,0.13,0.25,4.29,293.54,2.62,251.89,1190.55
manipulated\Tp_S_NNN_S_N_nat20065_nat20065_01569_gt.png,Manipulated,,0.1303,0.0333,0.03,15,0.38,0.34,0.69,7.05,683.5,7.21,698.84,1685.69
manipulated\Tp_S_NNN_S_N_nat20074_nat20074_01578_gt.png,Manipulated,,0.5333,0.0,0.02,15,0.28,0.14,0.28,4.5,320.05,2.84,478.47,1603.74
manipulated\Tp_S_NNN_S_N_nat20076_nat20076_01580_gt.png,Manipulated,,0.1231,0.0667,0.03,15,0.37,0.23,0.45,5.86,629.55,4.58,617.72,1628.16
manipulated\Tp_S_NNN_S_N_nat20083_nat20083_02459_gt.png,Manipulated,,0.6464,0.0,0.0,14,0.13,0.03,0.06,2.19,90.74,0.66,76.2,585.31
manipulated\Tp_S_NNN_S_N_nat20087_nat20087_01591_gt.png,Manipulated,,0.1617,0.0667,0.03,14,0.38,0.28,0.54,6.28,633.71,5.6,573.89,1605.02
manipulated\Tp_S_NNN_S_N_nat20096_nat20096_01600_gt.png,Manipulated,,0.6464,0.0167,0.04,17,0.47,0.42,0.8,7.76,1142.1,8.12,1556.1,4099.69
manipulated\Tp_S_NNN_S_N_nat20098_nat20098_02258_gt.png,Manipulated,,0.7671,0.0167,0.01,17,0.18,0.06,0.12,2.94,132.43,1.24,120.65,652.85
manipulated\Tp_S_NNN_S_N_pla00005_pla00005_00545_gt.png,Manipulated,,0.2299,0.05,0.06,17,0.52,0.49,0.93,8.26,1283.91,9.54,1285.23,2403.84
manipulated\Tp_S_NNN_S_N_pla00013_pla00013_01134_gt.png,Manipulated,,0.3896,0.0,0.05,15,0.49,0.42,0.81,7.73,1082.82,8.27,1084.81,2562.76
manipulated\Tp_S_NNN_S_N_pla00016_pla00016_00555_gt.png,Manipulated,,0.1214,0.05,0.05,13,0.49,0.39,0.74,7.33,968.39,7.61,990.19,1914.89
manipulated\Tp_S_NNN_S_N_pla00018_pla00018_00556_gt.png,Manipulated,,0.1867,0.0833,0.06,15,0.53,0.5,0.97,8.43,1240.25,9.94,1258.1,2126.85
manipulated\Tp_S_NNN_S_N_pla00021_pla00021_00559_gt.png,Manipulated,,0.268,0.0333,0.04,12,0.42,0.31,0.58,6.55,762.01,6.0,769.94,1840.69
manipulated\Tp_S_NNN_S_N_pla00027_pla00027_00564_gt.png,Manipulated,,0.3478,0.0333,0.06,14,0.54,0.56,1.02,8.59,1404.96,10.48,1410.25,2819.35
manipulated\Tp_S_NNN_S_N_pla00028_pla00028_01144_gt.png,Manipulated,,0.6973,0.0167,0.02,12,0.31,0.18,0.35,5.06,449.8,3.55,461.7,1912.0
manipulated\Tp_S_NNN_S_N_pla00037_pla00037_01150_gt.png,Manipulated,,0.6464,0.0,0.01,12,0.25,0.14,0.26,4.4,314.86,2.74,321.47,1066.36
manipulated\Tp_S_NNN_S_N_pla00043_pla00043_00578_gt.png,Manipulated,,0.7029,0.0167,0.03,14,0.37,0.23,0.45,5.73,575.48,4.61,610.49,2246.97
manipulated\Tp_S_NNN_S_N_pla00049_pla00049_00584_gt.png,Manipulated,,0.3437,0.0167,0.07,15,0.59,0.71,1.35,9.87,1758.84,13.9,1810.42,3521.92
manipulated\Tp_S_NNN_S_N_pla00051_pla00051_00585_gt.png,Manipulated,,0.1588,0.0167,0.04,13,0.45,0.38,0.74,7.34,968.39,7.57,1002.11,2786.8
manipulated\Tp_S_NNN_S_N_pla00061_pla00061_00592_gt.png,Manipulated,,0.1953,0.0333,0.06,14,0.54,0.46,0.84,7.87,1232.32,8.66,1236.94,1863.16
manipulated\Tp_S_NNN_S_N_pla00077_pla00077_00602_gt.png,Manipulated,,0.5224,0.0,0.04,13,0.44,0.36,0.69,7.12,894.31,7.08,910.84,2346.04
manipulated\Tp_S_NNN_S_N_pla00078_pla00078_00603_gt.png,Manipulated,,0.3099,0.0333,0.04,12,0.45,0.39,0.72,7.28,978.97,7.46,984.26,2293.77
manipulated\Tp_S_NNN_S_N_pla00088_pla00088_01189_gt.png,Manipulated,,0.5799,0.05,0.03,12,0.39,0.31,0.59,6.53,674.7,6.13,693.22,1503.16
manipulated\Tp_S_NNN_S_N_pla00092_pla00092_00934_gt.png,Manipulated,,0.3772,0.0333,0.03,12,0.39,0.25,0.48,5.96,650.88,4.94,656.18,2180.63
manipulated\Tp_S_NNN_S_N_pla00095_pla00095_00931_gt.png,Manipulated,,0.5048,0.0,0.01,13,0.24,0.11,0.2,3.78,261.94,2.02,271.2,1146.12
manipulated\Tp_S_NNN_S_N_pla20005_pla20005_01905_gt.png,Manipulated,,0.4638,0.0833,0.01,12,0.17,0.07,0.13,3.05,130.05,1.35,127.66,584.69
manipulated\Tp_S_NNN_S_N_pla20015_pla20015_02391_gt.png,Manipulated,,0.2697,0.0,0.02,15,0.31,0.16,0.29,4.6,384.73,2.97,436.62,1682.43
manipulated\Tp_S_NNN_S_N_pla20021_pla20021_02389_gt.png,Manipulated,,0.1672,0.0333,0.05,15,0.47,0.47,0.95,8.33,1064.91,9.81,951.63,2280.55
manipulated\Tp_S_NNN_S_N_pla20023_pla20023_02387_gt.png,Manipulated,,0.6464,0.0167,0.04,14,0.44,0.43,0.86,7.9,987.96,8.87,789.39,2373.28
manipulated\Tp_S_NNN_S_N_pla20024_pla20024_01924_gt.png,Manipulated,,0.6464,0.0,0.01,12,0.23,0.1,0.2,3.81,263.72,2.01,295.93,1587.78
manipulated\Tp_S_NNN_S_N_pla20038_pla20038_01938_gt.png,Manipulated,,0.5962,0.0,0.01,14,0.18,0.05,0.09,2.59,117.53,0.93,96.84,860.72
manipulated\Tp_S_NNN_S_N_pla20057_pla20057_02374_gt.png,Manipulated,,0.0796,0.0833,0.04,15,0.45,0.41,0.77,7.5,1014.97,7.93,940.59,2371.94
manipulated\Tp_S_NNN_S_N_pla20064_pla20064_02369_gt.png,Manipulated,,0.3311,0.0333,0.01,14,0.24,0.1,0.2,3.89,255.37,2.06,667.78,3545.67
manipulated\Tp_S_NNN_S_N_pla20067_pla20067_02367_gt.png,Manipulated,,0.396,0.0333,0.01,14,0.25,0.11,0.22,4.0,287.0,2.22,261.87,1212.41
manipulated\Tp_S_NNN_S_N_pla20070_pla20070_01970_gt.png,Manipulated,,0.3286,0.0333,0.03,15,0.4,0.28,0.52,6.19,725.0,5.28,864.11,2672.79
manipulated\Tp_S_NNN_S_N_pla20073_pla20073_01973_gt.png,Manipulated,,0.1921,0.0667,0.03,15,0.39,0.25,0.49,6.02,655.86,5.06,684.66,1892.27
manipulated\Tp_S_NNN_S_N_pla20076_pla20076_01976_gt.png,Manipulated,,0.7268,0.0167,0.01,12,0.18,0.06,0.12,3.0,150.51,1.26,168.44,1109.76
manipulated\Tp_S_NNN_S_N_pla20085_pla20085_01985_gt.png,Manipulated,,0.4475,0.1,0.01,14,0.26,0.12,0.22,4.06,294.7,2.32,319.08,1312.69
manipulated\Tp_S_NNN_S_N_pla20086_pla20086_01986_gt.png,Manipulated,,0.5494,0.0333,0.01,15,0.24,0.11,0.21,3.94,274.62,2.14,258.47,1184.46
manipulated\Tp_S_NNN_S_N_sec00007_sec00007_10788_gt.png,Manipulated,,0.6464,0.0,0.02,11,0.25,0.49,0.96,8.15,742.17,10.12,738.2,1655.5
manipulated\Tp_S_NNN_S_N_sec00008_sec00008_10799_gt.png,Manipulated,,0.7271,0.0167,0.01,10,0.17,0.12,0.23,4.05,201.09,2.43,201.09,964.38
manipulated\Tp_S_NNN_S_N_sec00025_sec00025_10772_gt.png,Manipulated,,0.6464,0.0,0.01,10,0.17,0.12,0.34,5.24,302.95,3.6,303.61,1048.18
manipulated\Tp_S_NNN_S_N_sec00029_sec00029_00050_gt.png,Manipulated,,0.1037,0.0,0.06,15,0.53,0.62,1.26,9.84,1445.95,12.25,1468.14,3472.51
manipulated\Tp_S_NNN_S_N_sec00032_sec00032_00053_gt.png,Manipulated,,0.5986,0.0,0.01,12,0.26,0.24,0.46,5.71,415.4,4.84,418.71,1134.0
manipulated\Tp_S_NNN_S_N_sec00036_sec00036_10504_gt.png,Manipulated,,0.5007,0.0167,0.01,12,0.26,0.16,0.31,4.7,330.73,3.18,347.91,927.67
manipulated\Tp_S_NNN_S_N_sec00048_sec00048_00792_gt.png,Manipulated,,0.4805,0.0,0.01,12,0.26,0.13,0.24,4.22,301.63,2.51,301.63,1446.56
manipulated\Tp_S_NNN_S_N_sec00064_sec00064_11259_gt.png,Manipulated,,0.7341,0.0167,0.02,12,0.3,0.2,0.39,5.33,452.44,4.04,460.38,1501.63
manipulated\Tp_S_NNN_S_N_sec00066_sec00066_00087_gt.png,Manipulated,,0.7298,0.0167,0.02,12,0.3,0.17,0.33,4.91,410.11,3.38,419.37,890.33
manipulated\Tp_S_NNN_S_N_sec00072_sec00072_10385_gt.png,Manipulated,,0.6464,0.0,0.02,12,0.33,0.25,0.5,6.01,492.13,5.23,488.16,1914.61
manipulated\Tp_S_NNN_S_N_sec00077_sec00077_00752_gt.png,Manipulated,,0.6464,0.0,0.02,14,0.32,0.23,0.47,5.79,457.07,4.86,457.07,1039.73
manipulated\Tp_S_NNN_S_N_sec00086_sec00086_00106_gt.png,Manipulated,,0.3345,0.0,0.03,13,0.39,0.24,0.48,5.95,550.34,4.92,550.34,1846.56
manipulated\Tp_S_NNN_S_N_sec00098_sec00098_10334_gt.png,Manipulated,,0.8472,0.0,0.01,12,0.27,0.14,0.26,4.43,343.96,2.72,343.96,1649.59
manipulated\Tp_S_NNN_S_N_sec00098_sec00098_10335_gt.png,Manipulated,,0.7659,0.0167,0.04,17,0.45,0.35,0.68,7.05,903.57,6.98,916.13,1877.05
manipulated\Tp_S_NNN_S_N_sec00100_sec00100_00757_gt.png,Manipulated,,0.6718,0.0,0.02,12,0.32,0.18,0.34,5.03,439.22,3.56,439.22,1618.67
manipulated\Tp_S_NNN_S_N_sec20011_sec20011_02120_gt.png,Manipulated,,0.6841,0.0,0.01,12,0.16,0.05,0.1,2.67,125.92,0.99,112.35,673.51
manipulated\Tp_S_NNN_S_N_sec20013_sec20013_02122_gt.png,Manipulated,,0.7202,0.0,0.0,14,0.13,0.03,0.05,1.96,65.78,0.54,56.72,469.71
manipulated\Tp_S_NNN_S_N_sec20044_sec20044_01634_gt.png,Manipulated,,0.7039,0.0,0.01,12,0.17,0.05,0.1,2.67,121.31,1.0,142.52,848.69
manipulated\Tp_S_NNN_S_N_sec20067_sec20067_01657_gt.png,Manipulated,,0.1112,0.0333,0.02,14,0.34,0.21,0.4,5.44,501.08,4.17,442.44,1475.76
manipulated\Tp_S_NNN_S_N_sec20071_sec20071_01661_gt.png,Manipulated,,0.6464,0.0,0.0,12,0.11,0.03,0.05,1.89,63.62,0.5,52.84,438.94
manipulated\Tp_S_NNN_S_N_sec20098_sec20098_01688_gt.png,Manipulated,,0.6709,0.0,0.01,14,0.17,0.05,0.1,2.65,126.95,0.99,103.64,649.32
manipulated\Tp_S_NNN_S_N_txt00060_txt00060_01282_gt.png,Manipulated,,0.4118,0.1,0.08,16,0.62,0.74,1.15,9.1,1994.99,11.77,2029.38,3285.81
manipulated\Tp_S_NNN_S_N_txt00073_txt00073_01286_gt.png,Manipulated,,0.6112,0.0,0.02,13,0.29,0.13,0.25,4.23,293.69,2.56,297.66,844.12
manipulated\Tp_S_NNN_S_O_ani00072_ani00072_00826_gt.png,Manipulated,,0.3322,0.05,0.05,14,0.47,0.39,0.74,7.38,968.39,7.64,983.59,1998.39
manipulated\Tp_S_NNN_S_O_arc00023_arc00023_01099_gt.png,Manipulated,,0.5976,0.0,0.02,12,0.28,0.16,0.33,5.04,447.15,3.37,453.11,1511.56
manipulated\Tp_S_NNN_S_O_art00019_art00019_20038_gt.png,Manipulated,,0.0473,0.0667,0.05,13,0.51,0.43,0.83,7.82,1132.43,8.5,1141.69,2030.03
manipulated\Tp_S_NNN_S_O_art10004_art10004_20042_gt.png,Manipulated,,0.4318,0.0333,0.01,14,0.27,0.12,0.24,4.22,305.91,2.45,362.79,1562.17
manipulated\Tp_S_NNN_S_O_cha00055_cha00055_11728_gt.png,Manipulated,,0.6084,0.0,0.01,11,0.19,0.07,0.13,3.05,134.94,1.34,138.25,329.59
manipulated\Tp_S_NNN_S_O_nat00053_nat00053_00969_gt.png,Manipulated,,0.6464,0.0167,0.01,14,0.23,0.11,0.21,3.9,214.32,2.18,238.11,822.29
manipulated\Tp_S_NRD_S_B_ani00042_ani00042_00162_gt.png,Manipulated,,0.2204,0.0333,0.02,15,0.32,0.2,0.36,5.16,488.16,3.73,494.12,1584.87
manipulated\Tp_S_NRD_S_B_ani00046_ani00046_01259_gt.png,Manipulated,,0.3056,0.1,0.04,12,0.41,0.34,0.68,7.03,722.32,7.11,753.4,1669.85
manipulated\Tp_S_NRD_S_B_arc00047_arc00047_01079_gt.png,Manipulated,,0.6464,0.0,0.01,12,0.26,0.12,0.25,4.25,267.23,2.57,324.66,1078.84
manipulated\Tp_S_NRD_S_B_arc20003_arc20003_01456_gt.png,Manipulated,,0.4167,0.05,0.02,15,0.27,0.16,0.32,4.84,388.2,3.3,394.71,1312.69
manipulated\Tp_S_NRD_S_B_ind00055_ind00055_01344_gt.png,Manipulated,,0.7128,0.0,0.01,12,0.23,0.11,0.21,3.93,240.77,2.22,236.14,842.08
manipulated\Tp_S_NRD_S_B_ind20058_ind20058_02301_gt.png,Manipulated,,0.6584,0.0,0.01,11,0.11,0.15,0.29,4.53,207.93,3.11,199.2,725.95
manipulated\Tp_S_NRD_S_B_nat00038_nat00038_00957_gt.png,Manipulated,,0.6464,0.0,0.02,13,0.27,0.14,0.28,4.46,298.98,2.85,299.64,1005.6
manipulated\Tp_S_NRD_S_B_pla20048_pla20048_02379_gt.png,Manipulated,,0.5273,0.0167,0.01,12,0.2,0.06,0.12,2.99,148.08,1.26,133.58,764.99
manipulated\Tp_S_NRD_S_B_sec00066_sec00066_00744_gt.png,Manipulated,,0.7277,0.1,0.04,13,0.46,0.38,0.75,7.37,844.03,7.82,851.31,2117.79
manipulated\Tp_S_NRD_S_B_sec20070_sec20070_01660_gt.png,Manipulated,,0.6464,0.0,0.01,13,0.18,0.08,0.16,3.38,160.79,1.64,147.32,745.64
manipulated\Tp_S_NRD_S_N_ani00001_ani00001_00014_gt.png,Manipulated,,0.5279,0.05,0.05,15,0.46,0.4,0.79,7.6,1034.54,8.08,1055.03,2399.34
manipulated\Tp_S_NRD_S_N_ani00078_ani00078_00822_gt.png,Manipulated,,0.1322,0.0,0.03,15,0.4,0.34,0.65,6.86,734.89,6.77,739.52,1503.75
manipulated\Tp_S_NRD_S_N_ani00081_ani00081_00201_gt.png,Manipulated,,0.2969,0.0,0.04,13,0.41,0.29,0.55,6.33,719.68,5.62,725.63,2138.76
manipulated\Tp_S_NRD_S_N_ani00095_ani00095_01255_gt.png,Manipulated,,0.1479,0.0,0.05,15,0.49,0.48,0.93,8.23,1095.39,9.66,1108.61,2398.33
manipulated\Tp_S_NRD_S_N_ani20011_ani20011_02054_gt.png,Manipulated,,0.6464,0.0333,0.02,12,0.34,0.2,0.4,5.43,497.35,4.02,614.65,1964.57
manipulated\Tp_S_NRD_S_N_arc00011_arc00011_11150_gt.png,Manipulated,,0.5864,0.05,0.02,12,0.31,0.23,0.46,5.76,473.61,4.78,495.43,1509.9
manipulated\Tp_S_NRD_S_N_arc00043_arc00043_00263_gt.png,Manipulated,,0.6816,0.05,0.01,10,0.25,0.13,0.26,4.36,248.71,2.77,248.71,1192.78
manipulated\Tp_S_NRD_S_N_arc00043_arc00043_01082_gt.png,Manipulated,,0.7222,0.0,0.01,12,0.18,0.05,0.09,2.53,116.42,0.89,116.42,558.32
manipulated\Tp_S_NRD_S_N_arc10121_arc10121_12106_gt.png,Manipulated,,0.7195,0.0667,0.0,13,0.12,0.04,0.08,2.39,75.86,0.83,64.23,494.67
manipulated\Tp_S_NRD_S_N_arc10123_arc10123_11926_gt.png,Manipulated,,0.8492,0.1,0.02,14,0.28,0.19,0.37,5.18,373.29,3.88,313.47,1283.05
manipulated\Tp_S_NRD_S_N_arc20079_arc20079_01719_gt.png,Manipulated,,0.6464,0.0,0.01,14,0.21,0.12,0.24,4.14,240.96,2.46,221.19,1048.4
manipulated\Tp_S_NRD_S_N_art00041_art00041_00925_gt.png,Manipulated,,0.4861,0.0,0.03,15,0.4,0.29,0.56,6.35,661.47,5.78,678.66,1905.13
manipulated\Tp_S_NRD_S_N_art00089_art00089_10340_gt.png,Manipulated,,0.0097,0.0167,0.03,13,0.33,0.57,1.11,8.8,886.37,11.75,885.71,1278.95
manipulated\Tp_S_NRD_S_N_cha00015_cha00015_11154_gt.png,Manipulated,,0.1895,0.0333,0.05,13,0.5,0.49,0.9,8.09,1181.38,9.28,1222.37,2317.99
manipulated\Tp_S_NRD_S_N_cha00069_cha00069_00389_gt.png,Manipulated,,0.4483,0.05,0.05,14,0.49,0.43,0.83,7.81,1045.78,8.61,1063.64,2532.3
manipulated\Tp_S_NRD_S_N_cha00081_cha00081_00866_gt.png,Manipulated,,0.1826,0.0167,0.04,12,0.45,0.37,0.75,7.51,969.71,7.65,974.34,2062.53
manipulated\Tp_S_NRD_S_N_cha10154_cha10154_12266_gt.png,Manipulated,,0.5173,0.05,0.01,12,0.21,0.09,0.18,3.61,202.3,1.85,164.31,720.98
manipulated\Tp_S_NRD_S_N_cha20041_cha20041_02040_gt.png,Manipulated,,0.591,0.0167,0.01,12,0.24,0.11,0.22,3.99,226.38,2.28,185.34,660.29
manipulated\Tp_S_NRD_S_N_ind00081_ind00081_10670_gt.png,Manipulated,,0.6464,0.0,0.02,12,0.29,0.2,0.41,5.43,429.29,4.21,432.6,1336.35
manipulated\Tp_S_NRD_S_N_ind00083_ind00083_10671_gt.png,Manipulated,,0.6782,0.0,0.01,11,0.23,0.2,0.38,5.19,314.86,4.04,318.17,722.08
manipulated\Tp_S_NRD_S_N_ind20021_ind20021_02278_gt.png,Manipulated,,0.6253,0.0167,0.0,9,0.09,0.09,0.17,3.48,134.87,1.81,111.13,532.66
manipulated\Tp_S_NRD_S_N_nat00028_nat00028_00644_gt.png,Manipulated,,0.4086,0.0333,0.08,15,0.6,0.68,1.34,9.93,1645.73,13.7,1682.73,2991.12
manipulated\Tp_S_NRD_S_N_pla00040_pla00040_01152_gt.png,Manipulated,,0.7067,0.0167,0.02,14,0.32,0.17,0.34,5.01,444.51,3.52,439.22,1139.66
manipulated\Tp_S_NRD_S_N_pla20018_pla20018_01918_gt.png,Manipulated,,0.5216,0.0167,0.02,14,0.29,0.17,0.35,5.07,372.43,3.66,314.73,1412.61
manipulated\Tp_S_NRD_S_N_pla20071_pla20071_01971_gt.png,Manipulated,,0.8061,0.0833,0.02,13,0.28,0.13,0.27,4.44,295.94,2.79,294.52,1220.47
manipulated\Tp_S_NRN_M_B_ani00029_ani00029_20121_gt.png,Manipulated,,0.09,0.1,0.08,14,0.62,0.64,1.3,9.87,1783.32,13.12,1797.86,2673.44
manipulated\Tp_S_NRN_M_B_sec00032_sec00032_11252_gt.png,Manipulated,,0.495,0.0,0.02,16,0.29,0.25,0.49,5.91,492.13,5.09,491.47,1193.26
manipulated\Tp_S_NRN_M_N_arc00078_arc00078_11878_gt.png,Manipulated,,0.5474,0.0,0.03,12,0.38,0.27,0.53,6.23,617.81,5.54,617.81,1658.39
manipulated\Tp_S_NRN_M_N_art00015_art00015_10272_gt.png,Manipulated,,0.2829,0.0333,0.05,15,0.52,0.47,0.84,7.79,1180.06,8.63,1186.01,2140.96
manipulated\Tp_S_NRN_M_N_art00030_art00030_10470_gt.png,Manipulated,,0.0049,0.1,0.02,14,0.24,0.39,0.76,7.26,567.54,8.05,580.77,1016.55
manipulated\Tp_S_NRN_M_N_art00041_art00041_10544_gt.png,Manipulated,,0.5584,0.0167,0.04,13,0.41,0.3,0.58,6.51,705.13,6.03,699.83,1973.17
manipulated\Tp_S_NRN_M_N_art00055_art00055_10465_gt.png,Manipulated,,0.0216,0.0333,0.03,12,0.39,0.5,0.98,8.38,877.77,10.04,876.42,1302.87
manipulated\Tp_S_NRN_M_N_art00087_art00087_10338_gt.png,Manipulated,,0.0976,0.0167,0.04,13,0.45,0.35,0.66,6.91,866.52,6.76,875.12,1770.39
manipulated\Tp_S_NRN_M_N_art00093_art00093_10485_gt.png,Manipulated,,0.264,0.0333,0.07,13,0.56,0.58,1.19,9.29,1326.91,12.26,1409.48,2433.09
manipulated\Tp_S_NRN_M_N_cha00009_cha00009_11156_gt.png,Manipulated,,0.4895,0.0167,0.05,14,0.5,0.44,0.82,7.72,1117.88,8.39,1141.02,2480.45
manipulated\Tp_S_NRN_M_N_cha00055_cha00055_11727_gt.png,Manipulated,,0.2872,0.0333,0.04,15,0.43,0.4,0.79,7.55,902.9,8.12,902.24,2091.49
manipulated\Tp_S_NRN_M_N_cha00058_cha00058_10314_gt.png,Manipulated,,0.0075,0.0,0.01,1,0.09,0.39,0.75,7.17,508.01,7.97,508.01,879.9
manipulated\Tp_S_NRN_M_N_cha00067_cha00067_10316_gt.png,Manipulated,,0.0056,0.0,0.01,1,0.07,0.26,0.5,5.87,338.67,5.31,338.67,757.29
manipulated\Tp_S_NRN_M_N_cha00067_cha00067_10319_gt.png,Manipulated,,0.5049,0.0167,0.06,15,0.52,0.51,1.05,8.75,1153.6,10.89,1177.4,3053.31
manipulated\Tp_S_NRN_M_N_ind00070_ind00070_10694_gt.png,Manipulated,,0.4855,0.05,0.03,13,0.36,0.31,0.61,6.61,637.66,6.32,636.33,1172.75
manipulated\Tp_S_NRN_M_N_ind00070_ind00070_10931_gt.png,Manipulated,,0.0667,0.0,0.02,12,0.27,0.35,0.69,6.95,550.34,7.28,549.68,960.18
manipulated\Tp_S_NRN_M_N_ind00075_ind00075_10679_gt.png,Manipulated,,0.0052,0.0,0.01,14,0.16,0.26,0.5,5.91,362.48,5.35,362.48,811.71
manipulated\Tp_S_NRN_M_N_nat00020_nat00020_11045_gt.png,Manipulated,,0.4873,0.05,0.02,13,0.31,0.32,0.64,6.72,579.45,6.66,579.45,1561.2
manipulated\Tp_S_NRN_M_N_nat10131_nat10131_11901_gt.png,Manipulated,,0.6975,0.1,0.03,14,0.36,0.35,0.71,7.14,672.26,7.41,632.63,1791.77
manipulated\Tp_S_NRN_M_N_nat10145_nat10145_11978_gt.png,Manipulated,,0.0177,0.1,0.02,14,0.31,0.21,0.43,5.57,436.04,4.49,407.2,1067.39
manipulated\Tp_S_NRN_M_N_pla00020_pla00020_10988_gt.png,Manipulated,,0.5364,0.0333,0.06,15,0.54,0.55,1.08,8.92,1407.6,11.05,1451.91,2976.52
manipulated\Tp_S_NRN_M_N_sec00070_sec00070_10716_gt.png,Manipulated,,0.0086,0.0,0.0,0,0.0,0.26,0.5,5.87,338.67,5.31,338.67,757.29
manipulated\Tp_S_NRN_S_B_ani00096_ani00096_00216_gt.png,Manipulated,,0.4377,0.0,0.06,14,0.52,0.55,1.09,8.89,1251.5,11.28,1248.19,2406.03
manipulated\Tp_S_NRN_S_B_ani00097_ani00097_10059_gt.png,Manipulated,,0.8947,0.0167,0.05,12,0.48,0.44,0.85,7.9,1068.93,8.74,1087.45,2680.63
manipulated\Tp_S_NRN_S_B_ani20050_ani20050_02093_gt.png,Manipulated,,0.2701,0.0333,0.06,17,0.52,0.53,0.97,8.47,1432.66,9.9,1463.31,3676.23
manipulated\Tp_S_NRN_S_B_arc00029_arc00029_01093_gt.png,Manipulated,,0.6464,0.0,0.01,12,0.25,0.15,0.28,4.56,320.15,2.96,319.49,1247.11
manipulated\Tp_S_NRN_S_B_arc00052_arc00052_01074_gt.png,Manipulated,,0.1247,0.0,0.03,13,0.39,0.27,0.52,6.2,681.31,5.3,692.55,2168.79
manipulated\Tp_S_NRN_S_B_arc00095_arc00095_00315_gt.png,Manipulated,,0.3769,0.0,0.03,12,0.39,0.29,0.59,6.54,624.43,6.14,636.33,1579.49
manipulated\Tp_S_NRN_S_B_art00039_art00039_01415_gt.png,Manipulated,,0.0637,0.0333,0.05,13,0.51,0.48,0.95,8.44,1188.0,9.59,1190.61,1914.93
manipulated\Tp_S_NRN_S_B_art10106_art10106_11590_gt.png,Manipulated,,0.6068,0.0,0.02,12,0.27,0.15,0.26,4.34,346.61,2.7,361.82,1127.69
manipulated\Tp_S_NRN_S_B_cha10211_cha10211_12330_gt.png,Manipulated,,0.4005,0.0667,0.01,12,0.2,0.09,0.17,3.57,204.5,1.81,184.8,781.03
manipulated\Tp_S_NRN_S_B_ind00017_ind00017_00889_gt.png,Manipulated,,0.704,0.0,0.01,13,0.18,0.19,0.36,5.04,273.19,3.83,273.19,736.23
manipulated\Tp_S_NRN_S_B_ind00024_ind00024_20090_gt.png,Manipulated,,0.1525,0.05,0.04,13,0.43,0.34,0.64,6.78,783.18,6.59,785.16,1827.72
manipulated\Tp_S_NRN_S_B_ind10002_ind10002_20010_gt.png,Manipulated,,0.4411,0.0167,0.01,15,0.22,0.1,0.19,3.75,211.2,1.97,193.8,1095.19
manipulated\Tp_S_NRN_S_B_nat20079_nat20079_01583_gt.png,Manipulated,,0.6767,0.0333,0.01,13,0.19,0.08,0.15,3.27,150.74,1.55,134.94,551.67
manipulated\Tp_S_NRN_S_B_nat20099_nat20099_01603_gt.png,Manipulated,,0.5908,0.0,0.01,13,0.16,0.06,0.11,2.9,139.91,1.18,186.51,1034.03
manipulated\Tp_S_NRN_S_B_pla20095_pla20095_01995_gt.png,Manipulated,,0.1444,0.1,0.03,12,0.37,0.23,0.47,5.88,533.68,4.86,554.23,1602.34
manipulated\Tp_S_NRN_S_B_sec00065_sec00065_00745_gt.png,Manipulated,,0.6176,0.0,0.02,12,0.27,0.13,0.26,4.45,345.29,2.64,347.93,1329.33
manipulated\Tp_S_NRN_S_B_sec20014_sec20014_01449_gt.png,Manipulated,,0.722,0.1,0.01,13,0.25,0.11,0.23,4.13,276.03,2.37,257.94,1306.89
manipulated\Tp_S_NRN_S_N_ani00002_ani00002_00002_gt.png,Manipulated,,0.8094,0.0167,0.03,17,0.39,0.27,0.52,6.2,711.74,5.33,718.35,2060.92
manipulated\Tp_S_NRN_S_N_ani00045_ani00045_00831_gt.png,Manipulated,,0.2749,0.05,0.06,13,0.55,0.56,1.07,8.88,1428.11,11.02,1440.68,2413.84
manipulated\Tp_S_NRN_S_N_ani00097_ani00097_00217_gt.png,Manipulated,,0.509,0.0,0.03,14,0.38,0.31,0.61,6.62,661.47,6.3,698.48,1771.41
manipulated\Tp_S_NRN_S_N_ani00099_ani00099_00219_gt.png,Manipulated,,0.7313,0.0,0.01,12,0.26,0.1,0.2,3.79,248.71,2.01,253.33,758.61
manipulated\Tp_S_NRN_S_N_ani10194_ani10194_12400_gt.png,Manipulated,,0.6059,0.0333,0.02,15,0.31,0.2,0.39,5.31,456.78,4.03,425.46,1510.01
manipulated\Tp_S_NRN_S_N_ani10212_ani10212_12376_gt.png,Manipulated,,0.6186,0.0333,0.01,13,0.26,0.12,0.23,4.07,312.32,2.33,320.05,1528.04
manipulated\Tp_S_NRN_S_N_ani10221_ani10221_12394_gt.png,Manipulated,,0.6464,0.0167,0.01,13,0.18,0.07,0.14,3.21,171.21,1.46,170.45,783.75
manipulated\Tp_S_NRN_S_N_ani20008_ani20008_02406_gt.png,Manipulated,,0.6677,0.1,0.03,15,0.37,0.24,0.44,5.71,599.57,4.58,572.27,1654.5
manipulated\Tp_S_NRN_S_N_ani20058_ani20058_02100_gt.png,Manipulated,,0.2018,0.0333,0.05,17,0.51,0.47,0.87,7.97,1226.49,8.95,1364.58,2943.42
manipulated\Tp_S_NRN_S_N_arc00019_arc00019_00239_gt.png,Manipulated,,0.6405,0.0167,0.03,12,0.36,0.27,0.52,6.2,673.37,5.36,703.75,3375.07
manipulated\Tp_S_NRN_S_N_arc00023_arc00023_01101_gt.png,Manipulated,,0.537,0.0,0.02,12,0.27,0.24,0.47,5.76,449.8,4.89,457.74,1074.74
manipulated\Tp_S_NRN_S_N_arc00090_arc00090_00781_gt.png,Manipulated,,0.1073,0.0333,0.03,14,0.41,0.32,0.63,6.75,730.26,6.49,737.53,2159.78
manipulated\Tp_S_NRN_S_N_arc20001_arc20001_02464_gt.png,Manipulated,,0.6828,0.05,0.01,12,0.16,0.06,0.11,2.86,120.81,1.17,111.4,845.69
manipulated\Tp_S_NRN_S_N_arc20012_arc20012_02155_gt.png,Manipulated,,0.4138,0.05,0.01,13,0.19,0.08,0.15,3.27,153.07,1.54,131.75,748.5
manipulated\Tp_S_NRN_S_N_arc20038_arc20038_01491_gt.png,Manipulated,,0.6488,0.0,0.0,14,0.14,0.04,0.09,2.51,109.84,0.88,98.78,918.34
manipulated\Tp_S_NRN_S_N_arc20040_arc20040_02176_gt.png,Manipulated,,0.6829,0.0333,0.01,13,0.18,0.06,0.11,2.78,128.04,1.1,112.62,645.62
manipulated\Tp_S_NRN_S_N_arc20065_arc20065_01705_gt.png,Manipulated,,0.5502,0.1,0.01,14,0.26,0.17,0.32,4.79,321.35,3.34,306.08,964.44
manipulated\Tp_S_NRN_S_N_arc20070_arc20070_01710_gt.png,Manipulated,,0.5927,0.0,0.01,15,0.22,0.08,0.16,3.48,201.59,1.67,175.63,1233.67
manipulated\Tp_S_NRN_S_N_arc20078_arc20078_01718_gt.png,Manipulated,,0.8466,0.0167,0.01,14,0.19,0.07,0.14,3.23,175.43,1.46,140.61,832.13
manipulated\Tp_S_NRN_S_N_arc20083_arc20083_01723_gt.png,Manipulated,,0.6464,0.0,0.0,10,0.14,0.05,0.09,2.6,115.4,0.94,182.88,1404.75
manipulated\Tp_S_NRN_S_N_art00019_art00019_10276_gt.png,Manipulated,,0.0646,0.0167,0.07,15,0.57,0.5,0.98,8.48,1411.57,10.0,1430.08,2234.91
manipulated\Tp_S_NRN_S_N_art00022_art00022_10740_gt.png,Manipulated,,0.3961,0.0,0.03,12,0.4,0.32,0.62,6.74,742.83,6.41,738.2,1806.14
manipulated\Tp_S_NRN_S_N_art00024_art00024_10737_gt.png,Manipulated,,0.1151,0.0333,0.04,12,0.43,0.35,0.69,7.12,853.29,7.14,851.31,1597.83
manipulated\Tp_S_NRN_S_N_art00030_art00030_10469_gt.png,Manipulated,,0.6018,0.0333,0.05,13,0.48,0.43,0.85,7.92,1022.63,8.78,1039.82,2454.37
manipulated\Tp_S_NRN_S_N_art00040_art00040_01414_gt.png,Manipulated,,0.6606,0.0333,0.02,12,0.32,0.17,0.33,4.9,418.05,3.4,435.9,1740.55
manipulated\Tp_S_NRN_S_N_art00042_art00042_01226_gt.png,Manipulated,,0.5155,0.0,0.01,12,0.26,0.14,0.27,4.53,373.73,2.81,375.05,1392.34
manipulated\Tp_S_NRN_S_N_art00063_art00063_01028_gt.png,Manipulated,,0.5707,0.0,0.02,14,0.28,0.14,0.27,4.49,345.29,2.79,357.84,1218.79
manipulated\Tp_S_NRN_S_N_art00095_art00095_01386_gt.png,Manipulated,,0.5324,0.0333,0.02,14,0.3,0.2,0.38,5.26,484.19,3.95,476.25,1781.96
manipulated\Tp_S_NRN_S_N_art20032_art20032_01838_gt.png,Manipulated,,0.7143,0.1,0.04,15,0.42,0.26,0.5,6.08,692.04,5.19,624.74,1885.35
manipulated\Tp_S_NRN_S_N_art20046_art20046_01852_gt.png,Manipulated,,0.3668,0.0333,0.01,15,0.25,0.12,0.24,4.19,273.73,2.51,238.88,926.71
manipulated\Tp_S_NRN_S_N_art20051_art20051_01857_gt.png,Manipulated,,0.6464,0.0167,0.02,13,0.27,0.14,0.28,4.55,314.13,2.9,293.12,972.04
manipulated\Tp_S_NRN_S_N_art20057_art20057_01863_gt.png,Manipulated,,0.6464,0.0,0.01,15,0.27,0.1,0.21,3.93,269.84,2.14,245.77,1143.38
manipulated\Tp_S_NRN_S_N_art20068_art20068_01874_gt.png,Manipulated,,0.4531,0.1,0.05,17,0.49,0.44,0.82,7.76,1111.4,8.47,1145.22,3012.76
manipulated\Tp_S_NRN_S_N_art20073_art20073_01879_gt.png,Manipulated,,0.1384,0.0667,0.03,15,0.37,0.24,0.46,5.78,593.4,4.74,507.68,1301.23
manipulated\Tp_S_NRN_S_N_art20077_art20077_02316_gt.png,Manipulated,,0.6464,0.05,0.01,17,0.22,0.08,0.16,3.4,208.13,1.62,202.09,840.22
manipulated\Tp_S_NRN_S_N_art20094_art20094_01900_gt.png,Manipulated,,0.1111,0.0667,0.04,14,0.43,0.32,0.62,6.73,818.5,6.32,745.89,2136.43
manipulated\Tp_S_NRN_S_N_cha00036_cha00036_11736_gt.png,Manipulated,,0.4543,0.0333,0.02,14,0.31,0.15,0.29,4.63,362.48,3.01,375.71,898.13
manipulated\Tp_S_NRN_S_N_cha00040_cha00040_11033_gt.png,Manipulated,,0.6978,0.0,0.01,11,0.2,0.08,0.15,3.28,174.63,1.52,186.53,707.72
manipulated\Tp_S_NRN_S_N_cha00046_cha00046_11006_gt.png,Manipulated,,0.5441,0.0333,0.03,12,0.35,0.23,0.45,5.69,521.24,4.61,525.21,1214.33
manipulated\Tp_S_NRN_S_N_cha00049_cha00049_11002_gt.png,Manipulated,,0.6464,0.0,0.01,12,0.2,0.18,0.36,4.99,285.75,3.76,285.75,1033.6
manipulated\Tp_S_NRN_S_N_cha00059_cha00059_11029_gt.png,Manipulated,,0.3345,0.0,0.04,12,0.41,0.28,0.54,6.34,716.37,5.58,739.52,2695.88
manipulated\Tp_S_NRN_S_N_cha00080_cha00080_00400_gt.png,Manipulated,,0.1464,0.0333,0.03,13,0.4,0.32,0.64,6.82,695.86,6.64,701.82,1969.0
manipulated\Tp_S_NRN_S_N_cha00081_cha00081_10190_gt.png,Manipulated,,0.4104,0.0,0.04,12,0.45,0.4,0.78,7.55,975.0,7.96,1024.53,2440.95
manipulated\Tp_S_NRN_S_N_cha00083_cha00083_11016_gt.png,Manipulated,,0.5266,0.0167,0.02,13,0.3,0.22,0.43,5.56,476.26,4.47,481.55,1152.97
manipulated\Tp_S_NRN_S_N_cha00097_cha00097_00877_gt.png,Manipulated,,0.6464,0.0,0.01,12,0.25,0.1,0.19,3.73,228.87,1.95,232.17,1113.47
manipulated\Tp_S_NRN_S_N_cha10122_cha10122_12157_gt.png,Manipulated,,0.6473,0.0333,0.02,14,0.3,0.17,0.33,4.87,398.14,3.36,350.2,1248.96
manipulated\Tp_S_NRN_S_N_cha10129_cha10129_12178_gt.png,Manipulated,,0.4658,0.0,0.01,11,0.18,0.06,0.12,2.94,139.11,1.22,117.02,683.71
manipulated\Tp_S_NRN_S_N_cha10132_cha10132_12216_gt.png,Manipulated,,0.4904,0.0333,0.02,14,0.33,0.23,0.46,5.78,532.68,4.76,558.73,1686.85
manipulated\Tp_S_NRN_S_N_cha10152_cha10152_12217_gt.png,Manipulated,,0.5737,0.05,0.01,12,0.19,0.1,0.19,3.67,168.61,1.98,135.82,528.67
manipulated\Tp_S_NRN_S_N_cha10160_cha10160_12258_gt.png,Manipulated,,0.5448,0.05,0.02,13,0.31,0.18,0.36,5.13,409.48,3.74,356.73,1321.09
manipulated\Tp_S_NRN_S_N_cha10203_cha10203_12354_gt.png,Manipulated,,0.3963,0.0333,0.0,12,0.13,0.03,0.05,2.01,69.76,0.47,58.89,303.5
manipulated\Tp_S_NRN_S_N_cha10206_cha10206_12343_gt.png,Manipulated,,0.6362,0.0333,0.02,15,0.31,0.22,0.44,5.63,457.07,4.55,413.85,2345.24
manipulated\Tp_S_NRN_S_N_cha20009_cha20009_02008_gt.png,Manipulated,,0.5054,0.0167,0.01,12,0.19,0.08,0.16,3.4,190.33,1.6,169.47,1089.38
manipulated\Tp_S_NRN_S_N_ind00008_ind00008_01306_gt.png,Manipulated,,0.6623,0.1,0.03,14,0.35,0.2,0.38,5.32,500.07,3.91,525.19,1491.9
manipulated\Tp_S_NRN_S_N_ind00012_ind00012_01310_gt.png,Manipulated,,0.6464,0.0,0.01,12,0.22,0.21,0.41,5.41,362.48,4.33,365.79,1214.55
manipulated\Tp_S_NRN_S_N_ind00019_ind00019_01317_gt.png,Manipulated,,0.7272,0.0,0.01,12,0.21,0.08,0.16,3.51,216.96,1.68,219.6,860.53
manipulated\Tp_S_NRN_S_N_ind00024_ind00024_10712_gt.png,Manipulated,,0.1209,0.05,0.03,15,0.4,0.31,0.59,6.53,727.62,6.09,738.83,1758.21
manipulated\Tp_S_NRN_S_N_ind00032_ind00032_01325_gt.png,Manipulated,,0.6464,0.0,0.01,12,0.23,0.13,0.23,4.05,269.88,2.37,269.88,1294.29
manipulated\Tp_S_NRN_S_N_ind00037_ind00037_01328_gt.png,Manipulated,,0.559,0.0,0.03,15,0.37,0.23,0.44,5.71,609.87,4.53,612.52,1907.29
manipulated\Tp_S_NRN_S_N_ind00038_ind00038_10912_gt.png,Manipulated,,0.4541,0.0333,0.02,14,0.31,0.17,0.34,4.96,433.92,3.47,437.89,1154.9
manipulated\Tp_S_NRN_S_N_ind00038_ind00038_10913_gt.png,Manipulated,,0.5117,0.0,0.02,12,0.32,0.33,0.66,6.82,550.34,6.93,546.37,1007.25
manipulated\Tp_S_NRN_S_N_ind00042_ind00042_00899_gt.png,Manipulated,,0.7661,0.0,0.01,13,0.22,0.1,0.19,3.74,216.96,2.02,216.96,1040.51
manipulated\Tp_S_NRN_S_N_ind00043_ind00043_10890_gt.png,Manipulated,,0.6441,0.0,0.01,13,0.2,0.09,0.17,3.54,224.9,1.7,231.51,821.95
manipulated\Tp_S_NRN_S_N_ind00044_ind00044_10894_gt.png,Manipulated,,0.7436,0.0,0.01,12,0.26,0.12,0.23,4.05,259.3,2.35,262.6,942.33
manipulated\Tp_S_NRN_S_N_ind00047_ind00047_10893_gt.png,Manipulated,,0.6139,0.0333,0.03,12,0.38,0.25,0.49,5.97,588.71,5.02,596.64,1373.93
manipulated\Tp_S_NRN_S_N_ind00055_ind00055_00905_gt.png,Manipulated,,0.6645,0.0,0.01,14,0.24,0.08,0.16,3.45,195.79,1.68,209.68,849.61
manipulated\Tp_S_NRN_S_N_ind00068_ind00068_10690_gt.png,Manipulated,,0.6051,0.0,0.01,13,0.22,0.09,0.16,3.49,227.55,1.68,232.84,927.25
manipulated\Tp_S_NRN_S_N_ind00085_ind00085_10674_gt.png,Manipulated,,0.7327,0.0167,0.02,13,0.32,0.2,0.4,5.42,500.07,4.11,506.68,2125.54
manipulated\Tp_S_NRN_S_N_ind00090_ind00090_10643_gt.png,Manipulated,,0.6896,0.1,0.02,12,0.33,0.17,0.34,4.99,404.82,3.5,407.46,1531.0
manipulated\Tp_S_NRN_S_N_ind20006_ind20006_02266_gt.png,Manipulated,,0.6982,0.0833,0.01,12,0.18,0.06,0.11,2.86,140.53,1.16,124.36,566.9
manipulated\Tp_S_NRN_S_N_ind20028_ind20028_02283_gt.png,Manipulated,,0.6464,0.0,0.0,12,0.13,0.07,0.15,3.23,129.51,1.53,118.21,717.77
manipulated\Tp_S_NRN_S_N_ind20048_ind20048_01789_gt.png,Manipulated,,0.6714,0.0,0.01,12,0.22,0.08,0.16,3.53,208.46,1.61,172.39,1368.29
manipulated\Tp_S_NRN_S_N_ind20057_ind20057_02300_gt.png,Manipulated,,0.7553,0.0333,0.01,12,0.2,0.08,0.16,3.41,149.85,1.7,139.96,693.01
manipulated\Tp_S_NRN_S_N_nat00034_nat00034_00954_gt.png,Manipulated,,0.6464,0.0,0.02,12,0.31,0.18,0.34,4.94,428.63,3.47,433.92,1308.05
manipulated\Tp_S_NRN_S_N_nat00063_nat00063_00974_gt.png,Manipulated,,0.1743,0.0167,0.03,17,0.4,0.27,0.49,5.98,683.96,5.07,700.49,1842.57
manipulated\Tp_S_NRN_S_N_nat00086_nat00086_00988_gt.png,Manipulated,,0.3039,0.0,0.02,12,0.33,0.26,0.52,6.36,599.95,5.1,595.29,1607.59
manipulated\Tp_S_NRN_S_N_nat10131_nat10131_11900_gt.png,Manipulated,,0.7542,0.05,0.01,13,0.16,0.06,0.12,2.91,121.08,1.22,116.48,509.39
manipulated\Tp_S_NRN_S_N_nat10134_nat10134_11911_gt.png,Manipulated,,0.3391,0.0667,0.02,12,0.28,0.19,0.37,5.19,384.19,3.88,390.26,1203.32
manipulated\Tp_S_NRN_S_N_nat10140_nat10140_11952_gt.png,Manipulated,,0.1763,0.05,0.02,12,0.28,0.14,0.27,4.45,362.8,2.75,397.08,1156.83
manipulated\Tp_S_NRN_S_N_nat10147_nat10147_11995_gt.png,Manipulated,,0.5132,0.1,0.01,12,0.17,0.06,0.12,2.92,128.7,1.21,120.25,916.05
manipulated\Tp_S_NRN_S_N_nat10157_nat10157_12040_gt.png,Manipulated,,0.6066,0.0,0.02,14,0.29,0.17,0.34,4.99,371.5,3.49,333.31,1213.57
manipulated\Tp_S_NRN_S_N_nat20031_nat20031_01535_gt.png,Manipulated,,0.728,0.1,0.01,14,0.25,0.12,0.23,4.16,281.82,2.42,248.85,994.56
manipulated\Tp_S_NRN_S_N_nat20041_nat20041_01545_gt.png,Manipulated,,0.6464,0.0,0.01,12,0.19,0.06,0.12,3.02,138.3,1.28,130.88,427.33
manipulated\Tp_S_NRN_S_N_nat20051_nat20051_01555_gt.png,Manipulated,,0.6464,0.0167,0.01,12,0.23,0.1,0.19,3.7,224.57,1.94,213.53,1254.44
manipulated\Tp_S_NRN_S_N_nat20072_nat20072_01576_gt.png,Manipulated,,0.6464,0.0333,0.03,13,0.38,0.26,0.5,6.09,640.76,5.16,977.68,2631.56
manipulated\Tp_S_NRN_S_N_nat20093_nat20093_02457_gt.png,Manipulated,,0.6464,0.0167,0.02,14,0.29,0.17,0.32,4.91,395.41,3.32,368.57,1112.91
manipulated\Tp_S_NRN_S_N_nat20097_nat20097_02257_gt.png,Manipulated,,0.4987,0.0167,0.01,15,0.18,0.06,0.12,2.96,145.22,1.24,127.68,854.76
manipulated\Tp_S_NRN_S_N_pla00005_pla00005_10937_gt.png,Manipulated,,0.1477,0.0667,0.08,14,0.61,0.67,1.28,9.67,1710.56,13.15,1732.37,2728.0
manipulated\Tp_S_NRN_S_N_pla00016_pla00016_10961_gt.png,Manipulated,,0.3499,0.0167,0.02,12,0.29,0.17,0.32,4.79,391.59,3.26,391.59,1320.44
manipulated\Tp_S_NRN_S_N_pla00056_pla00056_01165_gt.png,Manipulated,,0.5357,0.0333,0.04,12,0.43,0.32,0.62,6.71,762.01,6.4,771.93,2189.86
manipulated\Tp_S_NRN_S_N_pla00065_pla00065_01172_gt.png,Manipulated,,0.5494,0.0,0.02,12,0.32,0.15,0.3,4.7,338.67,3.13,341.98,1167.61
manipulated\Tp_S_NRN_S_N_pla10123_pla10123_11554_gt.png,Manipulated,,0.564,0.0167,0.03,15,0.39,0.31,0.61,6.65,658.82,6.35,666.76,2135.29
manipulated\Tp_S_NRN_S_N_pla20047_pla20047_01947_gt.png,Manipulated,,0.6191,0.0333,0.01,11,0.17,0.07,0.14,3.24,145.75,1.5,122.01,768.21
manipulated\Tp_S_NRN_S_N_pla20061_pla20061_01961_gt.png,Manipulated,,0.4117,0.0333,0.01,14,0.2,0.07,0.14,3.22,176.74,1.44,155.22,857.88
manipulated\Tp_S_NRN_S_N_pla20072_pla20072_02364_gt.png,Manipulated,,0.7737,0.0167,0.01,12,0.17,0.07,0.13,3.07,137.86,1.36,134.65,647.19
manipulated\Tp_S_NRN_S_N_pla20079_pla20079_01979_gt.png,Manipulated,,0.6464,0.0,0.01,14,0.17,0.05,0.1,2.71,131.71,1.02,273.22,1731.94
manipulated\Tp_S_NRN_S_N_sec00028_sec00028_10783_gt.png,Manipulated,,0.8398,0.0,0.01,12,0.25,0.13,0.24,4.32,336.03,2.5,337.34,1169.12
manipulated\Tp_S_NRN_S_N_sec00061_sec00061_00729_gt.png,Manipulated,,0.4869,0.0667,0.04,13,0.43,0.42,0.84,7.78,931.35,8.68,943.91,1383.62
manipulated\Tp_S_NRN_S_N_sec00067_sec00067_11255_gt.png,Manipulated,,0.7174,0.0333,0.02,13,0.27,0.13,0.26,4.41,287.08,2.73,370.24,943.23
manipulated\Tp_S_NRN_S_N_sec00070_sec00070_10717_gt.png,Manipulated,,0.6464,0.0,0.03,15,0.35,0.22,0.43,5.58,535.13,4.38,559.58,1560.91
manipulated\Tp_S_NRN_S_N_sec00078_sec00078_00786_gt.png,Manipulated,,0.8161,0.1,0.07,14,0.59,0.72,1.33,9.93,1997.63,13.58,2006.23,4021.93
manipulated\Tp_S_NRN_S_N_sec00082_sec00082_00785_gt.png,Manipulated,,0.6464,0.0,0.02,13,0.32,0.17,0.35,5.1,441.2,3.56,441.2,2115.92
manipulated\Tp_S_NRN_S_N_sec20020_sec20020_01610_gt.png,Manipulated,,0.5544,0.0,0.01,17,0.25,0.09,0.18,3.62,227.3,1.8,240.7,860.75
manipulated\Tp_S_NRN_S_N_sec20023_sec20023_01613_gt.png,Manipulated,,0.6934,0.0,0.01,11,0.21,0.08,0.16,3.46,177.85,1.71,167.92,827.83
manipulated\Tp_S_NRN_S_N_sec20026_sec20026_02124_gt.png,Manipulated,,0.2729,0.0,0.01,12,0.2,0.1,0.18,3.71,234.21,1.86,247.47,925.88
manipulated\Tp_S_NRN_S_N_sec20037_sec20037_01627_gt.png,Manipulated,,0.6464,0.0,0.01,12,0.15,0.06,0.12,2.91,142.4,1.19,306.45,1869.5
manipulated\Tp_S_NRN_S_N_sec20041_sec20041_01631_gt.png,Manipulated,,0.5637,0.0333,0.02,14,0.27,0.14,0.28,4.51,321.42,2.86,289.58,1129.09
manipulated\Tp_S_NRN_S_N_sec20085_sec20085_02446_gt.png,Manipulated,,0.6464,0.0,0.0,12,0.14,0.04,0.07,2.34,101.9,0.76,85.73,712.1
manipulated\Tp_S_NRN_S_N_sec20096_sec20096_02142_gt.png,Manipulated,,0.7386,0.0333,0.01,12,0.19,0.07,0.13,3.1,162.83,1.36,141.29,908.25
manipulated\Tp_S_NRN_S_N_txt00029_txt00029_10832_gt.png,Manipulated,,0.0086,0.0,0.01,9,0.12,0.55,1.06,8.53,727.62,11.29,727.62,1068.13
manipulated\Tp_S_NRN_S_N_txt00061_txt00061_01283_gt.png,Manipulated,,0.7109,0.0167,0.04,15,0.43,0.33,0.57,6.47,891.66,5.88,896.29,1796.45
manipulated\Tp_S_NRN_S_O_ani10103_ani10103_10634_gt.png,Manipulated,,0.3155,0.05,0.11,14,0.73,0.96,1.86,11.57,2348.12,19.24,2199.23,2317.73
manipulated\Tp_S_NRN_S_O_cha10187_cha10187_12308_gt.png,Manipulated,,0.6924,0.0167,0.01,13,0.22,0.11,0.21,3.93,237.31,2.19,236.36,1088.41
manipulated\Tp_S_NRN_S_O_sec00036_sec00036_00764_gt.png,Manipulated,,0.6814,0.0,0.02,13,0.31,0.2,0.38,5.33,461.71,3.97,463.03,1062.52
partially_ai_edited\AutoSplice\Forged_JPEG100\39446_1.jpg,Partially AI-Edited,,1.0,0.3618,1.54,27,1.91,5.67,2.15,4.3,246.56,44.15,240.74,196.62
partially_ai_edited\AutoSplice\Forged_JPEG100\39457_1.jpg,Partially AI-Edited,,0.3079,0.1777,1.09,29,1.17,2.61,2.26,3.04,132.39,37.15,192.36,209.53
partially_ai_edited\AutoSplice\Forged_JPEG100\39576_1.jpg,Partially AI-Edited,,0.9318,0.21,0.87,26,1.44,2.12,1.28,2.55,71.75,25.0,74.83,102.36
partially_ai_edited\AutoSplice\Forged_JPEG100\39635_1.jpg,Partially AI-Edited,,0.0046,0.2245,1.33,30,1.71,8.97,3.2,4.09,236.38,57.63,250.03,143.24
partially_ai_edited\AutoSplice\Forged_JPEG100\39663_0.jpg,Partially AI-Edited,,0.9971,0.337,1.1,24,1.68,3.42,1.96,5.39,355.79,37.19,363.18,428.78
partially_ai_edited\AutoSplice\Forged_JPEG100\39691_1.jpg,Partially AI-Edited,,0.9991,0.3865,1.4,35,2.03,4.51,1.92,4.2,244.01,40.26,235.03,208.91
partially_ai_edited\AutoSplice\Forged_JPEG100\39691_2.jpg,Partially AI-Edited,,1.0,0.3711,1.27,33,1.84,3.28,1.7,4.04,217.55,33.03,207.61,255.56
partially_ai_edited\AutoSplice\Forged_JPEG100\39776_2.jpg,Partially AI-Edited,,0.0632,0.2504,1.43,29,1.67,12.12,5.52,7.0,936.83,66.93,1036.56,737.09
partially_ai_edited\AutoSplice\Forged_JPEG100\39816_0.jpg,Partially AI-Edited,,0.261,0.2359,1.26,22,1.46,8.4,3.9,6.09,492.78,65.67,506.17,349.33
partially_ai_edited\AutoSplice\Forged_JPEG100\39969_2.jpg,Partially AI-Edited,,0.9705,0.377,1.49,35,1.92,11.89,5.15,7.33,933.27,72.48,1019.22,960.14
partially_ai_edited\AutoSplice\Forged_JPEG100\39976_1.jpg,Partially AI-Edited,,0.9998,0.385,1.36,30,1.95,3.47,1.91,4.86,319.87,37.02,343.44,285.14
partially_ai_edited\AutoSplice\Forged_JPEG100\40034_0.jpg,Partially AI-Edited,,0.9949,0.2125,1.42,25,1.66,9.77,4.3,6.73,568.1,71.7,589.66,454.11
partially_ai_edited\AutoSplice\Forged_JPEG100\40079_1.jpg,Partially AI-Edited,,0.1891,0.3157,1.31,22,1.68,5.37,2.01,3.8,201.37,41.59,210.93,174.09
partially_ai_edited\AutoSplice\Forged_JPEG100\40162_1.jpg,Partially AI-Edited,,0.9989,0.2231,0.78,18,1.12,3.2,1.43,2.93,88.42,32.31,96.24,124.84
partially_ai_edited\AutoSplice\Forged_JPEG100\40378_1.jpg,Partially AI-Edited,,0.0046,0.1166,1.63,19,1.46,31.11,14.83,13.36,6094.74,151.7,6177.72,2092.62
partially_ai_edited\AutoSplice\Forged_JPEG100\40457_0.jpg,Partially AI-Edited,,0.998,0.335,1.37,23,1.66,6.32,3.08,5.77,359.54,67.18,386.29,276.85
partially_ai_edited\AutoSplice\Forged_JPEG100\40492_0.jpg,Partially AI-Edited,,0.0144,0.2141,1.18,15,1.28,13.01,3.92,4.16,232.43,76.05,246.12,129.38
partially_ai_edited\AutoSplice\Forged_JPEG100\40574_0.jpg,Partially AI-Edited,,0.0473,0.255,0.71,26,0.9,3.26,1.25,2.93,64.33,33.15,73.74,122.54
partially_ai_edited\AutoSplice\Forged_JPEG100\40618_0.jpg,Partially AI-Edited,,0.0014,0.6616,1.43,22,1.93,15.66,6.45,9.42,1595.96,77.75,1555.33,1371.21
partially_ai_edited\AutoSplice\Forged_JPEG100\40691_0.jpg,Partially AI-Edited,,0.0001,0.4664,1.05,30,1.46,15.08,9.25,12.56,2611.91,101.54,2620.68,2126.71
partially_ai_edited\AutoSplice\Forged_JPEG100\40740_1.jpg,Partially AI-Edited,,1.0,0.4237,1.43,29,1.96,5.89,2.19,3.56,130.99,49.71,144.07,116.43
partially_ai_edited\AutoSplice\Forged_JPEG100\40922_1.jpg,Partially AI-Edited,,0.0,0.151,1.35,23,1.47,17.63,9.22,11.12,2530.93,104.04,2581.28,1350.07
partially_ai_edited\AutoSplice\Forged_JPEG100\41008_2.jpg,Partially AI-Edited,,1.0,0.4077,1.04,29,1.87,4.28,2.82,6.45,426.86,45.94,421.21,358.06
partially_ai_edited\AutoSplice\Forged_JPEG100\41267_0.jpg,Partially AI-Edited,,1.0,0.3864,2.05,42,2.72,7.69,5.29,9.69,1151.27,79.07,1133.01,951.06
partially_ai_edited\AutoSplice\Forged_JPEG100\41487_1.jpg,Partially AI-Edited,,0.9984,0.4051,1.23,27,1.95,4.52,2.19,5.41,372.43,40.86,375.77,523.66
partially_ai_edited\AutoSplice\Forged_JPEG100\41489_2.jpg,Partially AI-Edited,,0.0001,0.2855,1.42,28,1.87,14.7,8.01,11.04,2127.54,99.06,2158.58,1494.53
partially_ai_edited\AutoSplice\Forged_JPEG100\41491_0.jpg,Partially AI-Edited,,0.9996,0.2575,1.22,30,1.83,6.64,2.65,6.03,508.76,56.21,482.77,648.64
partially_ai_edited\AutoSplice\Forged_JPEG100\41540_2.jpg,Partially AI-Edited,,0.9979,0.1716,0.79,25,1.33,2.11,1.37,4.45,182.0,30.73,222.6,371.28
partially_ai_edited\AutoSplice\Forged_JPEG100\41565_2.jpg,Partially AI-Edited,,0.0001,0.2024,1.84,31,2.15,15.2,9.39,12.37,2401.99,121.77,2463.14,1583.41
partially_ai_edited\AutoSplice\Forged_JPEG100\41587_0.jpg,Partially AI-Edited,,0.0012,0.1138,1.24,22,1.2,22.61,11.54,11.89,2607.13,155.27,2780.58,995.13
partially_ai_edited\AutoSplice\Forged_JPEG100\41777_1.jpg,Partially AI-Edited,,0.0009,0.4612,1.06,36,1.58,6.86,3.39,6.01,595.24,49.37,535.17,558.82
partially_ai_edited\AutoSplice\Forged_JPEG100\41893_1.jpg,Partially AI-Edited,,0.9999,0.2866,0.65,32,1.17,3.68,1.91,4.64,279.41,29.89,286.86,406.03
partially_ai_edited\AutoSplice\Forged_JPEG100\41932_0.jpg,Partially AI-Edited,,0.9878,0.2574,1.05,28,1.4,4.77,2.36,4.15,182.08,40.38,166.9,174.89
partially_ai_edited\AutoSplice\Forged_JPEG100\41958_1.jpg,Partially AI-Edited,,0.0,0.2538,1.46,44,1.77,20.72,10.21,13.08,3292.8,114.43,3334.08,2191.24
partially_ai_edited\AutoSplice\Forged_JPEG100\42019_0.jpg,Partially AI-Edited,,0.0011,0.512,0.79,14,1.08,8.04,3.82,6.79,626.25,53.02,637.02,539.18
partially_ai_edited\AutoSplice\Forged_JPEG100\42024_1.jpg,Partially AI-Edited,,0.0,0.3169,1.09,29,1.4,12.52,5.72,8.31,1068.17,76.44,1157.02,868.75
partially_ai_edited\AutoSplice\Forged_JPEG100\42078_1.jpg,Partially AI-Edited,,0.9917,0.244,1.05,38,1.89,2.81,1.2,3.23,109.8,23.35,105.3,172.06
partially_ai_edited\AutoSplice\Forged_JPEG100\42210_0.jpg,Partially AI-Edited,,0.9989,0.2491,0.87,30,1.56,2.16,1.28,5.22,312.69,25.1,8440.97,27902.74
partially_ai_edited\AutoSplice\Forged_JPEG100\42219_0.jpg,Partially AI-Edited,,1.0,0.3111,1.13,20,1.51,3.26,2.16,3.59,165.97,37.11,183.32,134.51
partially_ai_edited\AutoSplice\Forged_JPEG100\42299_0.jpg,Partially AI-Edited,,1.0,0.1835,1.73,24,1.99,5.81,3.23,5.68,479.66,51.03,491.14,318.17
partially_ai_edited\AutoSplice\Forged_JPEG100\42407_1.jpg,Partially AI-Edited,,0.9175,0.2147,0.69,15,0.93,5.82,3.33,6.04,616.72,43.97,596.04,834.94
partially_ai_edited\AutoSplice\Forged_JPEG100\42425_0.jpg,Partially AI-Edited,,0.0879,0.2478,1.48,32,2.02,5.81,3.3,6.36,424.06,61.12,690.82,701.12
partially_ai_edited\AutoSplice\Forged_JPEG100\42430_0.jpg,Partially AI-Edited,,0.0189,0.4338,1.21,19,1.31,21.8,9.4,10.99,2457.46,118.2,2519.52,2265.89
partially_ai_edited\AutoSplice\Forged_JPEG100\42496_1.jpg,Partially AI-Edited,,0.9963,0.2807,1.29,27,1.76,3.25,1.58,4.01,244.48,26.6,214.31,317.07
partially_ai_edited\AutoSplice\Forged_JPEG100\42602_2.jpg,Partially AI-Edited,,0.9991,0.3327,1.22,26,1.65,7.72,4.14,6.64,589.19,58.82,562.9,435.07
partially_ai_edited\AutoSplice\Forged_JPEG100\42625_2.jpg,Partially AI-Edited,,0.0249,0.4091,1.11,22,1.65,3.89,1.78,3.77,211.82,36.31,214.21,254.55
partially_ai_edited\AutoSplice\Forged_JPEG100\42703_2.jpg,Partially AI-Edited,,1.0,0.5279,1.22,33,1.88,4.57,2.26,5.32,319.07,47.58,316.81,333.68
partially_ai_edited\AutoSplice\Forged_JPEG100\42779_1.jpg,Partially AI-Edited,,0.8538,0.2789,1.22,26,1.4,5.49,3.68,6.0,436.42,60.62,555.83,597.73
partially_ai_edited\AutoSplice\Forged_JPEG100\42835_1.jpg,Partially AI-Edited,,0.7806,0.2352,1.88,46,2.9,5.88,2.76,4.97,425.15,46.43,433.81,434.58
partially_ai_edited\AutoSplice\Forged_JPEG100\43137_2.jpg,Partially AI-Edited,,0.0001,0.4032,1.27,25,1.32,21.05,10.03,11.02,2743.15,122.84,2639.31,1640.7
partially_ai_edited\AutoSplice\Forged_JPEG100\43259_2.jpg,Partially AI-Edited,,0.0001,0.3387,1.08,20,1.3,16.21,7.3,8.86,1671.68,86.01,1678.3,1283.39
partially_ai_edited\AutoSplice\Forged_JPEG100\43366_1.jpg,Partially AI-Edited,,0.9866,0.4638,1.61,40,2.46,5.44,3.3,7.07,711.33,47.72,727.67,840.12
partially_ai_edited\AutoSplice\Forged_JPEG100\43515_1.jpg,Partially AI-Edited,,0.9998,0.5,1.24,32,2.15,3.82,1.75,3.93,235.81,31.13,258.5,358.13
partially_ai_edited\AutoSplice\Forged_JPEG100\43680_2.jpg,Partially AI-Edited,,0.0,0.291,1.34,27,1.75,14.14,8.79,12.14,2386.87,110.97,2347.91,1651.8
partially_ai_edited\AutoSplice\Forged_JPEG100\43682_1.jpg,Partially AI-Edited,,0.9982,0.3,0.91,26,1.56,3.36,1.98,5.78,427.96,34.85,422.58,532.39
partially_ai_edited\AutoSplice\Forged_JPEG100\43712_0.jpg,Partially AI-Edited,,0.9989,0.1923,1.44,26,1.68,11.49,4.39,5.97,413.54,84.47,431.45,384.69
partially_ai_edited\AutoSplice\Forged_JPEG100\43842_0.jpg,Partially AI-Edited,,0.9999,0.3373,1.24,29,1.84,3.95,2.56,5.23,396.81,41.1,412.46,503.24
partially_ai_edited\AutoSplice\Forged_JPEG100\43901_1.jpg,Partially AI-Edited,,0.998,0.2492,1.07,40,1.57,4.46,1.84,4.12,181.43,41.72,177.07,200.98
partially_ai_edited\AutoSplice\Forged_JPEG100\44043_2.jpg,Partially AI-Edited,,0.9954,0.3505,1.04,19,1.59,3.05,1.75,5.16,308.34,34.74,324.55,498.27
partially_ai_edited\AutoSplice\Forged_JPEG100\44063_1.jpg,Partially AI-Edited,,0.9922,0.3318,1.04,31,1.56,5.15,1.94,3.89,204.96,39.48,215.25,213.1
partially_ai_edited\AutoSplice\Forged_JPEG100\44110_2.jpg,Partially AI-Edited,,0.0,0.2815,1.08,24,1.67,8.29,5.47,8.98,1061.29,74.9,1098.1,1085.77
partially_ai_edited\AutoSplice\Forged_JPEG100\44235_1.jpg,Partially AI-Edited,,0.0047,0.1853,1.16,30,1.67,7.89,4.11,6.84,585.14,61.89,609.21,501.87
partially_ai_edited\AutoSplice\Forged_JPEG100\44240_2.jpg,Partially AI-Edited,,0.0571,0.3654,0.89,31,1.49,8.7,3.22,5.64,498.83,45.97,496.92,435.44
partially_ai_edited\AutoSplice\Forged_JPEG100\44324_2.jpg,Partially AI-Edited,,0.9997,0.4147,1.52,24,1.68,8.16,3.5,4.99,296.21,63.18,320.34,216.98
partially_ai_edited\AutoSplice\Forged_JPEG100\44461_0.jpg,Partially AI-Edited,,0.9997,0.3186,1.38,20,1.56,7.82,3.46,4.67,344.36,48.91,357.54,268.9
partially_ai_edited\AutoSplice\Forged_JPEG100\44851_0.jpg,Partially AI-Edited,,0.9551,0.2991,1.4,24,1.8,3.85,1.87,2.94,120.9,34.18,128.64,98.93
partially_ai_edited\AutoSplice\Forged_JPEG100\44851_1.jpg,Partially AI-Edited,,1.0,0.2441,1.2,24,1.54,2.66,1.8,3.17,140.49,30.18,151.99,111.38
partially_ai_edited\AutoSplice\Forged_JPEG100\44859_0.jpg,Partially AI-Edited,,0.9995,0.496,1.22,26,1.96,5.57,2.37,5.21,397.88,40.55,361.24,383.49
partially_ai_edited\AutoSplice\Forged_JPEG100\44899_2.jpg,Partially AI-Edited,,0.9853,0.3547,2.23,39,3.16,9.58,7.35,15.6,4567.14,80.61,4554.66,3688.26
partially_ai_edited\AutoSplice\Forged_JPEG100\44917_2.jpg,Partially AI-Edited,,1.0,0.3667,1.15,28,1.61,6.75,2.84,5.52,368.53,53.6,377.71,246.79
partially_ai_edited\AutoSplice\Forged_JPEG100\44998_0.jpg,Partially AI-Edited,,0.3797,0.3551,1.03,19,1.35,3.75,1.57,2.87,93.2,42.33,92.83,77.29
partially_ai_edited\AutoSplice\Forged_JPEG100\45015_1.jpg,Partially AI-Edited,,0.9992,0.359,1.27,35,1.78,6.11,2.85,5.37,361.78,48.46,383.99,239.47
partially_ai_edited\AutoSplice\Forged_JPEG100\45131_0.jpg,Partially AI-Edited,,0.1177,0.0391,0.42,27,1.35,2.18,1.3,4.65,224.62,18.73,219.75,556.58
partially_ai_edited\AutoSplice\Forged_JPEG100\45288_1.jpg,Partially AI-Edited,,0.9992,0.141,1.1,36,1.7,4.03,2.91,4.91,316.64,43.07,339.97,461.55
partially_ai_edited\AutoSplice\Forged_JPEG100\45340_1.jpg,Partially AI-Edited,,1.0,0.3384,1.44,24,1.81,3.62,2.15,3.61,221.32,34.81,229.3,197.19
partially_ai_edited\AutoSplice\Forged_JPEG100\45358_0.jpg,Partially AI-Edited,,0.0,0.3035,1.41,26,1.52,18.4,9.06,11.13,2285.52,105.99,2155.15,1106.28
partially_ai_edited\AutoSplice\Forged_JPEG100\45424_0.jpg,Partially AI-Edited,,0.9431,0.2397,0.93,19,1.47,3.54,1.82,3.99,235.38,37.11,236.44,301.91
partially_ai_edited\AutoSplice\Forged_JPEG100\45580_2.jpg,Partially AI-Edited,,0.4079,0.2042,1.39,27,1.69,6.91,2.94,4.66,246.87,50.45,272.83,148.68
partially_ai_edited\AutoSplice\Forged_JPEG100\45694_2.jpg,Partially AI-Edited,,0.9403,0.3674,1.45,40,1.58,7.07,2.86,4.11,209.79,60.5,226.68,229.81
partially_ai_edited\AutoSplice\Forged_JPEG100\45770_0.jpg,Partially AI-Edited,,0.9987,0.2433,1.08,51,1.67,3.42,1.54,3.06,90.85,31.51,84.46,82.76
partially_ai_edited\AutoSplice\Forged_JPEG100\45794_0.jpg,Partially AI-Edited,,0.0011,0.3365,1.34,30,1.72,15.02,8.0,10.6,1940.18,103.64,1969.49,1364.4
partially_ai_edited\AutoSplice\Forged_JPEG100\45878_2.jpg,Partially AI-Edited,,0.9922,0.347,2.09,41,2.55,7.81,3.2,4.98,420.62,52.68,437.94,334.66
partially_ai_edited\AutoSplice\Forged_JPEG100\45883_1.jpg,Partially AI-Edited,,0.9999,0.3549,1.71,24,2.02,6.37,2.92,5.54,486.4,51.85,495.0,473.25
partially_ai_edited\AutoSplice\Forged_JPEG100\45914_2.jpg,Partially AI-Edited,,0.0359,0.4026,1.16,20,1.53,12.98,6.09,8.55,1211.42,78.22,1234.98,921.4
partially_ai_edited\AutoSplice\Forged_JPEG100\45974_1.jpg,Partially AI-Edited,,1.0,0.4865,1.73,49,2.62,5.23,2.82,5.19,292.34,51.33,388.47,314.94
partially_ai_edited\AutoSplice\Forged_JPEG100\46016_0.jpg,Partially AI-Edited,,0.0143,0.3714,1.52,27,1.93,13.47,4.88,6.87,787.53,80.76,830.05,1093.4
partially_ai_edited\AutoSplice\Forged_JPEG100\46080_1.jpg,Partially AI-Edited,,1.0,0.1572,1.09,27,1.23,5.73,2.92,3.8,207.52,52.58,543.41,1047.89
partially_ai_edited\AutoSplice\Forged_JPEG100\46109_1.jpg,Partially AI-Edited,,0.9977,0.3334,1.09,31,1.59,3.37,2.14,4.98,288.29,34.99,300.74,254.93
partially_ai_edited\AutoSplice\Forged_JPEG100\46365_1.jpg,Partially AI-Edited,,0.6662,0.4794,1.17,28,1.54,4.08,2.21,5.07,247.04,40.57,269.29,243.03
partially_ai_edited\AutoSplice\Forged_JPEG100\46565_2.jpg,Partially AI-Edited,,0.9893,0.3786,1.62,32,2.14,3.34,2.1,5.59,407.63,39.94,393.12,593.1
partially_ai_edited\AutoSplice\Forged_JPEG100\46634_1.jpg,Partially AI-Edited,,0.7181,0.2758,1.53,31,1.84,5.77,3.02,4.25,258.78,49.57,275.9,160.36
partially_ai_edited\AutoSplice\Forged_JPEG100\46645_2.jpg,Partially AI-Edited,,0.0007,0.1779,1.69,21,1.82,19.64,9.4,11.12,2606.68,115.1,2684.16,1040.43
partially_ai_edited\AutoSplice\Forged_JPEG100\46796_2.jpg,Partially AI-Edited,,1.0,0.3022,1.45,37,2.22,5.71,2.71,5.41,294.54,53.47,379.56,570.53
partially_ai_edited\AutoSplice\Forged_JPEG100\47017_1.jpg,Partially AI-Edited,,1.0,0.1986,1.37,21,1.75,4.81,2.31,3.64,217.96,47.33,209.91,240.97
partially_ai_edited\AutoSplice\Forged_JPEG100\47211_0.jpg,Partially AI-Edited,,0.0044,0.7079,1.11,33,1.78,11.59,5.49,9.46,1425.46,69.33,1338.69,1649.97
partially_ai_edited\AutoSplice\Forged_JPEG100\47267_1.jpg,Partially AI-Edited,,0.9967,0.44,1.17,34,2.14,3.78,1.84,4.82,290.36,32.93,302.5,454.46
partially_ai_edited\AutoSplice\Forged_JPEG100\47425_0.jpg,Partially AI-Edited,,0.9989,0.5675,1.33,28,1.96,5.04,2.44,5.99,449.26,40.89,468.87,469.66
partially_ai_edited\AutoSplice\Forged_JPEG100\47425_2.jpg,Partially AI-Edited,,0.9992,0.5313,1.28,31,1.84,5.39,2.41,5.45,346.56,47.01,357.17,427.8
partially_ai_edited\AutoSplice\Forged_JPEG100\47465_2.jpg,Partially AI-Edited,,0.0633,0.58,0.81,38,1.38,5.69,4.13,8.94,953.56,58.22,997.82,1133.21
partially_ai_edited\AutoSplice\Forged_JPEG100\47470_1.jpg,Partially AI-Edited,,0.3737,0.3076,1.24,31,1.8,4.08,2.17,4.68,242.13,45.97,238.29,269.59
partially_ai_edited\AutoSplice\Forged_JPEG100\47495_2.jpg,Partially AI-Edited,,0.7143,0.1914,1.5,38,1.8,9.52,3.89,5.72,391.73,69.65,413.87,355.12
partially_ai_edited\AutoSplice\Forged_JPEG100\47536_0.jpg,Partially AI-Edited,,1.0,0.3876,0.76,21,1.19,3.2,1.78,5.64,351.7,39.92,334.32,555.49
partially_ai_edited\AutoSplice\Forged_JPEG100\47536_2.jpg,Partially AI-Edited,,0.9672,0.3518,0.99,16,1.49,1.52,1.2,2.53,115.37,21.55,114.34,135.18
partially_ai_edited\AutoSplice\Forged_JPEG100\47561_2.jpg,Partially AI-Edited,,0.9932,0.3741,1.25,22,1.56,2.14,1.57,2.92,141.41,27.51,144.59,152.93
partially_ai_edited\AutoSplice\Forged_JPEG100\47601_0.jpg,Partially AI-Edited,,1.0,0.5046,1.1,30,1.64,3.22,1.54,3.63,146.38,31.53,135.85,136.25
partially_ai_edited\AutoSplice\Forged_JPEG100\47697_1.jpg,Partially AI-Edited,,0.9991,0.2977,1.23,32,1.88,4.75,2.4,5.64,455.98,47.42,427.4,553.76
partially_ai_edited\AutoSplice\Forged_JPEG100\47730_0.jpg,Partially AI-Edited,,0.9796,0.4043,1.65,33,3.0,7.26,3.39,7.27,952.96,43.93,809.79,1338.32
partially_ai_edited\AutoSplice\Forged_JPEG100\47749_1.jpg,Partially AI-Edited,,0.9958,0.1927,1.08,32,1.73,4.6,2.54,4.04,198.11,43.02,204.86,161.0
partially_ai_edited\AutoSplice\Forged_JPEG100\47760_0.jpg,Partially AI-Edited,,0.9789,0.2281,2.38,33,2.63,10.24,5.74,8.78,1117.38,78.34,1154.63,755.17
partially_ai_edited\AutoSplice\Forged_JPEG100\47919_0.jpg,Partially AI-Edited,,0.9927,0.602,1.3,40,1.88,4.66,3.32,9.64,1226.07,50.3,1241.6,2186.08
partially_ai_edited\AutoSplice\Forged_JPEG100\47938_2.jpg,Partially AI-Edited,,0.0001,0.2117,0.97,29,1.4,11.91,5.24,8.23,987.77,71.21,991.42,686.17
partially_ai_edited\AutoSplice\Forged_JPEG100\47968_2.jpg,Partially AI-Edited,,0.9996,0.2504,0.98,24,1.59,2.51,1.37,3.98,227.64,24.58,201.28,399.71
partially_ai_edited\AutoSplice\Forged_JPEG100\48056_2.jpg,Partially AI-Edited,,0.9999,0.327,1.35,37,2.01,4.04,1.89,4.38,278.58,30.57,306.38,276.54
partially_ai_edited\AutoSplice\Forged_JPEG100\48209_2.jpg,Partially AI-Edited,,1.0,0.6079,1.15,26,1.78,5.03,2.47,5.97,457.3,42.88,441.63,666.15
partially_ai_edited\AutoSplice\Forged_JPEG100\48216_2.jpg,Partially AI-Edited,,0.9947,0.057,0.88,37,1.88,1.66,1.01,2.63,79.49,22.17,83.05,149.17
partially_ai_edited\AutoSplice\Forged_JPEG100\48226_1.jpg,Partially AI-Edited,,0.9998,0.3927,1.39,46,2.49,5.32,3.49,9.39,1205.25,48.0,1274.34,1231.74
partially_ai_edited\AutoSplice\Forged_JPEG100\48342_2.jpg,Partially AI-Edited,,0.0001,0.3122,1.1,22,1.56,6.18,3.22,6.7,585.34,48.5,535.6,997.61
partially_ai_edited\AutoSplice\Forged_JPEG100\48610_2.jpg,Partially AI-Edited,,0.9881,0.3025,1.0,31,1.65,3.62,2.45,3.41,177.97,38.03,180.19,156.3
partially_ai_edited\AutoSplice\Forged_JPEG100\48836_0.jpg,Partially AI-Edited,,0.3649,0.4043,1.53,27,2.23,5.49,3.93,8.28,876.36,62.3,917.36,1037.78
partially_ai_edited\AutoSplice\Forged_JPEG100\48836_1.jpg,Partially AI-Edited,,0.8725,0.2881,1.21,25,1.71,4.9,3.14,6.38,454.42,51.44,475.57,589.62
partially_ai_edited\AutoSplice\Forged_JPEG100\49113_0.jpg,Partially AI-Edited,,0.9795,0.3483,1.14,21,1.61,3.69,1.98,3.87,199.61,40.94,208.9,219.45
partially_ai_edited\AutoSplice\Forged_JPEG100\49133_2.jpg,Partially AI-Edited,,0.9995,0.3395,1.35,26,1.82,5.57,2.12,3.74,177.5,42.42,185.63,154.65
partially_ai_edited\AutoSplice\Forged_JPEG100\49278_0.jpg,Partially AI-Edited,,0.947,0.5076,1.26,26,1.78,4.28,2.15,4.69,278.36,42.64,290.57,308.03
partially_ai_edited\AutoSplice\Forged_JPEG100\49323_1.jpg,Partially AI-Edited,,1.0,0.2079,0.92,25,1.33,2.25,1.49,4.46,194.61,38.54,201.31,271.57
partially_ai_edited\AutoSplice\Forged_JPEG100\49452_0.jpg,Partially AI-Edited,,0.0007,0.1932,1.16,29,1.35,13.98,7.49,8.75,1921.4,81.41,1958.62,1581.91
partially_ai_edited\AutoSplice\Forged_JPEG100\49555_0.jpg,Partially AI-Edited,,0.1132,0.1554,0.61,17,1.04,5.28,2.83,5.6,505.53,40.35,461.13,831.03
partially_ai_edited\AutoSplice\Forged_JPEG100\49555_2.jpg,Partially AI-Edited,,0.0771,0.1554,0.6,17,1.0,5.25,2.84,5.61,503.05,41.0,459.1,831.32
partially_ai_edited\AutoSplice\Forged_JPEG100\49867_1.jpg,Partially AI-Edited,,0.7608,0.4302,1.37,24,1.86,5.42,2.99,6.51,542.51,53.28,600.07,595.37
partially_ai_edited\AutoSplice\Forged_JPEG100\50148_0.jpg,Partially AI-Edited,,0.3278,0.3417,1.22,43,2.13,4.07,1.92,4.43,261.17,32.86,244.61,302.76
partially_ai_edited\AutoSplice\Forged_JPEG100\50165_0.jpg,Partially AI-Edited,,0.2527,0.3413,1.14,35,1.98,7.83,4.07,7.71,812.19,55.01,840.8,945.21
partially_ai_edited\AutoSplice\Forged_JPEG100\50301_1.jpg,Partially AI-Edited,,0.986,0.244,0.84,15,1.08,3.54,1.45,2.35,61.49,37.64,72.1,40.71
partially_ai_edited\AutoSplice\Forged_JPEG100\50301_2.jpg,Partially AI-Edited,,0.9711,0.2344,0.83,12,1.06,3.69,1.49,2.38,66.17,37.14,75.26,57.74
partially_ai_edited\AutoSplice\Forged_JPEG100\50593_2.jpg,Partially AI-Edited,,0.9998,0.4538,1.48,35,2.12,4.62,2.38,5.23,369.97,45.85,384.45,397.34
partially_ai_edited\AutoSplice\Forged_JPEG100\50672_0.jpg,Partially AI-Edited,,0.2506,0.3051,0.95,26,1.17,9.38,4.38,6.48,752.4,56.9,768.55,863.73
partially_ai_edited\AutoSplice\Forged_JPEG100\50816_0.jpg,Partially AI-Edited,,0.9999,0.417,1.22,30,1.91,3.79,2.18,6.27,526.52,33.99,536.42,599.57
partially_ai_edited\AutoSplice\Forged_JPEG100\51514_1.jpg,Partially AI-Edited,,0.9995,0.131,1.08,28,1.73,3.17,1.52,3.43,160.97,30.25,146.54,211.59
partially_ai_edited\AutoSplice\Forged_JPEG100\51568_2.jpg,Partially AI-Edited,,0.034,0.043,0.39,34,1.12,2.22,1.51,6.02,422.7,27.66,428.97,1018.71
partially_ai_edited\AutoSplice\Forged_JPEG100\51570_1.jpg,Partially AI-Edited,,0.9885,0.3034,0.91,21,1.24,2.51,1.52,3.05,96.18,34.07,106.23,94.57
partially_ai_edited\AutoSplice\Forged_JPEG100\51688_1.jpg,Partially AI-Edited,,0.5759,0.1384,1.45,30,1.46,6.95,2.6,3.44,146.64,56.87,157.69,108.33
partially_ai_edited\AutoSplice\Forged_JPEG100\51726_1.jpg,Partially AI-Edited,,0.9997,0.2104,1.65,20,1.64,18.3,6.23,7.18,786.71,106.35,846.2,695.45
partially_ai_edited\AutoSplice\Forged_JPEG100\51768_0.jpg,Partially AI-Edited,,0.9992,0.2523,1.08,21,1.37,4.64,2.2,3.79,147.44,44.75,158.84,127.17
partially_ai_edited\AutoSplice\Forged_JPEG100\51780_1.jpg,Partially AI-Edited,,0.0002,0.2705,1.05,34,1.57,8.92,5.14,9.88,1386.48,65.02,1413.23,1240.92
partially_ai_edited\AutoSplice\Forged_JPEG100\51780_2.jpg,Partially AI-Edited,,0.0001,0.2669,1.01,31,1.49,8.52,5.16,10.01,1399.73,65.39,1421.9,1212.8
partially_ai_edited\AutoSplice\Forged_JPEG100\51783_1.jpg,Partially AI-Edited,,0.9999,0.63,1.17,29,1.83,5.64,2.58,6.0,449.1,46.33,457.12,428.36
partially_ai_edited\AutoSplice\Forged_JPEG100\51818_1.jpg,Partially AI-Edited,,0.996,0.6831,0.88,34,1.54,5.98,7.75,17.66,3582.69,99.35,3791.4,3369.58
partially_ai_edited\AutoSplice\Forged_JPEG100\51951_1.jpg,Partially AI-Edited,,0.9998,0.4875,0.83,21,1.42,4.0,1.75,4.58,225.57,32.68,232.79,221.27
partially_ai_edited\AutoSplice\Forged_JPEG100\52533_1.jpg,Partially AI-Edited,,1.0,0.3152,1.32,31,1.81,6.0,2.6,5.14,272.96,58.74,280.67,289.74
partially_ai_edited\AutoSplice\Forged_JPEG100\52551_1.jpg,Partially AI-Edited,,0.9588,0.3344,1.77,29,2.05,3.69,2.22,3.89,262.83,36.98,280.98,257.57
partially_ai_edited\AutoSplice\Forged_JPEG100\52701_0.jpg,Partially AI-Edited,,0.963,0.4402,1.27,40,2.22,3.6,1.73,4.27,216.1,33.56,243.42,287.72
partially_ai_edited\AutoSplice\Forged_JPEG100\52736_2.jpg,Partially AI-Edited,,1.0,0.2342,2.08,35,2.48,11.17,4.9,6.67,593.14,79.9,589.92,375.26
partially_ai_edited\AutoSplice\Forged_JPEG100\52836_1.jpg,Partially AI-Edited,,0.9998,0.2298,0.86,30,1.64,2.21,1.0,2.87,102.55,25.01,105.77,148.36
partially_ai_edited\AutoSplice\Forged_JPEG100\53114_0.jpg,Partially AI-Edited,,0.9639,0.2062,1.02,15,1.26,7.28,3.33,5.28,362.53,51.45,330.02,399.11
partially_ai_edited\AutoSplice\Forged_JPEG100\53149_1.jpg,Partially AI-Edited,,1.0,0.1374,1.1,29,1.6,2.47,1.57,3.56,177.79,35.75,162.5,243.49
partially_ai_edited\AutoSplice\Forged_JPEG100\53218_1.jpg,Partially AI-Edited,,0.9997,0.5107,1.59,50,2.61,4.9,2.89,7.17,628.42,50.19,680.93,564.49
partially_ai_edited\AutoSplice\Forged_JPEG100\53308_0.jpg,Partially AI-Edited,,0.0041,0.122,1.89,32,1.86,26.6,12.12,12.55,4397.64,136.12,4512.46,2702.53
partially_ai_edited\AutoSplice\Forged_JPEG100\53333_1.jpg,Partially AI-Edited,,0.9995,0.341,1.58,32,1.96,8.74,3.26,5.74,529.95,52.84,545.81,385.45
partially_ai_edited\AutoSplice\Forged_JPEG100\53368_1.jpg,Partially AI-Edited,,0.001,0.2962,0.83,23,1.1,11.07,5.58,8.4,999.47,77.92,1049.25,849.45
partially_ai_edited\AutoSplice\Forged_JPEG100\53382_1.jpg,Partially AI-Edited,,0.2488,0.5806,0.77,17,1.13,7.0,2.69,5.17,272.52,50.91,260.06,329.5
partially_ai_edited\AutoSplice\Forged_JPEG100\53401_2.jpg,Partially AI-Edited,,0.9997,0.1703,1.65,47,2.96,4.08,2.22,5.78,511.0,37.64,483.45,768.69
partially_ai_edited\AutoSplice\Forged_JPEG100\53483_1.jpg,Partially AI-Edited,,0.0535,0.1556,0.69,25,1.28,2.56,1.78,5.13,292.87,30.73,300.33,542.57
partially_ai_edited\AutoSplice\Forged_JPEG100\53559_0.jpg,Partially AI-Edited,,0.9066,0.4669,1.6,40,2.34,3.87,2.27,5.19,338.43,38.18,347.15,355.14
partially_ai_edited\AutoSplice\Forged_JPEG100\53677_0.jpg,Partially AI-Edited,,1.0,0.4703,1.29,39,1.95,4.84,1.82,3.9,187.85,38.7,197.31,219.2
partially_ai_edited\AutoSplice\Forged_JPEG100\53700_2.jpg,Partially AI-Edited,,1.0,0.2232,0.99,17,1.15,7.05,2.72,4.46,189.61,64.68,209.74,200.04
partially_ai_edited\AutoSplice\Forged_JPEG100\53753_2.jpg,Partially AI-Edited,,0.9343,0.4097,1.5,27,2.09,8.76,3.77,6.9,627.76,65.57,669.07,555.12
partially_ai_edited\AutoSplice\Forged_JPEG100\53805_2.jpg,Partially AI-Edited,,0.0231,0.2389,1.46,33,1.57,19.5,9.54,11.08,2912.94,113.12,3096.52,2804.57
partially_ai_edited\AutoSplice\Forged_JPEG100\53845_0.jpg,Partially AI-Edited,,0.9583,0.2276,1.58,29,1.85,9.17,4.67,7.29,672.99,72.21,672.15,349.27
partially_ai_edited\AutoSplice\Forged_JPEG100\53847_2.jpg,Partially AI-Edited,,0.9999,0.3701,1.25,21,1.7,4.91,2.73,6.44,506.01,49.59,521.46,679.81
partially_ai_edited\AutoSplice\Forged_JPEG100\53909_2.jpg,Partially AI-Edited,,0.0001,0.297,1.49,37,2.01,13.79,6.7,8.93,1319.03,91.55,1461.35,1125.56
partially_ai_edited\AutoSplice\Forged_JPEG100\53930_0.jpg,Partially AI-Edited,,0.121,0.1541,1.59,19,1.5,24.51,13.1,14.37,5361.46,144.34,5451.09,3763.25
partially_ai_edited\AutoSplice\Forged_JPEG100\54041_1.jpg,Partially AI-Edited,,0.6329,0.2948,1.48,31,2.02,8.02,3.07,4.53,253.45,61.63,268.45,295.16
partially_ai_edited\AutoSplice\Forged_JPEG100\54046_1.jpg,Partially AI-Edited,,0.004,0.2613,1.26,25,1.72,8.16,3.9,5.84,448.32,65.99,430.57,351.4
partially_ai_edited\AutoSplice\Forged_JPEG100\54062_2.jpg,Partially AI-Edited,,0.9999,0.3652,0.83,25,1.32,2.59,1.17,2.94,114.58,26.32,119.6,179.32
partially_ai_edited\AutoSplice\Forged_JPEG100\54193_1.jpg,Partially AI-Edited,,0.9305,0.2987,1.43,19,1.57,3.05,2.09,3.34,171.49,36.08,184.59,123.12
partially_ai_edited\AutoSplice\Forged_JPEG100\54287_0.jpg,Partially AI-Edited,,1.0,0.4738,1.02,23,1.75,3.68,2.42,6.78,569.73,38.34,586.73,593.13
partially_ai_edited\AutoSplice\Forged_JPEG100\54297_1.jpg,Partially AI-Edited,,0.0,0.1917,1.18,18,1.28,16.84,8.3,10.27,2045.56,102.74,2112.64,1531.42
partially_ai_edited\AutoSplice\Forged_JPEG100\54308_0.jpg,Partially AI-Edited,,0.7474,0.4487,0.97,27,1.54,5.43,2.87,5.19,330.51,41.05,303.42,258.37
partially_ai_edited\AutoSplice\Forged_JPEG100\54327_1.jpg,Partially AI-Edited,,0.4817,0.1351,0.6,24,1.19,2.38,1.13,3.45,122.62,20.72,107.83,167.27
partially_ai_edited\AutoSplice\Forged_JPEG100\54360_1.jpg,Partially AI-Edited,,0.1265,0.3297,1.77,35,2.55,15.45,6.56,8.31,1170.15,91.95,1210.29,811.76
partially_ai_edited\AutoSplice\Forged_JPEG100\54411_0.jpg,Partially AI-Edited,,0.0396,0.1942,0.8,38,1.33,1.72,1.27,2.72,72.03,26.41,74.13,105.52
partially_ai_edited\AutoSplice\Forged_JPEG100\54417_0.jpg,Partially AI-Edited,,1.0,0.4984,1.4,46,2.41,4.26,2.65,6.51,517.49,45.45,523.8,409.65
partially_ai_edited\AutoSplice\Forged_JPEG100\54456_0.jpg,Partially AI-Edited,,0.5413,0.3097,1.89,32,2.33,8.07,3.8,6.99,702.05,65.46,740.02,438.56
partially_ai_edited\AutoSplice\Forged_JPEG100\54572_1.jpg,Partially AI-Edited,,0.7793,0.3531,1.17,16,1.39,8.99,4.07,8.98,923.06,65.13,1305.46,2460.98
partially_ai_edited\AutoSplice\Forged_JPEG100\54711_0.jpg,Partially AI-Edited,,0.027,0.0,1.29,32,2.1,5.1,2.34,5.22,508.97,32.42,442.7,683.1
partially_ai_edited\AutoSplice\Forged_JPEG100\54796_1.jpg,Partially AI-Edited,,0.9989,0.3437,1.03,34,1.51,3.21,1.38,3.42,135.39,34.8,140.04,178.0
partially_ai_edited\AutoSplice\Forged_JPEG100\54909_0.jpg,Partially AI-Edited,,1.0,0.432,1.0,25,1.6,3.2,1.74,4.18,235.41,28.63,246.17,225.2
partially_ai_edited\AutoSplice\Forged_JPEG100\54995_1.jpg,Partially AI-Edited,,0.0004,0.2266,1.23,26,1.37,16.59,9.03,12.28,3004.31,108.56,2872.51,2469.92
partially_ai_edited\AutoSplice\Forged_JPEG100\55072_1.jpg,Partially AI-Edited,,0.0603,0.0919,0.95,14,1.01,10.34,4.56,5.35,440.88,74.51,532.55,530.74
partially_ai_edited\AutoSplice\Forged_JPEG100\55072_2.jpg,Partially AI-Edited,,0.0163,0.1352,0.95,23,1.01,10.6,4.51,5.27,434.53,73.34,524.11,532.13
partially_ai_edited\AutoSplice\Forged_JPEG100\55107_1.jpg,Partially AI-Edited,,0.9996,0.4609,1.13,38,1.61,3.91,1.79,4.11,195.37,35.49,206.8,158.25
partially_ai_edited\AutoSplice\Forged_JPEG100\55107_2.jpg,Partially AI-Edited,,1.0,0.526,1.34,30,1.93,4.83,2.17,4.91,308.93,45.25,322.13,330.25
partially_ai_edited\AutoSplice\Forged_JPEG100\55432_1.jpg,Partially AI-Edited,,0.9996,0.2904,1.05,27,1.65,3.58,1.55,3.41,124.32,38.37,129.66,151.17
partially_ai_edited\AutoSplice\Forged_JPEG100\55457_2.jpg,Partially AI-Edited,,0.9143,0.3313,0.89,30,1.41,3.61,1.91,4.9,260.6,34.21,276.23,284.09
partially_ai_edited\AutoSplice\Forged_JPEG100\55470_2.jpg,Partially AI-Edited,,0.984,0.5808,1.27,36,2.19,3.76,2.24,6.06,444.27,43.04,459.26,502.5
partially_ai_edited\AutoSplice\Forged_JPEG100\55542_1.jpg,Partially AI-Edited,,0.8693,0.1926,0.88,33,1.45,3.78,1.89,4.78,251.53,46.21,268.59,304.2
partially_ai_edited\AutoSplice\Forged_JPEG100\55570_1.jpg,Partially AI-Edited,,0.0025,0.2911,0.74,40,1.38,8.72,4.74,8.46,957.12,65.39,969.09,1100.4
partially_ai_edited\AutoSplice\Forged_JPEG100\55612_1.jpg,Partially AI-Edited,,0.997,0.4121,1.07,23,1.55,3.67,1.7,3.12,157.51,31.15,157.52,174.71
partially_ai_edited\AutoSplice\Forged_JPEG100\55711_0.jpg,Partially AI-Edited,,0.9936,0.1947,0.65,23,1.04,0.84,0.83,2.35,67.56,17.54,63.08,76.26
partially_ai_edited\AutoSplice\Forged_JPEG100\55732_0.jpg,Partially AI-Edited,,0.0254,0.1895,0.79,18,1.03,8.04,3.71,4.69,370.02,59.12,379.18,288.02
partially_ai_edited\AutoSplice\Forged_JPEG100\55738_0.jpg,Partially AI-Edited,,1.0,0.4203,2.04,44,2.83,8.63,4.67,7.63,773.01,75.62,811.59,762.28
partially_ai_edited\AutoSplice\Forged_JPEG100\55791_0.jpg,Partially AI-Edited,,0.4116,0.4886,1.54,28,2.06,8.31,3.95,6.8,591.12,66.34,595.41,577.92
partially_ai_edited\AutoSplice\Forged_JPEG100\56049_1.jpg,Partially AI-Edited,,0.9643,0.2663,0.92,23,1.39,3.81,2.02,5.1,278.41,37.28,290.05,521.48
partially_ai_edited\AutoSplice\Forged_JPEG100\56049_2.jpg,Partially AI-Edited,,0.4773,0.3326,0.94,22,1.41,4.8,2.61,6.26,396.33,46.53,444.5,537.19
partially_ai_edited\AutoSplice\Forged_JPEG100\56066_1.jpg,Partially AI-Edited,,0.8042,0.5908,1.66,31,2.35,5.9,3.33,7.8,887.47,53.2,849.17,952.12
partially_ai_edited\AutoSplice\Forged_JPEG100\56197_0.jpg,Partially AI-Edited,,0.0022,0.1571,0.96,28,1.2,8.43,4.12,6.38,624.22,57.89,630.2,510.2
partially_ai_edited\AutoSplice\Forged_JPEG100\56241_0.jpg,Partially AI-Edited,,0.9959,0.0949,0.61,14,0.97,3.34,2.28,3.95,186.41,32.84,164.49,179.61
partially_ai_edited\AutoSplice\Forged_JPEG100\56325_0.jpg,Partially AI-Edited,,1.0,0.3218,1.95,35,2.48,7.59,3.88,7.52,743.3,63.85,799.93,559.42
partially_ai_edited\AutoSplice\Forged_JPEG100\56394_2.jpg,Partially AI-Edited,,0.9579,0.5697,1.61,44,2.62,3.7,1.78,4.32,216.15,33.23,230.47,239.07
partially_ai_edited\AutoSplice\Forged_JPEG100\56506_0.jpg,Partially AI-Edited,,0.9993,0.7187,1.89,51,3.27,6.86,6.74,15.49,3748.47,79.09,3302.96,3760.64
partially_ai_edited\AutoSplice\Forged_JPEG100\56587_0.jpg,Partially AI-Edited,,1.0,0.352,1.16,33,2.11,4.36,3.16,8.9,1010.88,43.97,1060.88,869.89
partially_ai_edited\AutoSplice\Forged_JPEG100\56785_0.jpg,Partially AI-Edited,,0.4331,0.0518,0.71,37,0.88,0.71,0.64,1.19,14.16,15.29,15.8,29.67
partially_ai_edited\AutoSplice\Forged_JPEG100\56785_1.jpg,Partially AI-Edited,,0.9244,0.0417,0.72,37,0.88,0.56,0.68,1.21,14.97,15.73,16.58,26.72
partially_ai_edited\AutoSplice\Forged_JPEG100\57049_0.jpg,Partially AI-Edited,,0.2275,0.3443,1.46,53,2.28,6.89,4.16,8.57,1021.01,61.63,1751.91,3371.55
partially_ai_edited\AutoSplice\Forged_JPEG100\57049_1.jpg,Partially AI-Edited,,0.0035,0.3394,1.26,47,1.95,5.86,3.33,7.03,531.23,57.18,901.17,1129.98
partially_ai_edited\AutoSplice\Forged_JPEG100\57143_2.jpg,Partially AI-Edited,,0.9813,0.197,0.68,38,1.53,1.87,0.82,1.84,33.82,19.56,35.53,44.2
partially_ai_edited\AutoSplice\Forged_JPEG100\57428_2.jpg,Partially AI-Edited,,0.0006,0.358,0.85,24,1.29,10.84,5.69,9.25,1435.59,69.49,1442.69,1327.77
partially_ai_edited\AutoSplice\Forged_JPEG100\57501_2.jpg,Partially AI-Edited,,0.0,0.0909,1.37,17,1.34,11.27,5.15,5.61,785.17,63.93,871.36,892.5
partially_ai_edited\AutoSplice\Forged_JPEG100\57797_1.jpg,Partially AI-Edited,,0.9651,0.2623,1.62,50,2.45,3.69,2.11,4.49,255.77,39.66,265.85,346.23
partially_ai_edited\AutoSplice\Forged_JPEG100\58230_0.jpg,Partially AI-Edited,,0.1362,0.29,1.39,28,1.77,6.51,2.73,3.89,203.78,51.64,221.93,145.41
partially_ai_edited\AutoSplice\Forged_JPEG100\58238_1.jpg,Partially AI-Edited,,0.501,0.245,1.11,44,2.33,4.46,2.29,5.5,330.06,36.8,342.12,365.45
partially_ai_edited\AutoSplice\Forged_JPEG100\58290_1.jpg,Partially AI-Edited,,0.9999,0.1667,0.82,25,1.27,4.06,2.93,3.37,193.32,41.71,193.38,122.67
partially_ai_edited\AutoSplice\Forged_JPEG100\58400_2.jpg,Partially AI-Edited,,0.0001,0.3369,0.72,26,1.19,8.12,4.37,7.69,770.64,58.1,729.93,684.12
partially_ai_edited\AutoSplice\Forged_JPEG100\58424_0.jpg,Partially AI-Edited,,0.9808,0.2278,0.99,26,1.62,3.11,1.49,3.63,125.81,34.74,133.78,169.72
partially_ai_edited\AutoSplice\Forged_JPEG100\58424_2.jpg,Partially AI-Edited,,0.9374,0.3436,0.96,20,1.53,3.65,1.57,3.87,152.77,36.97,166.36,220.02
partially_ai_edited\AutoSplice\Forged_JPEG100\58767_1.jpg,Partially AI-Edited,,0.0023,0.3731,0.85,26,1.38,5.34,2.99,6.35,559.29,42.38,581.3,406.31
partially_ai_edited\AutoSplice\Forged_JPEG100\58869_2.jpg,Partially AI-Edited,,0.8126,0.3015,1.4,33,1.71,3.93,1.82,3.52,170.9,32.32,920.96,3312.26
partially_ai_edited\AutoSplice\Forged_JPEG100\58930_0.jpg,Partially AI-Edited,,0.9999,0.3059,1.28,19,1.55,3.41,2.08,4.28,220.6,45.11,235.79,271.09
partially_ai_edited\AutoSplice\Forged_JPEG100\58964_2.jpg,Partially AI-Edited,,0.9998,0.4606,1.11,28,1.9,5.1,2.41,6.01,455.77,41.77,468.06,600.35
partially_ai_edited\AutoSplice\Forged_JPEG100\58969_0.jpg,Partially AI-Edited,,0.9363,0.2946,1.81,42,2.31,5.92,2.63,4.61,256.66,45.55,275.07,194.4
partially_ai_edited\AutoSplice\Forged_JPEG100\58969_2.jpg,Partially AI-Edited,,0.9879,0.1971,1.48,35,2.03,3.7,1.6,3.24,123.14,27.41,127.34,116.28
partially_ai_edited\AutoSplice\Forged_JPEG100\59107_2.jpg,Partially AI-Edited,,0.9942,0.2101,1.08,25,1.6,3.68,1.73,3.22,158.39,33.33,163.93,174.03
partially_ai_edited\AutoSplice\Forged_JPEG100\59213_2.jpg,Partially AI-Edited,,1.0,0.2079,2.83,55,3.13,9.38,3.61,5.47,527.77,57.62,547.4,403.86
partially_ai_edited\AutoSplice\Forged_JPEG100\59234_0.jpg,Partially AI-Edited,,1.0,0.0982,1.06,35,2.11,3.72,2.12,6.96,664.88,27.72,674.45,1044.44
partially_ai_edited\AutoSplice\Forged_JPEG100\59245_2.jpg,Partially AI-Edited,,0.9994,0.2309,1.2,20,1.5,3.11,1.93,4.21,234.18,32.62,208.57,307.6
partially_ai_edited\AutoSplice\Forged_JPEG100\59270_1.jpg,Partially AI-Edited,,0.024,0.1968,0.77,39,1.36,8.4,4.78,7.54,712.51,64.12,746.2,535.97
partially_ai_edited\AutoSplice\Forged_JPEG100\59346_2.jpg,Partially AI-Edited,,0.0153,0.371,1.09,29,1.38,4.12,1.82,2.51,106.21,36.08,101.79,103.1
partially_ai_edited\AutoSplice\Forged_JPEG100\59447_0.jpg,Partially AI-Edited,,0.9905,0.2315,0.99,27,1.44,4.36,2.7,4.95,329.73,44.13,337.99,314.7
partially_ai_edited\AutoSplice\Forged_JPEG100\59462_0.jpg,Partially AI-Edited,,0.8964,0.2792,0.82,35,1.0,2.05,1.34,3.67,120.59,29.18,173.02,298.74
partially_ai_edited\AutoSplice\Forged_JPEG100\59516_0.jpg,Partially AI-Edited,,0.9998,0.3518,1.5,29,1.91,5.23,2.88,5.86,476.74,48.41,497.38,574.07
partially_ai_edited\AutoSplice\Forged_JPEG100\59583_1.jpg,Partially AI-Edited,,0.9986,0.2444,1.99,36,2.38,11.67,5.04,6.38,629.58,82.49,660.96,394.58
partially_ai_edited\AutoSplice\Forged_JPEG100\59598_2.jpg,Partially AI-Edited,,0.9998,0.3472,0.88,19,1.21,2.62,1.27,2.45,70.14,31.92,68.79,72.07
partially_ai_edited\AutoSplice\Forged_JPEG100\59712_1.jpg,Partially AI-Edited,,0.0015,0.3888,0.81,26,1.32,4.09,2.11,4.94,282.52,38.78,258.95,273.34
partially_ai_edited\AutoSplice\Forged_JPEG100\59712_2.jpg,Partially AI-Edited,,0.0013,0.4237,0.87,28,1.41,3.94,2.12,4.86,277.65,37.85,249.28,278.1
partially_ai_edited\AutoSplice\Forged_JPEG100\59805_2.jpg,Partially AI-Edited,,0.9708,0.3729,0.99,34,1.5,6.42,2.99,5.88,433.68,47.06,404.38,444.64
partially_ai_edited\AutoSplice\Forged_JPEG100\59834_0.jpg,Partially AI-Edited,,0.9962,0.2957,1.57,45,2.01,12.25,5.36,8.15,929.22,81.78,966.83,837.27
partially_ai_edited\AutoSplice\Forged_JPEG100\59904_2.jpg,Partially AI-Edited,,0.9949,0.3196,0.98,36,1.37,1.82,1.14,2.21,62.54,22.02,68.27,68.38
partially_ai_edited\AutoSplice\Forged_JPEG100\59993_2.jpg,Partially AI-Edited,,1.0,0.4101,1.16,27,2.09,3.77,1.81,4.98,339.38,30.04,336.33,335.93
partially_ai_edited\AutoSplice\Forged_JPEG100\60043_0.jpg,Partially AI-Edited,,0.9999,0.4648,1.18,21,1.53,8.06,3.8,6.18,366.66,74.22,480.92,463.0
partially_ai_edited\AutoSplice\Forged_JPEG100\60340_1.jpg,Partially AI-Edited,,0.9241,0.3847,1.65,28,2.04,3.87,2.26,5.55,336.38,42.59,433.84,513.2
partially_ai_edited\AutoSplice\Forged_JPEG100\60356_0.jpg,Partially AI-Edited,,0.0252,0.2983,1.52,19,1.59,16.1,7.46,8.84,2336.4,77.37,2416.64,2595.84
partially_ai_edited\AutoSplice\Forged_JPEG100\60557_2.jpg,Partially AI-Edited,,0.0015,0.3189,0.6,22,0.94,6.54,4.0,7.39,691.63,52.66,619.34,738.28
partially_ai_edited\AutoSplice\Forged_JPEG100\60582_1.jpg,Partially AI-Edited,,0.9988,0.1459,0.99,24,1.63,3.52,1.97,5.52,378.86,39.0,333.32,447.48
partially_ai_edited\AutoSplice\Forged_JPEG100\60661_2.jpg,Partially AI-Edited,,0.0001,0.1793,0.92,33,1.31,11.73,5.24,7.07,809.18,69.99,764.08,656.55
partially_ai_edited\AutoSplice\Forged_JPEG100\60708_1.jpg,Partially AI-Edited,,0.9959,0.1582,0.63,27,1.33,1.85,1.08,3.14,104.43,22.29,91.45,150.13
partially_ai_edited\AutoSplice\Forged_JPEG100\60708_2.jpg,Partially AI-Edited,,0.9373,0.2913,0.79,37,1.73,3.26,1.55,4.07,210.35,28.29,184.45,290.3
partially_ai_edited\AutoSplice\Forged_JPEG100\60835_1.jpg,Partially AI-Edited,,0.4095,0.3326,1.4,34,2.24,5.92,2.78,5.78,444.4,49.32,465.67,515.36
partially_ai_edited\AutoSplice\Forged_JPEG100\60901_0.jpg,Partially AI-Edited,,0.9999,0.3506,1.49,29,1.71,6.08,2.84,4.08,235.16,46.71,255.92,194.91
partially_ai_edited\AutoSplice\Forged_JPEG100\61217_0.jpg,Partially AI-Edited,,0.9655,0.3814,2.39,51,3.27,6.9,5.32,11.76,2175.52,70.27,2230.14,1442.18
partially_ai_edited\AutoSplice\Forged_JPEG100\61586_2.jpg,Partially AI-Edited,,0.0502,0.4353,1.23,25,1.77,3.55,1.78,3.66,204.47,31.67,209.74,176.68
partially_ai_edited\AutoSplice\Forged_JPEG100\62163_1.jpg,Partially AI-Edited,,0.999,0.4323,1.27,26,2.09,3.4,2.66,7.03,513.44,41.21,500.17,539.41
partially_ai_edited\AutoSplice\Forged_JPEG100\62617_2.jpg,Partially AI-Edited,,0.6831,0.3554,1.69,49,2.91,7.19,3.05,6.79,650.37,50.91,666.42,669.98
partially_ai_edited\AutoSplice\Forged_JPEG100\62643_0.jpg,Partially AI-Edited,,0.9967,0.4617,1.58,27,2.14,12.25,4.68,7.68,929.8,75.71,956.9,916.03
partially_ai_edited\AutoSplice\Forged_JPEG100\62977_1.jpg,Partially AI-Edited,,0.9999,0.3358,0.94,45,2.1,3.1,1.46,4.74,282.72,20.9,289.8,455.16
partially_ai_edited\AutoSplice\Forged_JPEG100\63067_2.jpg,Partially AI-Edited,,1.0,0.4656,1.15,31,2.04,4.39,2.09,4.92,332.52,37.22,298.0,347.48
partially_ai_edited\AutoSplice\Forged_JPEG100\63103_2.jpg,Partially AI-Edited,,0.0002,0.1907,1.2,28,1.69,11.17,5.45,7.83,960.98,78.94,1000.65,743.95
partially_ai_edited\AutoSplice\Forged_JPEG100\63282_1.jpg,Partially AI-Edited,,0.0135,0.2461,0.64,18,0.93,4.7,2.71,4.86,298.98,37.85,278.68,308.24
partially_ai_edited\AutoSplice\Forged_JPEG100\63986_0.jpg,Partially AI-Edited,,0.0001,0.2965,1.08,27,1.71,4.76,1.95,3.93,173.14,31.89,174.32,173.72
partially_ai_edited\AutoSplice\Forged_JPEG100\63986_2.jpg,Partially AI-Edited,,0.0001,0.2486,1.33,31,2.11,5.23,2.45,4.8,247.72,40.35,242.84,233.03
partially_ai_edited\AutoSplice\Forged_JPEG100\64223_2.jpg,Partially AI-Edited,,0.1355,0.182,1.52,28,1.64,23.84,8.39,8.12,1708.15,103.69,1641.19,780.27
partially_ai_edited\AutoSplice\Forged_JPEG100\64247_0.jpg,Partially AI-Edited,,0.9996,0.4745,1.67,30,2.58,6.76,3.33,7.0,760.55,47.27,789.77,920.45
partially_ai_edited\AutoSplice\Forged_JPEG100\65187_2.jpg,Partially AI-Edited,,1.0,0.3376,1.13,23,1.5,2.42,1.49,3.69,192.89,26.72,204.19,216.26
partially_ai_edited\AutoSplice\Forged_JPEG100\65350_2.jpg,Partially AI-Edited,,0.002,0.0603,0.31,15,0.84,2.75,1.57,4.61,235.81,22.12,233.13,390.32
partially_ai_edited\AutoSplice\Forged_JPEG100\65440_1.jpg,Partially AI-Edited,,1.0,0.2704,1.02,29,1.65,3.7,2.35,6.65,530.87,34.02,535.23,528.16
partially_ai_edited\AutoSplice\Forged_JPEG100\65722_2.jpg,Partially AI-Edited,,0.8005,0.204,2.55,33,2.49,5.23,4.37,6.42,732.51,51.26,766.38,294.52
partially_ai_edited\AutoSplice\Forged_JPEG100\65929_2.jpg,Partially AI-Edited,,0.0,0.1877,1.14,33,1.38,15.16,7.73,9.8,1727.89,92.64,1687.03,1156.01
partially_ai_edited\AutoSplice\Forged_JPEG100\66282_0.jpg,Partially AI-Edited,,0.9993,0.2202,1.14,27,1.67,4.55,2.49,4.42,216.64,51.92,226.58,169.48
partially_ai_edited\AutoSplice\Forged_JPEG100\66427_0.jpg,Partially AI-Edited,,0.0004,0.2075,1.67,25,1.83,15.58,6.89,8.76,1346.15,98.97,1379.73,889.41
partially_ai_edited\AutoSplice\Forged_JPEG100\66895_1.jpg,Partially AI-Edited,,0.3017,0.3354,1.3,31,1.69,7.98,3.61,6.25,478.87,69.09,512.08,344.66
partially_ai_edited\AutoSplice\Forged_JPEG100\67167_0.jpg,Partially AI-Edited,,0.0014,0.3073,1.06,27,1.26,13.18,6.34,8.03,1051.92,89.4,1104.16,565.47
partially_ai_edited\AutoSplice\Forged_JPEG100\67178_0.jpg,Partially AI-Edited,,0.9532,0.2985,1.27,22,1.57,5.59,2.63,4.31,285.71,46.92,299.71,327.95
partially_ai_edited\AutoSplice\Forged_JPEG100\67178_2.jpg,Partially AI-Edited,,0.9957,0.2843,1.36,26,1.64,5.85,2.93,4.45,320.79,50.65,303.54,364.38
partially_ai_edited\AutoSplice\Forged_JPEG100\67183_2.jpg,Partially AI-Edited,,0.0009,0.0939,0.78,17,1.14,4.27,2.74,6.72,500.05,52.24,522.64,1389.13
partially_ai_edited\AutoSplice\Forged_JPEG100\67202_0.jpg,Partially AI-Edited,,0.9833,0.4131,0.89,34,1.38,4.43,1.84,3.97,172.07,34.54,179.04,233.92
partially_ai_edited\AutoSplice\Forged_JPEG100\67306_2.jpg,Partially AI-Edited,,0.0091,0.2545,1.57,28,2.09,8.68,4.15,7.27,761.04,67.42,773.43,931.91
partially_ai_edited\AutoSplice\Forged_JPEG100\67381_0.jpg,Partially AI-Edited,,0.0082,0.3197,1.24,21,1.4,21.1,9.6,10.98,2705.65,115.51,2786.6,1802.81
partially_ai_edited\AutoSplice\Forged_JPEG100\67381_1.jpg,Partially AI-Edited,,0.0041,0.2349,1.28,21,1.48,21.2,9.67,11.01,2733.73,115.89,2794.05,1800.88
partially_ai_edited\AutoSplice\Forged_JPEG100\67495_1.jpg,Partially AI-Edited,,0.975,0.2649,1.35,26,1.53,9.37,4.65,6.92,589.51,74.09,626.88,371.41
partially_ai_edited\AutoSplice\Forged_JPEG100\67554_0.jpg,Partially AI-Edited,,0.9841,0.0856,1.01,31,1.63,4.1,2.21,6.03,467.17,33.02,400.12,542.61
partially_ai_edited\AutoSplice\Forged_JPEG100\67630_1.jpg,Partially AI-Edited,,0.0,0.3589,1.13,44,2.07,6.83,3.18,6.48,589.64,47.0,607.53,583.9
partially_ai_edited\AutoSplice\Forged_JPEG100\67736_2.jpg,Partially AI-Edited,,0.9255,0.3184,1.06,22,1.56,3.12,1.81,4.53,287.13,29.41,315.26,344.02
partially_ai_edited\AutoSplice\Forged_JPEG100\67983_2.jpg,Partially AI-Edited,,0.0026,0.252,1.17,34,1.66,12.67,5.05,7.09,952.2,65.19,907.79,1132.88
partially_ai_edited\AutoSplice\Forged_JPEG100\68033_0.jpg,Partially AI-Edited,,0.0777,0.3268,1.58,32,1.96,10.12,5.36,7.88,805.63,85.11,824.09,376.29
partially_ai_edited\AutoSplice\Forged_JPEG100\68583_2.jpg,Partially AI-Edited,,0.0,0.5211,1.23,22,1.45,16.68,9.4,13.6,3719.07,100.91,3498.42,3281.67
partially_ai_edited\AutoSplice\Forged_JPEG100\68761_1.jpg,Partially AI-Edited,,0.9931,0.1308,0.98,51,1.28,1.13,0.83,1.6,40.94,19.64,43.52,90.14
partially_ai_edited\AutoSplice\Forged_JPEG100\68948_1.jpg,Partially AI-Edited,,0.0018,0.3934,1.29,29,1.49,13.13,7.76,10.8,1867.55,103.01,1800.54,1431.49
partially_ai_edited\AutoSplice\Forged_JPEG100\69036_2.jpg,Partially AI-Edited,,1.0,0.2373,1.61,39,2.0,9.35,4.37,6.42,522.59,66.36,562.86,533.49
partially_ai_edited\AutoSplice\Forged_JPEG100\69039_0.jpg,Partially AI-Edited,,0.9996,0.2767,1.44,29,1.74,6.8,4.02,6.71,529.74,61.47,709.39,554.41
partially_ai_edited\AutoSplice\Forged_JPEG100\69097_1.jpg,Partially AI-Edited,,0.783,0.2856,0.98,26,1.38,3.34,1.54,3.4,142.9,38.83,145.35,245.28
partially_ai_edited\AutoSplice\Forged_JPEG100\69230_0.jpg,Partially AI-Edited,,0.0362,0.2423,1.13,39,1.58,10.01,4.18,6.31,594.55,61.46,605.0,279.18
partially_ai_edited\AutoSplice\Forged_JPEG100\69281_0.jpg,Partially AI-Edited,,0.3208,0.408,1.73,32,2.03,15.56,9.09,13.01,2934.6,115.2,2993.76,3072.28
partially_ai_edited\AutoSplice\Forged_JPEG100\69722_0.jpg,Partially AI-Edited,,0.0668,0.2427,1.09,39,2.06,4.68,2.21,5.0,278.07,44.26,299.56,559.26
partially_ai_edited\AutoSplice\Forged_JPEG100\70209_0.jpg,Partially AI-Edited,,0.8874,0.178,1.75,40,1.98,10.38,3.29,4.51,251.09,77.87,270.64,201.58
partially_ai_edited\AutoSplice\Forged_JPEG100\70379_2.jpg,Partially AI-Edited,,0.9994,0.4294,1.51,48,2.08,2.93,1.83,4.08,247.17,33.61,237.38,277.82
partially_ai_edited\AutoSplice\Forged_JPEG100\70809_2.jpg,Partially AI-Edited,,0.6831,0.3178,1.45,27,1.72,4.63,2.19,3.56,228.87,40.19,244.18,203.1
partially_ai_edited\AutoSplice\Forged_JPEG100\70890_0.jpg,Partially AI-Edited,,1.0,0.3168,2.66,34,2.62,14.41,6.08,7.47,884.47,91.06,913.16,954.74
partially_ai_edited\AutoSplice\Forged_JPEG100\71019_1.jpg,Partially AI-Edited,,0.0,0.1855,1.2,18,1.25,16.04,8.8,11.49,2515.31,104.83,2594.45,1948.14
partially_ai_edited\AutoSplice\Forged_JPEG100\71090_2.jpg,Partially AI-Edited,,0.9859,0.3003,1.37,40,1.75,8.91,4.07,6.29,495.6,62.58,549.9,594.96
partially_ai_edited\AutoSplice\Forged_JPEG100\71138_2.jpg,Partially AI-Edited,,0.9969,0.1457,1.04,37,1.38,6.84,2.68,3.62,167.85,61.12,213.6,199.68
partially_ai_edited\AutoSplice\Forged_JPEG100\71174_0.jpg,Partially AI-Edited,,0.9999,0.3209,1.56,35,1.78,7.5,2.53,3.62,171.25,42.64,184.79,130.24
partially_ai_edited\AutoSplice\Forged_JPEG100\71243_0.jpg,Partially AI-Edited,,0.9967,0.5018,1.25,26,1.89,5.56,2.59,5.06,285.47,50.53,307.86,257.8
partially_ai_edited\AutoSplice\Forged_JPEG100\71263_2.jpg,Partially AI-Edited,,0.9969,0.1557,0.76,14,0.94,1.44,1.75,2.42,71.49,31.16,78.77,73.76
partially_ai_edited\AutoSplice\Forged_JPEG100\71372_1.jpg,Partially AI-Edited,,1.0,0.2197,1.68,23,2.04,8.01,3.45,6.1,598.64,50.76,614.96,605.67
partially_ai_edited\AutoSplice\Forged_JPEG100\71548_1.jpg,Partially AI-Edited,,0.0009,0.286,1.32,29,1.42,10.61,4.7,6.11,501.87,75.49,505.62,304.49
partially_ai_edited\AutoSplice\Forged_JPEG100\71599_2.jpg,Partially AI-Edited,,0.0235,0.2168,1.55,32,1.87,12.43,6.36,9.0,1240.25,88.49,1356.16,929.87
partially_ai_edited\AutoSplice\Forged_JPEG100\71672_1.jpg,Partially AI-Edited,,0.0016,0.2308,1.21,20,1.47,8.93,4.65,8.45,1014.2,63.98,1043.52,1039.74
partially_ai_edited\AutoSplice\Forged_JPEG100\71752_2.jpg,Partially AI-Edited,,0.0016,0.3055,0.81,28,1.32,4.42,2.58,5.05,319.83,47.49,313.38,322.03
partially_ai_edited\AutoSplice\Forged_JPEG100\72063_1.jpg,Partially AI-Edited,,1.0,0.0495,0.64,28,1.52,2.09,1.05,2.56,74.13,19.97,74.7,133.28
partially_ai_edited\AutoSplice\Forged_JPEG100\72064_0.jpg,Partially AI-Edited,,0.0002,0.2671,1.47,29,1.74,16.22,8.8,10.8,2505.32,100.09,2543.06,1740.1
partially_ai_edited\AutoSplice\Forged_JPEG100\72082_0.jpg,Partially AI-Edited,,1.0,0.2906,0.99,25,1.61,3.43,1.75,4.79,288.49,29.87,292.76,307.3
partially_ai_edited\AutoSplice\Forged_JPEG100\72091_0.jpg,Partially AI-Edited,,0.0,0.6162,1.2,40,1.94,6.0,4.56,9.44,1417.25,58.41,1450.6,1850.38
partially_ai_edited\AutoSplice\Forged_JPEG100\72228_0.jpg,Partially AI-Edited,,0.0173,0.3587,1.17,21,1.4,4.27,2.4,4.76,288.38,39.04,251.92,320.59
partially_ai_edited\AutoSplice\Forged_JPEG100\72315_1.jpg,Partially AI-Edited,,0.9358,0.2336,1.77,31,1.95,13.58,6.4,8.55,1096.11,94.89,1150.84,573.1
partially_ai_edited\AutoSplice\Forged_JPEG100\72643_1.jpg,Partially AI-Edited,,0.0313,0.3128,1.25,35,1.62,8.97,3.56,4.55,257.38,66.93,274.11,125.9
partially_ai_edited\AutoSplice\Forged_JPEG100\72720_0.jpg,Partially AI-Edited,,0.0013,0.2309,1.39,25,1.5,19.74,8.98,10.92,2230.76,124.0,2283.56,1402.33
partially_ai_edited\AutoSplice\Forged_JPEG100\72958_0.jpg,Partially AI-Edited,,0.0122,0.0333,0.23,19,0.78,1.57,1.14,5.1,285.86,16.67,278.13,463.18
partially_ai_edited\AutoSplice\Forged_JPEG100\73008_1.jpg,Partially AI-Edited,,0.9109,0.3947,1.23,26,1.63,8.54,4.76,8.16,878.23,68.83,851.8,636.25
partially_ai_edited\AutoSplice\Forged_JPEG100\73101_1.jpg,Partially AI-Edited,,0.8551,0.1854,1.03,22,1.51,1.8,1.32,2.88,134.26,27.31,144.33,203.58
partially_ai_edited\AutoSplice\Forged_JPEG100\73176_2.jpg,Partially AI-Edited,,0.9991,0.2152,1.25,25,1.57,7.78,2.58,4.16,193.62,67.83,195.48,195.3
partially_ai_edited\AutoSplice\Forged_JPEG100\73185_2.jpg,Partially AI-Edited,,0.8484,0.6013,1.77,31,2.28,8.23,4.29,8.36,997.94,66.87,845.31,1016.31
partially_ai_edited\AutoSplice\Forged_JPEG100\73404_2.jpg,Partially AI-Edited,,0.0083,0.1971,1.99,26,1.89,32.73,15.1,14.84,4953.58,164.5,5035.4,3483.58
partially_ai_edited\AutoSplice\Forged_JPEG100\73416_2.jpg,Partially AI-Edited,,0.9404,0.2219,0.83,25,1.31,2.34,1.21,2.64,109.13,28.67,113.62,160.45
partially_ai_edited\AutoSplice\Forged_JPEG100\73424_0.jpg,Partially AI-Edited,,0.0337,0.5274,0.77,44,1.26,7.46,4.25,8.99,1048.65,54.18,983.37,1300.13
partially_ai_edited\AutoSplice\Forged_JPEG75\39457_1.jpg,Partially AI-Edited,,0.0004,0.1424,0.53,35,0.76,2.66,2.21,3.1,131.32,37.44,190.74,219.03
partially_ai_edited\AutoSplice\Forged_JPEG75\39579_2.jpg,Partially AI-Edited,,0.0004,0.0904,1.19,15,1.25,15.1,7.66,9.47,1813.0,95.03,1844.78,1039.02
partially_ai_edited\AutoSplice\Forged_JPEG75\39637_2.jpg,Partially AI-Edited,,0.4443,0.1571,0.52,9,0.78,7.07,3.05,5.19,338.1,59.09,355.32,428.15
partially_ai_edited\AutoSplice\Forged_JPEG75\39678_0.jpg,Partially AI-Edited,,0.016,0.3829,0.61,23,1.15,3.71,1.46,3.24,124.6,31.01,122.79,164.74
partially_ai_edited\AutoSplice\Forged_JPEG75\39770_1.jpg,Partially AI-Edited,,0.6652,0.3622,0.46,11,0.83,3.07,1.56,3.83,178.51,33.75,183.87,219.26
partially_ai_edited\AutoSplice\Forged_JPEG75\39816_1.jpg,Partially AI-Edited,,0.0001,0.226,0.71,10,0.9,8.01,3.84,6.16,517.72,63.53,530.93,442.29
partially_ai_edited\AutoSplice\Forged_JPEG75\39816_2.jpg,Partially AI-Edited,,0.002,0.2109,0.69,15,0.9,7.9,3.82,6.01,502.65,63.9,516.36,424.7
partially_ai_edited\AutoSplice\Forged_JPEG75\39836_0.jpg,Partially AI-Edited,,0.8242,0.2217,0.46,12,0.74,5.83,2.06,3.49,157.94,47.89,161.41,208.23
partially_ai_edited\AutoSplice\Forged_JPEG75\39890_0.jpg,Partially AI-Edited,,0.4084,0.3565,1.59,43,3.14,8.38,4.45,7.91,746.87,71.58,709.19,731.48
partially_ai_edited\AutoSplice\Forged_JPEG75\40034_0.jpg,Partially AI-Edited,,0.0115,0.1972,0.82,16,1.12,9.89,4.41,6.94,635.97,72.34,648.19,550.93
partially_ai_edited\AutoSplice\Forged_JPEG75\40037_0.jpg,Partially AI-Edited,,0.1044,0.3027,0.53,8,0.78,2.65,1.96,3.05,116.69,37.31,120.27,83.16
partially_ai_edited\AutoSplice\Forged_JPEG75\40056_1.jpg,Partially AI-Edited,,0.0272,0.1947,0.59,23,1.12,2.87,1.36,3.24,101.96,30.69,109.58,252.33
partially_ai_edited\AutoSplice\Forged_JPEG75\40182_1.jpg,Partially AI-Edited,,0.0035,0.3531,0.45,16,0.9,4.91,3.5,9.34,982.0,42.86,982.22,920.25
partially_ai_edited\AutoSplice\Forged_JPEG75\40197_1.jpg,Partially AI-Edited,,0.0,0.1459,1.0,12,1.12,15.95,7.8,9.61,1891.3,91.27,1920.93,899.58
partially_ai_edited\AutoSplice\Forged_JPEG75\40366_1.jpg,Partially AI-Edited,,0.0013,0.2076,0.66,14,0.95,6.17,2.93,4.81,294.61,49.59,310.42,298.05
partially_ai_edited\AutoSplice\Forged_JPEG75\40444_1.jpg,Partially AI-Edited,,0.889,0.3186,0.71,14,1.01,5.93,2.52,4.15,185.66,52.96,196.65,183.48
partially_ai_edited\AutoSplice\Forged_JPEG75\40492_1.jpg,Partially AI-Edited,,0.0001,0.108,0.71,8,0.84,11.63,3.8,4.11,231.35,73.5,241.97,136.55
partially_ai_edited\AutoSplice\Forged_JPEG75\40496_2.jpg,Partially AI-Edited,,0.2419,0.2422,0.59,10,0.93,6.56,3.1,5.63,392.0,50.38,465.25,653.53
partially_ai_edited\AutoSplice\Forged_JPEG75\40574_2.jpg,Partially AI-Edited,,0.0061,0.2598,0.26,18,0.57,3.22,1.31,2.92,67.98,32.57,75.88,128.58
partially_ai_edited\AutoSplice\Forged_JPEG75\40591_1.jpg,Partially AI-Edited,,0.0244,0.3488,0.81,15,1.11,8.82,5.9,9.28,1146.09,93.77,1229.07,784.06
partially_ai_edited\AutoSplice\Forged_JPEG75\40630_2.jpg,Partially AI-Edited,,0.0005,0.0807,0.43,12,0.78,2.57,1.44,3.72,165.2,21.69,150.82,254.13
partially_ai_edited\AutoSplice\Forged_JPEG75\40736_0.jpg,Partially AI-Edited,,0.01,0.1803,0.42,9,0.72,3.89,1.51,2.94,114.62,34.87,121.72,139.59
partially_ai_edited\AutoSplice\Forged_JPEG75\40745_1.jpg,Partially AI-Edited,,0.8592,0.314,0.74,44,1.67,5.06,2.94,7.5,619.14,42.62,646.41,526.12
partially_ai_edited\AutoSplice\Forged_JPEG75\40922_2.jpg,Partially AI-Edited,,0.0,0.1247,1.25,14,1.33,17.62,9.58,11.52,2784.92,106.62,2828.0,1511.11
partially_ai_edited\AutoSplice\Forged_JPEG75\41042_2.jpg,Partially AI-Edited,,0.7454,0.0766,1.54,25,1.56,12.19,4.32,4.12,326.59,75.13,340.96,94.31
partially_ai_edited\AutoSplice\Forged_JPEG75\41070_2.jpg,Partially AI-Edited,,0.0158,0.331,0.79,19,1.26,5.64,2.67,5.74,348.11,52.47,350.94,411.02
partially_ai_edited\AutoSplice\Forged_JPEG75\41234_1.jpg,Partially AI-Edited,,0.0125,0.2907,1.0,19,1.31,12.88,5.98,8.42,1144.77,77.56,1160.51,929.59
partially_ai_edited\AutoSplice\Forged_JPEG75\41284_2.jpg,Partially AI-Edited,,0.0011,0.3656,1.07,28,1.64,2.9,1.25,2.66,73.65,32.03,80.99,82.15
partially_ai_edited\AutoSplice\Forged_JPEG75\41295_0.jpg,Partially AI-Edited,,0.0048,0.4355,0.53,12,0.86,7.35,4.34,8.53,853.54,61.71,851.01,943.11
partially_ai_edited\AutoSplice\Forged_JPEG75\41328_1.jpg,Partially AI-Edited,,0.0001,0.219,1.11,17,1.46,16.0,7.05,10.93,2294.79,95.68,2086.12,2681.85
partially_ai_edited\AutoSplice\Forged_JPEG75\41328_2.jpg,Partially AI-Edited,,0.0002,0.237,1.12,24,1.5,15.92,7.09,10.94,2301.71,96.48,2093.95,2677.47
partially_ai_edited\AutoSplice\Forged_JPEG75\41339_2.jpg,Partially AI-Edited,,0.2877,0.0,0.4,40,1.44,1.44,0.7,3.79,192.14,13.89,179.66,443.21
partially_ai_edited\AutoSplice\Forged_JPEG75\41381_2.jpg,Partially AI-Edited,,0.0154,0.3,0.56,13,0.85,6.83,3.33,6.12,405.09,64.72,427.06,297.4
partially_ai_edited\AutoSplice\Forged_JPEG75\41487_0.jpg,Partially AI-Edited,,0.9134,0.2185,0.65,25,1.14,5.2,2.34,5.36,389.18,42.78,368.25,563.84
partially_ai_edited\AutoSplice\Forged_JPEG75\41519_2.jpg,Partially AI-Edited,,0.1559,0.5088,0.66,28,1.3,6.62,3.21,7.04,563.97,57.99,568.89,778.11
partially_ai_edited\AutoSplice\Forged_JPEG75\41540_2.jpg,Partially AI-Edited,,0.6927,0.1213,0.32,11,0.75,2.14,1.36,4.5,189.76,30.93,228.66,383.34
partially_ai_edited\AutoSplice\Forged_JPEG75\41636_2.jpg,Partially AI-Edited,,0.5736,0.426,0.47,11,0.8,4.29,2.62,5.47,438.85,34.07,408.54,623.71
partially_ai_edited\AutoSplice\Forged_JPEG75\41641_2.jpg,Partially AI-Edited,,0.6784,0.1448,0.54,12,0.77,4.85,2.42,3.45,170.44,42.73,158.4,142.44
partially_ai_edited\AutoSplice\Forged_JPEG75\41665_0.jpg,Partially AI-Edited,,0.0114,0.1518,0.34,8,0.67,1.47,0.8,1.55,26.38,18.55,29.66,22.16
partially_ai_edited\AutoSplice\Forged_JPEG75\41734_0.jpg,Partially AI-Edited,,0.2097,0.2086,1.54,23,1.48,20.97,16.63,18.45,5888.7,188.17,5983.92,2992.3
partially_ai_edited\AutoSplice\Forged_JPEG75\41734_2.jpg,Partially AI-Edited,,0.1114,0.1913,1.54,23,1.49,21.24,16.67,18.43,5895.78,188.45,5991.11,2981.55
partially_ai_edited\AutoSplice\Forged_JPEG75\41750_2.jpg,Partially AI-Edited,,0.0,0.2539,0.99,15,1.17,13.03,7.54,10.25,1766.92,92.12,2000.29,1272.52
partially_ai_edited\AutoSplice\Forged_JPEG75\41765_2.jpg,Partially AI-Edited,,0.0527,0.1006,0.4,15,0.75,2.59,1.36,3.45,136.64,35.54,126.86,241.02
partially_ai_edited\AutoSplice\Forged_JPEG75\41788_0.jpg,Partially AI-Edited,,0.0407,0.3672,0.38,10,0.7,2.9,1.55,3.31,137.38,25.88,135.76,133.68
partially_ai_edited\AutoSplice\Forged_JPEG75\41788_1.jpg,Partially AI-Edited,,0.7458,0.2886,0.46,14,0.76,3.42,1.67,2.95,102.98,30.66,107.47,84.59
partially_ai_edited\AutoSplice\Forged_JPEG75\41832_1.jpg,Partially AI-Edited,,0.006,0.1511,0.71,21,1.1,5.43,1.99,4.36,209.36,44.57,221.99,246.05
partially_ai_edited\AutoSplice\Forged_JPEG75\41893_2.jpg,Partially AI-Edited,,0.1829,0.3331,0.48,16,0.85,4.33,2.35,5.1,352.28,35.52,359.66,456.84
partially_ai_edited\AutoSplice\Forged_JPEG75\41963_1.jpg,Partially AI-Edited,,0.0037,0.4584,0.67,14,1.14,8.05,4.23,8.98,1298.87,53.13,1169.34,2320.64
partially_ai_edited\AutoSplice\Forged_JPEG75\42005_2.jpg,Partially AI-Edited,,0.473,0.2074,0.4,8,0.75,1.53,0.88,2.5,58.02,27.12,62.12,92.03
partially_ai_edited\AutoSplice\Forged_JPEG75\42038_2.jpg,Partially AI-Edited,,0.0,0.2622,0.71,12,1.04,8.45,4.37,8.01,1170.73,58.19,1186.35,1227.2
partially_ai_edited\AutoSplice\Forged_JPEG75\42057_2.jpg,Partially AI-Edited,,0.0445,0.2862,0.98,23,1.26,13.27,7.11,10.27,1896.56,89.82,1895.74,1846.17
partially_ai_edited\AutoSplice\Forged_JPEG75\42183_2.jpg,Partially AI-Edited,,0.9983,0.4238,0.59,13,1.04,5.24,3.52,8.19,1004.15,54.89,1039.19,1206.83
partially_ai_edited\AutoSplice\Forged_JPEG75\42219_0.jpg,Partially AI-Edited,,0.9687,0.222,0.54,10,0.81,3.24,2.16,3.59,156.63,37.44,171.2,115.6
partially_ai_edited\AutoSplice\Forged_JPEG75\42219_1.jpg,Partially AI-Edited,,0.0208,0.1746,0.52,9,0.78,2.72,1.83,2.7,94.92,31.96,106.78,94.28
partially_ai_edited\AutoSplice\Forged_JPEG75\42299_0.jpg,Partially AI-Edited,,0.1936,0.1279,0.7,16,0.98,5.88,3.11,5.63,422.97,51.34,430.77,312.97
partially_ai_edited\AutoSplice\Forged_JPEG75\42357_2.jpg,Partially AI-Edited,,0.185,0.226,0.58,18,1.1,2.81,1.35,3.07,110.44,30.29,112.2,151.31
partially_ai_edited\AutoSplice\Forged_JPEG75\42401_2.jpg,Partially AI-Edited,,0.0,0.1589,1.62,24,1.64,18.18,9.39,11.39,2530.26,114.58,2545.84,1507.69
partially_ai_edited\AutoSplice\Forged_JPEG75\42407_2.jpg,Partially AI-Edited,,0.0383,0.2409,0.53,12,0.89,5.47,3.5,6.73,776.96,42.62,746.77,1015.15
partially_ai_edited\AutoSplice\Forged_JPEG75\42448_0.jpg,Partially AI-Edited,,0.6348,0.3302,0.9,23,1.36,6.95,2.93,4.88,318.88,51.81,328.69,282.04
partially_ai_edited\AutoSplice\Forged_JPEG75\42512_1.jpg,Partially AI-Edited,,0.0032,0.4319,0.7,30,1.2,6.33,3.51,7.53,622.1,56.47,636.35,594.74
partially_ai_edited\AutoSplice\Forged_JPEG75\42517_0.jpg,Partially AI-Edited,,0.6474,0.1827,1.0,15,1.05,21.03,7.25,7.21,1364.15,86.33,1382.17,838.01
partially_ai_edited\AutoSplice\Forged_JPEG75\42517_1.jpg,Partially AI-Edited,,0.9988,0.1851,1.03,23,1.09,21.24,7.44,7.6,1478.95,88.97,1506.87,875.08
partially_ai_edited\AutoSplice\Forged_JPEG75\42625_0.jpg,Partially AI-Edited,,0.998,0.1693,0.48,15,0.82,3.51,1.54,3.35,134.94,33.31,134.39,174.96
partially_ai_edited\AutoSplice\Forged_JPEG75\42625_2.jpg,Partially AI-Edited,,0.0108,0.2913,0.49,14,0.82,3.75,1.73,3.64,168.97,36.54,167.62,191.6
partially_ai_edited\AutoSplice\Forged_JPEG75\42680_1.jpg,Partially AI-Edited,,0.7047,0.2092,0.35,8,0.67,2.23,1.13,2.68,68.76,32.21,71.87,82.77
partially_ai_edited\AutoSplice\Forged_JPEG75\42935_2.jpg,Partially AI-Edited,,0.5508,0.2554,0.75,11,1.08,7.83,2.94,5.32,470.26,48.99,490.82,410.4
partially_ai_edited\AutoSplice\Forged_JPEG75\43088_1.jpg,Partially AI-Edited,,0.0009,0.3002,0.63,14,0.9,5.42,2.23,4.28,204.3,47.9,212.56,181.87
partially_ai_edited\AutoSplice\Forged_JPEG75\43326_1.jpg,Partially AI-Edited,,0.0002,0.3471,1.22,31,1.72,9.2,4.02,6.43,603.68,55.18,615.98,643.75
partially_ai_edited\AutoSplice\Forged_JPEG75\43366_0.jpg,Partially AI-Edited,,0.9445,0.2965,0.74,29,1.39,6.66,3.08,5.25,393.36,48.02,398.67,410.66
partially_ai_edited\AutoSplice\Forged_JPEG75\43578_0.jpg,Partially AI-Edited,,0.0005,0.2709,1.11,26,1.69,9.51,3.55,6.22,557.8,63.72,570.18,892.68
partially_ai_edited\AutoSplice\Forged_JPEG75\43680_2.jpg,Partially AI-Edited,,0.0,0.2994,1.2,23,1.54,14.2,9.02,12.45,2605.07,111.93,2558.02,1818.47
partially_ai_edited\AutoSplice\Forged_JPEG75\43701_2.jpg,Partially AI-Edited,,0.0,0.2925,1.22,21,1.55,14.88,6.9,9.21,1579.8,87.51,1448.61,1336.79
partially_ai_edited\AutoSplice\Forged_JPEG75\43821_0.jpg,Partially AI-Edited,,0.151,0.3709,0.62,17,1.23,4.12,1.95,4.62,223.65,37.61,231.82,228.31
partially_ai_edited\AutoSplice\Forged_JPEG75\43895_1.jpg,Partially AI-Edited,,0.9975,0.2223,0.51,13,0.85,5.21,2.2,4.47,314.18,38.1,339.23,356.69
partially_ai_edited\AutoSplice\Forged_JPEG75\43926_2.jpg,Partially AI-Edited,,0.0787,0.1272,0.41,9,0.75,2.84,1.68,4.08,209.08,37.4,204.45,295.35
partially_ai_edited\AutoSplice\Forged_JPEG75\44029_1.jpg,Partially AI-Edited,,0.4231,0.1578,0.66,9,0.89,8.72,3.1,4.89,300.5,61.45,314.03,323.38
partially_ai_edited\AutoSplice\Forged_JPEG75\44055_0.jpg,Partially AI-Edited,,0.0201,0.4133,0.84,23,1.46,5.66,3.2,6.55,507.77,52.21,544.46,492.59
partially_ai_edited\AutoSplice\Forged_JPEG75\44055_1.jpg,Partially AI-Edited,,0.9297,0.3396,0.76,30,1.44,5.62,3.12,6.78,536.02,53.41,562.35,484.02
partially_ai_edited\AutoSplice\Forged_JPEG75\44055_2.jpg,Partially AI-Edited,,0.0125,0.2558,0.48,13,0.84,4.71,2.7,6.45,480.72,43.31,507.9,453.08
partially_ai_edited\AutoSplice\Forged_JPEG75\44061_0.jpg,Partially AI-Edited,,0.6915,0.2947,0.41,11,0.8,3.64,1.7,4.25,205.16,33.18,216.17,284.08
partially_ai_edited\AutoSplice\Forged_JPEG75\44063_0.jpg,Partially AI-Edited,,0.0144,0.2765,0.51,13,0.82,7.77,2.66,4.79,292.21,54.57,315.1,321.84
partially_ai_edited\AutoSplice\Forged_JPEG75\44080_2.jpg,Partially AI-Edited,,0.0015,0.1734,0.78,33,1.08,8.11,3.16,5.52,445.27,64.9,393.07,484.58
partially_ai_edited\AutoSplice\Forged_JPEG75\44117_1.jpg,Partially AI-Edited,,0.0005,0.2956,0.72,19,1.05,9.35,5.13,8.66,1144.07,68.15,1166.51,1059.34
partially_ai_edited\AutoSplice\Forged_JPEG75\44154_0.jpg,Partially AI-Edited,,0.4215,0.3133,0.6,17,1.11,4.23,2.23,5.53,366.5,39.43,443.53,569.74
partially_ai_edited\AutoSplice\Forged_JPEG75\44154_1.jpg,Partially AI-Edited,,0.0668,0.3448,0.81,14,1.21,8.6,3.02,5.14,327.65,53.78,340.82,350.72
partially_ai_edited\AutoSplice\Forged_JPEG75\44240_2.jpg,Partially AI-Edited,,0.0457,0.2368,0.48,11,0.82,8.75,3.29,5.78,525.52,46.6,525.22,483.87
partially_ai_edited\AutoSplice\Forged_JPEG75\44275_1.jpg,Partially AI-Edited,,0.7819,0.0988,0.29,11,0.72,3.12,1.15,3.12,151.8,20.44,155.22,297.21
partially_ai_edited\AutoSplice\Forged_JPEG75\44282_2.jpg,Partially AI-Edited,,0.0007,0.1208,1.41,17,1.4,21.03,10.08,10.88,2876.62,124.0,2968.23,1594.18
partially_ai_edited\AutoSplice\Forged_JPEG75\44324_1.jpg,Partially AI-Edited,,0.9984,0.1762,0.45,11,0.75,3.45,1.98,4.01,169.31,37.7,167.33,240.35
partially_ai_edited\AutoSplice\Forged_JPEG75\44399_2.jpg,Partially AI-Edited,,0.7034,0.2625,0.62,20,1.25,2.99,1.86,4.17,230.13,28.64,235.58,278.46
partially_ai_edited\AutoSplice\Forged_JPEG75\44479_2.jpg,Partially AI-Edited,,0.0415,0.2542,0.77,34,1.4,5.83,2.97,5.79,452.68,51.29,457.46,519.67
partially_ai_edited\AutoSplice\Forged_JPEG75\44682_0.jpg,Partially AI-Edited,,0.0005,0.1575,0.94,19,1.32,7.63,4.21,7.57,736.47,64.61,776.66,689.29
partially_ai_edited\AutoSplice\Forged_JPEG75\44705_2.jpg,Partially AI-Edited,,0.7026,0.1951,0.58,11,0.91,4.53,2.34,4.43,206.87,47.8,218.36,150.9
partially_ai_edited\AutoSplice\Forged_JPEG75\44724_2.jpg,Partially AI-Edited,,0.1601,0.1527,0.37,12,0.67,3.14,2.19,4.56,269.69,34.04,247.82,493.17
partially_ai_edited\AutoSplice\Forged_JPEG75\44795_1.jpg,Partially AI-Edited,,0.0065,0.2032,1.28,13,1.33,20.56,8.62,10.0,2307.93,108.42,2356.39,1478.62
partially_ai_edited\AutoSplice\Forged_JPEG75\44906_2.jpg,Partially AI-Edited,,0.0,0.1951,0.34,6,0.61,5.5,1.74,2.74,82.8,41.8,81.27,72.79
partially_ai_edited\AutoSplice\Forged_JPEG75\44996_1.jpg,Partially AI-Edited,,0.3995,0.2301,0.8,24,1.34,5.63,3.13,5.38,416.55,44.87,480.23,451.24
partially_ai_edited\AutoSplice\Forged_JPEG75\44998_0.jpg,Partially AI-Edited,,0.0057,0.3061,0.6,10,0.85,3.63,1.59,2.89,93.97,42.55,91.32,78.79
partially_ai_edited\AutoSplice\Forged_JPEG75\45110_0.jpg,Partially AI-Edited,,0.9989,0.3785,0.61,19,1.19,6.46,2.39,5.47,448.26,35.98,461.19,633.77
partially_ai_edited\AutoSplice\Forged_JPEG75\45143_2.jpg,Partially AI-Edited,,0.0044,0.139,0.75,10,0.94,7.99,2.89,4.21,197.8,65.73,205.22,117.07
partially_ai_edited\AutoSplice\Forged_JPEG75\45260_1.jpg,Partially AI-Edited,,0.9784,0.0222,0.29,22,0.83,2.75,1.25,4.09,209.57,23.0,206.18,374.14
partially_ai_edited\AutoSplice\Forged_JPEG75\45288_1.jpg,Partially AI-Edited,,0.9772,0.0718,0.63,32,1.11,3.99,2.96,4.91,319.13,43.41,339.89,459.23
partially_ai_edited\AutoSplice\Forged_JPEG75\45338_2.jpg,Partially AI-Edited,,0.3984,0.2172,1.52,27,1.62,19.32,8.67,10.51,2541.9,105.93,2594.52,1825.62
partially_ai_edited\AutoSplice\Forged_JPEG75\45494_2.jpg,Partially AI-Edited,,0.0001,0.182,0.97,14,1.1,13.59,7.97,9.81,1721.86,96.75,1632.23,1029.72
partially_ai_edited\AutoSplice\Forged_JPEG75\45524_1.jpg,Partially AI-Edited,,0.0098,0.2193,0.98,21,1.43,12.5,5.02,7.12,711.92,89.85,737.52,605.16
partially_ai_edited\AutoSplice\Forged_JPEG75\45548_2.jpg,Partially AI-Edited,,0.007,0.1645,0.45,10,0.72,5.33,2.89,4.96,335.98,44.58,320.22,453.8
partially_ai_edited\AutoSplice\Forged_JPEG75\45620_0.jpg,Partially AI-Edited,,0.007,0.3549,0.56,15,0.88,6.17,4.06,7.15,742.53,54.42,765.09,774.58
partially_ai_edited\AutoSplice\Forged_JPEG75\45694_2.jpg,Partially AI-Edited,,0.9044,0.25,0.56,33,0.81,7.1,2.8,4.1,194.57,60.75,207.92,220.99
partially_ai_edited\AutoSplice\Forged_JPEG75\45749_0.jpg,Partially AI-Edited,,0.9989,0.1175,0.47,13,0.75,1.7,1.77,2.98,114.86,30.3,105.16,174.21
partially_ai_edited\AutoSplice\Forged_JPEG75\45770_0.jpg,Partially AI-Edited,,0.0157,0.2119,0.53,45,1.02,3.48,1.56,3.08,91.4,32.04,81.95,83.99
partially_ai_edited\AutoSplice\Forged_JPEG75\45770_2.jpg,Partially AI-Edited,,0.7753,0.094,0.53,47,0.96,2.3,1.32,2.42,59.51,29.51,55.06,81.61
partially_ai_edited\AutoSplice\Forged_JPEG75\45781_2.jpg,Partially AI-Edited,,0.3493,0.1319,0.37,27,0.89,3.0,1.45,4.09,159.9,30.62,152.67,229.14
partially_ai_edited\AutoSplice\Forged_JPEG75\45784_0.jpg,Partially AI-Edited,,0.0111,0.2883,0.6,17,0.88,4.83,2.34,4.95,265.52,48.59,272.6,336.28
partially_ai_edited\AutoSplice\Forged_JPEG75\45784_2.jpg,Partially AI-Edited,,0.1432,0.1533,0.45,8,0.72,2.57,1.26,2.66,70.56,35.08,74.47,85.4
partially_ai_edited\AutoSplice\Forged_JPEG75\45792_2.jpg,Partially AI-Edited,,0.0001,0.4305,1.64,21,1.84,20.95,12.35,15.14,5116.33,140.18,5207.34,4197.44
partially_ai_edited\AutoSplice\Forged_JPEG75\45807_0.jpg,Partially AI-Edited,,0.9997,0.1425,0.53,38,1.09,3.0,1.65,3.87,180.19,32.62,184.92,180.38
partially_ai_edited\AutoSplice\Forged_JPEG75\45883_1.jpg,Partially AI-Edited,,0.2275,0.2589,0.79,13,1.04,6.3,2.88,5.45,436.47,52.27,443.0,461.98
partially_ai_edited\AutoSplice\Forged_JPEG75\46104_0.jpg,Partially AI-Edited,,0.0362,0.2492,0.58,11,0.84,3.79,1.79,2.7,83.03,38.64,85.5,57.28
partially_ai_edited\AutoSplice\Forged_JPEG75\46307_1.jpg,Partially AI-Edited,,0.4933,0.2612,0.28,12,0.72,2.49,1.63,5.5,366.79,27.05,383.6,516.31
partially_ai_edited\AutoSplice\Forged_JPEG75\46344_0.jpg,Partially AI-Edited,,0.0014,0.3237,0.66,25,1.05,4.66,2.27,4.34,268.05,45.34,239.13,377.35
partially_ai_edited\AutoSplice\Forged_JPEG75\46344_2.jpg,Partially AI-Edited,,0.0275,0.2369,0.49,12,0.79,3.58,1.63,2.79,93.44,40.59,87.71,115.56
partially_ai_edited\AutoSplice\Forged_JPEG75\46425_2.jpg,Partially AI-Edited,,0.9601,0.021,0.3,14,0.67,1.69,0.99,3.13,110.96,18.96,99.5,208.0
partially_ai_edited\AutoSplice\Forged_JPEG75\46499_1.jpg,Partially AI-Edited,,0.0126,0.3679,0.58,14,0.94,5.2,2.54,5.36,353.29,56.61,367.76,445.61
partially_ai_edited\AutoSplice\Forged_JPEG75\46634_0.jpg,Partially AI-Edited,,0.0158,0.2092,0.83,23,1.22,5.4,3.33,5.47,391.06,52.55,478.35,423.07
partially_ai_edited\AutoSplice\Forged_JPEG75\46645_2.jpg,Partially AI-Edited,,0.0,0.0994,1.37,15,1.48,19.9,9.84,11.61,2990.78,117.04,3083.9,1286.93
partially_ai_edited\AutoSplice\Forged_JPEG75\46674_0.jpg,Partially AI-Edited,,0.0235,0.1202,0.55,10,0.84,4.28,1.73,2.72,78.63,39.16,85.72,60.78
partially_ai_edited\AutoSplice\Forged_JPEG75\46957_1.jpg,Partially AI-Edited,,0.0689,0.4133,0.69,27,1.24,3.91,1.72,3.72,143.97,42.44,154.22,159.31
partially_ai_edited\AutoSplice\Forged_JPEG75\47176_1.jpg,Partially AI-Edited,,0.4766,0.2956,0.41,8,0.67,7.12,3.73,6.81,536.73,70.71,583.1,482.77
partially_ai_edited\AutoSplice\Forged_JPEG75\47176_2.jpg,Partially AI-Edited,,0.9394,0.2695,0.41,13,0.75,6.27,3.81,7.68,726.76,68.95,765.92,784.18
partially_ai_edited\AutoSplice\Forged_JPEG75\47195_2.jpg,Partially AI-Edited,,0.9456,0.2546,0.39,10,0.78,4.66,1.78,4.48,241.8,32.7,246.82,316.24
partially_ai_edited\AutoSplice\Forged_JPEG75\47215_2.jpg,Partially AI-Edited,,0.2651,0.205,0.47,10,0.81,0.77,1.2,2.64,95.13,16.38,84.69,117.23
partially_ai_edited\AutoSplice\Forged_JPEG75\47410_0.jpg,Partially AI-Edited,,0.0344,0.3996,0.7,23,1.23,6.04,2.72,5.33,434.71,44.33,446.47,337.53
partially_ai_edited\AutoSplice\Forged_JPEG75\47614_0.jpg,Partially AI-Edited,,0.9039,0.2542,0.48,14,0.92,4.6,2.1,5.52,379.93,39.44,390.67,897.1
partially_ai_edited\AutoSplice\Forged_JPEG75\47697_1.jpg,Partially AI-Edited,,0.9788,0.2416,0.61,22,1.11,4.77,2.43,5.72,477.35,47.76,443.64,619.46
partially_ai_edited\AutoSplice\Forged_JPEG75\47749_0.jpg,Partially AI-Edited,,0.9133,0.1736,0.64,15,0.98,7.21,2.89,4.64,256.37,49.12,263.25,216.33
partially_ai_edited\AutoSplice\Forged_JPEG75\47844_1.jpg,Partially AI-Edited,,0.7215,0.2634,0.69,19,1.07,4.14,2.01,4.33,227.96,43.35,232.64,231.72
partially_ai_edited\AutoSplice\Forged_JPEG75\47888_1.jpg,Partially AI-Edited,,0.1473,0.314,0.72,19,1.07,8.02,2.93,5.22,297.92,59.51,307.26,387.32
partially_ai_edited\AutoSplice\Forged_JPEG75\47968_1.jpg,Partially AI-Edited,,0.062,0.4598,0.48,12,0.89,2.45,1.29,3.44,136.79,25.78,123.17,286.11
partially_ai_edited\AutoSplice\Forged_JPEG75\48125_1.jpg,Partially AI-Edited,,0.0016,0.3921,0.54,14,0.86,4.83,2.05,4.3,197.46,44.96,202.93,191.58
partially_ai_edited\AutoSplice\Forged_JPEG75\48216_2.jpg,Partially AI-Edited,,0.7276,0.0389,0.64,34,1.51,1.7,1.01,2.64,78.04,22.36,80.73,144.05
partially_ai_edited\AutoSplice\Forged_JPEG75\48251_0.jpg,Partially AI-Edited,,0.0001,0.1516,0.43,8,0.69,5.0,2.3,3.77,146.21,48.58,151.7,122.45
partially_ai_edited\AutoSplice\Forged_JPEG75\48358_1.jpg,Partially AI-Edited,,0.0001,0.3426,0.78,13,1.1,7.27,3.31,6.07,520.25,51.99,469.07,589.23
partially_ai_edited\AutoSplice\Forged_JPEG75\48610_1.jpg,Partially AI-Edited,,0.009,0.2148,0.6,16,0.89,3.26,2.45,3.34,185.69,37.48,186.27,164.67
partially_ai_edited\AutoSplice\Forged_JPEG75\48638_1.jpg,Partially AI-Edited,,0.0014,0.2337,0.4,11,0.83,3.39,1.79,4.76,256.55,33.49,237.29,295.51
partially_ai_edited\AutoSplice\Forged_JPEG75\48673_0.jpg,Partially AI-Edited,,0.0012,0.1218,0.51,12,0.75,5.77,2.58,4.17,201.96,53.36,210.97,261.36
partially_ai_edited\AutoSplice\Forged_JPEG75\48778_1.jpg,Partially AI-Edited,,0.0001,0.1179,0.97,19,1.11,12.15,4.87,6.03,552.41,77.57,575.04,284.95
partially_ai_edited\AutoSplice\Forged_JPEG75\48843_2.jpg,Partially AI-Edited,,0.997,0.2397,0.61,19,1.2,3.9,1.65,3.65,153.72,29.45,147.22,182.12
partially_ai_edited\AutoSplice\Forged_JPEG75\49019_0.jpg,Partially AI-Edited,,0.1721,0.026,0.43,20,0.83,5.3,2.17,4.69,385.89,33.18,343.12,634.91
partially_ai_edited\AutoSplice\Forged_JPEG75\49113_2.jpg,Partially AI-Edited,,0.219,0.2928,0.58,13,0.9,5.18,2.19,3.82,185.02,46.56,192.91,173.37
partially_ai_edited\AutoSplice\Forged_JPEG75\49323_1.jpg,Partially AI-Edited,,0.5987,0.1647,0.45,17,0.88,2.21,1.52,4.5,196.55,38.73,201.34,274.2
partially_ai_edited\AutoSplice\Forged_JPEG75\49478_0.jpg,Partially AI-Edited,,0.1512,0.4163,0.39,12,0.76,2.55,2.02,5.16,384.41,31.96,362.75,325.57
partially_ai_edited\AutoSplice\Forged_JPEG75\49516_0.jpg,Partially AI-Edited,,0.0946,0.3568,0.48,13,0.83,4.72,2.17,4.67,280.04,36.95,292.27,327.43
partially_ai_edited\AutoSplice\Forged_JPEG75\49708_2.jpg,Partially AI-Edited,,0.0001,0.156,0.44,9,0.75,4.34,1.82,3.85,165.69,39.39,163.31,206.76
partially_ai_edited\AutoSplice\Forged_JPEG75\49726_0.jpg,Partially AI-Edited,,0.0361,0.086,0.78,41,1.25,6.31,3.02,5.28,398.67,56.49,465.6,523.15
partially_ai_edited\AutoSplice\Forged_JPEG75\49886_2.jpg,Partially AI-Edited,,0.0006,0.1335,0.89,10,1.02,12.16,4.48,5.29,375.92,80.78,410.19,214.51
partially_ai_edited\AutoSplice\Forged_JPEG75\49998_2.jpg,Partially AI-Edited,,0.8783,0.1695,0.37,27,0.7,1.37,1.09,2.01,47.1,25.15,52.2,77.17
partially_ai_edited\AutoSplice\Forged_JPEG75\50165_0.jpg,Partially AI-Edited,,0.0013,0.2862,0.73,35,1.4,7.91,4.21,7.92,898.53,55.73,925.98,1043.37
partially_ai_edited\AutoSplice\Forged_JPEG75\50301_1.jpg,Partially AI-Edited,,0.0813,0.1907,0.3,6,0.56,3.53,1.42,2.38,57.92,37.89,66.64,39.19
partially_ai_edited\AutoSplice\Forged_JPEG75\50593_0.jpg,Partially AI-Edited,,0.0274,0.3168,0.72,27,1.32,3.96,1.98,4.46,254.07,40.79,263.99,381.2
partially_ai_edited\AutoSplice\Forged_JPEG75\50593_1.jpg,Partially AI-Edited,,0.9875,0.3713,0.57,18,0.96,4.17,2.34,5.41,331.77,45.8,346.7,405.83
partially_ai_edited\AutoSplice\Forged_JPEG75\50726_0.jpg,Partially AI-Edited,,0.0131,0.1863,0.55,14,0.84,4.52,2.61,4.46,316.66,40.58,322.92,463.9
partially_ai_edited\AutoSplice\Forged_JPEG75\50870_2.jpg,Partially AI-Edited,,0.0114,0.2359,0.75,26,1.11,4.36,2.39,5.03,295.06,47.27,304.04,392.3
partially_ai_edited\AutoSplice\Forged_JPEG75\51236_0.jpg,Partially AI-Edited,,0.0272,0.1262,1.3,27,1.51,15.02,4.94,5.77,502.36,97.91,524.25,263.23
partially_ai_edited\AutoSplice\Forged_JPEG75\51264_0.jpg,Partially AI-Edited,,0.1517,0.3741,0.68,13,0.96,9.28,4.9,8.13,1082.66,59.08,1115.55,1146.91
partially_ai_edited\AutoSplice\Forged_JPEG75\51323_0.jpg,Partially AI-Edited,,0.001,0.2141,1.09,31,1.53,7.11,5.19,9.52,1109.19,79.9,1141.01,798.09
partially_ai_edited\AutoSplice\Forged_JPEG75\51458_1.jpg,Partially AI-Edited,,0.1204,0.3072,0.73,16,1.04,5.86,3.14,7.62,717.7,56.6,685.93,1416.59
partially_ai_edited\AutoSplice\Forged_JPEG75\51544_0.jpg,Partially AI-Edited,,0.9826,0.3178,0.55,12,0.94,3.05,1.5,3.72,181.0,30.5,172.98,230.64
partially_ai_edited\AutoSplice\Forged_JPEG75\51724_2.jpg,Partially AI-Edited,,0.9942,0.2447,0.79,27,1.66,4.2,2.98,8.25,764.0,47.74,786.46,718.97
partially_ai_edited\AutoSplice\Forged_JPEG75\51726_0.jpg,Partially AI-Edited,,0.8597,0.1648,1.02,11,1.08,18.42,6.28,7.49,863.33,107.45,921.91,814.38
partially_ai_edited\AutoSplice\Forged_JPEG75\51738_1.jpg,Partially AI-Edited,,0.0806,0.1762,0.38,11,0.75,4.4,1.83,3.83,200.54,31.75,204.4,274.78
partially_ai_edited\AutoSplice\Forged_JPEG75\51780_0.jpg,Partially AI-Edited,,0.0,0.1865,0.87,20,1.25,8.85,5.46,10.43,1592.89,68.64,1616.15,1385.27
partially_ai_edited\AutoSplice\Forged_JPEG75\51797_0.jpg,Partially AI-Edited,,0.0135,0.2216,0.37,8,0.68,4.26,1.8,3.65,183.36,36.33,202.07,149.88
partially_ai_edited\AutoSplice\Forged_JPEG75\51818_0.jpg,Partially AI-Edited,,0.1103,0.2254,1.29,40,2.19,14.62,10.4,14.44,2996.38,135.34,3115.03,1377.71
partially_ai_edited\AutoSplice\Forged_JPEG75\51965_0.jpg,Partially AI-Edited,,0.0002,0.1348,1.41,21,1.56,22.57,10.92,11.83,3662.66,111.06,3689.4,1399.87
partially_ai_edited\AutoSplice\Forged_JPEG75\51965_1.jpg,Partially AI-Edited,,0.0001,0.1415,1.44,24,1.6,22.36,11.24,11.98,3729.3,116.98,3762.05,1441.35
partially_ai_edited\AutoSplice\Forged_JPEG75\52109_2.jpg,Partially AI-Edited,,0.0036,0.2283,0.84,23,1.35,5.33,3.08,6.32,469.21,49.08,496.0,589.97
partially_ai_edited\AutoSplice\Forged_JPEG75\52142_2.jpg,Partially AI-Edited,,0.8633,0.2671,0.52,14,0.99,4.75,2.94,7.51,616.21,47.88,637.64,750.55
partially_ai_edited\AutoSplice\Forged_JPEG75\52444_1.jpg,Partially AI-Edited,,0.0041,0.3898,0.48,14,0.91,3.77,1.98,5.13,285.92,38.15,294.59,377.13
partially_ai_edited\AutoSplice\Forged_JPEG75\52812_0.jpg,Partially AI-Edited,,0.0027,0.4298,0.77,25,1.26,4.6,2.48,5.96,410.66,42.77,414.0,417.68
partially_ai_edited\AutoSplice\Forged_JPEG75\53114_1.jpg,Partially AI-Edited,,0.0446,0.1985,0.76,17,0.96,7.59,3.72,5.84,445.38,57.28,399.73,503.0
partially_ai_edited\AutoSplice\Forged_JPEG75\53237_1.jpg,Partially AI-Edited,,0.2065,0.3216,0.92,27,1.37,8.62,3.76,6.55,592.09,71.56,582.0,545.44
partially_ai_edited\AutoSplice\Forged_JPEG75\53237_2.jpg,Partially AI-Edited,,0.0064,0.2849,0.99,34,1.5,8.57,3.21,4.93,312.75,66.57,383.75,353.97
partially_ai_edited\AutoSplice\Forged_JPEG75\53333_2.jpg,Partially AI-Edited,,0.0345,0.1829,0.59,13,0.9,5.79,2.62,5.22,334.91,48.84,347.37,373.1
partially_ai_edited\AutoSplice\Forged_JPEG75\53436_1.jpg,Partially AI-Edited,,0.0377,0.3209,0.52,15,0.98,6.71,2.6,5.76,460.65,43.85,479.8,514.15
partially_ai_edited\AutoSplice\Forged_JPEG75\53443_1.jpg,Partially AI-Edited,,0.0,0.2211,1.76,16,1.83,25.39,14.6,16.09,7079.9,160.44,7321.16,4765.76
partially_ai_edited\AutoSplice\Forged_JPEG75\53529_0.jpg,Partially AI-Edited,,0.8119,0.2502,0.73,23,1.08,7.9,3.27,4.99,415.35,56.79,428.22,679.26
partially_ai_edited\AutoSplice\Forged_JPEG75\53614_2.jpg,Partially AI-Edited,,0.9871,0.3751,0.5,17,0.99,3.94,1.68,4.13,192.59,34.35,195.72,274.82
partially_ai_edited\AutoSplice\Forged_JPEG75\53689_2.jpg,Partially AI-Edited,,0.0093,0.3425,0.56,13,0.85,4.28,2.2,4.51,229.83,43.25,237.02,336.55
partially_ai_edited\AutoSplice\Forged_JPEG75\53700_0.jpg,Partially AI-Edited,,0.0742,0.2,0.66,10,0.91,7.5,3.09,5.04,262.08,66.55,282.67,233.73
partially_ai_edited\AutoSplice\Forged_JPEG75\53828_1.jpg,Partially AI-Edited,,0.9585,0.1761,0.58,10,0.86,9.11,4.98,8.35,991.18,67.06,1017.69,882.47
partially_ai_edited\AutoSplice\Forged_JPEG75\53869_1.jpg,Partially AI-Edited,,0.0021,0.2419,0.71,29,1.44,6.27,4.74,12.66,2378.14,66.99,2115.94,3626.95
partially_ai_edited\AutoSplice\Forged_JPEG75\53897_2.jpg,Partially AI-Edited,,0.9223,0.2022,0.39,9,0.61,5.88,3.2,5.47,358.64,58.36,367.6,452.43
partially_ai_edited\AutoSplice\Forged_JPEG75\53911_1.jpg,Partially AI-Edited,,0.0344,0.1228,0.43,8,0.68,2.85,1.78,2.76,97.88,28.74,99.95,86.61
partially_ai_edited\AutoSplice\Forged_JPEG75\53930_2.jpg,Partially AI-Edited,,0.0031,0.1174,1.75,18,1.7,25.39,14.14,15.32,6582.7,150.14,6679.79,4641.19
partially_ai_edited\AutoSplice\Forged_JPEG75\53947_1.jpg,Partially AI-Edited,,0.0,0.3597,0.73,12,1.01,8.1,5.12,7.65,826.86,68.31,840.49,461.41
partially_ai_edited\AutoSplice\Forged_JPEG75\53969_2.jpg,Partially AI-Edited,,0.001,0.2195,0.68,19,1.39,5.78,3.64,9.4,1196.77,43.05,1333.68,2243.52
partially_ai_edited\AutoSplice\Forged_JPEG75\54038_1.jpg,Partially AI-Edited,,0.5779,0.1309,0.63,17,0.87,3.51,1.78,2.87,102.29,42.65,109.47,120.8
partially_ai_edited\AutoSplice\Forged_JPEG75\54102_1.jpg,Partially AI-Edited,,0.0149,0.1957,0.54,12,0.85,3.28,1.71,3.3,144.29,36.79,186.98,275.62
partially_ai_edited\AutoSplice\Forged_JPEG75\54135_2.jpg,Partially AI-Edited,,0.0003,0.1145,0.77,14,0.94,6.66,3.35,4.03,263.55,54.24,272.83,188.24
partially_ai_edited\AutoSplice\Forged_JPEG75\54287_1.jpg,Partially AI-Edited,,0.0029,0.4534,0.44,12,0.86,4.67,2.64,6.56,619.1,40.92,631.94,714.77
partially_ai_edited\AutoSplice\Forged_JPEG75\54327_2.jpg,Partially AI-Edited,,0.1835,0.0575,0.31,14,0.71,1.61,0.92,3.24,115.15,16.43,99.26,174.59
partially_ai_edited\AutoSplice\Forged_JPEG75\54357_1.jpg,Partially AI-Edited,,0.0,0.1784,0.42,25,0.86,4.41,2.95,7.09,537.81,46.3,555.78,597.54
partially_ai_edited\AutoSplice\Forged_JPEG75\54360_2.jpg,Partially AI-Edited,,0.1138,0.1426,0.75,10,0.94,14.92,7.0,9.04,1397.42,94.07,1446.29,1038.83
partially_ai_edited\AutoSplice\Forged_JPEG75\54411_2.jpg,Partially AI-Edited,,0.6309,0.2582,0.54,40,1.08,2.08,1.67,4.09,160.08,32.17,170.05,198.84
partially_ai_edited\AutoSplice\Forged_JPEG75\54468_1.jpg,Partially AI-Edited,,0.0019,0.2951,1.21,52,1.82,9.92,6.92,12.17,2276.49,88.62,2176.91,2600.34
partially_ai_edited\AutoSplice\Forged_JPEG75\54540_2.jpg,Partially AI-Edited,,0.001,0.3964,1.03,21,1.3,10.44,5.12,7.49,1435.71,57.13,1362.78,1616.54
partially_ai_edited\AutoSplice\Forged_JPEG75\54672_1.jpg,Partially AI-Edited,,0.0008,0.2524,0.91,17,1.19,12.04,7.59,11.39,2057.36,99.06,1948.83,1575.92
partially_ai_edited\AutoSplice\Forged_JPEG75\54733_2.jpg,Partially AI-Edited,,0.6231,0.1603,0.52,18,0.92,2.69,1.57,3.18,109.93,27.9,128.24,162.15
partially_ai_edited\AutoSplice\Forged_JPEG75\54769_1.jpg,Partially AI-Edited,,0.0236,0.0578,0.42,13,0.85,2.54,1.48,4.54,237.37,26.83,239.32,378.75
partially_ai_edited\AutoSplice\Forged_JPEG75\54769_2.jpg,Partially AI-Edited,,0.0574,0.0568,0.4,12,0.79,2.66,1.54,4.87,289.92,27.71,295.52,605.17
partially_ai_edited\AutoSplice\Forged_JPEG75\54795_1.jpg,Partially AI-Edited,,0.0724,0.1003,1.34,16,1.29,24.09,8.89,8.88,2133.28,103.64,2172.76,949.15
partially_ai_edited\AutoSplice\Forged_JPEG75\54827_1.jpg,Partially AI-Edited,,0.9258,0.1227,0.69,31,1.18,7.18,3.17,5.26,277.76,67.97,691.37,1499.39
partially_ai_edited\AutoSplice\Forged_JPEG75\54924_0.jpg,Partially AI-Edited,,0.9816,0.34,0.91,26,1.57,7.87,3.08,5.56,431.25,59.56,451.43,621.83
partially_ai_edited\AutoSplice\Forged_JPEG75\55148_0.jpg,Partially AI-Edited,,0.0023,0.3867,0.46,14,0.83,4.5,1.97,3.42,108.33,47.07,131.86,131.98
partially_ai_edited\AutoSplice\Forged_JPEG75\55272_1.jpg,Partially AI-Edited,,0.0,0.1669,1.24,14,1.3,18.12,9.5,11.58,2467.81,123.64,2357.78,1874.96
partially_ai_edited\AutoSplice\Forged_JPEG75\55291_2.jpg,Partially AI-Edited,,0.5029,0.2397,0.86,34,1.57,4.83,2.77,6.36,568.56,47.06,850.24,1403.44
partially_ai_edited\AutoSplice\Forged_JPEG75\55460_0.jpg,Partially AI-Edited,,0.0003,0.3025,1.24,31,1.83,7.31,5.39,10.01,1915.09,68.09,1948.48,1472.36
partially_ai_edited\AutoSplice\Forged_JPEG75\55570_0.jpg,Partially AI-Edited,,0.0014,0.2715,0.63,26,1.13,8.76,4.95,9.01,1119.8,66.94,1129.35,1332.28
partially_ai_edited\AutoSplice\Forged_JPEG75\55678_2.jpg,Partially AI-Edited,,0.2543,0.2829,1.07,22,1.44,7.44,2.79,4.46,258.68,53.63,243.7,189.37
partially_ai_edited\AutoSplice\Forged_JPEG75\55749_1.jpg,Partially AI-Edited,,0.0008,0.1714,0.72,21,1.02,3.16,1.35,3.01,89.97,37.14,93.12,173.22
partially_ai_edited\AutoSplice\Forged_JPEG75\55810_1.jpg,Partially AI-Edited,,0.0,0.2647,1.14,17,1.4,13.35,8.01,12.0,2780.66,86.01,2805.71,1964.35
partially_ai_edited\AutoSplice\Forged_JPEG75\55828_1.jpg,Partially AI-Edited,,0.2919,0.1268,0.86,33,1.12,13.53,8.11,10.75,1973.79,111.74,2005.41,1780.4
partially_ai_edited\AutoSplice\Forged_JPEG75\55983_0.jpg,Partially AI-Edited,,0.0038,0.1943,0.54,10,0.83,3.68,1.99,3.18,119.29,36.06,114.33,127.76
partially_ai_edited\AutoSplice\Forged_JPEG75\56049_0.jpg,Partially AI-Edited,,0.0024,0.3104,0.54,16,0.96,4.29,2.29,5.5,332.97,39.61,338.21,522.56
partially_ai_edited\AutoSplice\Forged_JPEG75\56049_1.jpg,Partially AI-Edited,,0.0008,0.2239,0.47,14,0.87,3.72,2.06,5.18,293.03,37.64,302.36,568.78
partially_ai_edited\AutoSplice\Forged_JPEG75\56246_2.jpg,Partially AI-Edited,,0.0295,0.1461,1.49,31,1.93,13.68,7.78,9.64,1698.52,104.41,1735.71,1142.28
partially_ai_edited\AutoSplice\Forged_JPEG75\56301_2.jpg,Partially AI-Edited,,0.0001,0.1559,1.39,28,1.73,12.83,5.78,8.07,1190.67,84.16,1219.64,1455.71
partially_ai_edited\AutoSplice\Forged_JPEG75\56345_1.jpg,Partially AI-Edited,,0.0,0.1938,1.1,15,1.28,12.48,6.38,9.03,1490.7,78.29,1510.83,1467.79
partially_ai_edited\AutoSplice\Forged_JPEG75\56394_1.jpg,Partially AI-Edited,,0.0365,0.4869,1.23,30,2.13,5.36,2.09,4.62,219.97,41.16,228.33,270.54
partially_ai_edited\AutoSplice\Forged_JPEG75\56603_2.jpg,Partially AI-Edited,,0.0269,0.4535,0.5,17,0.95,3.83,2.18,5.82,483.95,35.91,499.05,687.33
partially_ai_edited\AutoSplice\Forged_JPEG75\56719_0.jpg,Partially AI-Edited,,0.0027,0.4124,0.73,24,1.2,4.39,2.3,5.58,362.8,41.95,324.77,454.05
partially_ai_edited\AutoSplice\Forged_JPEG75\57095_2.jpg,Partially AI-Edited,,0.9979,0.3041,0.32,7,0.57,4.36,2.51,4.97,266.81,48.21,252.55,209.01
partially_ai_edited\AutoSplice\Forged_JPEG75\57211_2.jpg,Partially AI-Edited,,0.0001,0.4805,0.78,19,1.51,10.06,6.61,13.54,3628.51,64.13,3659.28,4910.81
partially_ai_edited\AutoSplice\Forged_JPEG75\57246_1.jpg,Partially AI-Edited,,0.0,0.1854,0.75,13,0.97,7.36,4.48,7.27,717.9,72.94,766.33,787.15
partially_ai_edited\AutoSplice\Forged_JPEG75\57276_1.jpg,Partially AI-Edited,,0.4615,0.2417,0.7,16,1.03,3.44,2.05,3.26,133.87,39.57,137.32,130.93
partially_ai_edited\AutoSplice\Forged_JPEG75\57303_2.jpg,Partially AI-Edited,,0.313,0.1216,0.45,19,0.97,3.56,1.97,5.62,358.87,43.33,378.77,640.96
partially_ai_edited\AutoSplice\Forged_JPEG75\57406_1.jpg,Partially AI-Edited,,0.0,0.2175,1.0,19,1.18,11.98,5.76,8.25,1105.69,75.45,1132.93,859.26
partially_ai_edited\AutoSplice\Forged_JPEG75\57579_0.jpg,Partially AI-Edited,,0.0201,0.3451,0.53,9,0.82,3.14,1.76,2.97,120.36,34.09,125.45,113.76
partially_ai_edited\AutoSplice\Forged_JPEG75\57641_2.jpg,Partially AI-Edited,,0.6299,0.4352,1.0,32,1.69,7.34,3.61,6.83,615.54,56.19,558.21,710.92
partially_ai_edited\AutoSplice\Forged_JPEG75\57661_2.jpg,Partially AI-Edited,,0.0001,0.2445,0.89,30,1.51,7.69,3.81,7.1,689.81,53.35,693.35,789.64
partially_ai_edited\AutoSplice\Forged_JPEG75\58256_2.jpg,Partially AI-Edited,,0.0075,0.1813,0.58,9,0.82,6.75,2.65,4.09,223.06,46.2,211.5,200.61
partially_ai_edited\AutoSplice\Forged_JPEG75\58290_0.jpg,Partially AI-Edited,,0.9946,0.169,0.6,21,0.89,4.25,3.07,3.63,219.47,43.07,221.56,147.63
partially_ai_edited\AutoSplice\Forged_JPEG75\58301_1.jpg,Partially AI-Edited,,0.8431,0.5859,1.23,40,2.29,6.43,3.51,8.22,895.46,59.54,1183.37,1417.96
partially_ai_edited\AutoSplice\Forged_JPEG75\58359_0.jpg,Partially AI-Edited,,0.0001,0.2659,0.67,16,0.94,8.68,4.34,6.78,733.48,59.89,747.37,698.06
partially_ai_edited\AutoSplice\Forged_JPEG75\58424_2.jpg,Partially AI-Edited,,0.0264,0.3133,0.49,21,0.88,3.57,1.62,3.88,156.78,37.43,168.15,228.37
partially_ai_edited\AutoSplice\Forged_JPEG75\58534_2.jpg,Partially AI-Edited,,0.0,0.27,0.69,14,1.02,5.23,3.74,7.34,800.25,49.93,805.3,978.75
partially_ai_edited\AutoSplice\Forged_JPEG75\58930_1.jpg,Partially AI-Edited,,0.0821,0.2396,0.69,26,0.96,6.03,2.69,5.2,385.31,53.66,391.13,565.8
partially_ai_edited\AutoSplice\Forged_JPEG75\58969_1.jpg,Partially AI-Edited,,0.1877,0.2369,0.82,28,1.35,5.04,2.39,4.41,226.35,44.76,231.9,170.33
partially_ai_edited\AutoSplice\Forged_JPEG75\59212_0.jpg,Partially AI-Edited,,0.0002,0.3076,1.27,25,1.47,10.33,4.69,6.3,861.33,62.53,780.19,429.35
partially_ai_edited\AutoSplice\Forged_JPEG75\59462_1.jpg,Partially AI-Edited,,0.9992,0.235,0.46,32,0.77,2.11,1.4,3.74,137.1,28.83,188.94,306.08
partially_ai_edited\AutoSplice\Forged_JPEG75\59575_2.jpg,Partially AI-Edited,,0.997,0.194,0.7,10,0.98,6.88,2.93,4.69,212.96,68.15,244.21,118.97
partially_ai_edited\AutoSplice\Forged_JPEG75\59577_2.jpg,Partially AI-Edited,,0.3341,0.2477,0.55,15,0.89,4.16,2.31,4.91,336.52,41.49,385.88,386.4
partially_ai_edited\AutoSplice\Forged_JPEG75\59599_0.jpg,Partially AI-Edited,,0.9907,0.4103,0.94,33,1.78,5.82,2.76,6.06,418.21,51.33,423.48,524.46
partially_ai_edited\AutoSplice\Forged_JPEG75\59704_1.jpg,Partially AI-Edited,,0.8545,0.1602,0.77,14,1.05,6.42,2.78,4.77,278.68,55.53,285.99,209.39
partially_ai_edited\AutoSplice\Forged_JPEG75\59712_0.jpg,Partially AI-Edited,,0.0002,0.3914,0.51,14,0.92,4.42,2.24,5.17,319.53,40.38,302.82,305.8
partially_ai_edited\AutoSplice\Forged_JPEG75\59734_1.jpg,Partially AI-Edited,,0.0035,0.1731,0.42,10,0.71,5.9,3.12,5.64,475.47,52.19,494.6,364.3
partially_ai_edited\AutoSplice\Forged_JPEG75\59894_1.jpg,Partially AI-Edited,,0.3941,0.1526,0.69,27,1.11,4.22,2.17,4.36,218.99,45.81,220.64,269.8
partially_ai_edited\AutoSplice\Forged_JPEG75\59993_2.jpg,Partially AI-Edited,,0.8354,0.3688,0.52,21,1.09,3.75,1.87,4.94,316.66,30.64,312.04,319.04
partially_ai_edited\AutoSplice\Forged_JPEG75\60251_0.jpg,Partially AI-Edited,,0.4414,0.3456,0.43,10,0.86,3.18,1.8,5.52,315.71,29.3,319.49,698.36
partially_ai_edited\AutoSplice\Forged_JPEG75\60340_2.jpg,Partially AI-Edited,,0.7274,0.2341,0.61,14,0.98,3.99,1.95,3.66,150.04,40.37,171.05,178.49
partially_ai_edited\AutoSplice\Forged_JPEG75\60430_1.jpg,Partially AI-Edited,,0.0,0.3822,0.7,18,1.14,7.99,4.39,9.07,1271.87,57.2,1292.49,1568.72
partially_ai_edited\AutoSplice\Forged_JPEG75\60582_1.jpg,Partially AI-Edited,,0.0051,0.1282,0.44,11,0.83,3.54,2.03,5.52,365.07,39.61,319.68,441.25
partially_ai_edited\AutoSplice\Forged_JPEG75\60632_0.jpg,Partially AI-Edited,,0.0848,0.3073,0.47,18,0.91,4.02,2.29,5.65,413.47,38.48,453.34,648.46
partially_ai_edited\AutoSplice\Forged_JPEG75\61270_2.jpg,Partially AI-Edited,,0.007,0.3355,0.76,25,1.31,6.42,4.84,10.04,1210.54,67.81,1110.32,1133.35
partially_ai_edited\AutoSplice\Forged_JPEG75\61298_1.jpg,Partially AI-Edited,,0.3491,0.1799,0.62,11,0.91,5.67,3.27,6.69,533.17,58.48,507.93,642.41
partially_ai_edited\AutoSplice\Forged_JPEG75\61420_0.jpg,Partially AI-Edited,,0.0015,0.3073,0.46,10,0.79,4.05,1.7,3.49,142.33,33.17,146.33,102.5
partially_ai_edited\AutoSplice\Forged_JPEG75\61575_2.jpg,Partially AI-Edited,,0.0098,0.1186,0.28,14,0.76,2.27,1.28,4.26,242.44,18.96,248.78,464.42
partially_ai_edited\AutoSplice\Forged_JPEG75\62484_0.jpg,Partially AI-Edited,,0.0,0.272,0.65,15,0.95,5.05,2.32,4.13,240.37,40.36,231.38,245.52
partially_ai_edited\AutoSplice\Forged_JPEG75\62755_2.jpg,Partially AI-Edited,,0.3849,0.2131,0.88,14,1.08,7.04,2.53,3.26,128.63,63.08,139.36,102.96
partially_ai_edited\AutoSplice\Forged_JPEG75\62791_0.jpg,Partially AI-Edited,,0.2487,0.1069,0.65,11,0.82,11.18,4.53,6.47,622.26,77.22,677.73,486.31
partially_ai_edited\AutoSplice\Forged_JPEG75\63000_1.jpg,Partially AI-Edited,,0.0119,0.3676,0.66,18,1.09,5.45,2.82,5.89,464.95,46.89,480.08,462.08
partially_ai_edited\AutoSplice\Forged_JPEG75\63409_2.jpg,Partially AI-Edited,,0.0003,0.4042,0.84,13,1.18,10.71,5.68,9.91,1200.81,88.06,1251.87,1139.97
partially_ai_edited\AutoSplice\Forged_JPEG75\63491_0.jpg,Partially AI-Edited,,0.3255,0.4737,0.33,13,0.74,3.55,1.67,4.29,258.15,26.04,268.84,308.84
partially_ai_edited\AutoSplice\Forged_JPEG75\63690_1.jpg,Partially AI-Edited,,0.2629,0.2072,0.72,16,1.02,9.11,4.69,6.68,643.69,66.56,651.87,409.04
partially_ai_edited\AutoSplice\Forged_JPEG75\63986_1.jpg,Partially AI-Edited,,0.0,0.2201,0.98,21,1.7,5.35,2.29,4.33,226.05,36.3,222.42,204.08
partially_ai_edited\AutoSplice\Forged_JPEG75\63986_2.jpg,Partially AI-Edited,,0.0,0.2851,1.05,22,1.74,5.39,2.57,4.87,268.65,41.17,260.23,243.2
partially_ai_edited\AutoSplice\Forged_JPEG75\64247_1.jpg,Partially AI-Edited,,0.8255,0.3553,0.73,28,1.33,4.83,2.67,6.49,608.6,39.36,621.57,669.77
partially_ai_edited\AutoSplice\Forged_JPEG75\64375_0.jpg,Partially AI-Edited,,0.0107,0.1462,0.65,10,0.9,5.39,2.49,4.54,279.89,46.64,296.86,303.03
partially_ai_edited\AutoSplice\Forged_JPEG75\64426_2.jpg,Partially AI-Edited,,0.0001,0.4268,1.18,21,1.63,9.06,7.01,11.8,2172.71,80.21,2364.39,2678.13
partially_ai_edited\AutoSplice\Forged_JPEG75\64499_1.jpg,Partially AI-Edited,,0.64,0.4623,0.78,12,1.14,11.12,5.61,9.4,1401.92,68.69,1439.26,1558.99
partially_ai_edited\AutoSplice\Forged_JPEG75\64958_1.jpg,Partially AI-Edited,,0.9996,0.2589,0.48,37,0.93,2.56,1.56,3.84,159.73,34.03,162.4,217.45
partially_ai_edited\AutoSplice\Forged_JPEG75\65187_2.jpg,Partially AI-Edited,,0.0233,0.2271,0.39,18,0.77,2.45,1.38,3.65,171.85,26.8,181.38,221.14
partially_ai_edited\AutoSplice\Forged_JPEG75\65350_0.jpg,Partially AI-Edited,,0.0002,0.0429,0.25,11,0.66,2.82,1.6,4.62,254.09,21.32,250.59,399.26
partially_ai_edited\AutoSplice\Forged_JPEG75\65628_2.jpg,Partially AI-Edited,,0.0005,0.2892,1.14,32,1.67,7.57,3.86,6.85,667.93,61.15,599.5,637.83
partially_ai_edited\AutoSplice\Forged_JPEG75\65706_2.jpg,Partially AI-Edited,,0.0001,0.4334,0.47,13,0.92,4.81,2.19,4.67,239.36,37.9,257.87,300.42
partially_ai_edited\AutoSplice\Forged_JPEG75\65720_1.jpg,Partially AI-Edited,,0.0017,0.2419,1.56,17,1.75,19.78,14.13,17.45,7518.74,154.15,7648.31,3439.63
partially_ai_edited\AutoSplice\Forged_JPEG75\65720_2.jpg,Partially AI-Edited,,0.0069,0.2916,0.65,9,0.78,4.41,4.74,7.9,935.32,53.27,800.02,519.89
partially_ai_edited\AutoSplice\Forged_JPEG75\66178_2.jpg,Partially AI-Edited,,0.0482,0.3057,1.04,20,1.32,5.03,3.66,5.61,440.01,52.76,417.92,215.35
partially_ai_edited\AutoSplice\Forged_JPEG75\66299_1.jpg,Partially AI-Edited,,0.0001,0.5297,0.68,15,1.15,5.94,3.78,8.67,1035.18,56.11,929.87,1067.7
partially_ai_edited\AutoSplice\Forged_JPEG75\66468_0.jpg,Partially AI-Edited,,0.6256,0.1688,0.59,10,0.85,5.35,2.73,5.21,392.77,47.55,401.39,612.81
partially_ai_edited\AutoSplice\Forged_JPEG75\66661_1.jpg,Partially AI-Edited,,0.0001,0.1138,1.02,14,1.18,16.4,7.72,9.51,1704.02,105.38,1772.1,1252.65
partially_ai_edited\AutoSplice\Forged_JPEG75\66728_0.jpg,Partially AI-Edited,,0.0056,0.2373,0.67,14,1.0,6.48,3.08,5.9,479.35,50.63,496.24,431.46
partially_ai_edited\AutoSplice\Forged_JPEG75\66827_0.jpg,Partially AI-Edited,,0.0009,0.2177,0.99,27,1.54,9.74,4.75,7.43,908.26,70.17,936.43,902.72
partially_ai_edited\AutoSplice\Forged_JPEG75\66827_1.jpg,Partially AI-Edited,,0.0011,0.2034,0.99,27,1.55,9.53,4.7,7.43,907.74,68.67,933.4,898.94
partially_ai_edited\AutoSplice\Forged_JPEG75\66883_2.jpg,Partially AI-Edited,,0.0009,0.3476,0.55,14,0.9,5.64,2.82,5.78,382.52,50.11,387.43,303.93
partially_ai_edited\AutoSplice\Forged_JPEG75\67178_0.jpg,Partially AI-Edited,,0.0027,0.2411,0.75,12,1.03,5.6,2.69,4.46,315.0,47.27,319.04,375.58
partially_ai_edited\AutoSplice\Forged_JPEG75\67202_1.jpg,Partially AI-Edited,,0.7196,0.3558,0.39,22,0.77,4.01,1.77,4.07,191.93,33.03,198.23,283.46
partially_ai_edited\AutoSplice\Forged_JPEG75\67202_2.jpg,Partially AI-Edited,,0.9985,0.3622,0.42,18,0.79,4.5,1.92,4.14,201.97,33.68,208.33,284.01
partially_ai_edited\AutoSplice\Forged_JPEG75\67337_0.jpg,Partially AI-Edited,,0.0,0.2383,0.61,9,0.96,10.2,4.67,8.0,860.25,62.67,865.18,673.28
partially_ai_edited\AutoSplice\Forged_JPEG75\67551_2.jpg,Partially AI-Edited,,0.3776,0.2075,0.73,17,1.06,4.85,2.66,4.52,231.85,51.15,232.28,173.55
partially_ai_edited\AutoSplice\Forged_JPEG75\67802_0.jpg,Partially AI-Edited,,0.2418,0.2656,0.56,34,1.31,4.4,3.09,7.92,733.68,49.96,735.66,535.18
partially_ai_edited\AutoSplice\Forged_JPEG75\67916_2.jpg,Partially AI-Edited,,0.0007,0.2136,1.9,32,2.29,21.1,8.63,9.75,1569.9,131.58,1633.32,1151.58
partially_ai_edited\AutoSplice\Forged_JPEG75\67981_1.jpg,Partially AI-Edited,,0.1284,0.3679,0.57,21,1.02,4.04,2.46,6.51,540.83,41.29,476.01,481.27
partially_ai_edited\AutoSplice\Forged_JPEG75\68054_0.jpg,Partially AI-Edited,,0.003,0.2556,0.73,18,1.07,5.49,3.06,5.1,351.35,48.3,331.49,379.75
partially_ai_edited\AutoSplice\Forged_JPEG75\68057_2.jpg,Partially AI-Edited,,0.0035,0.1861,0.68,12,0.87,3.99,3.11,3.53,208.02,43.79,210.06,113.72
partially_ai_edited\AutoSplice\Forged_JPEG75\68071_2.jpg,Partially AI-Edited,,0.066,0.4649,0.76,18,1.45,5.21,2.74,6.81,628.36,50.73,575.66,1204.01
partially_ai_edited\AutoSplice\Forged_JPEG75\68849_2.jpg,Partially AI-Edited,,0.9604,0.2127,1.06,22,1.51,11.12,5.94,9.62,1583.73,83.43,1634.93,1130.63
partially_ai_edited\AutoSplice\Forged_JPEG75\68930_2.jpg,Partially AI-Edited,,0.8836,0.3333,0.61,21,1.16,4.73,1.91,4.1,215.23,34.58,226.47,233.83
partially_ai_edited\AutoSplice\Forged_JPEG75\68971_1.jpg,Partially AI-Edited,,0.9945,0.1787,0.91,11,1.02,8.51,3.56,4.67,335.06,62.28,321.23,318.35
partially_ai_edited\AutoSplice\Forged_JPEG75\69063_1.jpg,Partially AI-Edited,,0.0001,0.0943,1.2,21,1.36,15.35,8.34,11.25,2301.18,99.2,2352.05,2788.39
partially_ai_edited\AutoSplice\Forged_JPEG75\69097_1.jpg,Partially AI-Edited,,0.0006,0.2038,0.42,8,0.73,3.38,1.51,3.37,123.87,39.06,124.48,196.78
partially_ai_edited\AutoSplice\Forged_JPEG75\69230_1.jpg,Partially AI-Edited,,0.0016,0.1792,0.88,20,1.13,10.23,4.4,6.62,688.85,62.47,697.45,331.47
partially_ai_edited\AutoSplice\Forged_JPEG75\69536_2.jpg,Partially AI-Edited,,0.0013,0.2976,0.62,31,1.29,4.97,2.1,4.8,269.8,43.61,282.32,313.69
partially_ai_edited\AutoSplice\Forged_JPEG75\69669_1.jpg,Partially AI-Edited,,0.829,0.3094,0.46,17,0.92,3.12,1.63,4.68,262.32,31.04,269.13,408.71
partially_ai_edited\AutoSplice\Forged_JPEG75\69722_0.jpg,Partially AI-Edited,,0.006,0.2425,0.77,32,1.51,4.69,2.22,4.98,269.88,44.5,290.14,547.86
partially_ai_edited\AutoSplice\Forged_JPEG75\69777_0.jpg,Partially AI-Edited,,0.405,0.3876,0.74,27,1.23,6.37,3.08,6.53,594.22,52.14,614.74,504.32
partially_ai_edited\AutoSplice\Forged_JPEG75\70008_1.jpg,Partially AI-Edited,,0.8626,0.1373,0.44,15,0.85,2.21,1.07,2.63,86.7,22.7,89.43,126.6
partially_ai_edited\AutoSplice\Forged_JPEG75\70051_0.jpg,Partially AI-Edited,,0.1162,0.3662,0.62,20,1.09,4.83,1.94,3.76,150.74,38.79,155.96,167.49
partially_ai_edited\AutoSplice\Forged_JPEG75\70124_2.jpg,Partially AI-Edited,,0.2421,0.1664,0.6,22,1.15,2.66,1.42,3.66,125.91,36.72,138.72,197.76
partially_ai_edited\AutoSplice\Forged_JPEG75\70379_0.jpg,Partially AI-Edited,,0.8113,0.4029,0.95,32,1.89,3.9,2.07,5.13,343.1,38.77,338.75,482.76
partially_ai_edited\AutoSplice\Forged_JPEG75\70392_0.jpg,Partially AI-Edited,,0.0343,0.2804,0.94,16,1.22,9.52,5.13,8.66,1107.69,86.62,1087.39,943.28
partially_ai_edited\AutoSplice\Forged_JPEG75\70619_0.jpg,Partially AI-Edited,,0.0,0.3946,1.17,18,1.53,15.59,7.0,10.06,1905.82,90.25,1944.53,1609.72
partially_ai_edited\AutoSplice\Forged_JPEG75\70809_0.jpg,Partially AI-Edited,,0.0238,0.1654,0.47,33,0.87,3.67,1.98,4.88,302.82,37.9,309.1,418.61
partially_ai_edited\AutoSplice\Forged_JPEG75\70842_2.jpg,Partially AI-Edited,,0.0266,0.3934,0.63,12,1.04,7.32,3.62,7.99,872.06,52.35,936.19,972.39
partially_ai_edited\AutoSplice\Forged_JPEG75\70860_0.jpg,Partially AI-Edited,,0.0864,0.314,0.71,27,1.47,4.26,2.29,5.7,404.65,37.56,400.19,733.92
partially_ai_edited\AutoSplice\Forged_JPEG75\70872_0.jpg,Partially AI-Edited,,0.0363,0.1802,0.52,20,1.0,3.53,1.79,4.54,306.25,27.47,297.17,371.16
partially_ai_edited\AutoSplice\Forged_JPEG75\70890_0.jpg,Partially AI-Edited,,0.7413,0.4069,1.39,20,1.56,14.37,6.17,7.57,931.7,92.01,954.34,1087.57
partially_ai_edited\AutoSplice\Forged_JPEG75\70949_2.jpg,Partially AI-Edited,,0.9979,0.4947,0.83,32,1.74,4.15,2.2,5.36,340.26,34.51,307.81,342.75
partially_ai_edited\AutoSplice\Forged_JPEG75\70961_1.jpg,Partially AI-Edited,,0.0464,0.1638,0.58,18,0.98,2.47,1.55,3.22,120.93,39.71,124.93,154.04
partially_ai_edited\AutoSplice\Forged_JPEG75\71090_2.jpg,Partially AI-Edited,,0.596,0.1937,0.69,28,1.09,8.88,4.16,6.34,518.19,63.25,556.97,583.05
partially_ai_edited\AutoSplice\Forged_JPEG75\71156_0.jpg,Partially AI-Edited,,0.0247,0.2507,0.4,11,0.8,3.83,1.77,4.41,262.56,31.91,279.53,336.61
partially_ai_edited\AutoSplice\Forged_JPEG75\71263_2.jpg,Partially AI-Edited,,0.8444,0.1105,0.4,8,0.64,1.48,1.81,2.48,77.7,31.62,83.51,77.42
partially_ai_edited\AutoSplice\Forged_JPEG75\71637_0.jpg,Partially AI-Edited,,0.0011,0.1615,0.95,19,1.13,12.32,4.91,6.3,746.54,68.42,736.75,627.81
partially_ai_edited\AutoSplice\Forged_JPEG75\72027_2.jpg,Partially AI-Edited,,0.0005,0.2488,1.3,30,2.28,9.2,6.0,10.49,1218.25,95.23,1282.51,886.02
partially_ai_edited\AutoSplice\Forged_JPEG75\72064_0.jpg,Partially AI-Edited,,0.0001,0.2796,1.53,29,1.83,16.48,9.34,11.45,2987.44,102.19,3028.0,2077.73
partially_ai_edited\AutoSplice\Forged_JPEG75\72119_0.jpg,Partially AI-Edited,,0.0041,0.2541,1.26,29,1.81,11.17,5.47,7.87,923.23,81.28,930.01,452.21
partially_ai_edited\AutoSplice\Forged_JPEG75\72136_1.jpg,Partially AI-Edited,,0.0029,0.1118,1.25,21,1.37,20.24,9.71,11.71,2963.27,116.94,3029.21,1308.76
partially_ai_edited\AutoSplice\Forged_JPEG75\72162_0.jpg,Partially AI-Edited,,0.013,0.4268,0.74,23,1.03,10.37,5.91,10.43,1409.74,85.96,1151.63,1730.18
partially_ai_edited\AutoSplice\Forged_JPEG75\72162_1.jpg,Partially AI-Edited,,0.0611,0.4382,0.76,28,1.03,10.87,6.1,10.46,1437.47,88.85,1171.84,1732.18
partially_ai_edited\AutoSplice\Forged_JPEG75\72190_0.jpg,Partially AI-Edited,,0.9014,0.3292,0.38,15,0.71,3.71,1.88,4.12,163.63,39.17,155.26,268.64
partially_ai_edited\AutoSplice\Forged_JPEG75\72230_0.jpg,Partially AI-Edited,,0.002,0.1964,0.51,28,0.85,2.79,2.94,5.08,445.59,35.64,453.23,786.08
partially_ai_edited\AutoSplice\Forged_JPEG75\72481_1.jpg,Partially AI-Edited,,0.3858,0.3806,0.6,16,1.0,6.51,3.68,6.53,688.65,52.24,695.81,701.87
partially_ai_edited\AutoSplice\Forged_JPEG75\72548_1.jpg,Partially AI-Edited,,0.9999,0.171,0.32,25,0.58,1.65,1.72,3.24,112.76,31.4,122.51,170.98
partially_ai_edited\AutoSplice\Forged_JPEG75\72566_0.jpg,Partially AI-Edited,,0.0045,0.3359,0.83,17,1.35,5.83,3.28,7.39,901.46,52.47,927.87,1769.51
partially_ai_edited\AutoSplice\Forged_JPEG75\72579_0.jpg,Partially AI-Edited,,0.3206,0.0167,0.23,17,0.82,1.76,0.78,3.3,112.06,13.86,109.32,234.03
partially_ai_edited\AutoSplice\Forged_JPEG75\72723_2.jpg,Partially AI-Edited,,0.0001,0.2416,0.71,15,0.95,7.89,4.21,6.09,590.71,63.3,595.65,501.3
partially_ai_edited\AutoSplice\Forged_JPEG75\73008_1.jpg,Partially AI-Edited,,0.4796,0.3606,0.93,14,1.25,8.76,4.95,8.41,994.06,69.63,960.72,718.33
partially_ai_edited\AutoSplice\Forged_JPEG75\73176_2.jpg,Partially AI-Edited,,0.0057,0.1922,0.73,13,0.96,7.78,2.63,4.17,197.02,68.25,194.87,201.51
partially_ai_edited\AutoSplice\Forged_JPEG75\73493_0.jpg,Partially AI-Edited,,0.0115,0.1214,0.49,10,0.73,4.91,3.07,4.97,341.26,46.71,349.15,417.69
partially_ai_edited\AutoSplice\Forged_JPEG75\73517_0.jpg,Partially AI-Edited,,0.0001,0.2774,1.04,24,1.39,12.49,6.74,10.44,1787.62,86.01,1810.7,1318.81
partially_ai_edited\AutoSplice\Forged_JPEG90\39406_0.jpg,Partially AI-Edited,,0.0004,0.101,0.35,16,0.88,17.45,8.05,9.69,1795.26,100.29,1834.51,908.32
partially_ai_edited\AutoSplice\Forged_JPEG90\39406_2.jpg,Partially AI-Edited,,0.0597,0.0982,0.43,22,1.08,17.21,7.92,9.56,1756.98,99.82,1798.2,908.92
partially_ai_edited\AutoSplice\Forged_JPEG90\39436_1.jpg,Partially AI-Edited,,0.0001,0.2492,0.46,28,1.17,12.43,7.43,11.3,1818.99,94.74,1875.72,1697.79
partially_ai_edited\AutoSplice\Forged_JPEG90\39457_1.jpg,Partially AI-Edited,,0.002,0.1082,0.06,18,0.35,2.6,2.17,3.07,125.54,37.06,185.29,213.48
partially_ai_edited\AutoSplice\Forged_JPEG90\39460_1.jpg,Partially AI-Edited,,0.9996,0.2173,0.69,36,1.93,6.7,3.75,8.85,1009.61,62.49,1056.7,1309.74
partially_ai_edited\AutoSplice\Forged_JPEG90\39576_1.jpg,Partially AI-Edited,,0.9956,0.1323,0.18,20,0.71,2.14,1.24,2.56,70.37,24.94,72.61,102.88
partially_ai_edited\AutoSplice\Forged_JPEG90\39836_1.jpg,Partially AI-Edited,,0.9982,0.1854,0.06,12,0.36,4.88,1.97,3.71,233.08,45.53,236.15,465.26
partially_ai_edited\AutoSplice\Forged_JPEG90\39985_2.jpg,Partially AI-Edited,,0.0003,0.1872,0.19,7,0.57,12.08,6.21,9.51,1229.24,83.07,1239.59,1072.52
partially_ai_edited\AutoSplice\Forged_JPEG90\40037_1.jpg,Partially AI-Edited,,0.012,0.2319,0.02,5,0.2,2.71,2.49,3.27,239.75,33.9,243.39,233.39
partially_ai_edited\AutoSplice\Forged_JPEG90\40079_1.jpg,Partially AI-Edited,,0.1142,0.1744,0.15,7,0.49,5.48,2.0,3.81,197.48,41.72,205.91,176.64
partially_ai_edited\AutoSplice\Forged_JPEG90\40197_1.jpg,Partially AI-Edited,,0.0,0.0699,0.11,9,0.44,15.54,7.35,9.07,1571.36,89.26,1600.28,727.15
partially_ai_edited\AutoSplice\Forged_JPEG90\40226_2.jpg,Partially AI-Edited,,0.0001,0.2615,0.42,36,1.15,8.02,3.22,6.28,526.71,52.71,471.38,635.93
partially_ai_edited\AutoSplice\Forged_JPEG90\40266_1.jpg,Partially AI-Edited,,0.0009,0.3496,0.71,30,1.32,14.99,7.68,11.51,1949.12,104.38,1992.29,1232.24
partially_ai_edited\AutoSplice\Forged_JPEG90\40444_0.jpg,Partially AI-Edited,,0.9851,0.2758,0.37,16,0.88,6.44,2.6,4.29,185.4,57.02,200.71,196.76
partially_ai_edited\AutoSplice\Forged_JPEG90\40567_0.jpg,Partially AI-Edited,,0.9999,0.1686,0.63,18,1.07,11.39,4.09,5.05,303.81,77.98,321.43,185.02
partially_ai_edited\AutoSplice\Forged_JPEG90\40587_1.jpg,Partially AI-Edited,,0.9909,0.2549,0.09,7,0.4,1.6,2.02,3.14,156.65,31.34,164.99,167.9
partially_ai_edited\AutoSplice\Forged_JPEG90\40591_0.jpg,Partially AI-Edited,,0.9687,0.3063,0.14,15,0.57,2.63,2.09,5.58,316.56,37.07,325.38,317.04
partially_ai_edited\AutoSplice\Forged_JPEG90\40596_0.jpg,Partially AI-Edited,,0.0,0.1809,0.41,15,0.86,16.38,8.75,10.85,2038.88,109.14,2092.41,1145.86
partially_ai_edited\AutoSplice\Forged_JPEG90\40691_0.jpg,Partially AI-Edited,,0.0002,0.2668,0.24,25,0.88,15.09,9.18,12.48,2560.85,101.3,2568.15,2096.14
partially_ai_edited\AutoSplice\Forged_JPEG90\40691_2.jpg,Partially AI-Edited,,0.0002,0.3024,0.2,18,0.75,14.3,8.85,12.49,2506.44,97.4,2509.15,2118.79
partially_ai_edited\AutoSplice\Forged_JPEG90\40709_1.jpg,Partially AI-Edited,,0.0452,0.1034,0.01,17,0.19,0.29,1.15,1.25,25.53,21.18,25.25,17.1
partially_ai_edited\AutoSplice\Forged_JPEG90\40722_2.jpg,Partially AI-Edited,,0.0784,0.2142,0.6,15,1.09,21.77,9.61,10.77,2446.93,118.46,2494.38,1923.13
partially_ai_edited\AutoSplice\Forged_JPEG90\40961_2.jpg,Partially AI-Edited,,0.0004,0.3087,0.1,12,0.46,3.52,2.19,6.25,533.22,30.62,501.41,941.09
partially_ai_edited\AutoSplice\Forged_JPEG90\41008_2.jpg,Partially AI-Edited,,0.9998,0.3528,0.43,25,1.18,4.27,2.84,6.47,435.2,46.16,427.31,365.38
partially_ai_edited\AutoSplice\Forged_JPEG90\41042_0.jpg,Partially AI-Edited,,0.9861,0.1159,1.0,20,1.4,19.18,5.92,5.72,775.35,90.72,788.22,393.82
partially_ai_edited\AutoSplice\Forged_JPEG90\41145_2.jpg,Partially AI-Edited,,0.0,0.2693,0.09,6,0.39,2.44,1.36,2.69,79.86,25.08,82.05,74.0
partially_ai_edited\AutoSplice\Forged_JPEG90\41187_0.jpg,Partially AI-Edited,,0.0,0.1483,0.26,16,0.73,13.23,9.04,13.71,3289.71,116.04,3107.56,2744.78
partially_ai_edited\AutoSplice\Forged_JPEG90\41281_2.jpg,Partially AI-Edited,,0.0039,0.2391,0.03,8,0.24,4.79,2.24,4.14,201.34,33.36,207.55,182.99
partially_ai_edited\AutoSplice\Forged_JPEG90\41295_1.jpg,Partially AI-Edited,,0.0112,0.3776,0.09,11,0.39,8.04,4.53,8.6,859.61,66.1,806.01,926.41
partially_ai_edited\AutoSplice\Forged_JPEG90\41328_2.jpg,Partially AI-Edited,,0.0002,0.2166,0.5,21,1.02,15.82,6.69,10.17,1836.25,95.08,1676.74,2065.38
partially_ai_edited\AutoSplice\Forged_JPEG90\41487_2.jpg,Partially AI-Edited,,0.9991,0.3377,0.22,20,0.78,4.28,2.31,6.13,589.15,39.37,578.64,1105.19
partially_ai_edited\AutoSplice\Forged_JPEG90\41491_2.jpg,Partially AI-Edited,,0.9613,0.2515,0.21,23,0.69,6.83,2.66,6.56,553.92,54.62,512.56,791.58
partially_ai_edited\AutoSplice\Forged_JPEG90\41524_2.jpg,Partially AI-Edited,,0.9973,0.4726,0.35,33,1.33,2.79,1.76,5.45,328.99,30.9,338.97,467.67
partially_ai_edited\AutoSplice\Forged_JPEG90\41540_0.jpg,Partially AI-Edited,,0.9997,0.5,0.37,34,1.44,3.33,1.95,5.63,335.11,39.67,355.83,394.68
partially_ai_edited\AutoSplice\Forged_JPEG90\41545_2.jpg,Partially AI-Edited,,0.9995,0.3181,0.15,10,0.53,3.8,1.91,4.87,330.46,33.18,328.93,388.44
partially_ai_edited\AutoSplice\Forged_JPEG90\41668_1.jpg,Partially AI-Edited,,0.007,0.0731,0.1,7,0.4,13.34,11.29,16.54,3902.63,147.36,4090.75,1679.67
partially_ai_edited\AutoSplice\Forged_JPEG90\41668_2.jpg,Partially AI-Edited,,0.0165,0.0708,0.11,9,0.44,13.56,11.35,16.51,3917.4,147.97,4098.45,1700.64
partially_ai_edited\AutoSplice\Forged_JPEG90\41713_2.jpg,Partially AI-Edited,,0.1054,0.2006,0.05,4,0.3,6.15,3.93,6.05,480.23,54.69,518.36,420.58
partially_ai_edited\AutoSplice\Forged_JPEG90\41734_2.jpg,Partially AI-Edited,,0.1405,0.2369,0.84,22,1.41,20.59,16.17,17.99,5415.67,186.58,5505.69,2740.14
partially_ai_edited\AutoSplice\Forged_JPEG90\41750_2.jpg,Partially AI-Edited,,0.0,0.1722,0.22,12,0.66,12.68,7.04,9.67,1446.52,90.13,1644.22,1038.03
partially_ai_edited\AutoSplice\Forged_JPEG90\41759_1.jpg,Partially AI-Edited,,0.8677,0.1869,1.08,41,2.06,11.65,4.9,6.07,672.58,79.09,692.0,418.48
partially_ai_edited\AutoSplice\Forged_JPEG90\41832_1.jpg,Partially AI-Edited,,0.619,0.1625,0.42,22,0.96,5.42,1.98,4.4,226.7,44.33,240.71,275.03
partially_ai_edited\AutoSplice\Forged_JPEG90\41958_1.jpg,Partially AI-Edited,,0.0,0.2214,0.44,25,1.22,20.68,10.06,12.93,3175.23,114.02,3212.9,2116.31
partially_ai_edited\AutoSplice\Forged_JPEG90\41993_2.jpg,Partially AI-Edited,,0.0001,0.201,0.15,11,0.56,6.37,3.19,5.75,380.43,53.1,459.54,482.91
partially_ai_edited\AutoSplice\Forged_JPEG90\42035_0.jpg,Partially AI-Edited,,0.0005,0.1467,0.05,6,0.29,2.53,1.25,2.14,48.32,34.02,52.03,50.85
partially_ai_edited\AutoSplice\Forged_JPEG90\42149_1.jpg,Partially AI-Edited,,0.0666,0.2436,0.08,10,0.38,7.46,3.14,5.68,357.44,55.05,367.69,339.1
partially_ai_edited\AutoSplice\Forged_JPEG90\42241_0.jpg,Partially AI-Edited,,0.9902,0.2149,0.43,23,1.11,9.98,3.76,5.9,529.06,61.57,519.65,543.4
partially_ai_edited\AutoSplice\Forged_JPEG90\42336_0.jpg,Partially AI-Edited,,0.0386,0.1309,0.27,10,0.69,21.53,9.94,9.3,2702.87,104.26,2941.75,1823.18
partially_ai_edited\AutoSplice\Forged_JPEG90\42336_1.jpg,Partially AI-Edited,,0.2037,0.1308,0.29,10,0.7,21.86,10.4,9.82,2899.81,108.89,3118.32,1930.53
partially_ai_edited\AutoSplice\Forged_JPEG90\42368_1.jpg,Partially AI-Edited,,0.9753,0.126,0.26,18,0.86,4.32,1.89,4.24,318.94,32.91,338.74,461.75
partially_ai_edited\AutoSplice\Forged_JPEG90\42401_1.jpg,Partially AI-Edited,,0.0004,0.1614,1.04,16,1.32,17.6,8.75,10.56,2134.19,109.07,2187.38,1219.2
partially_ai_edited\AutoSplice\Forged_JPEG90\42407_0.jpg,Partially AI-Edited,,0.746,0.1846,0.02,6,0.17,5.04,3.32,6.35,649.82,42.73,623.04,763.41
partially_ai_edited\AutoSplice\Forged_JPEG90\42512_2.jpg,Partially AI-Edited,,0.1292,0.3979,0.71,43,2.16,5.42,2.65,5.93,405.01,42.15,424.34,445.7
partially_ai_edited\AutoSplice\Forged_JPEG90\42549_0.jpg,Partially AI-Edited,,0.9929,0.1105,0.09,7,0.38,4.78,2.05,4.73,358.02,36.38,353.73,471.7
partially_ai_edited\AutoSplice\Forged_JPEG90\42602_0.jpg,Partially AI-Edited,,0.9923,0.2555,0.4,21,1.16,8.44,4.45,6.96,644.34,65.78,620.61,455.61
partially_ai_edited\AutoSplice\Forged_JPEG90\42620_1.jpg,Partially AI-Edited,,0.2013,0.3633,0.03,5,0.23,2.75,1.8,5.68,420.42,28.45,419.54,402.15
partially_ai_edited\AutoSplice\Forged_JPEG90\42620_2.jpg,Partially AI-Edited,,0.9966,0.3407,0.22,28,0.98,4.48,3.11,9.84,1176.4,42.77,1146.86,1908.44
partially_ai_edited\AutoSplice\Forged_JPEG90\42680_2.jpg,Partially AI-Edited,,0.5226,0.3531,0.09,9,0.41,3.91,2.1,4.55,299.09,40.43,309.55,380.07
partially_ai_edited\AutoSplice\Forged_JPEG90\42837_0.jpg,Partially AI-Edited,,0.0002,0.3185,0.74,31,1.63,17.63,9.85,14.27,3183.28,119.76,3202.55,3587.75
partially_ai_edited\AutoSplice\Forged_JPEG90\42873_0.jpg,Partially AI-Edited,,0.0023,0.1641,0.14,8,0.5,3.65,2.39,4.51,234.18,42.67,239.98,238.16
partially_ai_edited\AutoSplice\Forged_JPEG90\42887_1.jpg,Partially AI-Edited,,0.9988,0.2591,0.16,25,0.61,4.66,3.0,7.98,806.1,48.53,832.43,710.1
partially_ai_edited\AutoSplice\Forged_JPEG90\43003_0.jpg,Partially AI-Edited,,0.6691,0.2958,0.33,25,1.06,10.01,5.64,8.67,1095.52,71.47,1110.13,1126.48
partially_ai_edited\AutoSplice\Forged_JPEG90\43058_1.jpg,Partially AI-Edited,,0.0015,0.11,0.41,48,1.37,5.84,3.98,8.89,894.02,61.33,1020.5,1927.5
partially_ai_edited\AutoSplice\Forged_JPEG90\43070_1.jpg,Partially AI-Edited,,0.7265,0.2702,0.79,48,2.21,3.59,1.61,3.55,144.23,34.97,153.53,231.71
partially_ai_edited\AutoSplice\Forged_JPEG90\43130_2.jpg,Partially AI-Edited,,0.0072,0.2571,0.14,23,0.76,7.92,5.04,8.54,1078.22,61.83,1105.43,1183.29
partially_ai_edited\AutoSplice\Forged_JPEG90\43259_2.jpg,Partially AI-Edited,,0.0001,0.1615,0.07,8,0.34,15.98,7.11,8.68,1559.49,85.41,1563.6,1185.02
partially_ai_edited\AutoSplice\Forged_JPEG90\43656_0.jpg,Partially AI-Edited,,0.1214,0.2974,0.78,36,2.01,6.52,3.3,6.7,667.03,58.94,679.95,616.93
partially_ai_edited\AutoSplice\Forged_JPEG90\43757_1.jpg,Partially AI-Edited,,0.1531,0.1737,0.01,4,0.11,5.66,3.39,6.81,491.59,59.98,588.44,623.29
partially_ai_edited\AutoSplice\Forged_JPEG90\43891_0.jpg,Partially AI-Edited,,0.8975,0.0722,0.13,10,0.5,12.92,6.02,6.92,916.78,80.82,962.9,447.84
partially_ai_edited\AutoSplice\Forged_JPEG90\43925_2.jpg,Partially AI-Edited,,0.9904,0.2441,0.26,25,0.79,4.86,2.54,5.38,370.2,46.32,389.38,355.8
partially_ai_edited\AutoSplice\Forged_JPEG90\43979_2.jpg,Partially AI-Edited,,0.0038,0.139,0.32,14,0.78,7.82,3.11,5.17,377.79,56.84,381.61,357.34
partially_ai_edited\AutoSplice\Forged_JPEG90\43994_2.jpg,Partially AI-Edited,,0.9442,0.2155,0.57,21,1.04,26.93,9.96,10.04,2654.59,112.65,2540.53,1591.41
partially_ai_edited\AutoSplice\Forged_JPEG90\44043_2.jpg,Partially AI-Edited,,0.3007,0.2307,0.16,11,0.56,3.03,1.76,5.16,304.67,34.89,321.79,502.13
partially_ai_edited\AutoSplice\Forged_JPEG90\44055_2.jpg,Partially AI-Edited,,0.693,0.2044,0.1,12,0.43,4.77,2.65,6.33,448.29,42.91,476.38,396.1
partially_ai_edited\AutoSplice\Forged_JPEG90\44061_2.jpg,Partially AI-Edited,,0.5923,0.1181,0.06,8,0.31,2.57,1.27,3.09,117.44,26.52,122.97,145.99
partially_ai_edited\AutoSplice\Forged_JPEG90\44154_1.jpg,Partially AI-Edited,,0.9474,0.2874,0.45,16,1.05,8.64,3.11,5.29,393.09,53.54,406.12,419.24
partially_ai_edited\AutoSplice\Forged_JPEG90\44235_2.jpg,Partially AI-Edited,,0.0024,0.1272,0.31,30,0.93,7.8,3.85,6.23,486.13,61.47,499.45,354.08
partially_ai_edited\AutoSplice\Forged_JPEG90\44324_2.jpg,Partially AI-Edited,,1.0,0.2404,0.23,9,0.64,8.06,3.51,5.0,298.07,63.3,320.38,220.56
partially_ai_edited\AutoSplice\Forged_JPEG90\44370_2.jpg,Partially AI-Edited,,0.2813,0.1224,0.17,20,0.63,2.37,1.37,3.77,191.16,28.93,192.63,315.91
partially_ai_edited\AutoSplice\Forged_JPEG90\44399_0.jpg,Partially AI-Edited,,0.8963,0.2347,0.24,21,0.82,3.58,1.94,4.16,218.95,32.04,225.88,270.2
partially_ai_edited\AutoSplice\Forged_JPEG90\44505_2.jpg,Partially AI-Edited,,0.0588,0.1999,0.34,9,0.73,3.89,4.22,5.2,965.24,36.52,928.71,761.49
partially_ai_edited\AutoSplice\Forged_JPEG90\44659_1.jpg,Partially AI-Edited,,0.002,0.379,0.62,20,1.43,8.64,4.81,8.61,735.66,79.8,749.53,507.75
partially_ai_edited\AutoSplice\Forged_JPEG90\44705_0.jpg,Partially AI-Edited,,0.0122,0.2396,0.3,14,0.81,8.23,3.4,4.94,382.33,61.56,405.43,278.57
partially_ai_edited\AutoSplice\Forged_JPEG90\44705_1.jpg,Partially AI-Edited,,0.0701,0.1459,0.14,10,0.5,5.45,2.42,3.68,180.66,47.34,187.78,121.94
partially_ai_edited\AutoSplice\Forged_JPEG90\44785_0.jpg,Partially AI-Edited,,0.6692,0.4044,0.09,10,0.39,5.35,3.17,7.52,895.27,44.82,845.47,731.95
partially_ai_edited\AutoSplice\Forged_JPEG90\44998_2.jpg,Partially AI-Edited,,0.0039,0.2665,0.24,15,0.64,4.04,1.94,4.07,166.31,47.21,180.04,192.59
partially_ai_edited\AutoSplice\Forged_JPEG90\45062_2.jpg,Partially AI-Edited,,0.9775,0.2988,0.07,9,0.35,2.51,1.37,3.49,146.3,31.22,148.27,180.55
partially_ai_edited\AutoSplice\Forged_JPEG90\45143_0.jpg,Partially AI-Edited,,0.9997,0.1005,0.56,24,1.38,8.42,3.54,5.89,400.08,67.02,422.81,290.82
partially_ai_edited\AutoSplice\Forged_JPEG90\45143_1.jpg,Partially AI-Edited,,0.1454,0.1634,0.25,11,0.65,7.2,3.08,5.22,295.29,59.04,307.54,223.84
partially_ai_edited\AutoSplice\Forged_JPEG90\45265_1.jpg,Partially AI-Edited,,0.9956,0.1945,0.11,11,0.47,3.16,1.81,4.94,316.6,35.42,326.27,485.73
partially_ai_edited\AutoSplice\Forged_JPEG90\45620_1.jpg,Partially AI-Edited,,0.0173,0.3258,0.03,14,0.29,7.09,4.43,7.3,733.26,61.48,746.75,717.6
partially_ai_edited\AutoSplice\Forged_JPEG90\45641_2.jpg,Partially AI-Edited,,0.8106,0.1659,0.22,15,0.77,6.66,3.27,5.87,407.8,50.8,384.17,246.51
partially_ai_edited\AutoSplice\Forged_JPEG90\45770_2.jpg,Partially AI-Edited,,0.9429,0.0624,0.19,51,0.77,2.34,1.32,2.44,60.26,29.39,57.0,86.82
partially_ai_edited\AutoSplice\Forged_JPEG90\45878_1.jpg,Partially AI-Edited,,0.743,0.1868,0.47,20,1.15,7.16,3.24,6.26,566.52,57.26,595.68,720.38
partially_ai_edited\AutoSplice\Forged_JPEG90\45879_0.jpg,Partially AI-Edited,,0.9867,0.2389,0.1,12,0.42,3.75,1.91,3.97,236.53,31.11,215.66,243.57
partially_ai_edited\AutoSplice\Forged_JPEG90\46104_1.jpg,Partially AI-Edited,,0.0082,0.1792,0.23,15,0.73,5.54,2.48,3.71,206.77,44.17,208.27,139.57
partially_ai_edited\AutoSplice\Forged_JPEG90\46425_2.jpg,Partially AI-Edited,,0.9999,0.021,0.06,19,0.41,1.73,0.99,3.21,127.75,18.79,115.67,222.92
partially_ai_edited\AutoSplice\Forged_JPEG90\46499_1.jpg,Partially AI-Edited,,0.0724,0.3175,0.16,17,0.61,5.41,2.57,5.46,392.72,56.39,410.31,489.32
partially_ai_edited\AutoSplice\Forged_JPEG90\46565_0.jpg,Partially AI-Edited,,0.0876,0.4808,0.46,25,1.09,7.23,3.69,7.52,946.41,57.85,914.32,1052.89
partially_ai_edited\AutoSplice\Forged_JPEG90\46628_1.jpg,Partially AI-Edited,,0.9088,0.2459,0.44,32,1.36,3.56,2.12,6.56,624.08,36.16,609.3,636.47
partially_ai_edited\AutoSplice\Forged_JPEG90\46628_2.jpg,Partially AI-Edited,,1.0,0.1741,0.13,32,0.58,3.69,2.01,5.68,340.95,37.85,380.6,471.59
partially_ai_edited\AutoSplice\Forged_JPEG90\46773_0.jpg,Partially AI-Edited,,0.2537,0.2368,0.1,7,0.41,8.72,3.55,5.41,388.79,66.94,411.75,335.9
partially_ai_edited\AutoSplice\Forged_JPEG90\46923_2.jpg,Partially AI-Edited,,0.0062,0.1073,0.13,23,0.69,12.2,6.04,7.96,1066.71,78.99,1104.52,571.31
partially_ai_edited\AutoSplice\Forged_JPEG90\46937_0.jpg,Partially AI-Edited,,0.4852,0.19,0.12,23,0.68,1.93,1.21,4.18,237.01,18.53,240.52,450.53
partially_ai_edited\AutoSplice\Forged_JPEG90\46957_0.jpg,Partially AI-Edited,,0.9716,0.215,0.2,24,0.85,3.43,1.96,4.13,201.51,43.4,209.18,241.45
partially_ai_edited\AutoSplice\Forged_JPEG90\47017_2.jpg,Partially AI-Edited,,1.0,0.0981,0.24,11,0.65,4.59,2.45,5.21,391.92,48.08,358.54,554.98
partially_ai_edited\AutoSplice\Forged_JPEG90\47097_2.jpg,Partially AI-Edited,,0.4108,0.0895,0.11,11,0.47,6.98,3.22,4.65,456.32,52.09,465.61,260.66
partially_ai_edited\AutoSplice\Forged_JPEG90\47211_0.jpg,Partially AI-Edited,,0.007,0.4667,0.31,34,1.13,11.41,5.38,9.3,1353.32,69.03,1266.91,1566.44
partially_ai_edited\AutoSplice\Forged_JPEG90\47215_0.jpg,Partially AI-Edited,,0.902,0.1708,0.27,14,0.76,0.82,1.25,3.13,116.12,16.43,104.1,170.31
partially_ai_edited\AutoSplice\Forged_JPEG90\47495_2.jpg,Partially AI-Edited,,0.0487,0.1065,0.27,25,0.77,9.53,3.91,5.73,397.94,69.77,418.59,364.77
partially_ai_edited\AutoSplice\Forged_JPEG90\47536_0.jpg,Partially AI-Edited,,0.9996,0.2962,0.05,5,0.27,3.11,1.79,5.69,363.07,39.96,344.08,573.75
partially_ai_edited\AutoSplice\Forged_JPEG90\47844_0.jpg,Partially AI-Edited,,0.0348,0.2776,0.38,21,1.08,5.28,2.54,4.65,278.83,49.99,294.09,233.43
partially_ai_edited\AutoSplice\Forged_JPEG90\47919_2.jpg,Partially AI-Edited,,0.9582,0.2842,0.03,6,0.23,2.32,1.35,2.99,122.68,28.0,126.66,150.27
partially_ai_edited\AutoSplice\Forged_JPEG90\47973_2.jpg,Partially AI-Edited,,0.551,0.2142,0.07,13,0.39,15.35,7.76,9.45,1562.46,87.18,1605.8,1133.14
partially_ai_edited\AutoSplice\Forged_JPEG90\48115_2.jpg,Partially AI-Edited,,0.943,0.3348,0.65,29,1.61,4.07,1.86,3.87,198.96,41.34,235.21,334.04
partially_ai_edited\AutoSplice\Forged_JPEG90\48230_0.jpg,Partially AI-Edited,,0.5012,0.1637,0.14,19,0.66,3.15,2.49,8.35,825.34,34.73,868.46,1382.05
partially_ai_edited\AutoSplice\Forged_JPEG90\48342_1.jpg,Partially AI-Edited,,0.0102,0.3043,0.56,17,1.18,6.19,3.01,6.24,503.0,47.17,456.41,918.02
partially_ai_edited\AutoSplice\Forged_JPEG90\48421_0.jpg,Partially AI-Edited,,0.007,0.185,0.25,14,0.71,7.22,3.35,5.67,523.13,61.67,518.48,506.9
partially_ai_edited\AutoSplice\Forged_JPEG90\48535_2.jpg,Partially AI-Edited,,0.9896,0.3504,0.13,9,0.5,7.25,3.32,5.92,496.09,48.36,542.72,615.6
partially_ai_edited\AutoSplice\Forged_JPEG90\48707_0.jpg,Partially AI-Edited,,0.9999,0.4186,0.78,26,1.68,7.35,3.41,6.4,750.87,49.41,743.61,681.83
partially_ai_edited\AutoSplice\Forged_JPEG90\48925_1.jpg,Partially AI-Edited,,0.9915,0.2369,0.48,23,1.09,5.21,2.23,4.28,158.11,55.55,182.83,159.91
partially_ai_edited\AutoSplice\Forged_JPEG90\49054_2.jpg,Partially AI-Edited,,0.0057,0.2111,0.44,43,1.59,10.47,3.9,4.63,408.8,51.68,413.92,303.39
partially_ai_edited\AutoSplice\Forged_JPEG90\49323_0.jpg,Partially AI-Edited,,0.1757,0.0785,0.14,13,0.5,2.36,1.21,2.94,116.66,27.42,119.34,226.61
partially_ai_edited\AutoSplice\Forged_JPEG90\49342_1.jpg,Partially AI-Edited,,0.9853,0.4694,0.38,23,1.05,5.4,2.48,5.19,337.9,48.29,301.45,320.48
partially_ai_edited\AutoSplice\Forged_JPEG90\49694_0.jpg,Partially AI-Edited,,0.9666,0.4034,0.17,22,0.67,5.66,2.34,5.5,386.41,46.76,403.32,424.62
partially_ai_edited\AutoSplice\Forged_JPEG90\50301_2.jpg,Partially AI-Edited,,0.7193,0.1551,0.0,2,0.05,3.85,1.46,2.39,62.46,37.19,70.55,57.31
partially_ai_edited\AutoSplice\Forged_JPEG90\50672_0.jpg,Partially AI-Edited,,0.0136,0.1627,0.05,9,0.31,9.25,4.26,6.33,702.05,56.51,716.31,804.54
partially_ai_edited\AutoSplice\Forged_JPEG90\50708_0.jpg,Partially AI-Edited,,0.3483,0.2561,0.47,16,1.06,8.18,4.81,6.92,1041.78,62.05,1070.16,646.03
partially_ai_edited\AutoSplice\Forged_JPEG90\50903_1.jpg,Partially AI-Edited,,0.241,0.2079,0.2,9,0.56,5.77,2.26,4.81,272.04,45.72,280.22,303.57
partially_ai_edited\AutoSplice\Forged_JPEG90\51119_0.jpg,Partially AI-Edited,,0.0,0.1245,0.37,19,1.05,14.16,7.12,9.34,1516.45,90.53,1554.71,1140.36
partially_ai_edited\AutoSplice\Forged_JPEG90\51191_0.jpg,Partially AI-Edited,,0.0172,0.2846,0.14,8,0.5,4.11,1.85,3.43,171.14,39.66,168.79,201.2
partially_ai_edited\AutoSplice\Forged_JPEG90\51191_2.jpg,Partially AI-Edited,,0.9342,0.2742,0.1,11,0.42,4.03,1.79,3.4,184.61,34.35,182.35,267.33
partially_ai_edited\AutoSplice\Forged_JPEG90\51458_0.jpg,Partially AI-Edited,,0.9999,0.3819,0.31,23,0.94,6.37,2.82,5.71,410.57,53.35,414.85,806.42
partially_ai_edited\AutoSplice\Forged_JPEG90\51458_1.jpg,Partially AI-Edited,,0.4513,0.2648,0.26,12,0.72,5.89,3.04,7.51,682.15,56.02,649.99,1373.82
partially_ai_edited\AutoSplice\Forged_JPEG90\51683_1.jpg,Partially AI-Edited,,0.9941,0.3311,0.34,23,1.02,5.81,2.41,4.59,283.0,45.04,287.77,261.93
partially_ai_edited\AutoSplice\Forged_JPEG90\51845_1.jpg,Partially AI-Edited,,0.1755,0.2334,0.39,21,1.14,6.67,2.94,4.58,247.69,53.51,268.27,174.24
partially_ai_edited\AutoSplice\Forged_JPEG90\51949_1.jpg,Partially AI-Edited,,0.0053,0.2527,0.37,21,0.87,18.0,7.53,9.83,1895.9,93.8,1922.38,1411.12
partially_ai_edited\AutoSplice\Forged_JPEG90\51949_2.jpg,Partially AI-Edited,,0.0048,0.2474,0.36,13,0.82,17.92,7.47,9.83,1886.01,93.37,1912.88,1424.11
partially_ai_edited\AutoSplice\Forged_JPEG90\52074_2.jpg,Partially AI-Edited,,0.9999,0.3013,0.46,21,1.27,4.4,1.91,4.37,234.96,39.57,239.51,255.74
partially_ai_edited\AutoSplice\Forged_JPEG90\52169_0.jpg,Partially AI-Edited,,1.0,0.2089,0.57,36,1.65,7.98,4.12,8.03,1418.11,49.85,1438.65,2046.54
partially_ai_edited\AutoSplice\Forged_JPEG90\52229_1.jpg,Partially AI-Edited,,0.5194,0.1585,0.23,12,0.64,25.03,11.53,12.67,3211.63,155.76,3200.59,2431.92
partially_ai_edited\AutoSplice\Forged_JPEG90\52229_2.jpg,Partially AI-Edited,,0.9496,0.1902,0.25,9,0.66,23.97,11.43,12.82,3225.2,154.31,3213.94,2485.95
partially_ai_edited\AutoSplice\Forged_JPEG90\52506_2.jpg,Partially AI-Edited,,0.8467,0.3582,1.35,35,2.12,26.9,10.85,10.88,3390.41,121.93,3035.11,1951.64
partially_ai_edited\AutoSplice\Forged_JPEG90\52551_1.jpg,Partially AI-Edited,,0.8185,0.1447,0.29,20,0.79,3.68,2.07,3.89,234.6,37.06,251.62,260.58
partially_ai_edited\AutoSplice\Forged_JPEG90\52589_1.jpg,Partially AI-Edited,,0.9267,0.1434,0.6,19,1.16,13.33,5.64,7.69,1054.95,80.89,1082.91,884.7
partially_ai_edited\AutoSplice\Forged_JPEG90\52589_2.jpg,Partially AI-Edited,,0.1134,0.1539,0.69,19,1.26,15.82,6.17,7.82,1139.05,90.48,1169.04,832.76
partially_ai_edited\AutoSplice\Forged_JPEG90\52599_1.jpg,Partially AI-Edited,,0.0031,0.2228,0.28,29,0.97,6.54,3.14,6.25,484.43,49.02,499.37,678.69
partially_ai_edited\AutoSplice\Forged_JPEG90\52717_0.jpg,Partially AI-Edited,,0.5915,0.1364,0.31,13,0.78,4.94,2.28,4.4,223.21,53.12,242.67,243.56
partially_ai_edited\AutoSplice\Forged_JPEG90\52717_2.jpg,Partially AI-Edited,,0.9901,0.1658,0.3,20,0.82,6.12,2.79,5.49,415.92,57.13,427.6,448.6
partially_ai_edited\AutoSplice\Forged_JPEG90\52750_0.jpg,Partially AI-Edited,,0.2014,0.2272,0.1,17,0.5,3.49,1.77,3.63,162.5,32.61,169.48,281.56
partially_ai_edited\AutoSplice\Forged_JPEG90\53115_0.jpg,Partially AI-Edited,,0.9368,0.4775,0.24,14,0.72,4.64,2.34,5.92,465.13,40.43,480.33,479.03
partially_ai_edited\AutoSplice\Forged_JPEG90\53149_1.jpg,Partially AI-Edited,,0.9964,0.0761,0.15,14,0.63,2.41,1.57,3.6,182.54,35.87,166.35,253.54
partially_ai_edited\AutoSplice\Forged_JPEG90\53199_0.jpg,Partially AI-Edited,,0.9859,0.1869,0.06,5,0.31,4.38,1.98,3.58,137.5,41.38,147.78,155.46
partially_ai_edited\AutoSplice\Forged_JPEG90\53237_1.jpg,Partially AI-Edited,,0.8971,0.3136,0.44,32,1.21,8.56,3.76,6.66,642.23,71.17,629.64,598.65
partially_ai_edited\AutoSplice\Forged_JPEG90\53382_1.jpg,Partially AI-Edited,,0.0115,0.5,0.02,7,0.21,6.99,2.69,5.16,273.36,51.02,259.57,325.97
partially_ai_edited\AutoSplice\Forged_JPEG90\53424_1.jpg,Partially AI-Edited,,0.0635,0.125,0.19,13,0.61,8.5,4.27,7.25,659.18,72.09,765.93,643.39
partially_ai_edited\AutoSplice\Forged_JPEG90\53443_2.jpg,Partially AI-Edited,,0.0003,0.2448,0.4,26,0.99,24.99,13.43,14.9,5538.84,154.91,5734.26,3677.22
partially_ai_edited\AutoSplice\Forged_JPEG90\53483_0.jpg,Partially AI-Edited,,0.0007,0.1022,0.11,7,0.45,2.94,1.83,5.0,256.5,32.65,257.38,468.71
partially_ai_edited\AutoSplice\Forged_JPEG90\53529_1.jpg,Partially AI-Edited,,0.0685,0.1547,0.33,18,1.02,7.6,3.06,4.65,330.56,54.6,343.61,479.77
partially_ai_edited\AutoSplice\Forged_JPEG90\53689_2.jpg,Partially AI-Edited,,0.4284,0.2993,0.13,11,0.5,4.28,2.22,4.57,247.44,43.07,257.31,348.87
partially_ai_edited\AutoSplice\Forged_JPEG90\53692_2.jpg,Partially AI-Edited,,0.6757,0.1601,0.04,5,0.24,11.33,5.1,7.99,922.9,84.33,937.84,1001.87
partially_ai_edited\AutoSplice\Forged_JPEG90\53828_0.jpg,Partially AI-Edited,,0.9939,0.1649,0.01,6,0.14,15.53,7.51,10.63,1977.81,93.3,2034.34,1638.21
partially_ai_edited\AutoSplice\Forged_JPEG90\53835_0.jpg,Partially AI-Edited,,0.4165,0.124,0.15,18,0.58,4.56,2.63,4.45,364.29,45.24,380.25,331.67
partially_ai_edited\AutoSplice\Forged_JPEG90\53836_2.jpg,Partially AI-Edited,,0.9981,0.0,0.09,11,0.44,0.6,0.38,1.76,38.76,7.02,34.71,100.79
partially_ai_edited\AutoSplice\Forged_JPEG90\53847_0.jpg,Partially AI-Edited,,0.9858,0.3352,0.07,12,0.36,3.28,1.76,4.49,308.54,31.72,329.08,410.42
partially_ai_edited\AutoSplice\Forged_JPEG90\53847_1.jpg,Partially AI-Edited,,0.9855,0.1974,0.06,9,0.33,3.19,1.95,4.62,294.81,37.02,305.88,424.28
partially_ai_edited\AutoSplice\Forged_JPEG90\53869_1.jpg,Partially AI-Edited,,0.2234,0.2404,0.25,26,1.03,6.14,4.74,12.65,2374.39,66.64,2115.74,3500.89
partially_ai_edited\AutoSplice\Forged_JPEG90\53909_0.jpg,Partially AI-Edited,,0.0001,0.1916,0.58,27,1.52,13.33,6.48,8.76,1269.85,87.92,1397.12,1083.84
partially_ai_edited\AutoSplice\Forged_JPEG90\53930_0.jpg,Partially AI-Edited,,0.0161,0.1053,0.25,8,0.61,24.4,12.83,14.12,5090.24,143.55,5169.56,3595.09
partially_ai_edited\AutoSplice\Forged_JPEG90\53947_2.jpg,Partially AI-Edited,,0.0,0.2583,0.26,17,0.87,7.79,4.92,7.37,718.78,67.87,760.83,414.19
partially_ai_edited\AutoSplice\Forged_JPEG90\53949_0.jpg,Partially AI-Edited,,0.7427,0.1082,0.42,20,0.99,23.01,8.42,8.13,1591.54,105.48,1625.14,750.16
partially_ai_edited\AutoSplice\Forged_JPEG90\53995_1.jpg,Partially AI-Edited,,0.8562,0.1971,0.32,31,1.19,3.99,2.18,5.77,427.76,38.68,400.56,632.4
partially_ai_edited\AutoSplice\Forged_JPEG90\54004_2.jpg,Partially AI-Edited,,0.2328,0.1845,1.04,32,2.08,8.02,4.02,6.44,490.1,72.83,530.55,411.42
partially_ai_edited\AutoSplice\Forged_JPEG90\54038_2.jpg,Partially AI-Edited,,0.1136,0.1177,0.23,14,0.71,5.97,3.38,5.29,527.54,58.14,550.96,410.89
partially_ai_edited\AutoSplice\Forged_JPEG90\54041_1.jpg,Partially AI-Edited,,0.0432,0.2817,0.81,25,1.52,8.02,3.05,4.53,252.83,61.58,266.98,296.32
partially_ai_edited\AutoSplice\Forged_JPEG90\54046_0.jpg,Partially AI-Edited,,0.0005,0.13,0.59,22,1.36,7.66,3.74,5.76,429.29,63.86,408.16,341.39
partially_ai_edited\AutoSplice\Forged_JPEG90\54066_0.jpg,Partially AI-Edited,,0.3512,0.412,0.32,44,1.02,6.57,3.99,8.74,1056.66,59.5,1088.57,1228.51
partially_ai_edited\AutoSplice\Forged_JPEG90\54112_2.jpg,Partially AI-Edited,,0.8426,0.1543,0.08,20,0.44,8.16,4.53,7.75,720.75,70.73,744.29,521.29
partially_ai_edited\AutoSplice\Forged_JPEG90\54139_1.jpg,Partially AI-Edited,,0.695,0.1404,0.18,11,0.64,5.95,3.45,6.57,511.54,55.31,525.94,625.38
partially_ai_edited\AutoSplice\Forged_JPEG90\54177_1.jpg,Partially AI-Edited,,0.7477,0.1316,0.04,4,0.22,7.14,4.02,7.27,595.18,74.43,661.39,456.2
partially_ai_edited\AutoSplice\Forged_JPEG90\54239_1.jpg,Partially AI-Edited,,0.0146,0.3424,0.88,32,1.87,4.84,2.83,6.03,398.25,49.18,505.91,619.08
partially_ai_edited\AutoSplice\Forged_JPEG90\54239_2.jpg,Partially AI-Edited,,0.1083,0.41,0.66,44,1.67,4.97,2.52,5.21,354.88,43.24,614.26,989.51
partially_ai_edited\AutoSplice\Forged_JPEG90\54341_1.jpg,Partially AI-Edited,,0.0454,0.1966,0.11,13,0.49,5.31,2.9,4.88,438.84,45.38,463.23,375.39
partially_ai_edited\AutoSplice\Forged_JPEG90\54360_2.jpg,Partially AI-Edited,,0.5323,0.0834,0.0,2,0.07,14.81,6.68,8.7,1218.81,92.54,1269.07,836.54
partially_ai_edited\AutoSplice\Forged_JPEG90\54456_2.jpg,Partially AI-Edited,,0.1607,0.3065,1.19,27,1.93,11.88,4.69,6.86,891.56,71.21,918.47,535.11
partially_ai_edited\AutoSplice\Forged_JPEG90\54529_0.jpg,Partially AI-Edited,,0.4693,0.3929,0.1,11,0.46,5.46,2.39,4.57,399.74,41.93,364.08,428.15
partially_ai_edited\AutoSplice\Forged_JPEG90\54629_0.jpg,Partially AI-Edited,,0.0001,0.37,0.35,20,0.87,4.32,2.42,5.06,283.96,44.58,305.52,260.26
partially_ai_edited\AutoSplice\Forged_JPEG90\54733_2.jpg,Partially AI-Edited,,0.9984,0.1381,0.17,15,0.67,2.71,1.54,3.19,109.95,27.57,129.86,162.36
partially_ai_edited\AutoSplice\Forged_JPEG90\54769_2.jpg,Partially AI-Edited,,0.9568,0.0437,0.1,7,0.42,2.63,1.58,4.98,333.98,27.53,337.51,688.34
partially_ai_edited\AutoSplice\Forged_JPEG90\54795_1.jpg,Partially AI-Edited,,0.7852,0.1762,0.23,16,0.79,23.41,8.19,8.14,1665.19,100.46,1702.24,680.81
partially_ai_edited\AutoSplice\Forged_JPEG90\55005_0.jpg,Partially AI-Edited,,0.1285,0.3607,0.31,16,0.85,3.25,1.7,4.46,193.74,30.54,195.45,377.97
partially_ai_edited\AutoSplice\Forged_JPEG90\55072_1.jpg,Partially AI-Edited,,0.0312,0.0564,0.07,6,0.33,10.15,4.5,5.31,432.64,74.2,526.98,538.46
partially_ai_edited\AutoSplice\Forged_JPEG90\55148_2.jpg,Partially AI-Edited,,0.033,0.2144,0.0,2,0.06,5.11,2.15,3.74,124.36,50.96,145.93,121.69
partially_ai_edited\AutoSplice\Forged_JPEG90\55230_2.jpg,Partially AI-Edited,,0.2292,0.35,0.16,14,0.54,6.3,2.84,6.22,447.31,56.78,460.57,439.55
partially_ai_edited\AutoSplice\Forged_JPEG90\55316_0.jpg,Partially AI-Edited,,0.0024,0.193,0.06,6,0.32,13.47,5.84,7.9,1217.22,71.78,1236.98,1273.73
partially_ai_edited\AutoSplice\Forged_JPEG90\55370_2.jpg,Partially AI-Edited,,0.9998,0.1733,0.25,16,0.76,2.64,1.04,2.23,52.8,28.25,54.1,49.98
partially_ai_edited\AutoSplice\Forged_JPEG90\55480_1.jpg,Partially AI-Edited,,0.9983,0.1757,0.23,18,0.79,2.35,1.86,4.04,188.69,32.37,197.22,248.65
partially_ai_edited\AutoSplice\Forged_JPEG90\55500_0.jpg,Partially AI-Edited,,0.9889,0.3372,0.02,9,0.2,2.14,1.38,3.56,161.42,27.79,165.23,272.24
partially_ai_edited\AutoSplice\Forged_JPEG90\55626_0.jpg,Partially AI-Edited,,0.0001,0.2748,0.75,30,1.47,21.0,11.02,13.36,3175.27,140.79,3203.68,1877.1
partially_ai_edited\AutoSplice\Forged_JPEG90\55710_0.jpg,Partially AI-Edited,,0.9999,0.2381,0.54,23,1.13,9.34,3.67,5.08,401.78,64.16,414.21,445.8
partially_ai_edited\AutoSplice\Forged_JPEG90\55710_1.jpg,Partially AI-Edited,,0.9689,0.1981,0.56,20,1.13,9.18,3.56,5.03,388.02,64.52,401.63,459.31
partially_ai_edited\AutoSplice\Forged_JPEG90\55738_0.jpg,Partially AI-Edited,,0.9905,0.4406,1.07,38,2.32,8.61,4.66,7.61,768.17,75.66,805.32,748.85
partially_ai_edited\AutoSplice\Forged_JPEG90\55744_1.jpg,Partially AI-Edited,,0.989,0.4648,0.38,32,1.3,5.77,3.54,9.54,1197.39,56.06,1218.45,1709.89
partially_ai_edited\AutoSplice\Forged_JPEG90\55846_0.jpg,Partially AI-Edited,,0.1043,0.375,0.02,6,0.17,4.68,2.09,4.35,354.14,33.32,343.61,411.07
partially_ai_edited\AutoSplice\Forged_JPEG90\56166_2.jpg,Partially AI-Edited,,0.0011,0.251,0.11,27,0.46,10.12,3.8,4.5,281.61,63.58,298.6,293.73
partially_ai_edited\AutoSplice\Forged_JPEG90\56294_2.jpg,Partially AI-Edited,,0.004,0.0987,0.26,7,0.68,7.55,3.27,4.29,262.45,63.51,271.12,138.27
partially_ai_edited\AutoSplice\Forged_JPEG90\56340_0.jpg,Partially AI-Edited,,0.0246,0.0907,0.07,6,0.34,10.8,4.14,4.48,357.04,68.82,350.63,249.37
partially_ai_edited\AutoSplice\Forged_JPEG90\56340_1.jpg,Partially AI-Edited,,0.7393,0.1075,0.07,12,0.36,10.89,4.18,4.55,363.02,70.57,361.76,237.7
partially_ai_edited\AutoSplice\Forged_JPEG90\56345_0.jpg,Partially AI-Edited,,0.0001,0.1657,0.43,25,0.94,12.35,6.0,8.53,1251.73,76.72,1268.44,1213.2
partially_ai_edited\AutoSplice\Forged_JPEG90\56379_2.jpg,Partially AI-Edited,,0.0037,0.0955,0.12,11,0.52,10.91,4.71,5.61,633.53,62.26,619.8,526.24
partially_ai_edited\AutoSplice\Forged_JPEG90\56394_1.jpg,Partially AI-Edited,,0.2265,0.4945,1.07,44,2.21,5.52,2.05,4.59,213.08,40.96,223.42,248.23
partially_ai_edited\AutoSplice\Forged_JPEG90\56403_2.jpg,Partially AI-Edited,,0.4191,0.189,0.49,15,1.04,9.62,4.25,8.03,881.23,75.35,901.23,1114.75
partially_ai_edited\AutoSplice\Forged_JPEG90\56462_1.jpg,Partially AI-Edited,,0.9325,0.2745,0.13,8,0.47,6.39,3.01,4.39,378.83,49.01,385.42,411.31
partially_ai_edited\AutoSplice\Forged_JPEG90\56469_1.jpg,Partially AI-Edited,,0.0004,0.1195,0.19,15,0.63,10.62,5.14,7.16,829.19,70.65,870.16,463.78
partially_ai_edited\AutoSplice\Forged_JPEG90\56603_0.jpg,Partially AI-Edited,,0.4873,0.4179,0.1,20,0.53,2.92,1.86,5.31,348.62,30.73,361.07,385.27
partially_ai_edited\AutoSplice\Forged_JPEG90\56635_0.jpg,Partially AI-Edited,,0.0013,0.0274,0.02,22,0.19,0.52,0.23,0.78,4.72,10.02,6.42,12.23
partially_ai_edited\AutoSplice\Forged_JPEG90\56646_1.jpg,Partially AI-Edited,,0.9999,0.0377,0.01,2,0.1,2.37,2.58,5.06,291.61,40.79,280.27,456.24
partially_ai_edited\AutoSplice\Forged_JPEG90\56703_2.jpg,Partially AI-Edited,,0.9192,0.2821,0.15,12,0.56,4.9,2.55,5.76,454.69,50.79,473.38,631.05
partially_ai_edited\AutoSplice\Forged_JPEG90\56719_0.jpg,Partially AI-Edited,,0.8247,0.3832,0.44,21,1.07,4.43,2.24,5.43,323.9,41.58,291.79,378.92
partially_ai_edited\AutoSplice\Forged_JPEG90\56823_0.jpg,Partially AI-Edited,,0.3276,0.18,0.11,8,0.43,3.31,1.54,4.35,257.08,31.98,252.2,380.75
partially_ai_edited\AutoSplice\Forged_JPEG90\57049_0.jpg,Partially AI-Edited,,0.0018,0.2614,0.48,44,1.32,6.86,4.2,8.6,1046.84,61.88,1724.01,3289.73
partially_ai_edited\AutoSplice\Forged_JPEG90\57204_0.jpg,Partially AI-Edited,,0.5649,0.3848,0.55,30,1.49,2.99,1.53,3.6,151.93,25.12,154.19,224.56
partially_ai_edited\AutoSplice\Forged_JPEG90\57334_2.jpg,Partially AI-Edited,,0.147,0.2178,0.71,30,1.52,18.39,7.79,8.53,1451.74,100.35,1489.78,992.33
partially_ai_edited\AutoSplice\Forged_JPEG90\57347_1.jpg,Partially AI-Edited,,0.0785,0.1194,0.42,10,0.83,22.59,9.3,10.38,2282.3,125.03,2332.15,1788.42
partially_ai_edited\AutoSplice\Forged_JPEG90\57406_2.jpg,Partially AI-Edited,,0.0001,0.2077,0.49,16,0.95,12.87,5.88,8.12,1025.0,79.75,1056.57,828.92
partially_ai_edited\AutoSplice\Forged_JPEG90\57428_1.jpg,Partially AI-Edited,,0.0003,0.2646,0.07,9,0.34,10.57,5.43,8.91,1295.79,67.66,1302.41,1235.86
partially_ai_edited\AutoSplice\Forged_JPEG90\57492_0.jpg,Partially AI-Edited,,0.0927,0.1745,0.35,20,1.0,5.59,2.16,3.76,165.36,50.07,179.46,218.93
partially_ai_edited\AutoSplice\Forged_JPEG90\57622_0.jpg,Partially AI-Edited,,0.0,0.1091,1.73,29,2.03,28.16,13.75,12.73,4018.64,180.37,4116.62,1261.31
partially_ai_edited\AutoSplice\Forged_JPEG90\57820_0.jpg,Partially AI-Edited,,0.2211,0.1815,0.29,17,0.7,4.73,2.57,4.08,220.29,49.29,239.82,316.91
partially_ai_edited\AutoSplice\Forged_JPEG90\57852_0.jpg,Partially AI-Edited,,0.7943,0.1585,0.05,11,0.31,3.99,2.04,3.1,119.01,43.82,125.16,109.31
partially_ai_edited\AutoSplice\Forged_JPEG90\57996_2.jpg,Partially AI-Edited,,0.9269,0.2089,0.14,8,0.5,4.13,2.38,3.44,152.88,42.51,161.14,105.02
partially_ai_edited\AutoSplice\Forged_JPEG90\58039_2.jpg,Partially AI-Edited,,0.9342,0.0503,0.11,17,0.52,3.92,1.7,4.9,324.88,26.89,302.62,472.93
partially_ai_edited\AutoSplice\Forged_JPEG90\58050_1.jpg,Partially AI-Edited,,0.0001,0.2004,0.06,5,0.31,3.78,1.87,4.77,282.43,31.76,290.45,402.21
partially_ai_edited\AutoSplice\Forged_JPEG90\58184_1.jpg,Partially AI-Edited,,0.53,0.4965,0.56,30,1.41,5.58,2.92,6.28,388.02,54.73,413.01,327.42
partially_ai_edited\AutoSplice\Forged_JPEG90\58238_1.jpg,Partially AI-Edited,,0.1017,0.2066,0.54,38,1.68,4.41,2.31,5.53,340.73,36.88,351.62,384.15
partially_ai_edited\AutoSplice\Forged_JPEG90\58256_1.jpg,Partially AI-Edited,,0.0039,0.123,0.15,7,0.49,7.17,2.62,3.98,198.45,46.75,189.93,162.57
partially_ai_edited\AutoSplice\Forged_JPEG90\58329_2.jpg,Partially AI-Edited,,0.8836,0.1651,0.12,32,0.68,3.44,1.66,3.86,162.72,41.77,162.98,258.52
partially_ai_edited\AutoSplice\Forged_JPEG90\58626_2.jpg,Partially AI-Edited,,0.0052,0.392,0.12,16,0.52,6.38,2.97,5.64,429.36,44.24,407.92,471.46
partially_ai_edited\AutoSplice\Forged_JPEG90\58690_0.jpg,Partially AI-Edited,,0.2515,0.2346,0.06,14,0.33,4.71,2.33,4.63,415.14,43.37,366.76,734.82
partially_ai_edited\AutoSplice\Forged_JPEG90\58705_1.jpg,Partially AI-Edited,,0.0043,0.0324,0.03,6,0.25,1.48,1.1,3.38,127.85,16.78,130.88,264.65
partially_ai_edited\AutoSplice\Forged_JPEG90\58873_1.jpg,Partially AI-Edited,,0.0003,0.2342,0.85,29,1.49,7.48,4.95,8.67,938.07,75.9,926.07,607.24
partially_ai_edited\AutoSplice\Forged_JPEG90\58930_2.jpg,Partially AI-Edited,,0.873,0.1926,0.19,9,0.55,3.46,1.96,4.14,228.66,44.3,234.96,290.71
partially_ai_edited\AutoSplice\Forged_JPEG90\58982_0.jpg,Partially AI-Edited,,0.9997,0.2856,0.18,16,0.63,3.77,1.99,4.49,251.05,43.04,256.96,270.14
partially_ai_edited\AutoSplice\Forged_JPEG90\59053_2.jpg,Partially AI-Edited,,0.6359,0.3231,0.93,20,1.22,22.46,8.19,8.21,970.0,146.96,899.32,505.26
partially_ai_edited\AutoSplice\Forged_JPEG90\59099_2.jpg,Partially AI-Edited,,0.0002,0.1436,0.51,23,1.2,18.61,8.99,10.83,2533.13,112.1,2574.62,1390.78
partially_ai_edited\AutoSplice\Forged_JPEG90\59119_2.jpg,Partially AI-Edited,,0.2911,0.3125,0.3,34,1.12,5.22,2.94,7.03,638.71,50.26,581.74,711.58
partially_ai_edited\AutoSplice\Forged_JPEG90\59141_1.jpg,Partially AI-Edited,,0.1164,0.3747,0.7,23,1.2,6.83,3.11,5.56,362.04,51.52,368.25,414.39
partially_ai_edited\AutoSplice\Forged_JPEG90\59212_1.jpg,Partially AI-Edited,,0.0161,0.3775,0.46,25,1.15,9.6,4.41,7.63,931.99,64.69,837.39,533.02
partially_ai_edited\AutoSplice\Forged_JPEG90\59213_2.jpg,Partially AI-Edited,,0.9963,0.1879,1.09,46,2.05,9.41,3.64,5.54,542.55,57.89,561.06,433.16
partially_ai_edited\AutoSplice\Forged_JPEG90\59220_2.jpg,Partially AI-Edited,,0.0001,0.1569,0.39,19,0.98,18.2,9.83,12.42,2586.27,123.98,2633.42,1598.75
partially_ai_edited\AutoSplice\Forged_JPEG90\59316_1.jpg,Partially AI-Edited,,0.0011,0.4301,0.35,24,1.0,4.51,2.67,6.88,644.58,45.85,642.57,1482.45
partially_ai_edited\AutoSplice\Forged_JPEG90\59385_2.jpg,Partially AI-Edited,,0.0,0.2401,0.4,48,1.03,3.45,1.91,3.33,122.65,38.98,133.28,188.03
partially_ai_edited\AutoSplice\Forged_JPEG90\59451_2.jpg,Partially AI-Edited,,0.0652,0.2835,0.85,34,1.6,13.39,8.02,13.69,2246.26,111.79,2201.36,3112.39
partially_ai_edited\AutoSplice\Forged_JPEG90\59599_0.jpg,Partially AI-Edited,,0.9981,0.3171,0.7,32,1.75,5.75,2.76,6.12,442.44,51.29,449.29,553.25
partially_ai_edited\AutoSplice\Forged_JPEG90\59834_0.jpg,Partially AI-Edited,,0.43,0.1312,0.4,41,1.03,12.3,5.38,8.1,920.18,81.94,958.82,803.56
partially_ai_edited\AutoSplice\Forged_JPEG90\59943_2.jpg,Partially AI-Edited,,0.9611,0.1864,0.37,29,1.1,4.43,3.49,6.43,619.66,51.76,702.12,413.81
partially_ai_edited\AutoSplice\Forged_JPEG90\60118_1.jpg,Partially AI-Edited,,0.9571,0.2936,0.12,14,0.53,5.08,2.29,4.85,322.78,36.91,331.29,316.6
partially_ai_edited\AutoSplice\Forged_JPEG90\60376_2.jpg,Partially AI-Edited,,0.0029,0.2301,0.82,48,2.04,24.98,10.14,10.16,2870.94,112.44,2934.22,1046.04
partially_ai_edited\AutoSplice\Forged_JPEG90\60598_0.jpg,Partially AI-Edited,,0.0024,0.219,0.43,23,0.93,10.03,3.69,5.27,420.56,66.23,419.05,362.0
partially_ai_edited\AutoSplice\Forged_JPEG90\60632_0.jpg,Partially AI-Edited,,0.9656,0.2976,0.12,21,0.59,3.94,2.34,5.73,454.05,38.12,491.14,643.86
partially_ai_edited\AutoSplice\Forged_JPEG90\60632_2.jpg,Partially AI-Edited,,0.8547,0.2069,0.15,19,0.58,4.69,2.39,4.54,335.28,37.83,344.45,274.66
partially_ai_edited\AutoSplice\Forged_JPEG90\60661_1.jpg,Partially AI-Edited,,0.0002,0.1032,0.07,6,0.37,11.29,5.04,6.88,749.56,69.1,704.5,618.06
partially_ai_edited\AutoSplice\Forged_JPEG90\60661_2.jpg,Partially AI-Edited,,0.0001,0.1162,0.1,21,0.51,11.7,5.13,6.99,775.97,69.66,731.1,648.81
partially_ai_edited\AutoSplice\Forged_JPEG90\60729_2.jpg,Partially AI-Edited,,0.936,0.2874,0.17,11,0.58,3.73,2.17,4.75,251.41,37.11,250.8,286.39
partially_ai_edited\AutoSplice\Forged_JPEG90\61094_2.jpg,Partially AI-Edited,,0.9999,0.2991,0.15,8,0.53,5.87,2.98,6.64,504.91,48.09,524.19,546.82
partially_ai_edited\AutoSplice\Forged_JPEG90\61101_1.jpg,Partially AI-Edited,,0.0001,0.1129,0.31,24,0.89,14.55,7.58,10.96,1903.89,100.42,1926.46,1047.76
partially_ai_edited\AutoSplice\Forged_JPEG90\61136_1.jpg,Partially AI-Edited,,0.0013,0.3852,0.12,10,0.47,9.51,5.97,11.98,2389.65,71.71,2236.94,2641.6
partially_ai_edited\AutoSplice\Forged_JPEG90\61213_0.jpg,Partially AI-Edited,,0.0002,0.1378,0.39,21,0.99,11.2,5.48,6.23,817.22,67.87,831.84,511.31
partially_ai_edited\AutoSplice\Forged_JPEG90\61289_1.jpg,Partially AI-Edited,,0.8787,0.2694,0.4,31,1.24,4.93,2.55,5.92,515.89,40.4,515.66,543.37
partially_ai_edited\AutoSplice\Forged_JPEG90\61487_2.jpg,Partially AI-Edited,,0.0001,0.1275,0.47,25,0.96,16.46,6.35,7.28,920.59,88.52,970.44,616.91
partially_ai_edited\AutoSplice\Forged_JPEG90\61586_1.jpg,Partially AI-Edited,,0.8737,0.3614,0.13,14,0.56,5.76,2.48,6.52,539.68,50.5,559.29,878.08
partially_ai_edited\AutoSplice\Forged_JPEG90\62070_1.jpg,Partially AI-Edited,,0.002,0.1483,0.02,5,0.18,4.36,3.52,8.28,1014.13,46.89,1028.54,1492.02
partially_ai_edited\AutoSplice\Forged_JPEG90\62575_2.jpg,Partially AI-Edited,,0.9997,0.3009,0.04,5,0.25,3.7,1.82,3.59,169.93,30.36,174.06,151.92
partially_ai_edited\AutoSplice\Forged_JPEG90\62638_1.jpg,Partially AI-Edited,,0.9992,0.1424,0.15,8,0.49,9.96,4.32,6.07,756.02,60.77,804.93,883.91
partially_ai_edited\AutoSplice\Forged_JPEG90\63145_1.jpg,Partially AI-Edited,,0.0002,0.1833,0.36,13,0.84,15.42,7.22,10.09,1657.37,92.71,1616.19,1240.79
partially_ai_edited\AutoSplice\Forged_JPEG90\63145_2.jpg,Partially AI-Edited,,0.0004,0.1833,0.33,18,0.8,15.24,7.46,10.71,1822.67,95.94,1764.68,1417.24
partially_ai_edited\AutoSplice\Forged_JPEG90\63308_1.jpg,Partially AI-Edited,,0.9679,0.1731,0.3,27,0.95,6.49,2.44,4.03,193.9,49.35,197.53,230.79
partially_ai_edited\AutoSplice\Forged_JPEG90\63408_1.jpg,Partially AI-Edited,,0.0016,0.2034,0.34,27,1.1,2.22,1.27,2.69,68.64,34.26,72.01,111.0
partially_ai_edited\AutoSplice\Forged_JPEG90\63986_1.jpg,Partially AI-Edited,,0.0001,0.1807,0.73,23,1.73,5.2,2.2,4.28,217.23,35.5,214.26,210.47
partially_ai_edited\AutoSplice\Forged_JPEG90\64114_0.jpg,Partially AI-Edited,,0.8834,0.2446,0.13,13,0.55,6.13,2.77,6.12,521.5,49.98,508.43,638.36
partially_ai_edited\AutoSplice\Forged_JPEG90\64219_0.jpg,Partially AI-Edited,,0.0,0.2077,0.45,13,0.96,15.43,8.12,10.82,1922.06,100.57,1901.23,860.11
partially_ai_edited\AutoSplice\Forged_JPEG90\64223_1.jpg,Partially AI-Edited,,0.0229,0.1026,0.15,20,0.6,23.22,8.05,7.78,1581.2,99.29,1524.94,784.68
partially_ai_edited\AutoSplice\Forged_JPEG90\64593_0.jpg,Partially AI-Edited,,0.186,0.1427,0.09,6,0.4,9.21,5.67,9.73,1414.29,90.06,1455.21,1475.72
partially_ai_edited\AutoSplice\Forged_JPEG90\64741_2.jpg,Partially AI-Edited,,0.0025,0.1753,0.12,22,0.56,5.14,2.48,5.4,338.16,43.05,349.28,332.91
partially_ai_edited\AutoSplice\Forged_JPEG90\64938_0.jpg,Partially AI-Edited,,0.6204,0.1495,0.29,18,0.9,4.56,2.22,4.2,216.04,41.47,222.81,264.09
partially_ai_edited\AutoSplice\Forged_JPEG90\65675_2.jpg,Partially AI-Edited,,0.9999,0.1452,0.61,20,1.27,6.45,2.85,4.83,352.48,46.23,323.58,452.65
partially_ai_edited\AutoSplice\Forged_JPEG90\65720_0.jpg,Partially AI-Edited,,0.0629,0.4389,1.6,48,3.09,9.05,6.28,12.57,2521.11,72.71,2164.84,1493.25
partially_ai_edited\AutoSplice\Forged_JPEG90\65720_2.jpg,Partially AI-Edited,,0.5324,0.2226,0.05,5,0.27,4.42,5.63,8.24,1412.03,54.19,1212.75,666.39
partially_ai_edited\AutoSplice\Forged_JPEG90\65722_2.jpg,Partially AI-Edited,,0.229,0.1583,0.35,23,0.94,5.27,4.27,6.47,696.55,51.73,729.5,312.98
partially_ai_edited\AutoSplice\Forged_JPEG90\66077_2.jpg,Partially AI-Edited,,0.9865,0.0284,0.05,13,0.36,1.2,0.6,1.73,31.15,13.47,33.82,71.53
partially_ai_edited\AutoSplice\Forged_JPEG90\66282_1.jpg,Partially AI-Edited,,0.9777,0.2164,0.29,17,0.8,8.38,4.33,7.61,1059.52,68.39,1076.39,1302.87
partially_ai_edited\AutoSplice\Forged_JPEG90\66299_2.jpg,Partially AI-Edited,,0.0001,0.4734,0.27,20,0.86,5.9,3.57,8.3,895.21,55.18,807.22,960.25
partially_ai_edited\AutoSplice\Forged_JPEG90\66661_1.jpg,Partially AI-Edited,,0.0793,0.0607,0.13,12,0.55,16.06,7.44,9.14,1482.2,104.01,1553.51,880.42
partially_ai_edited\AutoSplice\Forged_JPEG90\66827_1.jpg,Partially AI-Edited,,0.0074,0.2055,0.58,35,1.48,9.29,4.44,7.0,756.88,67.6,780.33,726.92
partially_ai_edited\AutoSplice\Forged_JPEG90\66904_1.jpg,Partially AI-Edited,,0.2512,0.3781,0.81,39,2.06,5.2,2.94,6.96,634.63,41.44,649.17,567.91
partially_ai_edited\AutoSplice\Forged_JPEG90\66943_2.jpg,Partially AI-Edited,,0.9988,0.023,0.01,23,0.15,0.28,0.23,0.71,4.57,7.38,5.51,15.52
partially_ai_edited\AutoSplice\Forged_JPEG90\67065_2.jpg,Partially AI-Edited,,0.0295,0.1499,0.21,21,0.6,20.53,7.98,9.31,1972.64,98.3,1999.23,1828.06
partially_ai_edited\AutoSplice\Forged_JPEG90\67306_0.jpg,Partially AI-Edited,,0.9174,0.155,0.41,27,1.05,7.53,3.81,6.84,657.91,66.43,669.44,831.04
partially_ai_edited\AutoSplice\Forged_JPEG90\67551_2.jpg,Partially AI-Edited,,0.9856,0.1588,0.32,16,0.84,4.84,2.62,4.54,233.91,50.79,237.77,182.06
partially_ai_edited\AutoSplice\Forged_JPEG90\67554_0.jpg,Partially AI-Edited,,0.3752,0.0694,0.03,12,0.22,4.16,2.24,6.06,477.91,33.18,408.5,553.0
partially_ai_edited\AutoSplice\Forged_JPEG90\67688_2.jpg,Partially AI-Edited,,0.0147,0.1497,0.15,27,0.58,2.34,1.41,2.69,70.22,32.83,74.74,105.7
partially_ai_edited\AutoSplice\Forged_JPEG90\67709_0.jpg,Partially AI-Edited,,0.9997,0.1371,0.13,27,0.65,2.64,1.42,3.9,188.71,27.0,173.8,267.57
partially_ai_edited\AutoSplice\Forged_JPEG90\67820_1.jpg,Partially AI-Edited,,0.989,0.2117,0.06,12,0.35,8.29,6.89,12.16,2044.41,100.56,1957.38,1554.54
partially_ai_edited\AutoSplice\Forged_JPEG90\67844_0.jpg,Partially AI-Edited,,0.0031,0.2828,0.84,47,2.33,9.94,5.95,10.13,1336.57,76.62,1290.41,1345.26
partially_ai_edited\AutoSplice\Forged_JPEG90\68071_1.jpg,Partially AI-Edited,,0.9932,0.4976,0.79,35,1.68,6.3,3.97,8.59,838.39,64.86,770.84,964.11
partially_ai_edited\AutoSplice\Forged_JPEG90\68139_0.jpg,Partially AI-Edited,,0.0067,0.2129,0.37,18,0.92,8.47,3.01,4.76,302.95,55.65,307.98,370.43
partially_ai_edited\AutoSplice\Forged_JPEG90\68175_0.jpg,Partially AI-Edited,,0.3242,0.3452,0.54,26,1.32,7.23,3.52,7.21,786.26,54.95,755.13,771.32
partially_ai_edited\AutoSplice\Forged_JPEG90\68480_2.jpg,Partially AI-Edited,,0.0001,0.2311,0.16,19,0.59,13.56,5.92,8.47,1117.68,82.76,1041.45,812.33
partially_ai_edited\AutoSplice\Forged_JPEG90\68671_2.jpg,Partially AI-Edited,,0.0364,0.2775,0.42,25,1.1,3.93,2.15,5.01,382.49,36.94,359.14,454.15
partially_ai_edited\AutoSplice\Forged_JPEG90\68849_0.jpg,Partially AI-Edited,,0.9934,0.1772,0.52,25,1.15,10.15,5.04,8.0,1032.53,84.62,1056.37,619.35
partially_ai_edited\AutoSplice\Forged_JPEG90\69039_1.jpg,Partially AI-Edited,,0.0037,0.1074,0.34,13,0.76,7.56,4.12,6.74,555.96,61.29,726.2,607.68
partially_ai_edited\AutoSplice\Forged_JPEG90\69230_2.jpg,Partially AI-Edited,,0.0655,0.1555,0.26,20,0.73,10.44,4.13,6.25,578.2,60.25,586.22,255.89
partially_ai_edited\AutoSplice\Forged_JPEG90\69564_2.jpg,Partially AI-Edited,,0.0114,0.3038,0.29,30,0.95,3.84,1.77,4.73,271.13,28.18,287.4,371.23
partially_ai_edited\AutoSplice\Forged_JPEG90\69649_2.jpg,Partially AI-Edited,,0.0,0.2,0.37,14,0.89,9.76,5.03,8.07,925.21,75.85,853.86,926.28
partially_ai_edited\AutoSplice\Forged_JPEG90\70176_2.jpg,Partially AI-Edited,,0.0003,0.4345,0.14,14,0.56,5.24,2.82,7.79,727.54,41.01,750.96,766.11
partially_ai_edited\AutoSplice\Forged_JPEG90\70328_0.jpg,Partially AI-Edited,,0.5767,0.5,0.17,38,1.09,3.19,1.51,5.28,335.42,24.4,340.6,473.69
partially_ai_edited\AutoSplice\Forged_JPEG90\70379_1.jpg,Partially AI-Edited,,0.9734,0.4727,0.48,28,1.33,4.07,2.09,4.23,280.15,39.01,268.61,265.86
partially_ai_edited\AutoSplice\Forged_JPEG90\70521_0.jpg,Partially AI-Edited,,0.0759,0.1696,0.24,12,0.67,7.62,3.5,5.1,358.23,58.81,359.61,221.01
partially_ai_edited\AutoSplice\Forged_JPEG90\70521_1.jpg,Partially AI-Edited,,0.9711,0.1459,0.19,10,0.59,6.91,3.37,5.11,348.07,56.95,353.16,225.38
partially_ai_edited\AutoSplice\Forged_JPEG90\70619_0.jpg,Partially AI-Edited,,0.0001,0.3206,0.63,16,1.14,15.37,6.49,9.31,1509.14,88.29,1543.55,1231.62
partially_ai_edited\AutoSplice\Forged_JPEG90\70681_0.jpg,Partially AI-Edited,,0.9994,0.2666,0.06,8,0.33,4.89,3.08,6.43,503.39,47.46,517.67,423.92
partially_ai_edited\AutoSplice\Forged_JPEG90\70890_1.jpg,Partially AI-Edited,,0.9999,0.2163,1.42,19,1.7,14.65,6.88,7.85,970.93,108.03,1010.28,796.08
partially_ai_edited\AutoSplice\Forged_JPEG90\70918_2.jpg,Partially AI-Edited,,0.9799,0.2514,0.05,17,0.28,5.01,2.07,3.5,139.55,50.42,149.91,132.47
partially_ai_edited\AutoSplice\Forged_JPEG90\70944_0.jpg,Partially AI-Edited,,0.0434,0.2858,0.31,25,0.91,11.38,4.26,6.99,669.84,73.71,697.39,677.18
partially_ai_edited\AutoSplice\Forged_JPEG90\71019_1.jpg,Partially AI-Edited,,0.0,0.1549,0.38,18,0.87,15.98,8.62,11.32,2386.27,104.32,2461.02,1801.02
partially_ai_edited\AutoSplice\Forged_JPEG90\71057_2.jpg,Partially AI-Edited,,0.2319,0.1354,0.3,21,0.78,12.14,6.14,7.24,1172.86,78.58,1229.15,670.11
partially_ai_edited\AutoSplice\Forged_JPEG90\71127_0.jpg,Partially AI-Edited,,0.0,0.2415,0.56,20,1.31,9.81,5.79,9.83,1293.93,86.68,1232.8,1139.41
partially_ai_edited\AutoSplice\Forged_JPEG90\71362_0.jpg,Partially AI-Edited,,0.188,0.0965,0.19,17,0.69,16.14,7.18,7.65,1295.62,90.8,1301.66,721.35
partially_ai_edited\AutoSplice\Forged_JPEG90\71571_2.jpg,Partially AI-Edited,,0.0,0.2069,0.57,20,1.15,16.66,7.21,9.28,1657.71,88.96,1526.92,1019.23
partially_ai_edited\AutoSplice\Forged_JPEG90\71678_0.jpg,Partially AI-Edited,,0.034,0.1499,0.11,7,0.45,4.09,2.24,4.51,203.49,38.26,213.66,123.38
partially_ai_edited\AutoSplice\Forged_JPEG90\72010_2.jpg,Partially AI-Edited,,0.7529,0.155,0.1,22,0.54,3.11,1.59,4.27,187.08,34.98,175.45,226.96
partially_ai_edited\AutoSplice\Forged_JPEG90\72082_1.jpg,Partially AI-Edited,,0.9933,0.3725,0.09,6,0.38,2.6,1.65,5.28,315.92,27.65,319.88,419.94
partially_ai_edited\AutoSplice\Forged_JPEG90\72230_0.jpg,Partially AI-Edited,,0.0053,0.1681,0.06,20,0.44,2.73,2.73,4.68,352.87,34.48,360.09,597.88
partially_ai_edited\AutoSplice\Forged_JPEG90\72248_1.jpg,Partially AI-Edited,,0.0074,0.3514,0.4,21,1.09,9.24,3.48,5.46,391.62,60.86,370.45,535.86
partially_ai_edited\AutoSplice\Forged_JPEG90\72492_0.jpg,Partially AI-Edited,,0.4061,0.1478,0.21,11,0.62,4.56,1.91,3.63,162.89,39.98,165.0,161.07
partially_ai_edited\AutoSplice\Forged_JPEG90\72503_2.jpg,Partially AI-Edited,,0.9809,0.1662,0.06,19,0.38,3.08,2.27,5.28,357.89,31.79,530.72,909.25
partially_ai_edited\AutoSplice\Forged_JPEG90\72645_0.jpg,Partially AI-Edited,,0.0007,0.1919,0.22,8,0.63,8.69,3.36,4.81,357.93,57.25,366.63,386.3
partially_ai_edited\AutoSplice\Forged_JPEG90\72704_2.jpg,Partially AI-Edited,,0.0005,0.2072,0.13,9,0.5,12.62,8.82,13.39,3657.34,102.16,4087.72,5322.75
partially_ai_edited\AutoSplice\Forged_JPEG90\72720_0.jpg,Partially AI-Edited,,0.001,0.1788,0.6,16,1.06,19.75,8.81,10.75,2115.64,123.51,2162.89,1337.32
partially_ai_edited\AutoSplice\Forged_JPEG90\72925_0.jpg,Partially AI-Edited,,0.999,0.3088,0.09,11,0.42,4.32,2.08,4.71,307.18,37.51,313.39,246.07
partially_ai_edited\AutoSplice\Forged_JPEG90\73051_1.jpg,Partially AI-Edited,,0.99,0.1696,0.27,11,0.74,4.4,2.14,3.34,147.14,43.09,155.09,124.74
partially_ai_edited\AutoSplice\Forged_JPEG90\73101_0.jpg,Partially AI-Edited,,0.0046,0.0606,0.15,10,0.52,2.26,1.29,3.25,135.38,30.6,145.4,208.84
partially_ai_edited\AutoSplice\Forged_JPEG90\73185_0.jpg,Partially AI-Edited,,0.6944,0.3907,1.0,40,2.14,7.1,3.22,6.14,464.14,61.5,403.66,485.34
partially_ai_edited\AutoSplice\Forged_JPEG90\73258_0.jpg,Partially AI-Edited,,0.0003,0.1616,0.52,28,1.13,5.72,3.37,4.61,342.23,47.38,320.12,259.88
partially_ai_edited\AutoSplice\Forged_JPEG90\73424_0.jpg,Partially AI-Edited,,0.025,0.4807,0.04,11,0.26,7.34,4.28,9.02,1060.37,54.27,994.84,1317.96
partially_ai_edited\AutoSplice\Forged_JPEG90\73530_2.jpg,Partially AI-Edited,,0.0455,0.0984,0.15,9,0.49,16.84,7.34,8.37,1550.86,86.3,1578.52,1050.84
partially_ai_edited\AutoSplice\Mask\39549_mask.png,Partially AI-Edited,,0.0422,0.0333,0.1,15,0.68,0.78,1.52,10.66,2086.5,15.17,2117.56,2575.31
partially_ai_edited\AutoSplice\Mask\39657_mask.png,Partially AI-Edited,,0.0501,0.05,0.06,13,0.54,0.52,1.0,8.52,1281.74,10.35,1150.95,2103.92
partially_ai_edited\AutoSplice\Mask\39663_mask.png,Partially AI-Edited,,0.0208,0.1524,0.12,14,0.74,1.18,2.29,12.69,2616.31,23.75,2704.48,2074.7
partially_ai_edited\AutoSplice\Mask\39693_mask.png,Partially AI-Edited,,0.0374,0.2725,0.11,14,0.7,1.15,2.28,12.64,2537.9,23.06,2551.61,2505.91
partially_ai_edited\AutoSplice\Mask\39840_mask.png,Partially AI-Edited,,0.0161,0.404,0.1,15,0.67,1.04,2.07,12.05,2131.92,21.46,2310.58,2255.39
partially_ai_edited\AutoSplice\Mask\40148_mask.png,Partially AI-Edited,,0.0081,0.0167,0.07,14,0.56,0.64,1.3,9.95,1488.3,12.87,1579.99,2296.37
partially_ai_edited\AutoSplice\Mask\40162_mask.png,Partially AI-Edited,,0.022,0.1744,0.1,15,0.67,1.06,2.09,12.11,2148.45,21.81,2220.43,1686.42
partially_ai_edited\AutoSplice\Mask\40366_mask.png,Partially AI-Edited,,0.0128,0.2115,0.13,15,0.78,1.32,2.54,13.37,2953.59,26.28,3001.97,2579.06
partially_ai_edited\AutoSplice\Mask\40467_mask.png,Partially AI-Edited,,0.0286,0.2394,0.12,17,0.74,1.27,2.51,13.25,2815.89,25.33,3513.77,3053.33
partially_ai_edited\AutoSplice\Mask\40496_mask.png,Partially AI-Edited,,0.0143,0.177,0.11,14,0.71,1.23,2.5,13.6,2684.16,24.65,3184.82,3032.9
partially_ai_edited\AutoSplice\Mask\40596_mask.png,Partially AI-Edited,,0.0603,0.0167,0.07,13,0.57,0.62,1.26,9.63,1356.01,12.78,1394.96,2454.39
partially_ai_edited\AutoSplice\Mask\40618_mask.png,Partially AI-Edited,,0.1106,0.05,0.04,16,0.46,0.51,1.04,8.77,1045.49,10.49,920.72,1980.35
partially_ai_edited\AutoSplice\Mask\40736_mask.png,Partially AI-Edited,,0.025,0.05,0.08,15,0.59,0.95,1.86,11.41,1997.09,18.94,1985.02,2409.59
partially_ai_edited\AutoSplice\Mask\40922_mask.png,Partially AI-Edited,,0.6298,0.05,0.05,15,0.48,0.42,0.72,7.23,1147.46,7.35,1046.97,2285.79
partially_ai_edited\AutoSplice\Mask\40994_mask.png,Partially AI-Edited,,0.0194,0.0167,0.07,12,0.56,0.81,1.63,10.69,1558.42,17.01,1584.22,1430.87
partially_ai_edited\AutoSplice\Mask\41041_mask.png,Partially AI-Edited,,0.1117,0.05,0.02,13,0.33,0.35,0.68,6.92,566.22,7.19,570.18,1065.31
partially_ai_edited\AutoSplice\Mask\41042_mask.png,Partially AI-Edited,,0.0132,0.0024,0.08,13,0.6,1.37,2.81,14.73,2761.36,26.36,2916.86,2417.02
partially_ai_edited\AutoSplice\Mask\41150_mask.png,Partially AI-Edited,,0.0071,0.0167,0.08,14,0.59,0.99,1.98,11.74,1905.34,20.55,2201.19,2319.03
partially_ai_edited\AutoSplice\Mask\41372_mask.png,Partially AI-Edited,,0.0592,0.0167,0.05,12,0.46,0.62,1.22,9.24,1119.53,12.76,959.63,1453.04
partially_ai_edited\AutoSplice\Mask\41525_mask.png,Partially AI-Edited,,0.5435,0.0,0.02,13,0.33,0.35,0.69,7.04,646.92,7.24,685.23,1193.36
partially_ai_edited\AutoSplice\Mask\41607_mask.png,Partially AI-Edited,,0.0279,0.05,0.09,14,0.64,0.85,1.6,10.69,2029.48,16.56,1805.24,1849.16
partially_ai_edited\AutoSplice\Mask\41665_mask.png,Partially AI-Edited,,0.0153,0.2424,0.08,14,0.58,1.22,2.62,14.97,2883.2,21.53,3011.11,2491.62
partially_ai_edited\AutoSplice\Mask\41893_mask.png,Partially AI-Edited,,0.0471,0.0333,0.06,13,0.53,0.62,1.25,9.43,1344.96,12.93,1373.2,1775.18
partially_ai_edited\AutoSplice\Mask\42074_mask.png,Partially AI-Edited,,0.0162,0.0333,0.05,13,0.48,0.96,2.14,14.77,2768.91,14.07,2774.97,2985.91
partially_ai_edited\AutoSplice\Mask\42219_mask.png,Partially AI-Edited,,0.0101,0.0167,0.08,15,0.6,1.19,2.47,13.83,2604.85,22.79,2634.22,2481.22
partially_ai_edited\AutoSplice\Mask\42464_mask.png,Partially AI-Edited,,0.0166,0.4114,0.1,15,0.68,1.26,2.52,13.96,2778.53,23.93,2927.96,2489.97
partially_ai_edited\AutoSplice\Mask\42602_mask.png,Partially AI-Edited,,0.0321,0.0167,0.08,14,0.6,0.82,1.61,10.66,1751.8,16.71,1569.38,1795.95
partially_ai_edited\AutoSplice\Mask\43070_mask.png,Partially AI-Edited,,0.0189,0.0333,0.08,15,0.62,0.84,1.73,11.95,2230.16,15.35,2246.34,2615.02
partially_ai_edited\AutoSplice\Mask\43134_mask.png,Partially AI-Edited,,0.1862,0.0167,0.04,15,0.43,0.33,0.64,6.77,759.3,6.59,751.43,1489.71
partially_ai_edited\AutoSplice\Mask\43331_mask.png,Partially AI-Edited,,0.0305,0.0167,0.09,17,0.65,0.99,1.91,11.59,2127.11,19.84,2204.81,2346.86
partially_ai_edited\AutoSplice\Mask\43363_mask.png,Partially AI-Edited,,0.0156,0.05,0.08,14,0.61,1.08,2.17,12.58,2217.22,21.35,2236.64,2169.51
partially_ai_edited\AutoSplice\Mask\43757_mask.png,Partially AI-Edited,,0.0139,0.1225,0.1,15,0.69,1.16,2.26,12.55,2356.8,23.52,2871.28,2426.26
partially_ai_edited\AutoSplice\Mask\43842_mask.png,Partially AI-Edited,,0.0006,0.1054,0.04,14,0.43,0.9,1.75,10.97,1376.76,18.52,1380.1,1083.4
partially_ai_edited\AutoSplice\Mask\44154_mask.png,Partially AI-Edited,,0.0428,0.2845,0.09,15,0.64,1.21,2.33,12.76,2479.53,23.98,3143.31,2843.66
partially_ai_edited\AutoSplice\Mask\44282_mask.png,Partially AI-Edited,,0.209,0.05,0.13,13,0.77,1.17,2.33,12.85,2675.43,24.1,2653.35,2932.96
partially_ai_edited\AutoSplice\Mask\44401_mask.png,Partially AI-Edited,,0.0121,0.0167,0.05,14,0.49,0.88,1.77,11.65,1758.59,17.01,1587.47,1675.83
partially_ai_edited\AutoSplice\Mask\44906_mask.png,Partially AI-Edited,,0.0243,0.05,0.1,15,0.67,1.02,1.99,11.83,2184.88,20.71,1961.24,1914.85
partially_ai_edited\AutoSplice\Mask\45062_mask.png,Partially AI-Edited,,0.0182,0.0167,0.09,15,0.64,0.94,1.83,11.34,1978.45,18.82,1991.02,2443.86
partially_ai_edited\AutoSplice\Mask\45234_mask.png,Partially AI-Edited,,0.0299,0.044,0.12,15,0.73,1.21,2.45,13.22,2630.9,24.36,2633.66,2097.77
partially_ai_edited\AutoSplice\Mask\45260_mask.png,Partially AI-Edited,,0.0542,0.1,0.06,13,0.55,0.62,1.24,9.41,1397.32,12.81,1327.28,1701.5
partially_ai_edited\AutoSplice\Mask\45288_mask.png,Partially AI-Edited,,0.0031,0.0,0.03,12,0.37,0.92,1.82,11.63,1557.62,18.06,1627.64,2030.25
partially_ai_edited\AutoSplice\Mask\45397_mask.png,Partially AI-Edited,,0.0147,0.0167,0.09,14,0.66,0.9,1.79,11.69,2254.83,17.4,2287.4,2188.26
partially_ai_edited\AutoSplice\Mask\45558_mask.png,Partially AI-Edited,,0.1681,0.1,0.05,14,0.51,0.56,1.1,8.86,1243.48,11.35,1369.87,2216.31
partially_ai_edited\AutoSplice\Mask\45722_mask.png,Partially AI-Edited,,0.1039,0.1,0.08,14,0.62,0.7,1.41,10.06,1550.76,14.65,1327.95,1891.51
partially_ai_edited\AutoSplice\Mask\45794_mask.png,Partially AI-Edited,,0.0872,0.0333,0.06,15,0.55,0.52,1.03,8.65,1236.39,10.67,1170.13,1855.05
partially_ai_edited\AutoSplice\Mask\45878_mask.png,Partially AI-Edited,,0.0178,0.2494,0.09,15,0.66,1.11,2.34,14.45,3007.54,19.02,3046.07,2480.5
partially_ai_edited\AutoSplice\Mask\45964_mask.png,Partially AI-Edited,,0.0459,0.0333,0.14,15,0.81,1.2,2.31,12.82,2928.07,23.88,2890.58,2526.55
partially_ai_edited\AutoSplice\Mask\45974_mask.png,Partially AI-Edited,,0.0182,0.1146,0.09,13,0.64,1.1,2.22,13.2,2562.73,20.56,6520.5,13233.72
partially_ai_edited\AutoSplice\Mask\46041_mask.png,Partially AI-Edited,,0.0313,0.1138,0.09,13,0.66,1.26,2.44,12.94,2520.75,24.96,2612.79,2101.27
partially_ai_edited\AutoSplice\Mask\46365_mask.png,Partially AI-Edited,,0.0226,0.1633,0.09,14,0.63,1.1,2.18,12.33,2202.31,22.19,2393.62,2238.86
partially_ai_edited\AutoSplice\Mask\47095_mask.png,Partially AI-Edited,,0.5668,0.0333,0.03,12,0.4,0.27,0.53,6.24,640.3,5.51,668.07,1523.97
partially_ai_edited\AutoSplice\Mask\47195_mask.png,Partially AI-Edited,,0.0486,0.05,0.11,14,0.73,1.06,2.11,12.25,2431.75,21.85,2453.77,2569.75
partially_ai_edited\AutoSplice\Mask\47614_mask.png,Partially AI-Edited,,0.042,0.2527,0.09,15,0.66,1.18,2.29,12.83,2459.86,23.29,2596.47,2283.12
partially_ai_edited\AutoSplice\Mask\47712_mask.png,Partially AI-Edited,,0.0175,0.0167,0.08,14,0.6,0.82,1.64,11.31,1968.12,15.65,1961.9,2018.76
partially_ai_edited\AutoSplice\Mask\47831_mask.png,Partially AI-Edited,,0.0241,0.0833,0.09,12,0.65,0.95,1.85,11.39,2049.23,18.96,2104.75,2147.05
partially_ai_edited\AutoSplice\Mask\47865_mask.png,Partially AI-Edited,,0.0394,0.0167,0.03,12,0.36,0.5,0.98,8.29,839.61,10.33,833.45,1337.84
partially_ai_edited\AutoSplice\Mask\48003_mask.png,Partially AI-Edited,,0.0292,0.2045,0.12,15,0.76,1.5,3.05,15.87,3758.08,26.92,3804.84,3638.3
partially_ai_edited\AutoSplice\Mask\48022_mask.png,Partially AI-Edited,,0.0589,0.05,0.06,13,0.51,0.69,1.38,9.87,1469.78,14.1,1479.7,2280.02
partially_ai_edited\AutoSplice\Mask\48074_mask.png,Partially AI-Edited,,0.0577,0.0333,0.09,14,0.63,0.74,1.49,10.29,1534.61,15.56,1606.64,1978.49
partially_ai_edited\AutoSplice\Mask\48244_mask.png,Partially AI-Edited,,0.0085,0.05,0.06,14,0.55,0.72,1.45,10.15,1459.55,14.99,1599.4,2281.25
partially_ai_edited\AutoSplice\Mask\48263_mask.png,Partially AI-Edited,,0.0198,0.2032,0.11,15,0.72,1.24,2.5,13.52,2762.26,24.55,2771.06,2496.5
partially_ai_edited\AutoSplice\Mask\48778_mask.png,Partially AI-Edited,,0.0268,0.3475,0.1,15,0.7,1.01,2.05,12.88,2716.93,18.63,2744.14,2924.71
partially_ai_edited\AutoSplice\Mask\48843_mask.png,Partially AI-Edited,,0.0156,0.0667,0.06,15,0.51,0.99,2.03,13.48,2466.18,16.37,3260.14,4235.03
partially_ai_edited\AutoSplice\Mask\49619_mask.png,Partially AI-Edited,,0.0807,0.0333,0.05,14,0.49,0.46,0.92,8.16,1042.47,9.57,1063.63,1806.15
partially_ai_edited\AutoSplice\Mask\49651_mask.png,Partially AI-Edited,,0.0105,0.142,0.17,15,0.87,2.09,4.17,17.46,4515.76,41.25,4523.05,3105.88
partially_ai_edited\AutoSplice\Mask\49694_mask.png,Partially AI-Edited,,0.0351,0.1952,0.11,13,0.71,1.28,2.57,14.13,3103.44,24.25,3134.2,2181.86
partially_ai_edited\AutoSplice\Mask\49858_mask.png,Partially AI-Edited,,0.0233,0.0333,0.08,15,0.6,0.92,1.77,11.27,1981.63,18.06,1987.69,2681.64
partially_ai_edited\AutoSplice\Mask\50546_mask.png,Partially AI-Edited,,0.0186,0.3556,0.11,13,0.72,1.04,2.0,11.91,2437.25,20.7,2262.52,2095.64
partially_ai_edited\AutoSplice\Mask\50593_mask.png,Partially AI-Edited,,0.0157,0.199,0.09,15,0.63,0.99,1.93,11.7,2082.3,19.94,2092.87,1938.77
partially_ai_edited\AutoSplice\Mask\50777_mask.png,Partially AI-Edited,,0.023,0.0729,0.1,14,0.67,1.27,2.55,13.96,2866.35,24.28,3162.29,2458.3
partially_ai_edited\AutoSplice\Mask\51323_mask.png,Partially AI-Edited,,0.0188,0.0655,0.13,15,0.76,1.46,2.9,14.16,2955.97,29.93,3003.59,1881.08
partially_ai_edited\AutoSplice\Mask\51588_mask.png,Partially AI-Edited,,0.0087,0.05,0.08,15,0.61,0.8,1.59,10.62,1667.04,16.58,1583.33,1790.1
partially_ai_edited\AutoSplice\Mask\51688_mask.png,Partially AI-Edited,,0.0198,0.0384,0.12,14,0.75,1.39,2.76,13.99,2921.04,27.98,2950.72,2594.64
partially_ai_edited\AutoSplice\Mask\51818_mask.png,Partially AI-Edited,,0.0132,0.0,0.03,13,0.32,1.17,2.35,13.34,1921.53,22.45,2577.72,3007.43
partially_ai_edited\AutoSplice\Mask\52070_mask.png,Partially AI-Edited,,0.0174,0.4308,0.13,13,0.79,1.32,2.61,13.89,3135.75,25.66,2617.55,2884.72
partially_ai_edited\AutoSplice\Mask\52168_mask.png,Partially AI-Edited,,0.0578,0.2544,0.14,17,0.79,1.34,2.7,14.26,3276.66,26.44,3261.12,3465.16
partially_ai_edited\AutoSplice\Mask\52550_mask.png,Partially AI-Edited,,0.0175,0.3427,0.09,13,0.63,1.1,2.14,12.21,2213.93,22.06,2239.71,1908.93
partially_ai_edited\AutoSplice\Mask\52589_mask.png,Partially AI-Edited,,0.0217,0.1305,0.2,15,0.95,2.05,4.11,16.94,4443.08,41.96,4476.13,3305.99
partially_ai_edited\AutoSplice\Mask\52750_mask.png,Partially AI-Edited,,0.0212,0.1,0.08,13,0.61,0.89,1.86,12.74,2353.29,15.67,2392.6,2477.94
partially_ai_edited\AutoSplice\Mask\53211_mask.png,Partially AI-Edited,,0.0475,0.0167,0.07,12,0.57,0.75,1.47,10.31,1657.0,15.13,1484.3,1822.06
partially_ai_edited\AutoSplice\Mask\53651_mask.png,Partially AI-Edited,,0.0176,0.2139,0.11,15,0.7,1.09,2.22,12.52,2378.11,22.21,2400.3,2327.94
partially_ai_edited\AutoSplice\Mask\53845_mask.png,Partially AI-Edited,,0.0282,0.1239,0.1,13,0.67,1.25,2.44,13.15,2635.28,24.46,2734.82,2122.41
partially_ai_edited\AutoSplice\Mask\53930_mask.png,Partially AI-Edited,,0.0777,0.0167,0.05,12,0.5,0.58,1.16,9.17,1254.14,12.07,1258.77,2032.23
partially_ai_edited\AutoSplice\Mask\54164_mask.png,Partially AI-Edited,,0.425,0.0333,0.05,13,0.51,0.44,0.86,7.9,1004.08,8.87,1033.87,1980.93
partially_ai_edited\AutoSplice\Mask\54411_mask.png,Partially AI-Edited,,0.0537,0.0333,0.08,15,0.62,0.9,1.8,11.25,1836.24,18.74,1838.88,2136.87
partially_ai_edited\AutoSplice\Mask\54456_mask.png,Partially AI-Edited,,0.0116,0.3499,0.08,17,0.62,1.0,2.01,12.49,2313.13,18.87,2339.37,2398.82
partially_ai_edited\AutoSplice\Mask\54529_mask.png,Partially AI-Edited,,0.0132,0.0333,0.07,13,0.57,0.8,1.58,10.67,1721.43,16.28,2773.05,6838.04
partially_ai_edited\AutoSplice\Mask\54769_mask.png,Partially AI-Edited,,0.0357,0.1752,0.08,15,0.61,1.06,2.09,12.36,2216.74,20.99,2129.42,2136.86
partially_ai_edited\AutoSplice\Mask\54857_mask.png,Partially AI-Edited,,0.036,0.0333,0.1,13,0.66,1.08,2.16,12.27,2235.11,21.94,2306.57,2640.93
partially_ai_edited\AutoSplice\Mask\55005_mask.png,Partially AI-Edited,,0.0116,0.1327,0.08,15,0.61,0.97,1.88,11.48,1952.45,19.61,1976.38,1671.76
partially_ai_edited\AutoSplice\Mask\55072_mask.png,Partially AI-Edited,,0.1832,0.0667,0.07,14,0.57,0.62,1.21,9.32,1426.89,12.5,1288.86,2327.42
partially_ai_edited\AutoSplice\Mask\55310_mask.png,Partially AI-Edited,,0.3251,0.0333,0.03,12,0.36,0.27,0.54,6.19,502.72,5.62,505.36,1269.26
partially_ai_edited\AutoSplice\Mask\55344_mask.png,Partially AI-Edited,,0.0775,0.0167,0.06,13,0.54,0.55,1.08,8.77,1185.85,11.18,1068.93,1430.71
partially_ai_edited\AutoSplice\Mask\55404_mask.png,Partially AI-Edited,,0.0151,0.2784,0.12,13,0.73,1.32,2.58,13.93,3138.46,25.14,3151.23,2344.97
partially_ai_edited\AutoSplice\Mask\55413_mask.png,Partially AI-Edited,,0.1514,0.0833,0.08,14,0.6,0.66,1.3,9.69,1660.29,13.35,1674.17,2435.84
partially_ai_edited\AutoSplice\Mask\55477_mask.png,Partially AI-Edited,,0.0103,0.3998,0.09,14,0.63,1.32,2.66,14.54,2849.93,24.41,2896.82,2658.54
partially_ai_edited\AutoSplice\Mask\55612_mask.png,Partially AI-Edited,,0.0243,0.0333,0.08,15,0.61,0.93,1.79,11.21,1943.44,18.64,1969.03,2079.16
partially_ai_edited\AutoSplice\Mask\55744_mask.png,Partially AI-Edited,,0.0285,0.0167,0.09,15,0.66,1.06,2.13,12.78,2461.67,20.42,2587.03,2750.58
partially_ai_edited\AutoSplice\Mask\55914_mask.png,Partially AI-Edited,,0.1086,0.0667,0.07,12,0.55,0.59,1.17,9.16,1339.66,12.09,1413.58,2367.53
partially_ai_edited\AutoSplice\Mask\56246_mask.png,Partially AI-Edited,,0.0053,0.1699,0.09,15,0.64,0.91,1.81,11.31,1968.68,18.81,2006.78,1644.47
partially_ai_edited\AutoSplice\Mask\56398_mask.png,Partially AI-Edited,,0.1973,0.0333,0.03,13,0.36,0.26,0.51,6.1,608.24,5.31,621.4,1252.73
partially_ai_edited\AutoSplice\Mask\56467_mask.png,Partially AI-Edited,,0.0786,0.1,0.11,15,0.71,0.94,1.86,11.54,2293.13,19.14,2254.04,2608.6
partially_ai_edited\AutoSplice\Mask\56823_mask.png,Partially AI-Edited,,0.0247,0.0333,0.07,15,0.55,0.88,1.76,11.55,1945.46,16.73,2406.06,3221.43
partially_ai_edited\AutoSplice\Mask\57661_mask.png,Partially AI-Edited,,0.0739,0.0,0.04,12,0.43,0.37,0.72,7.21,794.51,7.5,815.59,1818.77
partially_ai_edited\AutoSplice\Mask\57797_mask.png,Partially AI-Edited,,0.0422,0.262,0.1,13,0.67,1.15,2.27,12.97,2610.86,21.94,2639.55,2665.81
partially_ai_edited\AutoSplice\Mask\57974_mask.png,Partially AI-Edited,,0.0143,0.2862,0.1,13,0.67,1.0,2.02,12.35,2181.08,19.64,1684.38,1653.88
partially_ai_edited\AutoSplice\Mask\57988_mask.png,Partially AI-Edited,,0.4547,0.0333,0.09,15,0.66,0.68,1.34,9.91,1791.1,13.76,1530.37,2493.84
partially_ai_edited\AutoSplice\Mask\58220_mask.png,Partially AI-Edited,,0.0307,0.0333,0.08,13,0.6,0.74,1.48,10.24,1599.81,15.34,1608.32,1700.03
partially_ai_edited\AutoSplice\Mask\58256_mask.png,Partially AI-Edited,,0.0382,0.0833,0.07,17,0.58,0.61,1.19,9.28,1563.1,12.25,1406.44,1943.13
partially_ai_edited\AutoSplice\Mask\58400_mask.png,Partially AI-Edited,,0.1427,0.05,0.01,9,0.16,0.28,0.54,6.14,398.69,5.75,395.65,1435.12
partially_ai_edited\AutoSplice\Mask\58692_mask.png,Partially AI-Edited,,0.0659,0.1,0.11,15,0.72,0.93,1.78,11.3,2341.52,18.33,2270.95,2208.22
partially_ai_edited\AutoSplice\Mask\58894_mask.png,Partially AI-Edited,,0.0179,0.3636,0.15,15,0.84,1.31,2.55,13.44,3161.1,26.31,3502.69,3456.48
partially_ai_edited\AutoSplice\Mask\59346_mask.png,Partially AI-Edited,,0.0169,0.0667,0.04,17,0.44,0.44,0.88,8.07,967.61,8.93,1010.54,2052.11
partially_ai_edited\AutoSplice\Mask\59583_mask.png,Partially AI-Edited,,0.0207,0.246,0.13,15,0.76,1.34,2.57,13.56,3170.94,26.06,3723.12,3149.13
partially_ai_edited\AutoSplice\Mask\59599_mask.png,Partially AI-Edited,,0.0297,0.0167,0.1,15,0.68,1.09,2.19,13.61,2873.24,19.05,2746.3,2717.07
partially_ai_edited\AutoSplice\Mask\59716_mask.png,Partially AI-Edited,,0.0392,0.0167,0.05,12,0.48,0.53,1.05,8.65,1084.63,10.91,944.57,1423.11
partially_ai_edited\AutoSplice\Mask\59904_mask.png,Partially AI-Edited,,0.0168,0.1969,0.09,13,0.66,1.01,1.94,11.78,2246.24,19.95,2259.88,2390.52
partially_ai_edited\AutoSplice\Mask\59943_mask.png,Partially AI-Edited,,0.022,0.2648,0.1,17,0.66,1.14,2.22,12.44,2363.05,22.91,2847.96,2398.07
partially_ai_edited\AutoSplice\Mask\60268_mask.png,Partially AI-Edited,,0.0198,0.1142,0.1,15,0.69,1.8,3.83,18.36,4407.95,30.92,4455.64,3059.61
partially_ai_edited\AutoSplice\Mask\60279_mask.png,Partially AI-Edited,,0.0144,0.0167,0.12,14,0.76,1.2,2.34,12.86,2728.86,24.18,2768.04,2797.4
partially_ai_edited\AutoSplice\Mask\60503_mask.png,Partially AI-Edited,,0.0159,0.05,0.07,14,0.58,0.9,1.8,11.63,1990.13,17.71,1772.63,2186.13
partially_ai_edited\AutoSplice\Mask\60996_mask.png,Partially AI-Edited,,0.0214,0.05,0.07,14,0.59,0.65,1.33,9.74,1442.15,13.76,1416.77,1774.31
partially_ai_edited\AutoSplice\Mask\61578_mask.png,Partially AI-Edited,,0.0351,0.5202,0.08,13,0.62,0.92,1.84,11.35,1930.43,18.91,1932.69,2188.98
partially_ai_edited\AutoSplice\Mask\62140_mask.png,Partially AI-Edited,,0.0194,0.1326,0.12,13,0.75,1.25,2.46,13.11,2679.81,25.52,2673.22,1493.82
partially_ai_edited\AutoSplice\Mask\62278_mask.png,Partially AI-Edited,,0.1861,0.0167,0.07,13,0.57,0.65,1.3,9.93,1551.69,12.87,1452.51,2337.65
partially_ai_edited\AutoSplice\Mask\62406_mask.png,Partially AI-Edited,,0.0109,0.0333,0.05,14,0.48,0.75,1.65,12.72,2137.23,11.85,1922.83,2378.6
partially_ai_edited\AutoSplice\Mask\62617_mask.png,Partially AI-Edited,,0.0487,0.169,0.13,14,0.77,1.1,2.09,12.18,2684.9,21.53,2732.51,1855.18
partially_ai_edited\AutoSplice\Mask\62788_mask.png,Partially AI-Edited,,0.0114,0.1761,0.09,15,0.64,1.1,2.24,12.93,2414.94,21.57,6631.08,11256.3
partially_ai_edited\AutoSplice\Mask\62988_mask.png,Partially AI-Edited,,0.4867,0.0333,0.05,12,0.47,0.43,0.86,7.88,1018.75,8.85,1016.67,2492.49
partially_ai_edited\AutoSplice\Mask\63300_mask.png,Partially AI-Edited,,0.0257,0.0333,0.12,13,0.73,1.26,2.48,13.14,2653.26,25.51,2372.02,2636.71
partially_ai_edited\AutoSplice\Mask\64247_mask.png,Partially AI-Edited,,0.016,0.4062,0.12,17,0.74,1.26,2.45,13.06,2761.5,24.95,2830.46,2859.76
partially_ai_edited\AutoSplice\Mask\65187_mask.png,Partially AI-Edited,,0.0102,0.0333,0.06,13,0.5,0.86,1.81,12.62,2035.55,15.03,2042.86,2307.41
partially_ai_edited\AutoSplice\Mask\65536_mask.png,Partially AI-Edited,,0.0157,0.1528,0.08,13,0.59,0.94,1.93,12.25,2097.77,18.24,2117.21,1776.23
partially_ai_edited\AutoSplice\Mask\65784_mask.png,Partially AI-Edited,,0.0187,0.1028,0.09,14,0.63,1.08,2.16,12.37,2086.26,21.73,2107.33,1750.34
partially_ai_edited\AutoSplice\Mask\66007_mask.png,Partially AI-Edited,,0.0762,0.0333,0.04,12,0.45,0.47,0.9,8.02,1005.38,9.34,1019.32,1586.01
partially_ai_edited\AutoSplice\Mask\66371_mask.png,Partially AI-Edited,,0.1002,0.05,0.03,15,0.4,0.39,0.76,7.4,856.85,7.91,861.89,1760.46
partially_ai_edited\AutoSplice\Mask\66468_mask.png,Partially AI-Edited,,0.0936,0.05,0.06,15,0.53,0.51,1.0,8.47,1167.22,10.31,1224.97,2302.92
partially_ai_edited\AutoSplice\Mask\66943_mask.png,Partially AI-Edited,,0.0112,0.0667,0.01,17,0.17,0.14,0.27,4.36,231.69,2.86,244.02,813.85
partially_ai_edited\AutoSplice\Mask\66992_mask.png,Partially AI-Edited,,0.0164,0.0333,0.09,14,0.63,0.9,1.72,11.06,2029.38,17.74,2028.06,2212.58
partially_ai_edited\AutoSplice\Mask\67142_mask.png,Partially AI-Edited,,0.0612,0.0333,0.07,13,0.56,0.71,1.37,9.86,1517.39,14.25,1531.96,1969.93
partially_ai_edited\AutoSplice\Mask\67381_mask.png,Partially AI-Edited,,0.1085,0.0333,0.02,12,0.29,0.36,0.71,7.04,571.67,7.47,611.79,1064.0
partially_ai_edited\AutoSplice\Mask\67574_mask.png,Partially AI-Edited,,0.0434,0.0,0.01,12,0.18,0.33,0.67,7.29,571.49,6.22,571.04,1477.45
partially_ai_edited\AutoSplice\Mask\67630_mask.png,Partially AI-Edited,,0.1236,0.05,0.03,13,0.39,0.32,0.61,6.62,769.95,6.27,792.43,1545.57
partially_ai_edited\AutoSplice\Mask\67695_mask.png,Partially AI-Edited,,0.0219,0.3076,0.11,14,0.71,1.2,2.34,12.74,2370.7,24.39,2444.81,1948.12
partially_ai_edited\AutoSplice\Mask\67983_mask.png,Partially AI-Edited,,0.4023,0.0833,0.04,14,0.47,0.35,0.72,7.23,885.1,7.37,840.73,1650.95
partially_ai_edited\AutoSplice\Mask\67992_mask.png,Partially AI-Edited,,0.1116,0.0333,0.07,14,0.57,0.72,1.39,9.94,1613.82,14.36,1434.44,2425.55
partially_ai_edited\AutoSplice\Mask\68033_mask.png,Partially AI-Edited,,0.0355,0.0833,0.1,15,0.7,1.07,2.19,13.23,2648.62,20.24,2368.2,2249.47
partially_ai_edited\AutoSplice\Mask\68335_mask.png,Partially AI-Edited,,0.0177,0.1335,0.17,15,0.86,2.3,4.71,18.45,4770.25,45.45,4799.76,2892.8
partially_ai_edited\AutoSplice\Mask\68739_mask.png,Partially AI-Edited,,0.0148,0.05,0.08,14,0.61,1.13,2.36,14.07,2765.24,20.05,7997.2,29448.72
partially_ai_edited\AutoSplice\Mask\68764_mask.png,Partially AI-Edited,,0.0015,0.0167,0.06,12,0.49,0.89,1.75,11.06,1549.16,18.26,1557.76,1792.82
partially_ai_edited\AutoSplice\Mask\69190_mask.png,Partially AI-Edited,,0.0248,0.0667,0.08,15,0.61,0.7,1.35,10.09,1791.95,13.45,1855.22,2378.59
partially_ai_edited\AutoSplice\Mask\69722_mask.png,Partially AI-Edited,,0.1055,0.0833,0.07,13,0.58,0.63,1.19,9.26,1558.42,12.21,1604.05,2617.69
partially_ai_edited\AutoSplice\Mask\70008_mask.png,Partially AI-Edited,,0.015,0.0167,0.08,13,0.62,0.98,2.04,13.24,2569.39,17.34,2600.6,2963.81
partially_ai_edited\AutoSplice\Mask\70144_mask.png,Partially AI-Edited,,0.0169,0.0944,0.11,12,0.7,1.76,3.6,16.38,3476.79,34.36,3936.02,3342.75
partially_ai_edited\AutoSplice\Mask\70209_mask.png,Partially AI-Edited,,0.024,0.0667,0.08,12,0.63,0.68,1.36,9.9,1633.83,14.05,1680.76,2315.55
partially_ai_edited\AutoSplice\Mask\70860_mask.png,Partially AI-Edited,,0.0183,0.1958,0.1,13,0.67,1.2,2.4,13.83,2861.42,21.9,2871.35,2495.81
partially_ai_edited\AutoSplice\Mask\71000_mask.png,Partially AI-Edited,,0.0165,0.0031,0.06,12,0.52,1.28,2.68,15.13,2721.74,22.72,2715.81,2332.25
partially_ai_edited\AutoSplice\Mask\71305_mask.png,Partially AI-Edited,,0.0241,0.0333,0.1,17,0.67,0.95,1.92,11.64,2034.62,19.86,2855.22,4140.05
partially_ai_edited\AutoSplice\Mask\71366_mask.png,Partially AI-Edited,,0.0111,0.0167,0.08,14,0.61,0.93,1.85,12.11,2200.89,17.27,2032.43,2664.08
partially_ai_edited\AutoSplice\Mask\71564_mask.png,Partially AI-Edited,,0.0203,0.1,0.06,13,0.51,0.63,1.26,9.44,1246.81,13.14,1278.61,1707.55
partially_ai_edited\AutoSplice\Mask\71571_mask.png,Partially AI-Edited,,0.203,0.05,0.07,14,0.58,0.64,1.29,9.72,1554.56,13.16,1433.92,2190.28
partially_ai_edited\AutoSplice\Mask\71672_mask.png,Partially AI-Edited,,0.0273,0.0333,0.06,13,0.54,0.7,1.41,9.99,1398.34,14.67,1424.8,1517.31
partially_ai_edited\AutoSplice\Mask\72063_mask.png,Partially AI-Edited,,0.1176,0.0667,0.09,14,0.65,0.81,1.6,10.68,1793.52,16.6,1861.95,2908.55
partially_ai_edited\AutoSplice\Mask\72085_mask.png,Partially AI-Edited,,0.0197,0.0684,0.12,15,0.74,1.2,2.34,12.8,2569.66,24.37,3079.97,2631.45
partially_ai_edited\AutoSplice\Mask\72119_mask.png,Partially AI-Edited,,0.0205,0.0167,0.07,14,0.57,0.77,1.58,11.26,1774.82,14.53,1653.68,2534.31
partially_ai_edited\AutoSplice\Mask\72162_mask.png,Partially AI-Edited,,0.0312,0.0333,0.04,14,0.45,0.52,1.02,8.49,1036.31,10.6,810.38,1615.78
partially_ai_edited\AutoSplice\Mask\72228_mask.png,Partially AI-Edited,,0.0142,0.0509,0.11,13,0.72,1.27,2.56,13.7,2869.72,24.97,3420.36,3466.71
partially_ai_edited\AutoSplice\Mask\72251_mask.png,Partially AI-Edited,,0.0169,0.1723,0.13,15,0.78,1.34,2.61,13.62,2951.78,26.72,3042.76,2592.7
partially_ai_edited\AutoSplice\Mask\72492_mask.png,Partially AI-Edited,,0.0238,0.2234,0.1,14,0.68,1.16,2.24,12.58,2359.68,23.06,3194.08,3152.99
partially_ai_edited\AutoSplice\Mask\72579_mask.png,Partially AI-Edited,,0.6123,0.0333,0.05,14,0.47,0.45,0.88,8.04,1128.67,9.03,1074.84,3413.44
partially_ai_edited\AutoSplice\Mask\72925_mask.png,Partially AI-Edited,,0.0164,0.1919,0.08,14,0.58,1.24,2.63,14.96,2877.26,21.95,2898.43,2800.57
partially_ai_edited\AutoSplice\Mask\73008_mask.png,Partially AI-Edited,,0.1388,0.0333,0.12,17,0.74,0.97,1.88,11.64,2537.81,19.26,2304.86,3118.52
partially_ai_edited\AutoSplice\Mask\73417_mask.png,Partially AI-Edited,,0.0183,0.0167,0.09,13,0.64,0.99,1.89,11.59,2131.91,19.41,2170.23,2407.21
